timestamp,id,x,y,z
1734523533.478765726,0,-0.000259725,-0.044282364,1.503649906
1734523533.478765726,1,3.999740275,-0.044282365,1.503233339
1734523533.478765726,2,-0.000259725,3.955717637,1.502709619
1734523533.478765726,3,-0.000259725,-4.044282365,1.503674566
1734523533.478765726,4,-4.000259725,-0.044282365,1.503652069
1734523533.478765726,5,3.999740275,3.955717638,1.503534368
1734523533.478765726,6,-4.000259725,-4.044282364,1.503186867
1734523533.478765726,7,-4.000259725,3.955717638,1.503204738
1734523533.478765726,8,3.999740275,-4.044282364,1.504456690
1734523533.478765726,9,-8.000259725,-0.044282364,1.503706240
1734523533.538765669,0,-0.000259725,-0.044282364,1.503649906
1734523533.538765669,1,3.999740275,-0.044282365,1.503233339
1734523533.538765669,2,-0.000259725,3.955717637,1.502724350
1734523533.538765669,3,-0.000259725,-4.044282365,1.503674566
1734523533.538765669,4,-4.000259725,-0.044282365,1.503652069
1734523533.538765669,5,3.999740275,3.955717638,1.503546575
1734523533.538765669,6,-4.000259725,-4.044282364,1.503186867
1734523533.538765669,7,-4.000259725,3.955717638,1.503204738
1734523533.538765669,8,3.999740275,-4.044282364,1.504456690
1734523533.538765669,9,-8.000259725,-0.044282364,1.503706240
1734523533.608765841,0,-0.000259725,-0.044282364,1.503649906
1734523533.608765841,1,3.999740275,-0.044282365,1.503233339
1734523533.608765841,2,-0.000259725,3.955717637,1.502724350
1734523533.608765841,3,-0.000259725,-4.044282365,1.503674566
1734523533.608765841,4,-4.000259725,-0.044282365,1.503652069
1734523533.608765841,5,3.999740275,3.955717638,1.503546575
1734523533.608765841,6,-4.000259725,-4.044282364,1.503186867
1734523533.608765841,7,-4.000259725,3.955717638,1.503204738
1734523533.608765841,8,3.999740275,-4.044282364,1.504456690
1734523533.608765841,9,-8.000259725,-0.044282364,1.503706240
1734523533.668765783,0,-0.000259725,-0.044282364,1.503649906
1734523533.668765783,1,3.999740275,-0.044282365,1.503233339
1734523533.668765783,2,-0.000259725,3.955717637,1.502724350
1734523533.668765783,3,-0.000259725,-4.044282365,1.503674566
1734523533.668765783,4,-4.000259725,-0.044282365,1.503652069
1734523533.668765783,5,3.999740275,3.955717638,1.503546575
1734523533.668765783,6,-4.000259725,-4.044282364,1.503186867
1734523533.668765783,7,-4.000259725,3.955717638,1.503204738
1734523533.668765783,8,3.999740275,-4.044282364,1.504456690
1734523533.668765783,9,-8.000259725,-0.044282364,1.503706240
1734523533.738765717,0,-0.000259725,-0.044282364,1.503649906
1734523533.738765717,1,3.999740275,-0.044282365,1.503233339
1734523533.738765717,2,-0.000259725,3.955717637,1.502724350
1734523533.738765717,3,-0.000259725,-4.044282365,1.503674566
1734523533.738765717,4,-4.000259725,-0.044282365,1.503652069
1734523533.738765717,5,3.999740275,3.955717638,1.503546575
1734523533.738765717,6,-4.000259725,-4.044282364,1.503186867
1734523533.738765717,7,-4.000259725,3.955717638,1.503204738
1734523533.738765717,8,3.999740275,-4.044282364,1.504456690
1734523533.738765717,9,-8.000259725,-0.044282364,1.503706240
1734523533.798765659,0,-0.000259725,-0.044282364,1.503649906
1734523533.798765659,1,3.999740275,-0.044282365,1.503233339
1734523533.798765659,2,-0.000259725,3.955717637,1.502724350
1734523533.798765659,3,-0.000259725,-4.044282365,1.503674566
1734523533.798765659,4,-4.000259725,-0.044282365,1.503652069
1734523533.798765659,5,3.999740275,3.955717638,1.503546575
1734523533.798765659,6,-4.000259725,-4.044282364,1.503186867
1734523533.798765659,7,-4.000259725,3.955717638,1.503204738
1734523533.798765659,8,3.999740275,-4.044282364,1.504456690
1734523533.798765659,9,-8.000259725,-0.044282364,1.503706240
1734523533.868765831,0,-0.000259725,-0.044282364,1.503649906
1734523533.868765831,1,3.999740275,-0.044282365,1.503233339
1734523533.868765831,2,-0.000259725,3.955717637,1.502724350
1734523533.868765831,3,-0.000259725,-4.044282365,1.503674566
1734523533.868765831,4,-4.000259725,-0.044282365,1.503652069
1734523533.868765831,5,3.999740275,3.955717638,1.503546575
1734523533.868765831,6,-4.000259725,-4.044282364,1.503186867
1734523533.868765831,7,-4.000259725,3.955717638,1.503204738
1734523533.868765831,8,3.999740275,-4.044282364,1.504456690
1734523533.868765831,9,-8.000259725,-0.044282364,1.503706240
1734523533.938765764,0,-0.000259725,-0.044282364,1.503649906
1734523533.938765764,1,3.999740275,-0.044282365,1.503233339
1734523533.938765764,2,-0.000259725,3.955717637,1.502724350
1734523533.938765764,3,-0.000259725,-4.044282365,1.503674566
1734523533.938765764,4,-4.000259725,-0.044282365,1.503652069
1734523533.938765764,5,3.999740275,3.955717638,1.503546575
1734523533.938765764,6,-4.000259725,-4.044282364,1.503186867
1734523533.938765764,7,-4.000259725,3.955717638,1.503204738
1734523533.938765764,8,3.999740275,-4.044282364,1.504456690
1734523533.938765764,9,-8.000259725,-0.044282364,1.503706240
1734523533.998765707,0,-0.000259725,-0.044282364,1.503649906
1734523533.998765707,1,3.999740275,-0.044282365,1.503233339
1734523533.998765707,2,-0.000259725,3.955717637,1.502724350
1734523533.998765707,3,-0.000259725,-4.044282365,1.503674566
1734523533.998765707,4,-4.000259725,-0.044282365,1.503652069
1734523533.998765707,5,3.999740275,3.955717638,1.503546575
1734523533.998765707,6,-4.000259725,-4.044282364,1.503186867
1734523533.998765707,7,-4.000259725,3.955717638,1.503204738
1734523533.998765707,8,3.999740275,-4.044282364,1.504456690
1734523533.998765707,9,-8.000259725,-0.044282364,1.503706240
1734523534.058765650,0,-0.000259725,-0.044282364,1.503649906
1734523534.058765650,1,3.999740275,-0.044282365,1.503233339
1734523534.058765650,2,-0.000259725,3.955717637,1.502724350
1734523534.058765650,3,-0.000259725,-4.044282365,1.503674566
1734523534.058765650,4,-4.000259725,-0.044282365,1.503652069
1734523534.058765650,5,3.999740275,3.955717638,1.503546575
1734523534.058765650,6,-4.000259725,-4.044282364,1.503186867
1734523534.058765650,7,-4.000259725,3.955717638,1.503204738
1734523534.058765650,8,3.999740275,-4.044282364,1.504456690
1734523534.058765650,9,-8.000259725,-0.044282364,1.503706240
1734523534.128765821,0,-0.000259725,-0.044282364,1.503664795
1734523534.128765821,1,3.999740275,-0.044282365,1.503301807
1734523534.128765821,2,-0.000259725,3.955717637,1.502772899
1734523534.128765821,3,-0.000259725,-4.044282365,1.503691861
1734523534.128765821,4,-4.000259725,-0.044282365,1.503677872
1734523534.128765821,5,3.999740275,3.955717638,1.503565123
1734523534.128765821,6,-4.000259725,-4.044282364,1.503242749
1734523534.128765821,7,-4.000259725,3.955717638,1.503288674
1734523534.128765821,8,3.999740275,-4.044282364,1.504098845
1734523534.128765821,9,-8.000259725,-0.044282364,1.503733957
1734523534.188765764,0,-0.000259725,-0.044282364,1.503664795
1734523534.188765764,1,3.999740275,-0.044282365,1.503301807
1734523534.188765764,2,-0.000259725,3.955717637,1.502772899
1734523534.188765764,3,-0.000259725,-4.044282365,1.503691861
1734523534.188765764,4,-4.000259725,-0.044282365,1.503677872
1734523534.188765764,5,3.999740275,3.955717638,1.503565123
1734523534.188765764,6,-4.000259725,-4.044282364,1.503242749
1734523534.188765764,7,-4.000259725,3.955717638,1.503288674
1734523534.188765764,8,3.999740275,-4.044282364,1.504098845
1734523534.188765764,9,-8.000259725,-0.044282364,1.503733957
1734523534.258765697,0,-0.000259725,-0.044282364,1.503664795
1734523534.258765697,1,3.999740275,-0.044282365,1.503301807
1734523534.258765697,2,-0.000259725,3.955717637,1.502772899
1734523534.258765697,3,-0.000259725,-4.044282365,1.503691861
1734523534.258765697,4,-4.000259725,-0.044282365,1.503677872
1734523534.258765697,5,3.999740275,3.955717638,1.503565123
1734523534.258765697,6,-4.000259725,-4.044282364,1.503242749
1734523534.258765697,7,-4.000259725,3.955717638,1.503288674
1734523534.258765697,8,3.999740275,-4.044282364,1.504098845
1734523534.258765697,9,-8.000259725,-0.044282364,1.503733957
1734523534.318765879,0,-0.000259725,-0.044282364,1.503664795
1734523534.318765879,1,3.999740275,-0.044282365,1.503301807
1734523534.318765879,2,-0.000259725,3.955717637,1.502772899
1734523534.318765879,3,-0.000259725,-4.044282365,1.503691861
1734523534.318765879,4,-4.000259725,-0.044282365,1.503677872
1734523534.318765879,5,3.999740275,3.955717638,1.503565123
1734523534.318765879,6,-4.000259725,-4.044282364,1.503242749
1734523534.318765879,7,-4.000259725,3.955717638,1.503288674
1734523534.318765879,8,3.999740275,-4.044282364,1.504098845
1734523534.318765879,9,-8.000259725,-0.044282364,1.503733957
1734523534.378765821,0,-0.000259725,-0.044282364,1.503664795
1734523534.378765821,1,3.999740275,-0.044282365,1.503301807
1734523534.378765821,2,-0.000259725,3.955717637,1.502772899
1734523534.378765821,3,-0.000259725,-4.044282365,1.503691861
1734523534.378765821,4,-4.000259725,-0.044282365,1.503677872
1734523534.378765821,5,3.999740275,3.955717638,1.503565123
1734523534.378765821,6,-4.000259725,-4.044282364,1.503242749
1734523534.378765821,7,-4.000259725,3.955717638,1.503288674
1734523534.378765821,8,3.999740275,-4.044282364,1.504098845
1734523534.378765821,9,-8.000259725,-0.044282364,1.503733957
1734523534.448765755,0,-0.000259725,-0.044282364,1.503664795
1734523534.448765755,1,3.999740275,-0.044282365,1.503301807
1734523534.448765755,2,-0.000259725,3.955717637,1.502772899
1734523534.448765755,3,-0.000259725,-4.044282365,1.503691861
1734523534.448765755,4,-4.000259725,-0.044282365,1.503677872
1734523534.448765755,5,3.999740275,3.955717638,1.503565123
1734523534.448765755,6,-4.000259725,-4.044282364,1.503242749
1734523534.448765755,7,-4.000259725,3.955717638,1.503288674
1734523534.448765755,8,3.999740275,-4.044282364,1.504098845
1734523534.448765755,9,-8.000259725,-0.044282364,1.503733957
1734523534.508765697,0,-0.000259725,-0.044282364,1.503664795
1734523534.508765697,1,3.999740275,-0.044282365,1.503301807
1734523534.508765697,2,-0.000259725,3.955717637,1.502772899
1734523534.508765697,3,-0.000259725,-4.044282365,1.503699732
1734523534.508765697,4,-4.000259725,-0.044282365,1.503677872
1734523534.508765697,5,3.999740275,3.955717638,1.503565123
1734523534.508765697,6,-4.000259725,-4.044282364,1.503275345
1734523534.508765697,7,-4.000259725,3.955717638,1.503288674
1734523534.508765697,8,3.999740275,-4.044282364,1.503943379
1734523534.508765697,9,-8.000259725,-0.044282364,1.503733957
1734523534.568765879,0,-0.000259725,-0.044282364,1.503664795
1734523534.568765879,1,3.999740275,-0.044282365,1.503301807
1734523534.568765879,2,-0.000259725,3.955717637,1.502772899
1734523534.568765879,3,-0.000259725,-4.044282365,1.503699732
1734523534.568765879,4,-4.000259725,-0.044282365,1.503677872
1734523534.568765879,5,3.999740275,3.955717638,1.503565123
1734523534.568765879,6,-4.000259725,-4.044282364,1.503275345
1734523534.568765879,7,-4.000259725,3.955717638,1.503288674
1734523534.568765879,8,3.999740275,-4.044282364,1.503943379
1734523534.568765879,9,-8.000259725,-0.044282364,1.503733957
1734523534.638765812,0,-0.000259725,-0.044282364,1.503664795
1734523534.638765812,1,3.999740275,-0.044282365,1.503301807
1734523534.638765812,2,-0.000259725,3.955717637,1.502772899
1734523534.638765812,3,-0.000259725,-4.044282365,1.503699732
1734523534.638765812,4,-4.000259725,-0.044282365,1.503677872
1734523534.638765812,5,3.999740275,3.955717638,1.503565123
1734523534.638765812,6,-4.000259725,-4.044282364,1.503275345
1734523534.638765812,7,-4.000259725,3.955717638,1.503288674
1734523534.638765812,8,3.999740275,-4.044282364,1.503943379
1734523534.638765812,9,-8.000259725,-0.044282364,1.503733957
1734523534.698765755,0,-0.000259725,-0.044282364,1.503664795
1734523534.698765755,1,3.999740275,-0.044282365,1.503301807
1734523534.698765755,2,-0.000259725,3.955717637,1.502772899
1734523534.698765755,3,-0.000259725,-4.044282365,1.503699732
1734523534.698765755,4,-4.000259725,-0.044282365,1.503677872
1734523534.698765755,5,3.999740275,3.955717638,1.503565123
1734523534.698765755,6,-4.000259725,-4.044282364,1.503275345
1734523534.698765755,7,-4.000259725,3.955717638,1.503288674
1734523534.698765755,8,3.999740275,-4.044282364,1.503943379
1734523534.698765755,9,-8.000259725,-0.044282364,1.503733957
1734523534.768765688,0,-0.000259725,-0.044282363,1.503676641
1734523534.768765688,1,3.999740275,-0.044282365,1.503354744
1734523534.768765688,2,-0.000259747,3.955717831,1.502826210
1734523534.768765688,3,-0.000259728,-4.044282367,1.503705727
1734523534.768765688,4,-4.000259929,-0.044282560,1.503690580
1734523534.768765688,5,3.999740223,3.955717569,1.503580130
1734523534.768765688,6,-4.000259725,-4.044282364,1.503296513
1734523534.768765688,7,-4.000259726,3.955717634,1.503310016
1734523534.768765688,8,3.999740275,-4.044282364,1.503793916
1734523534.768765688,9,-8.000259730,-0.044282367,1.503733958
1734523534.828765869,0,-0.000259725,-0.044282363,1.503676641
1734523534.828765869,1,3.999740275,-0.044282365,1.503354744
1734523534.828765869,2,-0.000259747,3.955717831,1.502826210
1734523534.828765869,3,-0.000259728,-4.044282367,1.503705727
1734523534.828765869,4,-4.000259929,-0.044282560,1.503690580
1734523534.828765869,5,3.999740223,3.955717569,1.503580130
1734523534.828765869,6,-4.000259725,-4.044282364,1.503296513
1734523534.828765869,7,-4.000259726,3.955717634,1.503310016
1734523534.828765869,8,3.999740275,-4.044282364,1.503793916
1734523534.828765869,9,-8.000259730,-0.044282367,1.503733958
1734523534.898765802,0,-0.000259725,-0.044282363,1.503676641
1734523534.898765802,1,3.999740275,-0.044282365,1.503354744
1734523534.898765802,2,-0.000259747,3.955717831,1.502826210
1734523534.898765802,3,-0.000259728,-4.044282367,1.503705727
1734523534.898765802,4,-4.000259929,-0.044282560,1.503690580
1734523534.898765802,5,3.999740223,3.955717569,1.503580130
1734523534.898765802,6,-4.000259725,-4.044282364,1.503296513
1734523534.898765802,7,-4.000259726,3.955717634,1.503310016
1734523534.898765802,8,3.999740275,-4.044282364,1.503793916
1734523534.898765802,9,-8.000259730,-0.044282367,1.503733958
1734523534.958765745,0,-0.000259725,-0.044282363,1.503676641
1734523534.958765745,1,3.999740275,-0.044282365,1.503354744
1734523534.958765745,2,-0.000259747,3.955717831,1.502826210
1734523534.958765745,3,-0.000259728,-4.044282367,1.503705727
1734523534.958765745,4,-4.000259929,-0.044282560,1.503690580
1734523534.958765745,5,3.999740223,3.955717569,1.503580130
1734523534.958765745,6,-4.000259725,-4.044282364,1.503296513
1734523534.958765745,7,-4.000259726,3.955717634,1.503310016
1734523534.958765745,8,3.999740275,-4.044282364,1.503793916
1734523534.958765745,9,-8.000259730,-0.044282367,1.503733958
1734523535.018765688,0,-0.000259725,-0.044282363,1.503676641
1734523535.018765688,1,3.999740275,-0.044282365,1.503354744
1734523535.018765688,2,-0.000259747,3.955717831,1.502826210
1734523535.018765688,3,-0.000259728,-4.044282367,1.503705727
1734523535.018765688,4,-4.000259929,-0.044282560,1.503690580
1734523535.018765688,5,3.999740223,3.955717569,1.503580130
1734523535.018765688,6,-4.000259725,-4.044282364,1.503296513
1734523535.018765688,7,-4.000259726,3.955717634,1.503310016
1734523535.018765688,8,3.999740275,-4.044282364,1.503793916
1734523535.018765688,9,-8.000259730,-0.044282367,1.503733958
1734523535.088765860,0,-0.000259725,-0.044282363,1.503676641
1734523535.088765860,1,3.999740275,-0.044282365,1.503354744
1734523535.088765860,2,-0.000259747,3.955717831,1.502826210
1734523535.088765860,3,-0.000259728,-4.044282367,1.503705727
1734523535.088765860,4,-4.000259929,-0.044282560,1.503690580
1734523535.088765860,5,3.999740223,3.955717569,1.503580130
1734523535.088765860,6,-4.000259725,-4.044282364,1.503296513
1734523535.088765860,7,-4.000259726,3.955717634,1.503310016
1734523535.088765860,8,3.999740275,-4.044282364,1.503793916
1734523535.088765860,9,-8.000259730,-0.044282367,1.503733958
1734523535.148765802,0,-0.000259725,-0.044282363,1.503676641
1734523535.148765802,1,3.999740275,-0.044282365,1.503354744
1734523535.148765802,2,-0.000259747,3.955717831,1.502826210
1734523535.148765802,3,-0.000259728,-4.044282367,1.503705727
1734523535.148765802,4,-4.000259929,-0.044282560,1.503690580
1734523535.148765802,5,3.999740223,3.955717569,1.503580130
1734523535.148765802,6,-4.000259725,-4.044282364,1.503296513
1734523535.148765802,7,-4.000259726,3.955717634,1.503310016
1734523535.148765802,8,3.999740275,-4.044282364,1.503793916
1734523535.148765802,9,-8.000259730,-0.044282367,1.503733958
1734523535.218765736,0,-0.000259725,-0.044282363,1.503676641
1734523535.218765736,1,3.999740275,-0.044282365,1.503354744
1734523535.218765736,2,-0.000259747,3.955717831,1.502826210
1734523535.218765736,3,-0.000259728,-4.044282367,1.503705727
1734523535.218765736,4,-4.000259929,-0.044282560,1.503690580
1734523535.218765736,5,3.999740223,3.955717569,1.503580130
1734523535.218765736,6,-4.000259725,-4.044282364,1.503296513
1734523535.218765736,7,-4.000259726,3.955717634,1.503310016
1734523535.218765736,8,3.999740275,-4.044282364,1.503793916
1734523535.218765736,9,-8.000259730,-0.044282367,1.503733958
1734523535.278765678,0,-0.000259725,-0.044282363,1.503676641
1734523535.278765678,1,3.999740275,-0.044282365,1.503354744
1734523535.278765678,2,-0.000259747,3.955717831,1.502826210
1734523535.278765678,3,-0.000259728,-4.044282367,1.503705727
1734523535.278765678,4,-4.000259929,-0.044282560,1.503690580
1734523535.278765678,5,3.999740223,3.955717569,1.503580130
1734523535.278765678,6,-4.000259725,-4.044282364,1.503296513
1734523535.278765678,7,-4.000259726,3.955717634,1.503310016
1734523535.278765678,8,3.999740275,-4.044282364,1.503793916
1734523535.278765678,9,-8.000259730,-0.044282367,1.503733958
1734523535.348765850,0,-0.000259725,-0.044282363,1.503676641
1734523535.348765850,1,3.999740275,-0.044282365,1.503354744
1734523535.348765850,2,-0.000259747,3.955717831,1.502826210
1734523535.348765850,3,-0.000259728,-4.044282367,1.503705727
1734523535.348765850,4,-4.000259929,-0.044282560,1.503690580
1734523535.348765850,5,3.999740223,3.955717569,1.503580130
1734523535.348765850,6,-4.000259725,-4.044282364,1.503296513
1734523535.348765850,7,-4.000259662,3.955717259,1.503341237
1734523535.348765850,8,3.999740275,-4.044282364,1.503793916
1734523535.348765850,9,-8.000259730,-0.044282367,1.503733958
1734523535.418765783,0,-0.000258335,-0.044282159,1.503689585
1734523535.418765783,1,3.999742464,-0.044282300,1.503414754
1734523535.418765783,2,-0.000262720,3.955730965,1.502895725
1734523535.418765783,3,-0.000260527,-4.044285424,1.503721055
1734523535.418765783,4,-4.000262549,-0.044285019,1.503697313
1734523535.418765783,5,3.999739897,3.955711218,1.503597507
1734523535.418765783,6,-4.000259009,-4.044283381,1.503347145
1734523535.418765783,7,-4.000258257,3.955707150,1.503391309
1734523535.418765783,8,3.999740035,-4.044283245,1.503516489
1734523535.418765783,9,-8.000269141,-0.044285822,1.503753220
1734523535.478765726,0,-0.000258335,-0.044282159,1.503689585
1734523535.478765726,1,3.999742464,-0.044282300,1.503414754
1734523535.478765726,2,-0.000262720,3.955730965,1.502895725
1734523535.478765726,3,-0.000260527,-4.044285424,1.503721055
1734523535.478765726,4,-4.000272590,-0.044294140,1.503705766
1734523535.478765726,5,3.999739897,3.955711218,1.503597507
1734523535.478765726,6,-4.000259009,-4.044283381,1.503347145
1734523535.478765726,7,-4.000258257,3.955707150,1.503391309
1734523535.478765726,8,3.999740035,-4.044283245,1.503516489
1734523535.478765726,9,-8.000269141,-0.044285822,1.503753220
1734523535.548765659,0,-0.000258335,-0.044282159,1.503689585
1734523535.548765659,1,3.999742464,-0.044282300,1.503414754
1734523535.548765659,2,-0.000262720,3.955730965,1.502895725
1734523535.548765659,3,-0.000260527,-4.044285424,1.503721055
1734523535.548765659,4,-4.000272590,-0.044294140,1.503705766
1734523535.548765659,5,3.999739897,3.955711218,1.503597507
1734523535.548765659,6,-4.000259009,-4.044283381,1.503347145
1734523535.548765659,7,-4.000258257,3.955707150,1.503391309
1734523535.548765659,8,3.999740035,-4.044283245,1.503516489
1734523535.548765659,9,-8.000269141,-0.044285822,1.503753220
1734523535.608765841,0,-0.000258335,-0.044282159,1.503689585
1734523535.608765841,1,3.999742464,-0.044282300,1.503414754
1734523535.608765841,2,-0.000262720,3.955730965,1.502895725
1734523535.608765841,3,-0.000260527,-4.044285424,1.503721055
1734523535.608765841,4,-4.000272590,-0.044294140,1.503705766
1734523535.608765841,5,3.999739897,3.955711218,1.503597507
1734523535.608765841,6,-4.000259009,-4.044283381,1.503347145
1734523535.608765841,7,-4.000258257,3.955707150,1.503391309
1734523535.608765841,8,3.999740035,-4.044283245,1.503516489
1734523535.608765841,9,-8.000269141,-0.044285822,1.503753220
1734523535.668765783,0,-0.000258335,-0.044282159,1.503689585
1734523535.668765783,1,3.999742464,-0.044282300,1.503414754
1734523535.668765783,2,-0.000262720,3.955730965,1.502895725
1734523535.668765783,3,-0.000260527,-4.044285424,1.503721055
1734523535.668765783,4,-4.000272590,-0.044294140,1.503705766
1734523535.668765783,5,3.999739897,3.955711218,1.503597507
1734523535.668765783,6,-4.000259009,-4.044283381,1.503347145
1734523535.668765783,7,-4.000258257,3.955707150,1.503391309
1734523535.668765783,8,3.999740035,-4.044283245,1.503516489
1734523535.668765783,9,-8.000269141,-0.044285822,1.503753220
1734523535.738765717,0,-0.000258335,-0.044282159,1.503689585
1734523535.738765717,1,3.999742464,-0.044282300,1.503414754
1734523535.738765717,2,-0.000262720,3.955730965,1.502895725
1734523535.738765717,3,-0.000260527,-4.044285424,1.503721055
1734523535.738765717,4,-4.000272590,-0.044294140,1.503705766
1734523535.738765717,5,3.999739897,3.955711218,1.503597507
1734523535.738765717,6,-4.000259009,-4.044283381,1.503347145
1734523535.738765717,7,-4.000258257,3.955707150,1.503391309
1734523535.738765717,8,3.999740035,-4.044283245,1.503516489
1734523535.738765717,9,-8.000269141,-0.044285822,1.503753220
1734523535.798765659,0,-0.000258335,-0.044282159,1.503689585
1734523535.798765659,1,3.999742464,-0.044282300,1.503414754
1734523535.798765659,2,-0.000262720,3.955730965,1.502895725
1734523535.798765659,3,-0.000260527,-4.044285424,1.503721055
1734523535.798765659,4,-4.000272590,-0.044294140,1.503705766
1734523535.798765659,5,3.999739897,3.955711218,1.503597507
1734523535.798765659,6,-4.000259009,-4.044283381,1.503347145
1734523535.798765659,7,-4.000258257,3.955707150,1.503391309
1734523535.798765659,8,3.999740035,-4.044283245,1.503516489
1734523535.798765659,9,-8.000269141,-0.044285822,1.503753220
1734523535.868765831,0,-0.000258335,-0.044282159,1.503689585
1734523535.868765831,1,3.999742464,-0.044282300,1.503414754
1734523535.868765831,2,-0.000262720,3.955730965,1.502895725
1734523535.868765831,3,-0.000260527,-4.044285424,1.503721055
1734523535.868765831,4,-4.000272590,-0.044294140,1.503705766
1734523535.868765831,5,3.999739897,3.955711218,1.503597507
1734523535.868765831,6,-4.000259009,-4.044283381,1.503347145
1734523535.868765831,7,-4.000258257,3.955707150,1.503391309
1734523535.868765831,8,3.999740035,-4.044283245,1.503516489
1734523535.868765831,9,-8.000269141,-0.044285822,1.503753220
1734523535.928765774,0,-0.000258335,-0.044282159,1.503689585
1734523535.928765774,1,3.999742464,-0.044282300,1.503414754
1734523535.928765774,2,-0.000262720,3.955730965,1.502895725
1734523535.928765774,3,-0.000260527,-4.044285424,1.503721055
1734523535.928765774,4,-4.000272590,-0.044294140,1.503705766
1734523535.928765774,5,3.999739897,3.955711218,1.503597507
1734523535.928765774,6,-4.000259009,-4.044283381,1.503347145
1734523535.928765774,7,-4.000258257,3.955707150,1.503391309
1734523535.928765774,8,3.999740035,-4.044283245,1.503516489
1734523535.928765774,9,-8.000269141,-0.044285822,1.503753220
1734523535.998765707,0,-0.000258335,-0.044282159,1.503689585
1734523535.998765707,1,3.999742464,-0.044282300,1.503414754
1734523535.998765707,2,-0.000262720,3.955730965,1.502895725
1734523535.998765707,3,-0.000260527,-4.044285424,1.503721055
1734523535.998765707,4,-4.000272590,-0.044294140,1.503705766
1734523535.998765707,5,3.999739897,3.955711218,1.503597507
1734523535.998765707,6,-4.000259009,-4.044283381,1.503347145
1734523535.998765707,7,-4.000258257,3.955707150,1.503391309
1734523535.998765707,8,3.999740035,-4.044283245,1.503516489
1734523535.998765707,9,-8.000269141,-0.044285822,1.503753220
1734523536.058765650,0,-0.000231853,-0.044288260,1.503700503
1734523536.058765650,1,3.999772358,-0.044285808,1.503464632
1734523536.058765650,2,-0.000266325,3.955795301,1.502988418
1734523536.058765650,3,-0.000251164,-4.044335749,1.503737410
1734523536.058765650,4,-4.000322203,-0.044342387,1.503728108
1734523536.058765650,5,3.999741586,3.955676049,1.503620854
1734523536.058765650,6,-4.000244986,-4.044302320,1.503403149
1734523536.058765650,7,-4.000256469,3.955690076,1.503417755
1734523536.058765650,8,3.999739194,-4.044300233,1.503274002
1734523536.058765650,9,-8.000284915,-0.044291775,1.503768591
1734523536.128765821,0,-0.000231853,-0.044288260,1.503700503
1734523536.128765821,1,3.999772358,-0.044285808,1.503464632
1734523536.128765821,2,-0.000266325,3.955795301,1.502988418
1734523536.128765821,3,-0.000251164,-4.044335749,1.503737410
1734523536.128765821,4,-4.000322203,-0.044342387,1.503728108
1734523536.128765821,5,3.999741586,3.955676049,1.503620854
1734523536.128765821,6,-4.000244986,-4.044302320,1.503403149
1734523536.128765821,7,-4.000256469,3.955690076,1.503417755
1734523536.128765821,8,3.999739194,-4.044300233,1.503274002
1734523536.128765821,9,-8.000284915,-0.044291775,1.503768591
1734523536.188765764,0,-0.000231853,-0.044288260,1.503700503
1734523536.188765764,1,3.999772358,-0.044285808,1.503464632
1734523536.188765764,2,-0.000266325,3.955795301,1.502988418
1734523536.188765764,3,-0.000251164,-4.044335749,1.503737410
1734523536.188765764,4,-4.000322203,-0.044342387,1.503728108
1734523536.188765764,5,3.999741586,3.955676049,1.503620854
1734523536.188765764,6,-4.000244986,-4.044302320,1.503403149
1734523536.188765764,7,-4.000256469,3.955690076,1.503417755
1734523536.188765764,8,3.999739194,-4.044300233,1.503274002
1734523536.188765764,9,-8.000284915,-0.044291775,1.503768591
1734523536.258765697,0,-0.000231853,-0.044288260,1.503700503
1734523536.258765697,1,3.999772358,-0.044285808,1.503464632
1734523536.258765697,2,-0.000266325,3.955795301,1.502988418
1734523536.258765697,3,-0.000251164,-4.044335749,1.503737410
1734523536.258765697,4,-4.000322203,-0.044342387,1.503728108
1734523536.258765697,5,3.999741586,3.955676049,1.503620854
1734523536.258765697,6,-4.000244986,-4.044302320,1.503403149
1734523536.258765697,7,-4.000256469,3.955690076,1.503417755
1734523536.258765697,8,3.999739194,-4.044300233,1.503274002
1734523536.258765697,9,-8.000284915,-0.044291775,1.503768591
1734523536.318765879,0,-0.000231853,-0.044288260,1.503700503
1734523536.318765879,1,3.999772358,-0.044285808,1.503464632
1734523536.318765879,2,-0.000266325,3.955795301,1.502988418
1734523536.318765879,3,-0.000251164,-4.044335749,1.503737410
1734523536.318765879,4,-4.000322203,-0.044342387,1.503728108
1734523536.318765879,5,3.999741586,3.955676049,1.503620854
1734523536.318765879,6,-4.000244986,-4.044302320,1.503403149
1734523536.318765879,7,-4.000256469,3.955690076,1.503417755
1734523536.318765879,8,3.999739194,-4.044300233,1.503274002
1734523536.318765879,9,-8.000284915,-0.044291775,1.503768591
1734523536.378765821,0,-0.000231853,-0.044288260,1.503700503
1734523536.378765821,1,3.999772358,-0.044285808,1.503464632
1734523536.378765821,2,-0.000266325,3.955795301,1.502988418
1734523536.378765821,3,-0.000251164,-4.044335749,1.503737410
1734523536.378765821,4,-4.000322203,-0.044342387,1.503728108
1734523536.378765821,5,3.999741586,3.955676049,1.503620854
1734523536.378765821,6,-4.000244986,-4.044302320,1.503403149
1734523536.378765821,7,-4.000256469,3.955690076,1.503417755
1734523536.378765821,8,3.999739194,-4.044300233,1.503274002
1734523536.378765821,9,-8.000284915,-0.044291775,1.503768591
1734523536.448765755,0,-0.000231853,-0.044288260,1.503700503
1734523536.448765755,1,3.999772358,-0.044285808,1.503464632
1734523536.448765755,2,-0.000266325,3.955795301,1.502988418
1734523536.448765755,3,-0.000251164,-4.044335749,1.503737410
1734523536.448765755,4,-4.000322203,-0.044342387,1.503728108
1734523536.448765755,5,3.999741586,3.955676049,1.503620854
1734523536.448765755,6,-4.000244986,-4.044302320,1.503403149
1734523536.448765755,7,-4.000256469,3.955690076,1.503417755
1734523536.448765755,8,3.999739194,-4.044300233,1.503274002
1734523536.448765755,9,-8.000284915,-0.044291775,1.503768591
1734523536.508765697,0,-0.000231853,-0.044288260,1.503700503
1734523536.508765697,1,3.999772358,-0.044285808,1.503464632
1734523536.508765697,2,-0.000266325,3.955795301,1.502988418
1734523536.508765697,3,-0.000251164,-4.044335749,1.503737410
1734523536.508765697,4,-4.000322203,-0.044342387,1.503728108
1734523536.508765697,5,3.999741586,3.955676049,1.503620854
1734523536.508765697,6,-4.000244986,-4.044302320,1.503403149
1734523536.508765697,7,-4.000256469,3.955690076,1.503417755
1734523536.508765697,8,3.999739194,-4.044300233,1.503274002
1734523536.508765697,9,-8.000284915,-0.044291775,1.503768591
1734523536.568765879,0,-0.000231853,-0.044288260,1.503700503
1734523536.568765879,1,3.999772358,-0.044285808,1.503464632
1734523536.568765879,2,-0.000266325,3.955795301,1.502988418
1734523536.568765879,3,-0.000251164,-4.044335749,1.503737410
1734523536.568765879,4,-4.000322203,-0.044342387,1.503728108
1734523536.568765879,5,3.999741586,3.955676049,1.503620854
1734523536.568765879,6,-4.000231180,-4.044320447,1.503428399
1734523536.568765879,7,-4.000253906,3.955659019,1.503444705
1734523536.568765879,8,3.999736260,-4.044319799,1.503092040
1734523536.568765879,9,-8.000314061,-0.044302612,1.503773219
1734523536.638765812,0,-0.000231853,-0.044288260,1.503700503
1734523536.638765812,1,3.999772358,-0.044285808,1.503464632
1734523536.638765812,2,-0.000266325,3.955795301,1.502988418
1734523536.638765812,3,-0.000251164,-4.044335749,1.503737410
1734523536.638765812,4,-4.000322203,-0.044342387,1.503728108
1734523536.638765812,5,3.999741586,3.955676049,1.503620854
1734523536.638765812,6,-4.000231180,-4.044320447,1.503428399
1734523536.638765812,7,-4.000253906,3.955659019,1.503444705
1734523536.638765812,8,3.999736260,-4.044319799,1.503092040
1734523536.638765812,9,-8.000314061,-0.044302612,1.503773219
1734523536.698765755,0,-0.000165705,-0.044281279,1.503711026
1734523536.698765755,1,3.999890221,-0.044279143,1.503505323
1734523536.698765755,2,-0.000303073,3.956074349,1.503112669
1734523536.698765755,3,-0.000269428,-4.044458267,1.503789540
1734523536.698765755,4,-4.000377210,-0.044399346,1.503760834
1734523536.698765755,5,3.999738732,3.955571247,1.503734590
1734523536.698765755,6,-4.000204169,-4.044355568,1.503474583
1734523536.698765755,7,-4.000250629,3.955609229,1.503502729
1734523536.698765755,8,3.999732473,-4.044356870,1.503107445
1734523536.698765755,9,-8.000361402,-0.044320246,1.503807401
1734523536.758765697,0,-0.000165705,-0.044281279,1.503711026
1734523536.758765697,1,3.999890221,-0.044279143,1.503505323
1734523536.758765697,2,-0.000303073,3.956074349,1.503112669
1734523536.758765697,3,-0.000269428,-4.044458267,1.503789540
1734523536.758765697,4,-4.000377210,-0.044399346,1.503760834
1734523536.758765697,5,3.999738732,3.955571247,1.503734590
1734523536.758765697,6,-4.000204169,-4.044355568,1.503474583
1734523536.758765697,7,-4.000250629,3.955609229,1.503502729
1734523536.758765697,8,3.999732473,-4.044356870,1.503107445
1734523536.758765697,9,-8.000361402,-0.044320246,1.503807401
1734523536.828765869,0,-0.000165705,-0.044281279,1.503711026
1734523536.828765869,1,3.999890221,-0.044279143,1.503505323
1734523536.828765869,2,-0.000303073,3.956074349,1.503112669
1734523536.828765869,3,-0.000269428,-4.044458267,1.503789540
1734523536.828765869,4,-4.000377210,-0.044399346,1.503760834
1734523536.828765869,5,3.999738732,3.955571247,1.503734590
1734523536.828765869,6,-4.000204169,-4.044355568,1.503474583
1734523536.828765869,7,-4.000250629,3.955609229,1.503502729
1734523536.828765869,8,3.999732473,-4.044356870,1.503107445
1734523536.828765869,9,-8.000361402,-0.044320246,1.503807401
1734523536.888765812,0,-0.000165705,-0.044281279,1.503711026
1734523536.888765812,1,3.999890221,-0.044279143,1.503505323
1734523536.888765812,2,-0.000303073,3.956074349,1.503112669
1734523536.888765812,3,-0.000269428,-4.044458267,1.503789540
1734523536.888765812,4,-4.000377210,-0.044399346,1.503760834
1734523536.888765812,5,3.999738732,3.955571247,1.503734590
1734523536.888765812,6,-4.000204169,-4.044355568,1.503474583
1734523536.888765812,7,-4.000250629,3.955609229,1.503502729
1734523536.888765812,8,3.999732473,-4.044356870,1.503107445
1734523536.888765812,9,-8.000361402,-0.044320246,1.503807401
1734523536.948765755,0,-0.000165705,-0.044281279,1.503711026
1734523536.948765755,1,3.999890221,-0.044279143,1.503505323
1734523536.948765755,2,-0.000303073,3.956074349,1.503112669
1734523536.948765755,3,-0.000269428,-4.044458267,1.503789540
1734523536.948765755,4,-4.000377210,-0.044399346,1.503760834
1734523536.948765755,5,3.999738732,3.955571247,1.503734590
1734523536.948765755,6,-4.000204169,-4.044355568,1.503474583
1734523536.948765755,7,-4.000250629,3.955609229,1.503502729
1734523536.948765755,8,3.999732473,-4.044356870,1.503107445
1734523536.948765755,9,-8.000361402,-0.044320246,1.503807401
1734523537.018765688,0,-0.000165705,-0.044281279,1.503711026
1734523537.018765688,1,3.999890221,-0.044279143,1.503505323
1734523537.018765688,2,-0.000303073,3.956074349,1.503112669
1734523537.018765688,3,-0.000269428,-4.044458267,1.503789540
1734523537.018765688,4,-4.000377210,-0.044399346,1.503760834
1734523537.018765688,5,3.999738732,3.955571247,1.503734590
1734523537.018765688,6,-4.000204169,-4.044355568,1.503474583
1734523537.018765688,7,-4.000250629,3.955609229,1.503502729
1734523537.018765688,8,3.999732473,-4.044356870,1.503107445
1734523537.018765688,9,-8.000361402,-0.044320246,1.503807401
1734523537.078765869,0,-0.000165705,-0.044281279,1.503711026
1734523537.078765869,1,3.999890221,-0.044279143,1.503505323
1734523537.078765869,2,-0.000303073,3.956074349,1.503112669
1734523537.078765869,3,-0.000269428,-4.044458267,1.503789540
1734523537.078765869,4,-4.000377210,-0.044399346,1.503760834
1734523537.078765869,5,3.999738732,3.955571247,1.503734590
1734523537.078765869,6,-4.000204169,-4.044355568,1.503474583
1734523537.078765869,7,-4.000250629,3.955609229,1.503502729
1734523537.078765869,8,3.999732473,-4.044356870,1.503107445
1734523537.078765869,9,-8.000361402,-0.044320246,1.503807401
1734523537.138765812,0,-0.000165705,-0.044281279,1.503711026
1734523537.138765812,1,3.999890221,-0.044279143,1.503505323
1734523537.138765812,2,-0.000303073,3.956074349,1.503112669
1734523537.138765812,3,-0.000269428,-4.044458267,1.503789540
1734523537.138765812,4,-4.000377210,-0.044399346,1.503760834
1734523537.138765812,5,3.999738732,3.955571247,1.503734590
1734523537.138765812,6,-4.000204169,-4.044355568,1.503474583
1734523537.138765812,7,-4.000250629,3.955609229,1.503502729
1734523537.138765812,8,3.999732473,-4.044356870,1.503107445
1734523537.138765812,9,-8.000361402,-0.044320246,1.503807401
1734523537.198765755,0,-0.000165705,-0.044281279,1.503711026
1734523537.198765755,1,3.999890221,-0.044279143,1.503505323
1734523537.198765755,2,-0.000303073,3.956074349,1.503112669
1734523537.198765755,3,-0.000269428,-4.044458267,1.503789540
1734523537.198765755,4,-4.000470820,-0.044497880,1.503827944
1734523537.198765755,5,3.999738732,3.955571247,1.503734590
1734523537.198765755,6,-4.000204169,-4.044355568,1.503474583
1734523537.198765755,7,-4.000250629,3.955609229,1.503502729
1734523537.198765755,8,3.999732473,-4.044356870,1.503107445
1734523537.198765755,9,-8.000361402,-0.044320246,1.503807401
1734523537.268765688,0,-0.000165705,-0.044281279,1.503711026
1734523537.268765688,1,3.999890221,-0.044279143,1.503505323
1734523537.268765688,2,-0.000303073,3.956074349,1.503112669
1734523537.268765688,3,-0.000269428,-4.044458267,1.503789540
1734523537.268765688,4,-4.000470820,-0.044497880,1.503827944
1734523537.268765688,5,3.999738732,3.955571247,1.503734590
1734523537.268765688,6,-4.000204169,-4.044355568,1.503474583
1734523537.268765688,7,-4.000250629,3.955609229,1.503502729
1734523537.268765688,8,3.999732473,-4.044356870,1.503107445
1734523537.268765688,9,-8.000361402,-0.044320246,1.503807401
1734523537.328765869,0,0.000001943,-0.044282677,1.503721637
1734523537.328765869,1,4.000382240,-0.044319508,1.503551116
1734523537.328765869,2,-0.000370391,3.956914352,1.503418785
1734523537.328765869,3,-0.000197524,-4.044963846,1.503964120
1734523537.328765869,4,-4.000601519,-0.044637996,1.503961477
1734523537.328765869,5,3.999737685,3.955368985,1.504011393
1734523537.328765869,6,-4.000108473,-4.044481840,1.503668853
1734523537.328765869,7,-4.000238309,3.955305976,1.503878367
1734523537.328765869,8,3.999722081,-4.044507684,1.503055399
1734523537.328765869,9,-8.000527465,-0.044383859,1.503961476
1734523537.398765802,0,0.000001943,-0.044282677,1.503721637
1734523537.398765802,1,4.000382240,-0.044319508,1.503551116
1734523537.398765802,2,-0.000370391,3.956914352,1.503418785
1734523537.398765802,3,-0.000197524,-4.044963846,1.503964120
1734523537.398765802,4,-4.000601519,-0.044637996,1.503961477
1734523537.398765802,5,3.999737685,3.955368985,1.504011393
1734523537.398765802,6,-4.000108473,-4.044481840,1.503668853
1734523537.398765802,7,-4.000238309,3.955305976,1.503878367
1734523537.398765802,8,3.999722081,-4.044507684,1.503055399
1734523537.398765802,9,-8.000653240,-0.044433403,1.504114443
1734523537.458765745,0,0.000001943,-0.044282677,1.503721637
1734523537.458765745,1,4.000382240,-0.044319508,1.503551116
1734523537.458765745,2,-0.000370391,3.956914352,1.503418785
1734523537.458765745,3,-0.000197524,-4.044963846,1.503964120
1734523537.458765745,4,-4.000760388,-0.044807143,1.504130310
1734523537.458765745,5,3.999737685,3.955368985,1.504011393
1734523537.458765745,6,-4.000108473,-4.044481840,1.503668853
1734523537.458765745,7,-4.000238309,3.955305976,1.503878367
1734523537.458765745,8,3.999722081,-4.044507684,1.503055399
1734523537.458765745,9,-8.000653240,-0.044433403,1.504114443
1734523537.518765688,0,0.000001943,-0.044282677,1.503721637
1734523537.518765688,1,4.000382240,-0.044319508,1.503551116
1734523537.518765688,2,-0.000370391,3.956914352,1.503418785
1734523537.518765688,3,-0.000197524,-4.044963846,1.503964120
1734523537.518765688,4,-4.000760388,-0.044807143,1.504130310
1734523537.518765688,5,3.999737685,3.955368985,1.504011393
1734523537.518765688,6,-4.000108473,-4.044481840,1.503668853
1734523537.518765688,7,-4.000238309,3.955305976,1.503878367
1734523537.518765688,8,3.999722081,-4.044507684,1.503055399
1734523537.518765688,9,-8.000653240,-0.044433403,1.504114443
1734523537.578765869,0,0.000001943,-0.044282677,1.503721637
1734523537.578765869,1,4.000382240,-0.044319508,1.503551116
1734523537.578765869,2,-0.000370391,3.956914352,1.503418785
1734523537.578765869,3,-0.000197524,-4.044963846,1.503964120
1734523537.578765869,4,-4.000760388,-0.044807143,1.504130310
1734523537.578765869,5,3.999737685,3.955368985,1.504011393
1734523537.578765869,6,-4.000108473,-4.044481840,1.503668853
1734523537.578765869,7,-4.000238309,3.955305976,1.503878367
1734523537.578765869,8,3.999722081,-4.044507684,1.503055399
1734523537.578765869,9,-8.000653240,-0.044433403,1.504114443
1734523537.648765802,0,0.000001943,-0.044282677,1.503721637
1734523537.648765802,1,4.000382240,-0.044319508,1.503551116
1734523537.648765802,2,-0.000370391,3.956914352,1.503418785
1734523537.648765802,3,-0.000197524,-4.044963846,1.503964120
1734523537.648765802,4,-4.000760388,-0.044807143,1.504130310
1734523537.648765802,5,3.999737685,3.955368985,1.504011393
1734523537.648765802,6,-4.000108473,-4.044481840,1.503668853
1734523537.648765802,7,-4.000238309,3.955305976,1.503878367
1734523537.648765802,8,3.999722081,-4.044507684,1.503055399
1734523537.648765802,9,-8.000653240,-0.044433403,1.504114443
1734523537.708765745,0,0.000001943,-0.044282677,1.503721637
1734523537.708765745,1,4.000382240,-0.044319508,1.503551116
1734523537.708765745,2,-0.000370391,3.956914352,1.503418785
1734523537.708765745,3,-0.000197524,-4.044963846,1.503964120
1734523537.708765745,4,-4.000760388,-0.044807143,1.504130310
1734523537.708765745,5,3.999737685,3.955368985,1.504011393
1734523537.708765745,6,-4.000108473,-4.044481840,1.503668853
1734523537.708765745,7,-4.000238309,3.955305976,1.503878367
1734523537.708765745,8,3.999722081,-4.044507684,1.503055399
1734523537.708765745,9,-8.000653240,-0.044433403,1.504114443
1734523537.768765688,0,0.000001943,-0.044282677,1.503721637
1734523537.768765688,1,4.000382240,-0.044319508,1.503551116
1734523537.768765688,2,-0.000370391,3.956914352,1.503418785
1734523537.768765688,3,-0.000197524,-4.044963846,1.503964120
1734523537.768765688,4,-4.000760388,-0.044807143,1.504130310
1734523537.768765688,5,3.999737685,3.955368985,1.504011393
1734523537.768765688,6,-4.000108473,-4.044481840,1.503668853
1734523537.768765688,7,-4.000238309,3.955305976,1.503878367
1734523537.768765688,8,3.999722081,-4.044507684,1.503055399
1734523537.768765688,9,-8.000653240,-0.044433403,1.504114443
1734523537.838765860,0,0.000001943,-0.044282677,1.503721637
1734523537.838765860,1,4.000382240,-0.044319508,1.503551116
1734523537.838765860,2,-0.000370391,3.956914352,1.503418785
1734523537.838765860,3,-0.000197524,-4.044963846,1.503964120
1734523537.838765860,4,-4.000760388,-0.044807143,1.504130310
1734523537.838765860,5,3.999737685,3.955368985,1.504011393
1734523537.838765860,6,-4.000108473,-4.044481840,1.503668853
1734523537.838765860,7,-4.000238309,3.955305976,1.503878367
1734523537.838765860,8,3.999722081,-4.044507684,1.503055399
1734523537.838765860,9,-8.000653240,-0.044433403,1.504114443
1734523537.898765802,0,0.000001943,-0.044282677,1.503721637
1734523537.898765802,1,4.000382240,-0.044319508,1.503551116
1734523537.898765802,2,-0.000370391,3.956914352,1.503418785
1734523537.898765802,3,-0.000197524,-4.044963846,1.503964120
1734523537.898765802,4,-4.000760388,-0.044807143,1.504130310
1734523537.898765802,5,3.999737685,3.955368985,1.504011393
1734523537.898765802,6,-4.000108473,-4.044481840,1.503668853
1734523537.898765802,7,-4.000238309,3.955305976,1.503878367
1734523537.898765802,8,3.999722081,-4.044507684,1.503055399
1734523537.898765802,9,-8.000653240,-0.044433403,1.504114443
1734523537.958765745,0,0.000280944,-0.044277926,1.503731603
1734523537.958765745,1,4.001286372,-0.044311151,1.503586369
1734523537.958765745,2,-0.000373975,3.958610671,1.504267104
1734523537.958765745,3,-0.000369837,-4.045893675,1.504327884
1734523537.958765745,4,-4.001161626,-0.045231871,1.504618934
1734523537.958765745,5,3.999728503,3.955090471,1.504511192
1734523537.958765745,6,-3.999937923,-4.044700281,1.504048068
1734523537.958765745,7,-4.000233895,3.955142388,1.504076539
1734523537.958765745,8,3.999693105,-4.044740332,1.503254106
1734523537.958765745,9,-8.000811496,-0.044496739,1.504292175
1734523538.028765678,0,0.000280944,-0.044277926,1.503731603
1734523538.028765678,1,4.001286372,-0.044311151,1.503586369
1734523538.028765678,2,-0.000373975,3.958610671,1.504267104
1734523538.028765678,3,-0.000369837,-4.045893675,1.504327884
1734523538.028765678,4,-4.001161626,-0.045231871,1.504618934
1734523538.028765678,5,3.999728503,3.955090471,1.504511192
1734523538.028765678,6,-3.999937923,-4.044700281,1.504048068
1734523538.028765678,7,-4.000233895,3.955142388,1.504076539
1734523538.028765678,8,3.999693105,-4.044740332,1.503254106
1734523538.028765678,9,-8.000811496,-0.044496739,1.504292175
1734523538.098765850,0,0.000280944,-0.044277926,1.503731603
1734523538.098765850,1,4.001286372,-0.044311151,1.503586369
1734523538.098765850,2,-0.000373975,3.958610671,1.504267104
1734523538.098765850,3,-0.000369837,-4.045893675,1.504327884
1734523538.098765850,4,-4.001161626,-0.045231871,1.504618934
1734523538.098765850,5,3.999728503,3.955090471,1.504511192
1734523538.098765850,6,-3.999937923,-4.044700281,1.504048068
1734523538.098765850,7,-4.000233895,3.955142388,1.504076539
1734523538.098765850,8,3.999693105,-4.044740332,1.503254106
1734523538.098765850,9,-8.000811496,-0.044496739,1.504292175
1734523538.158765793,0,0.000280944,-0.044277926,1.503731603
1734523538.158765793,1,4.001286372,-0.044311151,1.503586369
1734523538.158765793,2,-0.000373975,3.958610671,1.504267104
1734523538.158765793,3,-0.000369837,-4.045893675,1.504327884
1734523538.158765793,4,-4.001161626,-0.045231871,1.504618934
1734523538.158765793,5,3.999728503,3.955090471,1.504511192
1734523538.158765793,6,-3.999937923,-4.044700281,1.504048068
1734523538.158765793,7,-4.000233895,3.955142388,1.504076539
1734523538.158765793,8,3.999693105,-4.044740332,1.503254106
1734523538.158765793,9,-8.000811496,-0.044496739,1.504292175
1734523538.228765726,0,0.000280944,-0.044277926,1.503731603
1734523538.228765726,1,4.001286372,-0.044311151,1.503586369
1734523538.228765726,2,-0.000373975,3.958610671,1.504267104
1734523538.228765726,3,-0.000369837,-4.045893675,1.504327884
1734523538.228765726,4,-4.001161626,-0.045231871,1.504618934
1734523538.228765726,5,3.999728503,3.955090471,1.504511192
1734523538.228765726,6,-3.999937923,-4.044700281,1.504048068
1734523538.228765726,7,-4.000233895,3.955142388,1.504076539
1734523538.228765726,8,3.999693105,-4.044740332,1.503254106
1734523538.228765726,9,-8.000811496,-0.044496739,1.504292175
1734523538.288765669,0,0.000280944,-0.044277926,1.503731603
1734523538.288765669,1,4.001286372,-0.044311151,1.503586369
1734523538.288765669,2,-0.000373975,3.958610671,1.504267104
1734523538.288765669,3,-0.000369837,-4.045893675,1.504327884
1734523538.288765669,4,-4.001161626,-0.045231871,1.504618934
1734523538.288765669,5,3.999728503,3.955090471,1.504511192
1734523538.288765669,6,-3.999937923,-4.044700281,1.504048068
1734523538.288765669,7,-4.000233895,3.955142388,1.504076539
1734523538.288765669,8,3.999693105,-4.044740332,1.503254106
1734523538.288765669,9,-8.000811496,-0.044496739,1.504292175
1734523538.348765850,0,0.000280944,-0.044277926,1.503731603
1734523538.348765850,1,4.001286372,-0.044311151,1.503586369
1734523538.348765850,2,-0.000373975,3.958610671,1.504267104
1734523538.348765850,3,-0.000369837,-4.045893675,1.504327884
1734523538.348765850,4,-4.001161626,-0.045231871,1.504618934
1734523538.348765850,5,3.999728503,3.955090471,1.504511192
1734523538.348765850,6,-3.999937923,-4.044700281,1.504048068
1734523538.348765850,7,-4.000233895,3.955142388,1.504076539
1734523538.348765850,8,3.999693105,-4.044740332,1.503254106
1734523538.348765850,9,-8.000811496,-0.044496739,1.504292175
1734523538.408765793,0,0.000280944,-0.044277926,1.503731603
1734523538.408765793,1,4.001286372,-0.044311151,1.503586369
1734523538.408765793,2,-0.000373975,3.958610671,1.504267104
1734523538.408765793,3,-0.000369837,-4.045893675,1.504327884
1734523538.408765793,4,-4.001161626,-0.045231871,1.504618934
1734523538.408765793,5,3.999728503,3.955090471,1.504511192
1734523538.408765793,6,-3.999937923,-4.044700281,1.504048068
1734523538.408765793,7,-4.000233895,3.955142388,1.504076539
1734523538.408765793,8,3.999693105,-4.044740332,1.503254106
1734523538.408765793,9,-8.000811496,-0.044496739,1.504292175
1734523538.468765736,0,0.000280944,-0.044277926,1.503731603
1734523538.468765736,1,4.001286372,-0.044311151,1.503586369
1734523538.468765736,2,-0.000373975,3.958610671,1.504267104
1734523538.468765736,3,-0.000369837,-4.045893675,1.504327884
1734523538.468765736,4,-4.001161626,-0.045231871,1.504618934
1734523538.468765736,5,3.999728503,3.955090471,1.504511192
1734523538.468765736,6,-3.999937923,-4.044700281,1.504048068
1734523538.468765736,7,-4.000233895,3.955142388,1.504076539
1734523538.468765736,8,3.999693105,-4.044740332,1.503254106
1734523538.468765736,9,-8.000811496,-0.044496739,1.504292175
1734523538.538765669,0,0.000280944,-0.044277926,1.503731603
1734523538.538765669,1,4.001286372,-0.044311151,1.503586369
1734523538.538765669,2,-0.000373975,3.958610671,1.504267104
1734523538.538765669,3,-0.000369837,-4.045893675,1.504327884
1734523538.538765669,4,-4.001161626,-0.045231871,1.504618934
1734523538.538765669,5,3.999728503,3.955090471,1.504511192
1734523538.538765669,6,-3.999937923,-4.044700281,1.504048068
1734523538.538765669,7,-4.000233895,3.955142388,1.504076539
1734523538.538765669,8,3.999693105,-4.044740332,1.503254106
1734523538.538765669,9,-8.000811496,-0.044496739,1.504292175
1734523538.598765850,0,0.000741649,-0.044290771,1.503744464
1734523538.598765850,1,4.003532369,-0.044309137,1.503627535
1734523538.598765850,2,-0.000522499,3.962124430,1.504746987
1734523538.598765850,3,-0.000388787,-4.048373137,1.505107729
1734523538.598765850,4,-4.001503099,-0.045589369,1.505016748
1734523538.598765850,5,3.999728907,3.954765210,1.505459246
1734523538.598765850,6,-3.999681141,-4.045035883,1.504666110
1734523538.598765850,7,-4.000221206,3.954431291,1.505314568
1734523538.598765850,8,3.999651293,-4.045120552,1.503798973
1734523538.598765850,9,-8.001503422,-0.044779994,1.505472119
1734523538.658765793,0,0.000741649,-0.044290771,1.503744464
1734523538.658765793,1,4.003532369,-0.044309137,1.503627535
1734523538.658765793,2,-0.000522499,3.962124430,1.504746987
1734523538.658765793,3,-0.000388787,-4.048373137,1.505107729
1734523538.658765793,4,-4.001926747,-0.046035556,1.505576600
1734523538.658765793,5,3.999728907,3.954765210,1.505459246
1734523538.658765793,6,-3.999681141,-4.045035883,1.504666110
1734523538.658765793,7,-4.000221206,3.954431291,1.505314568
1734523538.658765793,8,3.999651293,-4.045120552,1.503798973
1734523538.658765793,9,-8.001503422,-0.044779994,1.505472119
1734523538.718765736,0,0.000741649,-0.044290771,1.503744464
1734523538.718765736,1,4.003532369,-0.044309137,1.503627535
1734523538.718765736,2,-0.000522499,3.962124430,1.504746987
1734523538.718765736,3,-0.000388787,-4.048373137,1.505107729
1734523538.718765736,4,-4.001926747,-0.046035556,1.505576600
1734523538.718765736,5,3.999728907,3.954765210,1.505459246
1734523538.718765736,6,-3.999681141,-4.045035883,1.504666110
1734523538.718765736,7,-4.000221206,3.954431291,1.505314568
1734523538.718765736,8,3.999651293,-4.045120552,1.503798973
1734523538.718765736,9,-8.001503422,-0.044779994,1.505472119
1734523538.778765678,0,0.000741649,-0.044290771,1.503744464
1734523538.778765678,1,4.003532369,-0.044309137,1.503627535
1734523538.778765678,2,-0.000522499,3.962124430,1.504746987
1734523538.778765678,3,-0.000388787,-4.048373137,1.505107729
1734523538.778765678,4,-4.001926747,-0.046035556,1.505576600
1734523538.778765678,5,3.999728907,3.954765210,1.505459246
1734523538.778765678,6,-3.999681141,-4.045035883,1.504666110
1734523538.778765678,7,-4.000221206,3.954431291,1.505314568
1734523538.778765678,8,3.999651293,-4.045120552,1.503798973
1734523538.778765678,9,-8.001503422,-0.044779994,1.505472119
1734523538.848765850,0,0.000741649,-0.044290771,1.503744464
1734523538.848765850,1,4.003532369,-0.044309137,1.503627535
1734523538.848765850,2,-0.000522499,3.962124430,1.504746987
1734523538.848765850,3,-0.000388787,-4.048373137,1.505107729
1734523538.848765850,4,-4.001926747,-0.046035556,1.505576600
1734523538.848765850,5,3.999728907,3.954765210,1.505459246
1734523538.848765850,6,-3.999681141,-4.045035883,1.504666110
1734523538.848765850,7,-4.000221206,3.954431291,1.505314568
1734523538.848765850,8,3.999651293,-4.045120552,1.503798973
1734523538.848765850,9,-8.001503422,-0.044779994,1.505472119
1734523538.908765793,0,0.000741649,-0.044290771,1.503744464
1734523538.908765793,1,4.003532369,-0.044309137,1.503627535
1734523538.908765793,2,-0.000522499,3.962124430,1.504746987
1734523538.908765793,3,-0.000388787,-4.048373137,1.505107729
1734523538.908765793,4,-4.001926747,-0.046035556,1.505576600
1734523538.908765793,5,3.999728907,3.954765210,1.505459246
1734523538.908765793,6,-3.999681141,-4.045035883,1.504666110
1734523538.908765793,7,-4.000221206,3.954431291,1.505314568
1734523538.908765793,8,3.999651293,-4.045120552,1.503798973
1734523538.908765793,9,-8.001503422,-0.044779994,1.505472119
1734523538.978765726,0,0.000741649,-0.044290771,1.503744464
1734523538.978765726,1,4.003532369,-0.044309137,1.503627535
1734523538.978765726,2,-0.000522499,3.962124430,1.504746987
1734523538.978765726,3,-0.000388787,-4.048373137,1.505107729
1734523538.978765726,4,-4.001926747,-0.046035556,1.505576600
1734523538.978765726,5,3.999728907,3.954765210,1.505459246
1734523538.978765726,6,-3.999681141,-4.045035883,1.504666110
1734523538.978765726,7,-4.000221206,3.954431291,1.505314568
1734523538.978765726,8,3.999651293,-4.045120552,1.503798973
1734523538.978765726,9,-8.001503422,-0.044779994,1.505472119
1734523539.038765669,0,0.000741649,-0.044290771,1.503744464
1734523539.038765669,1,4.003532369,-0.044309137,1.503627535
1734523539.038765669,2,-0.000522499,3.962124430,1.504746987
1734523539.038765669,3,-0.000388787,-4.048373137,1.505107729
1734523539.038765669,4,-4.001926747,-0.046035556,1.505576600
1734523539.038765669,5,3.999728907,3.954765210,1.505459246
1734523539.038765669,6,-3.999681141,-4.045035883,1.504666110
1734523539.038765669,7,-4.000221206,3.954431291,1.505314568
1734523539.038765669,8,3.999651293,-4.045120552,1.503798973
1734523539.038765669,9,-8.001503422,-0.044779994,1.505472119
1734523539.098765850,0,0.000741649,-0.044290771,1.503744464
1734523539.098765850,1,4.003532369,-0.044309137,1.503627535
1734523539.098765850,2,-0.000522499,3.962124430,1.504746987
1734523539.098765850,3,-0.000388787,-4.048373137,1.505107729
1734523539.098765850,4,-4.001926747,-0.046035556,1.505576600
1734523539.098765850,5,3.999728907,3.954765210,1.505459246
1734523539.098765850,6,-3.999681141,-4.045035883,1.504666110
1734523539.098765850,7,-4.000221206,3.954431291,1.505314568
1734523539.098765850,8,3.999651293,-4.045120552,1.503798973
1734523539.098765850,9,-8.001503422,-0.044779994,1.505472119
1734523539.158765793,0,0.000741649,-0.044290771,1.503744464
1734523539.158765793,1,4.003532369,-0.044309137,1.503627535
1734523539.158765793,2,-0.000522499,3.962124430,1.504746987
1734523539.158765793,3,-0.000388787,-4.048373137,1.505107729
1734523539.158765793,4,-4.001926747,-0.046035556,1.505576600
1734523539.158765793,5,3.999728907,3.954765210,1.505459246
1734523539.158765793,6,-3.999681141,-4.045035883,1.504666110
1734523539.158765793,7,-4.000221206,3.954431291,1.505314568
1734523539.158765793,8,3.999651293,-4.045120552,1.503798973
1734523539.158765793,9,-8.001503422,-0.044779994,1.505472119
1734523539.228765726,0,0.001368163,-0.044361002,1.503761845
1734523539.228765726,1,4.006795379,-0.044418272,1.503662501
1734523539.228765726,2,-0.000438751,3.966764095,1.506404034
1734523539.228765726,3,0.000094332,-4.052976298,1.506069047
1734523539.228765726,4,-4.002803744,-0.046954576,1.506501389
1734523539.228765726,5,3.999719576,3.954627645,1.506379070
1734523539.228765726,6,-3.999251394,-4.045600843,1.505570486
1734523539.228765726,7,-4.000219760,3.954128859,1.505813477
1734523539.228765726,8,3.999602580,-4.045695535,1.504671145
1734523539.228765726,9,-8.001811105,-0.044907668,1.506380843
1734523539.288765669,0,0.001368163,-0.044361002,1.503761845
1734523539.288765669,1,4.006795379,-0.044418272,1.503662501
1734523539.288765669,2,-0.000438751,3.966764095,1.506404034
1734523539.288765669,3,0.000094332,-4.052976298,1.506069047
1734523539.288765669,4,-4.002803744,-0.046954576,1.506501389
1734523539.288765669,5,3.999719576,3.954627645,1.506379070
1734523539.288765669,6,-3.999251394,-4.045600843,1.505570486
1734523539.288765669,7,-4.000219760,3.954128859,1.505813477
1734523539.288765669,8,3.999602580,-4.045695535,1.504671145
1734523539.288765669,9,-8.001811105,-0.044907668,1.506380843
1734523539.358765841,0,0.001368163,-0.044361002,1.503761845
1734523539.358765841,1,4.006795379,-0.044418272,1.503662501
1734523539.358765841,2,-0.000438751,3.966764095,1.506404034
1734523539.358765841,3,0.000094332,-4.052976298,1.506069047
1734523539.358765841,4,-4.002803744,-0.046954576,1.506501389
1734523539.358765841,5,3.999719576,3.954627645,1.506379070
1734523539.358765841,6,-3.999251394,-4.045600843,1.505570486
1734523539.358765841,7,-4.000219760,3.954128859,1.505813477
1734523539.358765841,8,3.999602580,-4.045695535,1.504671145
1734523539.358765841,9,-8.001811105,-0.044907668,1.506380843
1734523539.418765783,0,0.001368163,-0.044361002,1.503761845
1734523539.418765783,1,4.006795379,-0.044418272,1.503662501
1734523539.418765783,2,-0.000438751,3.966764095,1.506404034
1734523539.418765783,3,0.000094332,-4.052976298,1.506069047
1734523539.418765783,4,-4.002803744,-0.046954576,1.506501389
1734523539.418765783,5,3.999719576,3.954627645,1.506379070
1734523539.418765783,6,-3.999251394,-4.045600843,1.505570486
1734523539.418765783,7,-4.000219760,3.954128859,1.505813477
1734523539.418765783,8,3.999602580,-4.045695535,1.504671145
1734523539.418765783,9,-8.001811105,-0.044907668,1.506380843
1734523539.478765726,0,0.001368163,-0.044361002,1.503761845
1734523539.478765726,1,4.006795379,-0.044418272,1.503662501
1734523539.478765726,2,-0.000438751,3.966764095,1.506404034
1734523539.478765726,3,0.000094332,-4.052976298,1.506069047
1734523539.478765726,4,-4.002803744,-0.046954576,1.506501389
1734523539.478765726,5,3.999719576,3.954627645,1.506379070
1734523539.478765726,6,-3.999251394,-4.045600843,1.505570486
1734523539.478765726,7,-4.000219760,3.954128859,1.505813477
1734523539.478765726,8,3.999602580,-4.045695535,1.504671145
1734523539.478765726,9,-8.001811105,-0.044907668,1.506380843
1734523539.548765659,0,0.001368163,-0.044361002,1.503761845
1734523539.548765659,1,4.006795379,-0.044418272,1.503662501
1734523539.548765659,2,-0.000438751,3.966764095,1.506404034
1734523539.548765659,3,0.000094332,-4.052976298,1.506069047
1734523539.548765659,4,-4.002803744,-0.046954576,1.506501389
1734523539.548765659,5,3.999719576,3.954627645,1.506379070
1734523539.548765659,6,-3.999251394,-4.045600843,1.505570486
1734523539.548765659,7,-4.000219760,3.954128859,1.505813477
1734523539.548765659,8,3.999602580,-4.045695535,1.504671145
1734523539.548765659,9,-8.001811105,-0.044907668,1.506380843
1734523539.608765841,0,0.001368163,-0.044361002,1.503761845
1734523539.608765841,1,4.006795379,-0.044418272,1.503662501
1734523539.608765841,2,-0.000438751,3.966764095,1.506404034
1734523539.608765841,3,0.000094332,-4.052976298,1.506069047
1734523539.608765841,4,-4.002803744,-0.046954576,1.506501389
1734523539.608765841,5,3.999719576,3.954627645,1.506379070
1734523539.608765841,6,-3.999251394,-4.045600843,1.505570486
1734523539.608765841,7,-4.000219760,3.954128859,1.505813477
1734523539.608765841,8,3.999602580,-4.045695535,1.504671145
1734523539.608765841,9,-8.001811105,-0.044907668,1.506380843
1734523539.668765783,0,0.001368163,-0.044361002,1.503761845
1734523539.668765783,1,4.006795379,-0.044418272,1.503662501
1734523539.668765783,2,-0.000438751,3.966764095,1.506404034
1734523539.668765783,3,0.000094332,-4.052976298,1.506069047
1734523539.668765783,4,-4.002803744,-0.046954576,1.506501389
1734523539.668765783,5,3.999719576,3.954627645,1.506379070
1734523539.668765783,6,-3.999251394,-4.045600843,1.505570486
1734523539.668765783,7,-4.000219760,3.954128859,1.505813477
1734523539.668765783,8,3.999602580,-4.045695535,1.504671145
1734523539.668765783,9,-8.001811105,-0.044907668,1.506380843
1734523539.728765726,0,0.001368163,-0.044361002,1.503761845
1734523539.728765726,1,4.006795379,-0.044418272,1.503662501
1734523539.728765726,2,-0.000438751,3.966764095,1.506404034
1734523539.728765726,3,0.000094332,-4.052976298,1.506069047
1734523539.728765726,4,-4.002803744,-0.046954576,1.506501389
1734523539.728765726,5,3.999719576,3.954627645,1.506379070
1734523539.728765726,6,-3.999251394,-4.045600843,1.505570486
1734523539.728765726,7,-4.000219760,3.954128859,1.505813477
1734523539.728765726,8,3.999602580,-4.045695535,1.504671145
1734523539.728765726,9,-8.001811105,-0.044907668,1.506380843
1734523539.788765669,0,0.001368163,-0.044361002,1.503761845
1734523539.788765669,1,4.006795379,-0.044418272,1.503662501
1734523539.788765669,2,-0.000438751,3.966764095,1.506404034
1734523539.788765669,3,0.000094332,-4.052976298,1.506069047
1734523539.788765669,4,-4.002803744,-0.046954576,1.506501389
1734523539.788765669,5,3.999719576,3.954627645,1.506379070
1734523539.788765669,6,-3.999251394,-4.045600843,1.505570486
1734523539.788765669,7,-4.000219760,3.954128859,1.505813477
1734523539.788765669,8,3.999602580,-4.045695535,1.504671145
1734523539.788765669,9,-8.001811105,-0.044907668,1.506380843
1734523539.858765841,0,0.002119450,-0.044310683,1.503769611
1734523539.858765841,1,4.011357791,-0.044142980,1.503690906
1734523539.858765841,2,-0.000562197,3.974347904,1.506986409
1734523539.858765841,3,-0.000634402,-4.058991193,1.507143353
1734523539.858765841,4,-4.003423046,-0.047602394,1.507037292
1734523539.858765841,5,3.999728153,3.954821276,1.507555177
1734523539.858765841,6,-3.998727919,-4.046287226,1.506343374
1734523539.858765841,7,-4.000230775,3.953535188,1.506875132
1734523539.858765841,8,3.999519748,-4.046339609,1.505606946
1734523539.858765841,9,-8.002576758,-0.045221052,1.507036238
1734523539.918765783,0,0.002119450,-0.044310683,1.503769611
1734523539.918765783,1,4.011357791,-0.044142980,1.503690906
1734523539.918765783,2,-0.000562197,3.974347904,1.506986409
1734523539.918765783,3,-0.000634402,-4.058991193,1.507143353
1734523539.918765783,4,-4.003423046,-0.047602394,1.507037292
1734523539.918765783,5,3.999728153,3.954821276,1.507555177
1734523539.918765783,6,-3.998727919,-4.046287226,1.506343374
1734523539.918765783,7,-4.000230775,3.953535188,1.506875132
1734523539.918765783,8,3.999519748,-4.046339609,1.505606946
1734523539.918765783,9,-8.002576758,-0.045221052,1.507036238
1734523539.988765717,0,0.002119450,-0.044310683,1.503769611
1734523539.988765717,1,4.011357791,-0.044142980,1.503690906
1734523539.988765717,2,-0.000562197,3.974347904,1.506986409
1734523539.988765717,3,-0.000634402,-4.058991193,1.507143353
1734523539.988765717,4,-4.003423046,-0.047602394,1.507037292
1734523539.988765717,5,3.999728153,3.954821276,1.507555177
1734523539.988765717,6,-3.998727919,-4.046287226,1.506343374
1734523539.988765717,7,-4.000230775,3.953535188,1.506875132
1734523539.988765717,8,3.999519748,-4.046339609,1.505606946
1734523539.988765717,9,-8.002576758,-0.045221052,1.507036238
1734523540.048765659,0,0.002119450,-0.044310683,1.503769611
1734523540.048765659,1,4.011357791,-0.044142980,1.503690906
1734523540.048765659,2,-0.000562197,3.974347904,1.506986409
1734523540.048765659,3,-0.000634402,-4.058991193,1.507143353
1734523540.048765659,4,-4.003423046,-0.047602394,1.507037292
1734523540.048765659,5,3.999728153,3.954821276,1.507555177
1734523540.048765659,6,-3.998727919,-4.046287226,1.506343374
1734523540.048765659,7,-4.000230775,3.953535188,1.506875132
1734523540.048765659,8,3.999519748,-4.046339609,1.505606946
1734523540.048765659,9,-8.002576758,-0.045221052,1.507036238
1734523540.108765841,0,0.002119450,-0.044310683,1.503769611
1734523540.108765841,1,4.011357791,-0.044142980,1.503690906
1734523540.108765841,2,-0.000562197,3.974347904,1.506986409
1734523540.108765841,3,-0.000634402,-4.058991193,1.507143353
1734523540.108765841,4,-4.003423046,-0.047602394,1.507037292
1734523540.108765841,5,3.999728153,3.954821276,1.507555177
1734523540.108765841,6,-3.998727919,-4.046287226,1.506343374
1734523540.108765841,7,-4.000230775,3.953535188,1.506875132
1734523540.108765841,8,3.999519748,-4.046339609,1.505606946
1734523540.108765841,9,-8.002576758,-0.045221052,1.507036238
1734523540.168765783,0,0.002119450,-0.044310683,1.503769611
1734523540.168765783,1,4.011357791,-0.044142980,1.503690906
1734523540.168765783,2,-0.000562197,3.974347904,1.506986409
1734523540.168765783,3,-0.000634402,-4.058991193,1.507143353
1734523540.168765783,4,-4.003423046,-0.047602394,1.507037292
1734523540.168765783,5,3.999728153,3.954821276,1.507555177
1734523540.168765783,6,-3.998727919,-4.046287226,1.506343374
1734523540.168765783,7,-4.000230775,3.953535188,1.506875132
1734523540.168765783,8,3.999519748,-4.046339609,1.505606946
1734523540.168765783,9,-8.002576758,-0.045221052,1.507036238
1734523540.238765717,0,0.002119450,-0.044310683,1.503769611
1734523540.238765717,1,4.011357791,-0.044142980,1.503690906
1734523540.238765717,2,-0.000562197,3.974347904,1.506986409
1734523540.238765717,3,-0.000634402,-4.058991193,1.507143353
1734523540.238765717,4,-4.003423046,-0.047602394,1.507037292
1734523540.238765717,5,3.999728153,3.954821276,1.507555177
1734523540.238765717,6,-3.998727919,-4.046287226,1.506343374
1734523540.238765717,7,-4.000230775,3.953535188,1.506875132
1734523540.238765717,8,3.999519748,-4.046339609,1.505606946
1734523540.238765717,9,-8.002576758,-0.045221052,1.507036238
1734523540.298765659,0,0.002119450,-0.044310683,1.503769611
1734523540.298765659,1,4.011357791,-0.044142980,1.503690906
1734523540.298765659,2,-0.000562197,3.974347904,1.506986409
1734523540.298765659,3,-0.000634402,-4.058991193,1.507143353
1734523540.298765659,4,-4.003423046,-0.047602394,1.507037292
1734523540.298765659,5,3.999728153,3.954821276,1.507555177
1734523540.298765659,6,-3.998727919,-4.046287226,1.506343374
1734523540.298765659,7,-4.000230775,3.953535188,1.506875132
1734523540.298765659,8,3.999519748,-4.046339609,1.505606946
1734523540.298765659,9,-8.002576758,-0.045221052,1.507036238
1734523540.358765841,0,0.002119450,-0.044310683,1.503769611
1734523540.358765841,1,4.011357791,-0.044142980,1.503690906
1734523540.358765841,2,-0.000562197,3.974347904,1.506986409
1734523540.358765841,3,-0.000634402,-4.058991193,1.507143353
1734523540.358765841,4,-4.003423046,-0.047602394,1.507037292
1734523540.358765841,5,3.999728153,3.954821276,1.507555177
1734523540.358765841,6,-3.998727919,-4.046287226,1.506343374
1734523540.358765841,7,-4.000230775,3.953535188,1.506875132
1734523540.358765841,8,3.999519748,-4.046339609,1.505606946
1734523540.358765841,9,-8.002576758,-0.045221052,1.507036238
1734523540.418765783,0,0.002119450,-0.044310683,1.503769611
1734523540.418765783,1,4.011357791,-0.044142980,1.503690906
1734523540.418765783,2,-0.000562197,3.974347904,1.506986409
1734523540.418765783,3,-0.000634402,-4.058991193,1.507143353
1734523540.418765783,4,-4.003423046,-0.047602394,1.507037292
1734523540.418765783,5,3.999728153,3.954821276,1.507555177
1734523540.418765783,6,-3.998727919,-4.046287226,1.506343374
1734523540.418765783,7,-4.000230775,3.953535188,1.506875132
1734523540.418765783,8,3.999519748,-4.046339609,1.505606946
1734523540.418765783,9,-8.002576758,-0.045221052,1.507036238
1734523540.478765726,0,0.003055092,-0.044331538,1.503782645
1734523540.478765726,1,4.018278272,-0.044194422,1.503718671
1734523540.478765726,2,-0.000502486,3.983599489,1.508159094
1734523540.478765726,3,-0.000788151,-4.067778548,1.508145076
1734523540.478765726,4,-4.005131993,-0.049389676,1.508172722
1734523540.478765726,5,3.999743719,3.955462563,1.508461409
1734523540.478765726,6,-3.997918549,-4.047371876,1.507162448
1734523540.478765726,7,-4.000268384,3.953129024,1.508279726
1734523540.478765726,8,3.999433721,-4.047285427,1.506784600
1734523540.478765726,9,-8.004720694,-0.046031357,1.508514392
1734523540.548765659,0,0.003055092,-0.044331538,1.503782645
1734523540.548765659,1,4.018278272,-0.044194422,1.503718671
1734523540.548765659,2,-0.000502486,3.983599489,1.508159094
1734523540.548765659,3,-0.000788151,-4.067778548,1.508145076
1734523540.548765659,4,-4.006053327,-0.050354461,1.508602507
1734523540.548765659,5,3.999743719,3.955462563,1.508461409
1734523540.548765659,6,-3.997918549,-4.047371876,1.507162448
1734523540.548765659,7,-4.000268384,3.953129024,1.508279726
1734523540.548765659,8,3.999433721,-4.047285427,1.506784600
1734523540.548765659,9,-8.004720694,-0.046031357,1.508514392
1734523540.608765841,0,0.003055092,-0.044331538,1.503782645
1734523540.608765841,1,4.018278272,-0.044194422,1.503718671
1734523540.608765841,2,-0.000502486,3.983599489,1.508159094
1734523540.608765841,3,-0.000788151,-4.067778548,1.508145076
1734523540.608765841,4,-4.006053327,-0.050354461,1.508602507
1734523540.608765841,5,3.999743719,3.955462563,1.508461409
1734523540.608765841,6,-3.997918549,-4.047371876,1.507162448
1734523540.608765841,7,-4.000268384,3.953129024,1.508279726
1734523540.608765841,8,3.999433721,-4.047285427,1.506784600
1734523540.608765841,9,-8.004720694,-0.046031357,1.508514392
1734523540.668765783,0,0.003055092,-0.044331538,1.503782645
1734523540.668765783,1,4.018278272,-0.044194422,1.503718671
1734523540.668765783,2,-0.000502486,3.983599489,1.508159094
1734523540.668765783,3,-0.000788151,-4.067778548,1.508145076
1734523540.668765783,4,-4.006053327,-0.050354461,1.508602507
1734523540.668765783,5,3.999743719,3.955462563,1.508461409
1734523540.668765783,6,-3.997918549,-4.047371876,1.507162448
1734523540.668765783,7,-4.000268384,3.953129024,1.508279726
1734523540.668765783,8,3.999433721,-4.047285427,1.506784600
1734523540.668765783,9,-8.004720694,-0.046031357,1.508514392
1734523540.738765717,0,0.003055092,-0.044331538,1.503782645
1734523540.738765717,1,4.018278272,-0.044194422,1.503718671
1734523540.738765717,2,-0.000502486,3.983599489,1.508159094
1734523540.738765717,3,-0.000788151,-4.067778548,1.508145076
1734523540.738765717,4,-4.006053327,-0.050354461,1.508602507
1734523540.738765717,5,3.999743719,3.955462563,1.508461409
1734523540.738765717,6,-3.997918549,-4.047371876,1.507162448
1734523540.738765717,7,-4.000268384,3.953129024,1.508279726
1734523540.738765717,8,3.999433721,-4.047285427,1.506784600
1734523540.738765717,9,-8.004720694,-0.046031357,1.508514392
1734523540.798765659,0,0.003055092,-0.044331538,1.503782645
1734523540.798765659,1,4.018278272,-0.044194422,1.503718671
1734523540.798765659,2,-0.000502486,3.983599489,1.508159094
1734523540.798765659,3,-0.000788151,-4.067778548,1.508145076
1734523540.798765659,4,-4.006053327,-0.050354461,1.508602507
1734523540.798765659,5,3.999743719,3.955462563,1.508461409
1734523540.798765659,6,-3.997918549,-4.047371876,1.507162448
1734523540.798765659,7,-4.000268384,3.953129024,1.508279726
1734523540.798765659,8,3.999433721,-4.047285427,1.506784600
1734523540.798765659,9,-8.004720694,-0.046031357,1.508514392
1734523540.858765841,0,0.003055092,-0.044331538,1.503782645
1734523540.858765841,1,4.018278272,-0.044194422,1.503718671
1734523540.858765841,2,-0.000502486,3.983599489,1.508159094
1734523540.858765841,3,-0.000788151,-4.067778548,1.508145076
1734523540.858765841,4,-4.006053327,-0.050354461,1.508602507
1734523540.858765841,5,3.999743719,3.955462563,1.508461409
1734523540.858765841,6,-3.997918549,-4.047371876,1.507162448
1734523540.858765841,7,-4.000268384,3.953129024,1.508279726
1734523540.858765841,8,3.999433721,-4.047285427,1.506784600
1734523540.858765841,9,-8.004720694,-0.046031357,1.508514392
1734523540.928765774,0,0.003055092,-0.044331538,1.503782645
1734523540.928765774,1,4.018278272,-0.044194422,1.503718671
1734523540.928765774,2,-0.000502486,3.983599489,1.508159094
1734523540.928765774,3,-0.000788151,-4.067778548,1.508145076
1734523540.928765774,4,-4.006053327,-0.050354461,1.508602507
1734523540.928765774,5,3.999743719,3.955462563,1.508461409
1734523540.928765774,6,-3.997918549,-4.047371876,1.507162448
1734523540.928765774,7,-4.000268384,3.953129024,1.508279726
1734523540.928765774,8,3.999433721,-4.047285427,1.506784600
1734523540.928765774,9,-8.004720694,-0.046031357,1.508514392
1734523540.988765717,0,0.003055092,-0.044331538,1.503782645
1734523540.988765717,1,4.018278272,-0.044194422,1.503718671
1734523540.988765717,2,-0.000502486,3.983599489,1.508159094
1734523540.988765717,3,-0.000788151,-4.067778548,1.508145076
1734523540.988765717,4,-4.006053327,-0.050354461,1.508602507
1734523540.988765717,5,3.999743719,3.955462563,1.508461409
1734523540.988765717,6,-3.997918549,-4.047371876,1.507162448
1734523540.988765717,7,-4.000268384,3.953129024,1.508279726
1734523540.988765717,8,3.999433721,-4.047285427,1.506784600
1734523540.988765717,9,-8.004720694,-0.046031357,1.508514392
1734523541.048765659,0,0.003055092,-0.044331538,1.503782645
1734523541.048765659,1,4.018278272,-0.044194422,1.503718671
1734523541.048765659,2,-0.000502486,3.983599489,1.508159094
1734523541.048765659,3,-0.000788151,-4.067778548,1.508145076
1734523541.048765659,4,-4.006053327,-0.050354461,1.508602507
1734523541.048765659,5,3.999743719,3.955462563,1.508461409
1734523541.048765659,6,-3.997918549,-4.047371876,1.507162448
1734523541.048765659,7,-4.000268384,3.953129024,1.508279726
1734523541.048765659,8,3.999433721,-4.047285427,1.506784600
1734523541.048765659,9,-8.004720694,-0.046031357,1.508514392
1734523541.118765831,0,0.004150800,-0.044331418,1.503794546
1734523541.118765831,1,4.025377958,-0.044159882,1.503733004
1734523541.118765831,2,-0.000195877,3.993951227,1.508889497
1734523541.118765831,3,-0.001242608,-4.078881832,1.508848188
1734523541.118765831,4,-4.006848678,-0.051188539,1.508890963
1734523541.118765831,5,3.999807897,3.956543674,1.509021480
1734523541.118765831,6,-3.996791268,-4.048838566,1.507826134
1734523541.118765831,7,-4.000280720,3.953236831,1.508560288
1734523541.118765831,8,3.999317854,-4.048258544,1.508005832
1734523541.118765831,9,-8.005934301,-0.046487646,1.508820691
1734523541.178765774,0,0.004150800,-0.044331418,1.503794546
1734523541.178765774,1,4.025377958,-0.044159882,1.503733004
1734523541.178765774,2,-0.000195877,3.993951227,1.508889497
1734523541.178765774,3,-0.001242608,-4.078881832,1.508848188
1734523541.178765774,4,-4.006848678,-0.051188539,1.508890963
1734523541.178765774,5,3.999807897,3.956543674,1.509021480
1734523541.178765774,6,-3.996791268,-4.048838566,1.507826134
1734523541.178765774,7,-4.000280720,3.953236831,1.508560288
1734523541.178765774,8,3.999317854,-4.048258544,1.508005832
1734523541.178765774,9,-8.005934301,-0.046487646,1.508820691
1734523541.248765707,0,0.004150800,-0.044331418,1.503794546
1734523541.248765707,1,4.025377958,-0.044159882,1.503733004
1734523541.248765707,2,-0.000195877,3.993951227,1.508889497
1734523541.248765707,3,-0.001242608,-4.078881832,1.508848188
1734523541.248765707,4,-4.007974550,-0.052368260,1.509181369
1734523541.248765707,5,3.999807897,3.956543674,1.509021480
1734523541.248765707,6,-3.996791268,-4.048838566,1.507826134
1734523541.248765707,7,-4.000280720,3.953236831,1.508560288
1734523541.248765707,8,3.999317854,-4.048258544,1.508005832
1734523541.248765707,9,-8.005934301,-0.046487646,1.508820691
1734523541.308765650,0,0.004150800,-0.044331418,1.503794546
1734523541.308765650,1,4.025377958,-0.044159882,1.503733004
1734523541.308765650,2,-0.000195877,3.993951227,1.508889497
1734523541.308765650,3,-0.001242608,-4.078881832,1.508848188
1734523541.308765650,4,-4.007974550,-0.052368260,1.509181369
1734523541.308765650,5,3.999807897,3.956543674,1.509021480
1734523541.308765650,6,-3.996791268,-4.048838566,1.507826134
1734523541.308765650,7,-4.000280720,3.953236831,1.508560288
1734523541.308765650,8,3.999317854,-4.048258544,1.508005832
1734523541.308765650,9,-8.005934301,-0.046487646,1.508820691
1734523541.368765831,0,0.004150800,-0.044331418,1.503794546
1734523541.368765831,1,4.025377958,-0.044159882,1.503733004
1734523541.368765831,2,-0.000195877,3.993951227,1.508889497
1734523541.368765831,3,-0.001242608,-4.078881832,1.508848188
1734523541.368765831,4,-4.007974550,-0.052368260,1.509181369
1734523541.368765831,5,3.999807897,3.956543674,1.509021480
1734523541.368765831,6,-3.996791268,-4.048838566,1.507826134
1734523541.368765831,7,-4.000280720,3.953236831,1.508560288
1734523541.368765831,8,3.999317854,-4.048258544,1.508005832
1734523541.368765831,9,-8.005934301,-0.046487646,1.508820691
1734523541.438765764,0,0.004150800,-0.044331418,1.503794546
1734523541.438765764,1,4.025377958,-0.044159882,1.503733004
1734523541.438765764,2,-0.000195877,3.993951227,1.508889497
1734523541.438765764,3,-0.001242608,-4.078881832,1.508848188
1734523541.438765764,4,-4.007974550,-0.052368260,1.509181369
1734523541.438765764,5,3.999807897,3.956543674,1.509021480
1734523541.438765764,6,-3.996791268,-4.048838566,1.507826134
1734523541.438765764,7,-4.000280720,3.953236831,1.508560288
1734523541.438765764,8,3.999317854,-4.048258544,1.508005832
1734523541.438765764,9,-8.005934301,-0.046487646,1.508820691
1734523541.498765707,0,0.004150800,-0.044331418,1.503794546
1734523541.498765707,1,4.025377958,-0.044159882,1.503733004
1734523541.498765707,2,-0.000195877,3.993951227,1.508889497
1734523541.498765707,3,-0.001242608,-4.078881832,1.508848188
1734523541.498765707,4,-4.007974550,-0.052368260,1.509181369
1734523541.498765707,5,3.999807897,3.956543674,1.509021480
1734523541.498765707,6,-3.996791268,-4.048838566,1.507826134
1734523541.498765707,7,-4.000280720,3.953236831,1.508560288
1734523541.498765707,8,3.999317854,-4.048258544,1.508005832
1734523541.498765707,9,-8.005934301,-0.046487646,1.508820691
1734523541.558765650,0,0.004150800,-0.044331418,1.503794546
1734523541.558765650,1,4.025377958,-0.044159882,1.503733004
1734523541.558765650,2,-0.000195877,3.993951227,1.508889497
1734523541.558765650,3,-0.001242608,-4.078881832,1.508848188
1734523541.558765650,4,-4.007974550,-0.052368260,1.509181369
1734523541.558765650,5,3.999807897,3.956543674,1.509021480
1734523541.558765650,6,-3.996791268,-4.048838566,1.507826134
1734523541.558765650,7,-4.000280720,3.953236831,1.508560288
1734523541.558765650,8,3.999317854,-4.048258544,1.508005832
1734523541.558765650,9,-8.005934301,-0.046487646,1.508820691
1734523541.628765821,0,0.004150800,-0.044331418,1.503794546
1734523541.628765821,1,4.025377958,-0.044159882,1.503733004
1734523541.628765821,2,-0.000195877,3.993951227,1.508889497
1734523541.628765821,3,-0.001242608,-4.078881832,1.508848188
1734523541.628765821,4,-4.007974550,-0.052368260,1.509181369
1734523541.628765821,5,3.999807897,3.956543674,1.509021480
1734523541.628765821,6,-3.996791268,-4.048838566,1.507826134
1734523541.628765821,7,-4.000291609,3.953507408,1.508902999
1734523541.628765821,8,3.999317854,-4.048258544,1.508005832
1734523541.628765821,9,-8.005934301,-0.046487646,1.508820691
1734523541.688765764,0,0.004150800,-0.044331418,1.503794546
1734523541.688765764,1,4.025377958,-0.044159882,1.503733004
1734523541.688765764,2,-0.000195877,3.993951227,1.508889497
1734523541.688765764,3,-0.001242608,-4.078881832,1.508848188
1734523541.688765764,4,-4.007974550,-0.052368260,1.509181369
1734523541.688765764,5,3.999807897,3.956543674,1.509021480
1734523541.688765764,6,-3.996107053,-4.049740367,1.508069498
1734523541.688765764,7,-4.000291609,3.953507408,1.508902999
1734523541.688765764,8,3.999251973,-4.048862696,1.507968143
1734523541.688765764,9,-8.007497248,-0.047081474,1.509202710
1734523541.748765707,0,0.005445782,-0.044383642,1.503809037
1734523541.748765707,1,4.035664539,-0.043950039,1.503743054
1734523541.748765707,2,-0.000052331,4.008392553,1.509387825
1734523541.748765707,3,-0.001179097,-4.092945913,1.509383778
1734523541.748765707,4,-4.010834141,-0.055369202,1.509550376
1734523541.748765707,5,3.999819709,3.958511294,1.509374393
1734523541.748765707,6,-3.995335129,-4.050757459,1.508257084
1734523541.748765707,7,-4.000300774,3.953960183,1.509101946
1734523541.748765707,8,3.999182489,-4.049516035,1.508307059
1734523541.748765707,9,-8.011873407,-0.048777001,1.509586513
1734523541.808765650,0,0.005445782,-0.044383642,1.503809037
1734523541.808765650,1,4.035664539,-0.043950039,1.503743054
1734523541.808765650,2,-0.000052331,4.008392553,1.509387825
1734523541.808765650,3,-0.001179097,-4.092945913,1.509383778
1734523541.808765650,4,-4.010834141,-0.055369202,1.509550376
1734523541.808765650,5,3.999819709,3.958511294,1.509374393
1734523541.808765650,6,-3.995335129,-4.050757459,1.508257084
1734523541.808765650,7,-4.000308517,3.954610347,1.509226267
1734523541.808765650,8,3.999182489,-4.049516035,1.508307059
1734523541.808765650,9,-8.011873407,-0.048777001,1.509586513
1734523541.878765821,0,0.005445782,-0.044383642,1.503809037
1734523541.878765821,1,4.035664539,-0.043950039,1.503743054
1734523541.878765821,2,-0.000052331,4.008392553,1.509387825
1734523541.878765821,3,-0.001179097,-4.092945913,1.509383778
1734523541.878765821,4,-4.010834141,-0.055369202,1.509550376
1734523541.878765821,5,3.999819709,3.958511294,1.509374393
1734523541.878765821,6,-3.995335129,-4.050757459,1.508257084
1734523541.878765821,7,-4.000308517,3.954610347,1.509226267
1734523541.878765821,8,3.999182489,-4.049516035,1.508307059
1734523541.878765821,9,-8.011873407,-0.048777001,1.509586513
1734523541.938765764,0,0.005445782,-0.044383642,1.503809037
1734523541.938765764,1,4.035664539,-0.043950039,1.503743054
1734523541.938765764,2,-0.000052331,4.008392553,1.509387825
1734523541.938765764,3,-0.001179097,-4.092945913,1.509383778
1734523541.938765764,4,-4.010834141,-0.055369202,1.509550376
1734523541.938765764,5,3.999819709,3.958511294,1.509374393
1734523541.938765764,6,-3.995335129,-4.050757459,1.508257084
1734523541.938765764,7,-4.000308517,3.954610347,1.509226267
1734523541.938765764,8,3.999182489,-4.049516035,1.508307059
1734523541.938765764,9,-8.011873407,-0.048777001,1.509586513
1734523541.998765707,0,0.005445782,-0.044383642,1.503809037
1734523541.998765707,1,4.035664539,-0.043950039,1.503743054
1734523541.998765707,2,-0.000052331,4.008392553,1.509387825
1734523541.998765707,3,-0.001179097,-4.092945913,1.509383778
1734523541.998765707,4,-4.010834141,-0.055369202,1.509550376
1734523541.998765707,5,3.999819709,3.958511294,1.509374393
1734523541.998765707,6,-3.995335129,-4.050757459,1.508257084
1734523541.998765707,7,-4.000308517,3.954610347,1.509226267
1734523541.998765707,8,3.999182489,-4.049516035,1.508307059
1734523541.998765707,9,-8.011873407,-0.048777001,1.509586513
1734523542.068765879,0,0.005445782,-0.044383642,1.503809037
1734523542.068765879,1,4.035664539,-0.043950039,1.503743054
1734523542.068765879,2,-0.000052331,4.008392553,1.509387825
1734523542.068765879,3,-0.001179097,-4.092945913,1.509383778
1734523542.068765879,4,-4.010834141,-0.055369202,1.509550376
1734523542.068765879,5,3.999819709,3.958511294,1.509374393
1734523542.068765879,6,-3.995335129,-4.050757459,1.508257084
1734523542.068765879,7,-4.000308517,3.954610347,1.509226267
1734523542.068765879,8,3.999182489,-4.049516035,1.508307059
1734523542.068765879,9,-8.011873407,-0.048777001,1.509586513
1734523542.128765821,0,0.005445782,-0.044383642,1.503809037
1734523542.128765821,1,4.035664539,-0.043950039,1.503743054
1734523542.128765821,2,-0.000052331,4.008392553,1.509387825
1734523542.128765821,3,-0.001179097,-4.092945913,1.509383778
1734523542.128765821,4,-4.010834141,-0.055369202,1.509550376
1734523542.128765821,5,3.999819709,3.958511294,1.509374393
1734523542.128765821,6,-3.995335129,-4.050757459,1.508257084
1734523542.128765821,7,-4.000308517,3.954610347,1.509226267
1734523542.128765821,8,3.999182489,-4.049516035,1.508307059
1734523542.128765821,9,-8.011873407,-0.048777001,1.509586513
1734523542.188765764,0,0.005445782,-0.044383642,1.503809037
1734523542.188765764,1,4.035664539,-0.043950039,1.503743054
1734523542.188765764,2,-0.000052331,4.008392553,1.509387825
1734523542.188765764,3,-0.001179097,-4.092945913,1.509383778
1734523542.188765764,4,-4.010834141,-0.055369202,1.509550376
1734523542.188765764,5,3.999819709,3.958511294,1.509374393
1734523542.188765764,6,-3.995335129,-4.050757459,1.508257084
1734523542.188765764,7,-4.000308517,3.954610347,1.509226267
1734523542.188765764,8,3.999182489,-4.049516035,1.508307059
1734523542.188765764,9,-8.011873407,-0.048777001,1.509586513
1734523542.248765707,0,0.005445782,-0.044383642,1.503809037
1734523542.248765707,1,4.035664539,-0.043950039,1.503743054
1734523542.248765707,2,-0.000052331,4.008392553,1.509387825
1734523542.248765707,3,-0.001179097,-4.092945913,1.509383778
1734523542.248765707,4,-4.010834141,-0.055369202,1.509550376
1734523542.248765707,5,3.999819709,3.958511294,1.509374393
1734523542.248765707,6,-3.994452204,-4.051874844,1.508382997
1734523542.248765707,7,-4.000308517,3.954610347,1.509226267
1734523542.248765707,8,3.999182489,-4.049516035,1.508307059
1734523542.248765707,9,-8.011873407,-0.048777001,1.509586513
1734523542.318765879,0,0.005445782,-0.044383642,1.503809037
1734523542.318765879,1,4.035664539,-0.043950039,1.503743054
1734523542.318765879,2,-0.000052331,4.008392553,1.509387825
1734523542.318765879,3,-0.001179097,-4.092945913,1.509383778
1734523542.318765879,4,-4.010834141,-0.055369202,1.509550376
1734523542.318765879,5,3.999819709,3.958511294,1.509374393
1734523542.318765879,6,-3.994452204,-4.051874844,1.508382997
1734523542.318765879,7,-4.000308517,3.954610347,1.509226267
1734523542.318765879,8,3.999118082,-4.050343614,1.508501225
1734523542.318765879,9,-8.011873407,-0.048777001,1.509586513
1734523542.378765821,0,0.006801666,-0.044518954,1.503822411
1734523542.378765821,1,4.045937808,-0.044033540,1.503747017
1734523542.378765821,2,0.000280585,4.021822918,1.509574836
1734523542.378765821,3,-0.000249568,-4.108321064,1.509547216
1734523542.378765821,4,-4.013447074,-0.058123290,1.509600096
1734523542.378765821,5,3.999797205,3.961063633,1.509489265
1734523542.378765821,6,-3.993296073,-4.053401827,1.508462458
1734523542.378765821,7,-4.000315423,3.955472658,1.509281565
1734523542.378765821,8,3.999046277,-4.051105012,1.508625561
1734523542.378765821,9,-8.014765970,-0.049917311,1.509668341
1734523542.438765764,0,0.006801666,-0.044518954,1.503822411
1734523542.438765764,1,4.045937808,-0.044033540,1.503747017
1734523542.438765764,2,0.000280585,4.021822918,1.509574836
1734523542.438765764,3,-0.000249568,-4.108321064,1.509547216
1734523542.438765764,4,-4.013447074,-0.058123290,1.509600096
1734523542.438765764,5,3.999797205,3.961063633,1.509489265
1734523542.438765764,6,-3.993296073,-4.053401827,1.508462458
1734523542.438765764,7,-4.000315423,3.955472658,1.509281565
1734523542.438765764,8,3.999046277,-4.051105012,1.508625561
1734523542.438765764,9,-8.014765970,-0.049917311,1.509668341
1734523542.508765697,0,0.006801666,-0.044518954,1.503822411
1734523542.508765697,1,4.045937808,-0.044033540,1.503747017
1734523542.508765697,2,0.000280585,4.021822918,1.509574836
1734523542.508765697,3,-0.000249568,-4.108321064,1.509547216
1734523542.508765697,4,-4.013447074,-0.058123290,1.509600096
1734523542.508765697,5,3.999797205,3.961063633,1.509489265
1734523542.508765697,6,-3.993296073,-4.053401827,1.508462458
1734523542.508765697,7,-4.000315423,3.955472658,1.509281565
1734523542.508765697,8,3.999046277,-4.051105012,1.508625561
1734523542.508765697,9,-8.014765970,-0.049917311,1.509668341
1734523542.568765879,0,0.006801666,-0.044518954,1.503822411
1734523542.568765879,1,4.045937808,-0.044033540,1.503747017
1734523542.568765879,2,0.000280585,4.021822918,1.509574836
1734523542.568765879,3,-0.000249568,-4.108321064,1.509547216
1734523542.568765879,4,-4.013447074,-0.058123290,1.509600096
1734523542.568765879,5,3.999797205,3.961063633,1.509489265
1734523542.568765879,6,-3.993296073,-4.053401827,1.508462458
1734523542.568765879,7,-4.000315423,3.955472658,1.509281565
1734523542.568765879,8,3.999046277,-4.051105012,1.508625561
1734523542.568765879,9,-8.014765970,-0.049917311,1.509668341
1734523542.628765821,0,0.006801666,-0.044518954,1.503822411
1734523542.628765821,1,4.045937808,-0.044033540,1.503747017
1734523542.628765821,2,0.000280585,4.021822918,1.509574836
1734523542.628765821,3,-0.000249568,-4.108321064,1.509547216
1734523542.628765821,4,-4.013447074,-0.058123290,1.509600096
1734523542.628765821,5,3.999797205,3.961063633,1.509489265
1734523542.628765821,6,-3.993296073,-4.053401827,1.508462458
1734523542.628765821,7,-4.000315423,3.955472658,1.509281565
1734523542.628765821,8,3.999046277,-4.051105012,1.508625561
1734523542.628765821,9,-8.014765970,-0.049917311,1.509668341
1734523542.698765755,0,0.006801666,-0.044518954,1.503822411
1734523542.698765755,1,4.045937808,-0.044033540,1.503747017
1734523542.698765755,2,0.000280585,4.021822918,1.509574836
1734523542.698765755,3,-0.000249568,-4.108321064,1.509547216
1734523542.698765755,4,-4.013447074,-0.058123290,1.509600096
1734523542.698765755,5,3.999797205,3.961063633,1.509489265
1734523542.698765755,6,-3.993296073,-4.053401827,1.508462458
1734523542.698765755,7,-4.000315423,3.955472658,1.509281565
1734523542.698765755,8,3.999046277,-4.051105012,1.508625561
1734523542.698765755,9,-8.014765970,-0.049917311,1.509668341
1734523542.758765697,0,0.006801666,-0.044518954,1.503822411
1734523542.758765697,1,4.045937808,-0.044033540,1.503747017
1734523542.758765697,2,0.000280585,4.021822918,1.509574836
1734523542.758765697,3,-0.000249568,-4.108321064,1.509547216
1734523542.758765697,4,-4.013447074,-0.058123290,1.509600096
1734523542.758765697,5,3.999797205,3.961063633,1.509489265
1734523542.758765697,6,-3.993296073,-4.053401827,1.508462458
1734523542.758765697,7,-4.000315423,3.955472658,1.509281565
1734523542.758765697,8,3.999046277,-4.051105012,1.508625561
1734523542.758765697,9,-8.014765970,-0.049917311,1.509668341
1734523542.818765879,0,0.006801666,-0.044518954,1.503822411
1734523542.818765879,1,4.045937808,-0.044033540,1.503747017
1734523542.818765879,2,0.000280585,4.021822918,1.509574836
1734523542.818765879,3,-0.000249568,-4.108321064,1.509547216
1734523542.818765879,4,-4.013447074,-0.058123290,1.509600096
1734523542.818765879,5,3.999797205,3.961063633,1.509489265
1734523542.818765879,6,-3.992452767,-4.054512742,1.508469927
1734523542.818765879,7,-4.000321152,3.956562760,1.509281560
1734523542.818765879,8,3.998958573,-4.051779695,1.508682710
1734523542.818765879,9,-8.014765970,-0.049917311,1.509668341
1734523542.888765812,0,0.006801666,-0.044518954,1.503822411
1734523542.888765812,1,4.045937808,-0.044033540,1.503747017
1734523542.888765812,2,0.000280585,4.021822918,1.509574836
1734523542.888765812,3,-0.000249568,-4.108321064,1.509547216
1734523542.888765812,4,-4.013447074,-0.058123290,1.509600096
1734523542.888765812,5,3.999797205,3.961063633,1.509489265
1734523542.888765812,6,-3.992452767,-4.054512742,1.508469927
1734523542.888765812,7,-4.000321152,3.956562760,1.509281560
1734523542.888765812,8,3.998958573,-4.051779695,1.508682710
1734523542.888765812,9,-8.018170465,-0.051272597,1.509684614
1734523542.948765755,0,0.006801666,-0.044518954,1.503822411
1734523542.948765755,1,4.045937808,-0.044033540,1.503747017
1734523542.948765755,2,0.000280585,4.021822918,1.509574836
1734523542.948765755,3,-0.000249568,-4.108321064,1.509547216
1734523542.948765755,4,-4.013447074,-0.058123290,1.509600096
1734523542.948765755,5,3.999797205,3.961063633,1.509489265
1734523542.948765755,6,-3.992452767,-4.054512742,1.508469927
1734523542.948765755,7,-4.000321152,3.956562760,1.509281560
1734523542.948765755,8,3.998958573,-4.051779695,1.508682710
1734523542.948765755,9,-8.018170465,-0.051272597,1.509684614
1734523543.018765688,0,0.008527348,-0.044458646,1.503835934
1734523543.018765688,1,4.056543012,-0.043573580,1.503748873
1734523543.018765688,2,0.000786929,4.039681239,1.509486904
1734523543.018765688,3,-0.001505168,-4.126773648,1.509457286
1734523543.018765688,4,-4.015068481,-0.059834047,1.509545601
1734523543.018765688,5,3.999976196,3.962500005,1.509572122
1734523543.018765688,6,-3.991323112,-4.056000597,1.508432719
1734523543.018765688,7,-4.000324798,3.957896044,1.509232453
1734523543.018765688,8,3.998868214,-4.052647780,1.508682850
1734523543.018765688,9,-8.022112551,-0.052854363,1.509644545
1734523543.078765869,0,0.008527348,-0.044458646,1.503835934
1734523543.078765869,1,4.056543012,-0.043573580,1.503748873
1734523543.078765869,2,0.000786929,4.039681239,1.509486904
1734523543.078765869,3,-0.001505168,-4.126773648,1.509457286
1734523543.078765869,4,-4.015068481,-0.059834047,1.509545601
1734523543.078765869,5,3.999958188,3.964616175,1.509719777
1734523543.078765869,6,-3.991323112,-4.056000597,1.508432719
1734523543.078765869,7,-4.000324798,3.957896044,1.509232453
1734523543.078765869,8,3.998868214,-4.052647780,1.508682850
1734523543.078765869,9,-8.022112551,-0.052854363,1.509644545
1734523543.138765812,0,0.008527348,-0.044458646,1.503835934
1734523543.138765812,1,4.056543012,-0.043573580,1.503748873
1734523543.138765812,2,0.000786929,4.039681239,1.509486904
1734523543.138765812,3,-0.001505168,-4.126773648,1.509457286
1734523543.138765812,4,-4.015068481,-0.059834047,1.509545601
1734523543.138765812,5,3.999958188,3.964616175,1.509719777
1734523543.138765812,6,-3.991323112,-4.056000597,1.508432719
1734523543.138765812,7,-4.000324798,3.957896044,1.509232453
1734523543.138765812,8,3.998868214,-4.052647780,1.508682850
1734523543.138765812,9,-8.022112551,-0.052854363,1.509644545
1734523543.208765745,0,0.008527348,-0.044458646,1.503835934
1734523543.208765745,1,4.056543012,-0.043573580,1.503748873
1734523543.208765745,2,0.000786929,4.039681239,1.509486904
1734523543.208765745,3,-0.001505168,-4.126773648,1.509457286
1734523543.208765745,4,-4.015068481,-0.059834047,1.509545601
1734523543.208765745,5,3.999958188,3.964616175,1.509719777
1734523543.208765745,6,-3.991323112,-4.056000597,1.508432719
1734523543.208765745,7,-4.000324798,3.957896044,1.509232453
1734523543.208765745,8,3.998868214,-4.052647780,1.508682850
1734523543.208765745,9,-8.022112551,-0.052854363,1.509644545
1734523543.278765678,0,0.008527348,-0.044458646,1.503835934
1734523543.278765678,1,4.056543012,-0.043573580,1.503748873
1734523543.278765678,2,0.000786929,4.039681239,1.509486904
1734523543.278765678,3,-0.001505168,-4.126773648,1.509457286
1734523543.278765678,4,-4.015068481,-0.059834047,1.509545601
1734523543.278765678,5,3.999958188,3.964616175,1.509719777
1734523543.278765678,6,-3.991323112,-4.056000597,1.508432719
1734523543.278765678,7,-4.000324798,3.957896044,1.509232453
1734523543.278765678,8,3.998868214,-4.052647780,1.508682850
1734523543.278765678,9,-8.022112551,-0.052854363,1.509644545
1734523543.338765860,0,0.008527348,-0.044458646,1.503835934
1734523543.338765860,1,4.056543012,-0.043573580,1.503748873
1734523543.338765860,2,0.000786929,4.039681239,1.509486904
1734523543.338765860,3,-0.001505168,-4.126773648,1.509457286
1734523543.338765860,4,-4.015068481,-0.059834047,1.509545601
1734523543.338765860,5,3.999958188,3.964616175,1.509719777
1734523543.338765860,6,-3.991323112,-4.056000597,1.508432719
1734523543.338765860,7,-4.000324798,3.957896044,1.509232453
1734523543.338765860,8,3.998868214,-4.052647780,1.508682850
1734523543.338765860,9,-8.022112551,-0.052854363,1.509644545
1734523543.398765802,0,0.008527348,-0.044458646,1.503835934
1734523543.398765802,1,4.056543012,-0.043573580,1.503748873
1734523543.398765802,2,0.000786929,4.039681239,1.509486904
1734523543.398765802,3,-0.001505168,-4.126773648,1.509457286
1734523543.398765802,4,-4.015068481,-0.059834047,1.509545601
1734523543.398765802,5,3.999958188,3.964616175,1.509719777
1734523543.398765802,6,-3.991323112,-4.056000597,1.508432719
1734523543.398765802,7,-4.000324798,3.957896044,1.509232453
1734523543.398765802,8,3.998868214,-4.052647780,1.508682850
1734523543.398765802,9,-8.022112551,-0.052854363,1.509644545
1734523543.468765736,0,0.008527348,-0.044458646,1.503835934
1734523543.468765736,1,4.056543012,-0.043573580,1.503748873
1734523543.468765736,2,0.000786929,4.039681239,1.509486904
1734523543.468765736,3,-0.001505168,-4.126773648,1.509457286
1734523543.468765736,4,-4.015068481,-0.059834047,1.509545601
1734523543.468765736,5,3.999958188,3.964616175,1.509719777
1734523543.468765736,6,-3.991323112,-4.056000597,1.508432719
1734523543.468765736,7,-4.000324798,3.957896044,1.509232453
1734523543.468765736,8,3.998868214,-4.052647780,1.508682850
1734523543.468765736,9,-8.022112551,-0.052854363,1.509644545
1734523543.528765678,0,0.008527348,-0.044458646,1.503835934
1734523543.528765678,1,4.056543012,-0.043573580,1.503748873
1734523543.528765678,2,0.000786929,4.039681239,1.509486904
1734523543.528765678,3,-0.001505168,-4.126773648,1.509457286
1734523543.528765678,4,-4.015068481,-0.059834047,1.509545601
1734523543.528765678,5,3.999958188,3.964616175,1.509719777
1734523543.528765678,6,-3.991323112,-4.056000597,1.508432719
1734523543.528765678,7,-4.000324798,3.957896044,1.509232453
1734523543.528765678,8,3.998868214,-4.052647780,1.508682850
1734523543.528765678,9,-8.022112551,-0.052854363,1.509644545
1734523543.588765860,0,0.008527348,-0.044458646,1.503835934
1734523543.588765860,1,4.056543012,-0.043573580,1.503748873
1734523543.588765860,2,0.000786929,4.039681239,1.509486904
1734523543.588765860,3,-0.001505168,-4.126773648,1.509457286
1734523543.588765860,4,-4.015068481,-0.059834047,1.509545601
1734523543.588765860,5,3.999958188,3.964616175,1.509719777
1734523543.588765860,6,-3.991323112,-4.056000597,1.508432719
1734523543.588765860,7,-4.000324798,3.957896044,1.509232453
1734523543.588765860,8,3.998868214,-4.052647780,1.508682850
1734523543.588765860,9,-8.022112551,-0.052854363,1.509644545
1734523543.648765802,0,0.010317600,-0.044515821,1.503849655
1734523543.648765802,1,4.069826217,-0.043618338,1.503751240
1734523543.648765802,2,0.001098218,4.056852784,1.509161433
1734523543.648765802,3,-0.001452977,-4.146192816,1.509175026
1734523543.648765802,4,-4.018924375,-0.063926571,1.509254828
1734523543.648765802,5,4.000028305,3.968899565,1.510217271
1734523543.648765802,6,-3.988843516,-4.059282237,1.508226193
1734523543.648765802,7,-4.000322532,3.961336399,1.509098527
1734523543.648765802,8,3.998688166,-4.054715711,1.508522922
1734523543.648765802,9,-8.031662085,-0.056727148,1.509415100
1734523543.718765736,0,0.010317600,-0.044515821,1.503849655
1734523543.718765736,1,4.069826217,-0.043618338,1.503751240
1734523543.718765736,2,0.001098218,4.056852784,1.509161433
1734523543.718765736,3,-0.001452977,-4.146192816,1.509175026
1734523543.718765736,4,-4.018924375,-0.063926571,1.509254828
1734523543.718765736,5,4.000028305,3.968899565,1.510217271
1734523543.718765736,6,-3.988843516,-4.059282237,1.508226193
1734523543.718765736,7,-4.000316671,3.963458252,1.509069697
1734523543.718765736,8,3.998688166,-4.054715711,1.508522922
1734523543.718765736,9,-8.037257812,-0.059019813,1.509078697
1734523543.778765678,0,0.010317600,-0.044515821,1.503849655
1734523543.778765678,1,4.069826217,-0.043618338,1.503751240
1734523543.778765678,2,0.001098218,4.056852784,1.509161433
1734523543.778765678,3,-0.001452977,-4.146192816,1.509175026
1734523543.778765678,4,-4.020759731,-0.065861977,1.509064561
1734523543.778765678,5,4.000028305,3.968899565,1.510217271
1734523543.778765678,6,-3.988843516,-4.059282237,1.508226193
1734523543.778765678,7,-4.000316671,3.963458252,1.509069697
1734523543.778765678,8,3.998688166,-4.054715711,1.508522922
1734523543.778765678,9,-8.037257812,-0.059019813,1.509078697
1734523543.838765860,0,0.010317600,-0.044515821,1.503849655
1734523543.838765860,1,4.069826217,-0.043618338,1.503751240
1734523543.838765860,2,0.001098218,4.056852784,1.509161433
1734523543.838765860,3,-0.001452977,-4.146192816,1.509175026
1734523543.838765860,4,-4.020759731,-0.065861977,1.509064561
1734523543.838765860,5,4.000028305,3.968899565,1.510217271
1734523543.838765860,6,-3.988843516,-4.059282237,1.508226193
1734523543.838765860,7,-4.000316671,3.963458252,1.509069697
1734523543.838765860,8,3.998688166,-4.054715711,1.508522922
1734523543.838765860,9,-8.037257812,-0.059019813,1.509078697
1734523543.898765802,0,0.010317600,-0.044515821,1.503849655
1734523543.898765802,1,4.069826217,-0.043618338,1.503751240
1734523543.898765802,2,0.001098218,4.056852784,1.509161433
1734523543.898765802,3,-0.001452977,-4.146192816,1.509175026
1734523543.898765802,4,-4.020759731,-0.065861977,1.509064561
1734523543.898765802,5,4.000028305,3.968899565,1.510217271
1734523543.898765802,6,-3.988843516,-4.059282237,1.508226193
1734523543.898765802,7,-4.000316671,3.963458252,1.509069697
1734523543.898765802,8,3.998688166,-4.054715711,1.508522922
1734523543.898765802,9,-8.037257812,-0.059019813,1.509078697
1734523543.968765736,0,0.010317600,-0.044515821,1.503849655
1734523543.968765736,1,4.069826217,-0.043618338,1.503751240
1734523543.968765736,2,0.001098218,4.056852784,1.509161433
1734523543.968765736,3,-0.001452977,-4.146192816,1.509175026
1734523543.968765736,4,-4.020759731,-0.065861977,1.509064561
1734523543.968765736,5,4.000028305,3.968899565,1.510217271
1734523543.968765736,6,-3.988843516,-4.059282237,1.508226193
1734523543.968765736,7,-4.000316671,3.963458252,1.509069697
1734523543.968765736,8,3.998688166,-4.054715711,1.508522922
1734523543.968765736,9,-8.037257812,-0.059019813,1.509078697
1734523544.038765669,0,0.010317600,-0.044515821,1.503849655
1734523544.038765669,1,4.069826217,-0.043618338,1.503751240
1734523544.038765669,2,0.001098218,4.056852784,1.509161433
1734523544.038765669,3,-0.001452977,-4.146192816,1.509175026
1734523544.038765669,4,-4.020759731,-0.065861977,1.509064561
1734523544.038765669,5,4.000028305,3.968899565,1.510217271
1734523544.038765669,6,-3.988843516,-4.059282237,1.508226193
1734523544.038765669,7,-4.000316671,3.963458252,1.509069697
1734523544.038765669,8,3.998688166,-4.054715711,1.508522922
1734523544.038765669,9,-8.037257812,-0.059019813,1.509078697
1734523544.098765850,0,0.010317600,-0.044515821,1.503849655
1734523544.098765850,1,4.069826217,-0.043618338,1.503751240
1734523544.098765850,2,0.001098218,4.056852784,1.509161433
1734523544.098765850,3,-0.001452977,-4.146192816,1.509175026
1734523544.098765850,4,-4.020759731,-0.065861977,1.509064561
1734523544.098765850,5,4.000028305,3.968899565,1.510217271
1734523544.098765850,6,-3.988843516,-4.059282237,1.508226193
1734523544.098765850,7,-4.000316671,3.963458252,1.509069697
1734523544.098765850,8,3.998688166,-4.054715711,1.508522922
1734523544.098765850,9,-8.037257812,-0.059019813,1.509078697
1734523544.168765783,0,0.010317600,-0.044515821,1.503849655
1734523544.168765783,1,4.069826217,-0.043618338,1.503751240
1734523544.168765783,2,0.001098218,4.056852784,1.509161433
1734523544.168765783,3,-0.001452977,-4.146192816,1.509175026
1734523544.168765783,4,-4.020759731,-0.065861977,1.509064561
1734523544.168765783,5,4.000028305,3.968899565,1.510217271
1734523544.168765783,6,-3.988843516,-4.059282237,1.508226193
1734523544.168765783,7,-4.000316671,3.963458252,1.509069697
1734523544.168765783,8,3.998688166,-4.054715711,1.508522922
1734523544.168765783,9,-8.037257812,-0.059019813,1.509078697
1734523544.228765726,0,0.010317600,-0.044515821,1.503849655
1734523544.228765726,1,4.069826217,-0.043618338,1.503751240
1734523544.228765726,2,0.001098218,4.056852784,1.509161433
1734523544.228765726,3,-0.001452977,-4.146192816,1.509175026
1734523544.228765726,4,-4.020759731,-0.065861977,1.509064561
1734523544.228765726,5,4.000028305,3.968899565,1.510217271
1734523544.228765726,6,-3.988843516,-4.059282237,1.508226193
1734523544.228765726,7,-4.000316671,3.963458252,1.509069697
1734523544.228765726,8,3.998688166,-4.054715711,1.508522922
1734523544.228765726,9,-8.037257812,-0.059019813,1.509078697
1734523544.288765669,0,0.012291265,-0.044540054,1.503862169
1734523544.288765669,1,4.081419408,-0.043657738,1.503752437
1734523544.288765669,2,0.001405969,4.073065064,1.508760480
1734523544.288765669,3,-0.001776647,-4.167207600,1.508803208
1734523544.288765669,4,-4.024238006,-0.069562260,1.508656920
1734523544.288765669,5,4.000193063,3.973537787,1.511067697
1734523544.288765669,6,-3.986051309,-4.062871300,1.507892228
1734523544.288765669,7,-4.000308463,3.965855361,1.509105736
1734523544.288765669,8,3.998484196,-4.056687861,1.508206532
1734523544.288765669,9,-8.043373463,-0.061541346,1.509071377
1734523544.348765850,0,0.012291265,-0.044540054,1.503862169
1734523544.348765850,1,4.081419408,-0.043657738,1.503752437
1734523544.348765850,2,0.001405969,4.073065064,1.508760480
1734523544.348765850,3,-0.001776647,-4.167207600,1.508803208
1734523544.348765850,4,-4.024238006,-0.069562260,1.508656920
1734523544.348765850,5,4.000193063,3.973537787,1.511067697
1734523544.348765850,6,-3.986051309,-4.062871300,1.507892228
1734523544.348765850,7,-4.000308463,3.965855361,1.509105736
1734523544.348765850,8,3.998484196,-4.056687861,1.508206532
1734523544.348765850,9,-8.043373463,-0.061541346,1.509071377
1734523544.418765783,0,0.012291265,-0.044540054,1.503862169
1734523544.418765783,1,4.081419408,-0.043657738,1.503752437
1734523544.418765783,2,0.001405969,4.073065064,1.508760480
1734523544.418765783,3,-0.001776647,-4.167207600,1.508803208
1734523544.418765783,4,-4.024238006,-0.069562260,1.508656920
1734523544.418765783,5,4.000193063,3.973537787,1.511067697
1734523544.418765783,6,-3.986051309,-4.062871300,1.507892228
1734523544.418765783,7,-4.000308463,3.965855361,1.509105736
1734523544.418765783,8,3.998484196,-4.056687861,1.508206532
1734523544.418765783,9,-8.043373463,-0.061541346,1.509071377
1734523544.478765726,0,0.012291265,-0.044540054,1.503862169
1734523544.478765726,1,4.081419408,-0.043657738,1.503752437
1734523544.478765726,2,0.001405969,4.073065064,1.508760480
1734523544.478765726,3,-0.001776647,-4.167207600,1.508803208
1734523544.478765726,4,-4.024238006,-0.069562260,1.508656920
1734523544.478765726,5,4.000193063,3.973537787,1.511067697
1734523544.478765726,6,-3.986051309,-4.062871300,1.507892228
1734523544.478765726,7,-4.000308463,3.965855361,1.509105736
1734523544.478765726,8,3.998484196,-4.056687861,1.508206532
1734523544.478765726,9,-8.043373463,-0.061541346,1.509071377
1734523544.538765669,0,0.012291265,-0.044540054,1.503862169
1734523544.538765669,1,4.081419408,-0.043657738,1.503752437
1734523544.538765669,2,0.001405969,4.073065064,1.508760480
1734523544.538765669,3,-0.001776647,-4.167207600,1.508803208
1734523544.538765669,4,-4.024238006,-0.069562260,1.508656920
1734523544.538765669,5,4.000193063,3.973537787,1.511067697
1734523544.538765669,6,-3.986051309,-4.062871300,1.507892228
1734523544.538765669,7,-4.000308463,3.965855361,1.509105736
1734523544.538765669,8,3.998484196,-4.056687861,1.508206532
1734523544.538765669,9,-8.043373463,-0.061541346,1.509071377
1734523544.598765850,0,0.012291265,-0.044540054,1.503862169
1734523544.598765850,1,4.081419408,-0.043657738,1.503752437
1734523544.598765850,2,0.001405969,4.073065064,1.508760480
1734523544.598765850,3,-0.001776647,-4.167207600,1.508803208
1734523544.598765850,4,-4.024238006,-0.069562260,1.508656920
1734523544.598765850,5,4.000193063,3.973537787,1.511067697
1734523544.598765850,6,-3.986051309,-4.062871300,1.507892228
1734523544.598765850,7,-4.000308463,3.965855361,1.509105736
1734523544.598765850,8,3.998484196,-4.056687861,1.508206532
1734523544.598765850,9,-8.043373463,-0.061541346,1.509071377
1734523544.658765793,0,0.012291265,-0.044540054,1.503862169
1734523544.658765793,1,4.081419408,-0.043657738,1.503752437
1734523544.658765793,2,0.001405969,4.073065064,1.508760480
1734523544.658765793,3,-0.001776647,-4.167207600,1.508803208
1734523544.658765793,4,-4.024238006,-0.069562260,1.508656920
1734523544.658765793,5,4.000193063,3.973537787,1.511067697
1734523544.658765793,6,-3.986051309,-4.062871300,1.507892228
1734523544.658765793,7,-4.000308463,3.965855361,1.509105736
1734523544.658765793,8,3.998484196,-4.056687861,1.508206532
1734523544.658765793,9,-8.043373463,-0.061541346,1.509071377
1734523544.728765726,0,0.012291265,-0.044540054,1.503862169
1734523544.728765726,1,4.081419408,-0.043657738,1.503752437
1734523544.728765726,2,0.001405969,4.073065064,1.508760480
1734523544.728765726,3,-0.001776647,-4.167207600,1.508803208
1734523544.728765726,4,-4.024238006,-0.069562260,1.508656920
1734523544.728765726,5,4.000193063,3.973537787,1.511067697
1734523544.728765726,6,-3.986051309,-4.062871300,1.507892228
1734523544.728765726,7,-4.000308463,3.965855361,1.509105736
1734523544.728765726,8,3.998484196,-4.056687861,1.508206532
1734523544.728765726,9,-8.043373463,-0.061541346,1.509071377
1734523544.788765669,0,0.012291265,-0.044540054,1.503862169
1734523544.788765669,1,4.081419408,-0.043657738,1.503752437
1734523544.788765669,2,0.001405969,4.073065064,1.508760480
1734523544.788765669,3,-0.001776647,-4.167207600,1.508803208
1734523544.788765669,4,-4.024238006,-0.069562260,1.508656920
1734523544.788765669,5,4.000193063,3.973537787,1.511067697
1734523544.788765669,6,-3.986051309,-4.062871300,1.507892228
1734523544.788765669,7,-4.000308463,3.965855361,1.509105736
1734523544.788765669,8,3.998484196,-4.056687861,1.508206532
1734523544.788765669,9,-8.043373463,-0.061541346,1.509071377
1734523544.848765850,0,0.012291265,-0.044540054,1.503862169
1734523544.848765850,1,4.081419408,-0.043657738,1.503752437
1734523544.848765850,2,0.001405969,4.073065064,1.508760480
1734523544.848765850,3,-0.001776647,-4.167207600,1.508803208
1734523544.848765850,4,-4.024238006,-0.069562260,1.508656920
1734523544.848765850,5,4.000193063,3.973537787,1.511067697
1734523544.848765850,6,-3.986051309,-4.062871300,1.507892228
1734523544.848765850,7,-4.000298893,3.968532438,1.509268123
1734523544.848765850,8,3.998484196,-4.056687861,1.508206532
1734523544.848765850,9,-8.049981788,-0.064280141,1.508789668
1734523544.918765783,0,0.014427479,-0.044642818,1.503877690
1734523544.918765783,1,4.096645862,-0.043445004,1.503756066
1734523544.918765783,2,0.001952218,4.093856844,1.508220036
1734523544.918765783,3,-0.001269658,-4.189412129,1.508244251
1734523544.918765783,4,-4.026437523,-0.071894980,1.508396148
1734523544.918765783,5,4.000179737,3.980100823,1.512565461
1734523544.918765783,6,-3.983046397,-4.066764048,1.507479792
1734523544.918765783,7,-4.000278834,3.974734594,1.509883492
1734523544.918765783,8,3.998234025,-4.059232556,1.507773614
1734523544.918765783,9,-8.064555103,-0.070354606,1.508245199
1734523544.978765726,0,0.014427479,-0.044642818,1.503877690
1734523544.978765726,1,4.096645862,-0.043445004,1.503756066
1734523544.978765726,2,0.001952218,4.093856844,1.508220036
1734523544.978765726,3,-0.001269658,-4.189412129,1.508244251
1734523544.978765726,4,-4.026437523,-0.071894980,1.508396148
1734523544.978765726,5,4.000179737,3.980100823,1.512565461
1734523544.978765726,6,-3.983046397,-4.066764048,1.507479792
1734523544.978765726,7,-4.000278834,3.974734594,1.509883492
1734523544.978765726,8,3.998234025,-4.059232556,1.507773614
1734523544.978765726,9,-8.064555103,-0.070354606,1.508245199
1734523545.038765669,0,0.014427479,-0.044642818,1.503877690
1734523545.038765669,1,4.096645862,-0.043445004,1.503756066
1734523545.038765669,2,0.001952218,4.093856844,1.508220036
1734523545.038765669,3,-0.001269658,-4.189412129,1.508244251
1734523545.038765669,4,-4.028853034,-0.074478610,1.508059104
1734523545.038765669,5,4.000179737,3.980100823,1.512565461
1734523545.038765669,6,-3.983046397,-4.066764048,1.507479792
1734523545.038765669,7,-4.000278834,3.974734594,1.509883492
1734523545.038765669,8,3.998234025,-4.059232556,1.507773614
1734523545.038765669,9,-8.064555103,-0.070354606,1.508245199
1734523545.108765841,0,0.014427479,-0.044642818,1.503877690
1734523545.108765841,1,4.096645862,-0.043445004,1.503756066
1734523545.108765841,2,0.001952218,4.093856844,1.508220036
1734523545.108765841,3,-0.001269658,-4.189412129,1.508244251
1734523545.108765841,4,-4.028853034,-0.074478610,1.508059104
1734523545.108765841,5,4.000179737,3.980100823,1.512565461
1734523545.108765841,6,-3.983046397,-4.066764048,1.507479792
1734523545.108765841,7,-4.000278834,3.974734594,1.509883492
1734523545.108765841,8,3.998234025,-4.059232556,1.507773614
1734523545.108765841,9,-8.064555103,-0.070354606,1.508245199
1734523545.168765783,0,0.014427479,-0.044642818,1.503877690
1734523545.168765783,1,4.096645862,-0.043445004,1.503756066
1734523545.168765783,2,0.001952218,4.093856844,1.508220036
1734523545.168765783,3,-0.001269658,-4.189412129,1.508244251
1734523545.168765783,4,-4.028853034,-0.074478610,1.508059104
1734523545.168765783,5,4.000179737,3.980100823,1.512565461
1734523545.168765783,6,-3.983046397,-4.066764048,1.507479792
1734523545.168765783,7,-4.000278834,3.974734594,1.509883492
1734523545.168765783,8,3.998234025,-4.059232556,1.507773614
1734523545.168765783,9,-8.064555103,-0.070354606,1.508245199
1734523545.228765726,0,0.014427479,-0.044642818,1.503877690
1734523545.228765726,1,4.096645862,-0.043445004,1.503756066
1734523545.228765726,2,0.001952218,4.093856844,1.508220036
1734523545.228765726,3,-0.001269658,-4.189412129,1.508244251
1734523545.228765726,4,-4.028853034,-0.074478610,1.508059104
1734523545.228765726,5,4.000179737,3.980100823,1.512565461
1734523545.228765726,6,-3.983046397,-4.066764048,1.507479792
1734523545.228765726,7,-4.000278834,3.974734594,1.509883492
1734523545.228765726,8,3.998234025,-4.059232556,1.507773614
1734523545.228765726,9,-8.064555103,-0.070354606,1.508245199
1734523545.298765659,0,0.014427479,-0.044642818,1.503877690
1734523545.298765659,1,4.096645862,-0.043445004,1.503756066
1734523545.298765659,2,0.001952218,4.093856844,1.508220036
1734523545.298765659,3,-0.001269658,-4.189412129,1.508244251
1734523545.298765659,4,-4.028853034,-0.074478610,1.508059104
1734523545.298765659,5,4.000179737,3.980100823,1.512565461
1734523545.298765659,6,-3.983046397,-4.066764048,1.507479792
1734523545.298765659,7,-4.000278834,3.974734594,1.509883492
1734523545.298765659,8,3.998234025,-4.059232556,1.507773614
1734523545.298765659,9,-8.064555103,-0.070354606,1.508245199
1734523545.358765841,0,0.014427479,-0.044642818,1.503877690
1734523545.358765841,1,4.096645862,-0.043445004,1.503756066
1734523545.358765841,2,0.001952218,4.093856844,1.508220036
1734523545.358765841,3,-0.001269658,-4.189412129,1.508244251
1734523545.358765841,4,-4.028853034,-0.074478610,1.508059104
1734523545.358765841,5,4.000179737,3.980100823,1.512565461
1734523545.358765841,6,-3.983046397,-4.066764048,1.507479792
1734523545.358765841,7,-4.000278834,3.974734594,1.509883492
1734523545.358765841,8,3.998234025,-4.059232556,1.507773614
1734523545.358765841,9,-8.064555103,-0.070354606,1.508245199
1734523545.418765783,0,0.014427479,-0.044642818,1.503877690
1734523545.418765783,1,4.096645862,-0.043445004,1.503756066
1734523545.418765783,2,0.001952218,4.093856844,1.508220036
1734523545.418765783,3,-0.001144854,-4.201000868,1.507962487
1734523545.418765783,4,-4.028853034,-0.074478610,1.508059104
1734523545.418765783,5,4.000179737,3.980100823,1.512565461
1734523545.418765783,6,-3.981481990,-4.068814932,1.507253824
1734523545.418765783,7,-4.000278834,3.974734594,1.509883492
1734523545.418765783,8,3.998113476,-4.060946308,1.507525254
1734523545.418765783,9,-8.064555103,-0.070354606,1.508245199
1734523545.478765726,0,0.014427479,-0.044642818,1.503877690
1734523545.478765726,1,4.096645862,-0.043445004,1.503756066
1734523545.478765726,2,0.001952218,4.093856844,1.508220036
1734523545.478765726,3,-0.001144854,-4.201000868,1.507962487
1734523545.478765726,4,-4.028853034,-0.074478610,1.508059104
1734523545.478765726,5,4.000179737,3.980100823,1.512565461
1734523545.478765726,6,-3.981481990,-4.068814932,1.507253824
1734523545.478765726,7,-4.000278834,3.974734594,1.509883492
1734523545.478765726,8,3.998113476,-4.060946308,1.507525254
1734523545.478765726,9,-8.064555103,-0.070354606,1.508245199
1734523545.548765659,0,0.016487337,-0.044844109,1.503892024
1734523545.548765659,1,4.110831103,-0.043628967,1.503758243
1734523545.548765659,2,0.001976767,4.111052522,1.507537416
1734523545.548765659,3,0.000195335,-4.210055776,1.507668340
1734523545.548765659,4,-4.032694885,-0.078589769,1.507526920
1734523545.548765659,5,4.000125414,3.986274911,1.514004995
1734523545.548765659,6,-3.979516445,-4.071325162,1.506975555
1734523545.548765659,7,-4.000270349,3.978260152,1.510357049
1734523545.548765659,8,3.997979363,-4.062555964,1.507259806
1734523545.548765659,9,-8.072461596,-0.073661894,1.507947523
1734523545.608765841,0,0.016487337,-0.044844109,1.503892024
1734523545.608765841,1,4.110831103,-0.043628967,1.503758243
1734523545.608765841,2,0.001976767,4.111052522,1.507537416
1734523545.608765841,3,0.000195335,-4.210055776,1.507668340
1734523545.608765841,4,-4.032694885,-0.078589769,1.507526920
1734523545.608765841,5,4.000125414,3.986274911,1.514004995
1734523545.608765841,6,-3.979516445,-4.071325162,1.506975555
1734523545.608765841,7,-4.000270349,3.978260152,1.510357049
1734523545.608765841,8,3.997979363,-4.062555964,1.507259806
1734523545.608765841,9,-8.072461596,-0.073661894,1.507947523
1734523545.668765783,0,0.016487337,-0.044844109,1.503892024
1734523545.668765783,1,4.110831103,-0.043628967,1.503758243
1734523545.668765783,2,0.001976767,4.111052522,1.507537416
1734523545.668765783,3,0.000195335,-4.210055776,1.507668340
1734523545.668765783,4,-4.032694885,-0.078589769,1.507526920
1734523545.668765783,5,4.000125414,3.986274911,1.514004995
1734523545.668765783,6,-3.979516445,-4.071325162,1.506975555
1734523545.668765783,7,-4.000270349,3.978260152,1.510357049
1734523545.668765783,8,3.997979363,-4.062555964,1.507259806
1734523545.668765783,9,-8.072461596,-0.073661894,1.507947523
1734523545.738765717,0,0.016487337,-0.044844109,1.503892024
1734523545.738765717,1,4.110831103,-0.043628967,1.503758243
1734523545.738765717,2,0.001976767,4.111052522,1.507537416
1734523545.738765717,3,0.000195335,-4.210055776,1.507668340
1734523545.738765717,4,-4.032694885,-0.078589769,1.507526920
1734523545.738765717,5,4.000125414,3.986274911,1.514004995
1734523545.738765717,6,-3.979516445,-4.071325162,1.506975555
1734523545.738765717,7,-4.000270349,3.978260152,1.510357049
1734523545.738765717,8,3.997979363,-4.062555964,1.507259806
1734523545.738765717,9,-8.072461596,-0.073661894,1.507947523
1734523545.798765659,0,0.016487337,-0.044844109,1.503892024
1734523545.798765659,1,4.110831103,-0.043628967,1.503758243
1734523545.798765659,2,0.001976767,4.111052522,1.507537416
1734523545.798765659,3,0.000195335,-4.210055776,1.507668340
1734523545.798765659,4,-4.032694885,-0.078589769,1.507526920
1734523545.798765659,5,4.000125414,3.986274911,1.514004995
1734523545.798765659,6,-3.979516445,-4.071325162,1.506975555
1734523545.798765659,7,-4.000270349,3.978260152,1.510357049
1734523545.798765659,8,3.997979363,-4.062555964,1.507259806
1734523545.798765659,9,-8.072461596,-0.073661894,1.507947523
1734523545.868765831,0,0.016487337,-0.044844109,1.503892024
1734523545.868765831,1,4.110831103,-0.043628967,1.503758243
1734523545.868765831,2,0.001976767,4.111052522,1.507537416
1734523545.868765831,3,0.000195335,-4.210055776,1.507668340
1734523545.868765831,4,-4.032694885,-0.078589769,1.507526920
1734523545.868765831,5,4.000125414,3.986274911,1.514004995
1734523545.868765831,6,-3.979516445,-4.071325162,1.506975555
1734523545.868765831,7,-4.000270349,3.978260152,1.510357049
1734523545.868765831,8,3.997979363,-4.062555964,1.507259806
1734523545.868765831,9,-8.072461596,-0.073661894,1.507947523
1734523545.928765774,0,0.016487337,-0.044844109,1.503892024
1734523545.928765774,1,4.110831103,-0.043628967,1.503758243
1734523545.928765774,2,0.001976767,4.111052522,1.507537416
1734523545.928765774,3,0.000195335,-4.210055776,1.507668340
1734523545.928765774,4,-4.032694885,-0.078589769,1.507526920
1734523545.928765774,5,4.000125414,3.986274911,1.514004995
1734523545.928765774,6,-3.979516445,-4.071325162,1.506975555
1734523545.928765774,7,-4.000270349,3.978260152,1.510357049
1734523545.928765774,8,3.997979363,-4.062555964,1.507259806
1734523545.928765774,9,-8.072461596,-0.073661894,1.507947523
1734523545.988765717,0,0.016487337,-0.044844109,1.503892024
1734523545.988765717,1,4.110831103,-0.043628967,1.503758243
1734523545.988765717,2,0.001976767,4.111052522,1.507537416
1734523545.988765717,3,0.000195335,-4.210055776,1.507668340
1734523545.988765717,4,-4.032694885,-0.078589769,1.507526920
1734523545.988765717,5,4.000125414,3.986274911,1.514004995
1734523545.988765717,6,-3.979516445,-4.071325162,1.506975555
1734523545.988765717,7,-4.000270349,3.978260152,1.510357049
1734523545.988765717,8,3.997979363,-4.062555964,1.507259806
1734523545.988765717,9,-8.072461596,-0.073661894,1.507947523
1734523546.048765659,0,0.016487337,-0.044844109,1.503892024
1734523546.048765659,1,4.110831103,-0.043628967,1.503758243
1734523546.048765659,2,0.001976767,4.111052522,1.507537416
1734523546.048765659,3,0.000195335,-4.210055776,1.507668340
1734523546.048765659,4,-4.032694885,-0.078589769,1.507526920
1734523546.048765659,5,4.000125414,3.986274911,1.514004995
1734523546.048765659,6,-3.979516445,-4.071325162,1.506975555
1734523546.048765659,7,-4.000270349,3.978260152,1.510357049
1734523546.048765659,8,3.997979363,-4.062555964,1.507259806
1734523546.048765659,9,-8.072461596,-0.073661894,1.507947523
1734523546.118765831,0,0.016487337,-0.044844109,1.503892024
1734523546.118765831,1,4.110831103,-0.043628967,1.503758243
1734523546.118765831,2,0.001976767,4.111052522,1.507537416
1734523546.118765831,3,0.000195335,-4.210055776,1.507668340
1734523546.118765831,4,-4.032694885,-0.078589769,1.507526920
1734523546.118765831,5,4.000125414,3.986274911,1.514004995
1734523546.118765831,6,-3.978166336,-4.073037287,1.506794548
1734523546.118765831,7,-4.000264397,3.982068707,1.510825671
1734523546.118765831,8,3.997801601,-4.064019259,1.506981221
1734523546.118765831,9,-8.080747624,-0.077131869,1.507702427
1734523546.178765774,0,0.019226594,-0.044802187,1.503906571
1734523546.178765774,1,4.124529408,-0.043353361,1.503762561
1734523546.178765774,2,0.002219296,4.121020400,1.507278366
1734523546.178765774,3,-0.000777665,-4.237620111,1.507063565
1734523546.178765774,4,-4.034989555,-0.081043697,1.507222463
1734523546.178765774,5,4.000371155,3.989314750,1.514891570
1734523546.178765774,6,-3.976454800,-4.075236820,1.506575792
1734523546.178765774,7,-4.000262173,3.986160767,1.511649835
1734523546.178765774,8,3.997614388,-4.065952610,1.506752652
1734523546.178765774,9,-8.089392546,-0.080753478,1.507322909
1734523546.238765717,0,0.019226594,-0.044802187,1.503906571
1734523546.238765717,1,4.124529408,-0.043353361,1.503762561
1734523546.238765717,2,0.002782944,4.133414969,1.506949969
1734523546.238765717,3,-0.000777665,-4.237620111,1.507063565
1734523546.238765717,4,-4.034989555,-0.081043697,1.507222463
1734523546.238765717,5,4.000316303,3.993649729,1.516008673
1734523546.238765717,6,-3.976454800,-4.075236820,1.506575792
1734523546.238765717,7,-4.000262173,3.986160767,1.511649835
1734523546.238765717,8,3.997614388,-4.065952610,1.506752652
1734523546.238765717,9,-8.089392546,-0.080753478,1.507322909
1734523546.308765650,0,0.019226594,-0.044802187,1.503906571
1734523546.308765650,1,4.124529408,-0.043353361,1.503762561
1734523546.308765650,2,0.002782944,4.133414969,1.506949969
1734523546.308765650,3,-0.000777665,-4.237620111,1.507063565
1734523546.308765650,4,-4.034989555,-0.081043697,1.507222463
1734523546.308765650,5,4.000316303,3.993649729,1.516008673
1734523546.308765650,6,-3.976454800,-4.075236820,1.506575792
1734523546.308765650,7,-4.000262173,3.986160767,1.511649835
1734523546.308765650,8,3.997614388,-4.065952610,1.506752652
1734523546.308765650,9,-8.089392546,-0.080753478,1.507322909
1734523546.368765831,0,0.019226594,-0.044802187,1.503906571
1734523546.368765831,1,4.124529408,-0.043353361,1.503762561
1734523546.368765831,2,0.002782944,4.133414969,1.506949969
1734523546.368765831,3,-0.000777665,-4.237620111,1.507063565
1734523546.368765831,4,-4.034989555,-0.081043697,1.507222463
1734523546.368765831,5,4.000316303,3.993649729,1.516008673
1734523546.368765831,6,-3.976454800,-4.075236820,1.506575792
1734523546.368765831,7,-4.000262173,3.986160767,1.511649835
1734523546.368765831,8,3.997614388,-4.065952610,1.506752652
1734523546.368765831,9,-8.089392546,-0.080753478,1.507322909
1734523546.428765774,0,0.019226594,-0.044802187,1.503906571
1734523546.428765774,1,4.124529408,-0.043353361,1.503762561
1734523546.428765774,2,0.002782944,4.133414969,1.506949969
1734523546.428765774,3,-0.000777665,-4.237620111,1.507063565
1734523546.428765774,4,-4.034989555,-0.081043697,1.507222463
1734523546.428765774,5,4.000316303,3.993649729,1.516008673
1734523546.428765774,6,-3.976454800,-4.075236820,1.506575792
1734523546.428765774,7,-4.000262173,3.986160767,1.511649835
1734523546.428765774,8,3.997614388,-4.065952610,1.506752652
1734523546.428765774,9,-8.089392546,-0.080753478,1.507322909
1734523546.488765717,0,0.019226594,-0.044802187,1.503906571
1734523546.488765717,1,4.124529408,-0.043353361,1.503762561
1734523546.488765717,2,0.002782944,4.133414969,1.506949969
1734523546.488765717,3,-0.000777665,-4.237620111,1.507063565
1734523546.488765717,4,-4.034989555,-0.081043697,1.507222463
1734523546.488765717,5,4.000316303,3.993649729,1.516008673
1734523546.488765717,6,-3.976454800,-4.075236820,1.506575792
1734523546.488765717,7,-4.000262173,3.986160767,1.511649835
1734523546.488765717,8,3.997614388,-4.065952610,1.506752652
1734523546.488765717,9,-8.089392546,-0.080753478,1.507322909
1734523546.558765650,0,0.019226594,-0.044802187,1.503906571
1734523546.558765650,1,4.124529408,-0.043353361,1.503762561
1734523546.558765650,2,0.002782944,4.133414969,1.506949969
1734523546.558765650,3,-0.000777665,-4.237620111,1.507063565
1734523546.558765650,4,-4.034989555,-0.081043697,1.507222463
1734523546.558765650,5,4.000316303,3.993649729,1.516008673
1734523546.558765650,6,-3.976454800,-4.075236820,1.506575792
1734523546.558765650,7,-4.000262173,3.986160767,1.511649835
1734523546.558765650,8,3.997614388,-4.065952610,1.506752652
1734523546.558765650,9,-8.089392546,-0.080753478,1.507322909
1734523546.618765831,0,0.019226594,-0.044802187,1.503906571
1734523546.618765831,1,4.124529408,-0.043353361,1.503762561
1734523546.618765831,2,0.002782944,4.133414969,1.506949969
1734523546.618765831,3,-0.000777665,-4.237620111,1.507063565
1734523546.618765831,4,-4.034989555,-0.081043697,1.507222463
1734523546.618765831,5,4.000316303,3.993649729,1.516008673
1734523546.618765831,6,-3.976454800,-4.075236820,1.506575792
1734523546.618765831,7,-4.000262173,3.986160767,1.511649835
1734523546.618765831,8,3.997614388,-4.065952610,1.506752652
1734523546.618765831,9,-8.089392546,-0.080753478,1.507322909
1734523546.678765774,0,0.019226594,-0.044802187,1.503906571
1734523546.678765774,1,4.124529408,-0.043353361,1.503762561
1734523546.678765774,2,0.002782944,4.133414969,1.506949969
1734523546.678765774,3,-0.000777665,-4.237620111,1.507063565
1734523546.678765774,4,-4.034989555,-0.081043697,1.507222463
1734523546.678765774,5,4.000316303,3.993649729,1.516008673
1734523546.678765774,6,-3.976454800,-4.075236820,1.506575792
1734523546.678765774,7,-4.000262173,3.986160767,1.511649835
1734523546.678765774,8,3.997614388,-4.065952610,1.506752652
1734523546.678765774,9,-8.089392546,-0.080753478,1.507322909
1734523546.738765717,0,0.019226594,-0.044802187,1.503906571
1734523546.738765717,1,4.124529408,-0.043353361,1.503762561
1734523546.738765717,2,0.002782944,4.133414969,1.506949969
1734523546.738765717,3,-0.000777665,-4.237620111,1.507063565
1734523546.738765717,4,-4.034989555,-0.081043697,1.507222463
1734523546.738765717,5,4.000316303,3.993649729,1.516008673
1734523546.738765717,6,-3.976454800,-4.075236820,1.506575792
1734523546.738765717,7,-4.000264218,3.990534952,1.512421650
1734523546.738765717,8,3.997614388,-4.065952610,1.506752652
1734523546.738765717,9,-8.089392546,-0.080753478,1.507322909
1734523546.808765650,0,0.021877605,-0.044907641,1.503921262
1734523546.808765650,1,4.141261555,-0.043534749,1.503770340
1734523546.808765650,2,0.002863008,4.153625049,1.506219008
1734523546.808765650,3,-0.000241685,-4.263033524,1.506450036
1734523546.808765650,4,-4.042616197,-0.089224652,1.506234404
1734523546.808765650,5,4.000326814,4.001492591,1.517819568
1734523546.808765650,6,-3.972962364,-4.079823548,1.506161311
1734523546.808765650,7,-4.000280797,4.000102904,1.514100681
1734523546.808765650,8,3.997237566,-4.070759240,1.506103320
1734523546.808765650,9,-8.117312034,-0.092441452,1.506365767
1734523546.868765831,0,0.021877605,-0.044907641,1.503921262
1734523546.868765831,1,4.141261555,-0.043534749,1.503770340
1734523546.868765831,2,0.002863008,4.153625049,1.506219008
1734523546.868765831,3,-0.000241685,-4.263033524,1.506450036
1734523546.868765831,4,-4.042616197,-0.089224652,1.506234404
1734523546.868765831,5,4.000326814,4.001492591,1.517819568
1734523546.868765831,6,-3.972962364,-4.079823548,1.506161311
1734523546.868765831,7,-4.000280797,4.000102904,1.514100681
1734523546.868765831,8,3.997237566,-4.070759240,1.506103320
1734523546.868765831,9,-8.117312034,-0.092441452,1.506365767
1734523546.928765774,0,0.021877605,-0.044907641,1.503921262
1734523546.928765774,1,4.141261555,-0.043534749,1.503770340
1734523546.928765774,2,0.002863008,4.153625049,1.506219008
1734523546.928765774,3,-0.000241685,-4.263033524,1.506450036
1734523546.928765774,4,-4.042616197,-0.089224652,1.506234404
1734523546.928765774,5,4.000326814,4.001492591,1.517819568
1734523546.928765774,6,-3.972962364,-4.079823548,1.506161311
1734523546.928765774,7,-4.000280797,4.000102904,1.514100681
1734523546.928765774,8,3.997237566,-4.070759240,1.506103320
1734523546.928765774,9,-8.117312034,-0.092441452,1.506365767
1734523546.998765707,0,0.021877605,-0.044907641,1.503921262
1734523546.998765707,1,4.141261555,-0.043534749,1.503770340
1734523546.998765707,2,0.002863008,4.153625049,1.506219008
1734523546.998765707,3,-0.000241685,-4.263033524,1.506450036
1734523546.998765707,4,-4.042616197,-0.089224652,1.506234404
1734523546.998765707,5,4.000326814,4.001492591,1.517819568
1734523546.998765707,6,-3.972962364,-4.079823548,1.506161311
1734523546.998765707,7,-4.000280797,4.000102904,1.514100681
1734523546.998765707,8,3.997237566,-4.070759240,1.506103320
1734523546.998765707,9,-8.117312034,-0.092441452,1.506365767
1734523547.058765650,0,0.021877605,-0.044907641,1.503921262
1734523547.058765650,1,4.141261555,-0.043534749,1.503770340
1734523547.058765650,2,0.002863008,4.153625049,1.506219008
1734523547.058765650,3,-0.000241685,-4.263033524,1.506450036
1734523547.058765650,4,-4.042616197,-0.089224652,1.506234404
1734523547.058765650,5,4.000326814,4.001492591,1.517819568
1734523547.058765650,6,-3.972962364,-4.079823548,1.506161311
1734523547.058765650,7,-4.000280797,4.000102904,1.514100681
1734523547.058765650,8,3.997237566,-4.070759240,1.506103320
1734523547.058765650,9,-8.117312034,-0.092441452,1.506365767
1734523547.128765821,0,0.021877605,-0.044907641,1.503921262
1734523547.128765821,1,4.141261555,-0.043534749,1.503770340
1734523547.128765821,2,0.002863008,4.153625049,1.506219008
1734523547.128765821,3,-0.000241685,-4.263033524,1.506450036
1734523547.128765821,4,-4.042616197,-0.089224652,1.506234404
1734523547.128765821,5,4.000326814,4.001492591,1.517819568
1734523547.128765821,6,-3.972962364,-4.079823548,1.506161311
1734523547.128765821,7,-4.000280797,4.000102904,1.514100681
1734523547.128765821,8,3.997237566,-4.070759240,1.506103320
1734523547.128765821,9,-8.117312034,-0.092441452,1.506365767
1734523547.188765764,0,0.021877605,-0.044907641,1.503921262
1734523547.188765764,1,4.141261555,-0.043534749,1.503770340
1734523547.188765764,2,0.002863008,4.153625049,1.506219008
1734523547.188765764,3,-0.000241685,-4.263033524,1.506450036
1734523547.188765764,4,-4.042616197,-0.089224652,1.506234404
1734523547.188765764,5,4.000326814,4.001492591,1.517819568
1734523547.188765764,6,-3.972962364,-4.079823548,1.506161311
1734523547.188765764,7,-4.000280797,4.000102904,1.514100681
1734523547.188765764,8,3.997237566,-4.070759240,1.506103320
1734523547.188765764,9,-8.117312034,-0.092441452,1.506365767
1734523547.248765707,0,0.021877605,-0.044907641,1.503921262
1734523547.248765707,1,4.141261555,-0.043534749,1.503770340
1734523547.248765707,2,0.002863008,4.153625049,1.506219008
1734523547.248765707,3,-0.000241685,-4.263033524,1.506450036
1734523547.248765707,4,-4.042616197,-0.089224652,1.506234404
1734523547.248765707,5,4.000326814,4.001492591,1.517819568
1734523547.248765707,6,-3.972962364,-4.079823548,1.506161311
1734523547.248765707,7,-4.000280797,4.000102904,1.514100681
1734523547.248765707,8,3.997237566,-4.070759240,1.506103320
1734523547.248765707,9,-8.117312034,-0.092441452,1.506365767
1734523547.318765879,0,0.021877605,-0.044907641,1.503921262
1734523547.318765879,1,4.141261555,-0.043534749,1.503770340
1734523547.318765879,2,0.002863008,4.153625049,1.506219008
1734523547.318765879,3,-0.000241685,-4.263033524,1.506450036
1734523547.318765879,4,-4.042616197,-0.089224652,1.506234404
1734523547.318765879,5,4.000326814,4.001492591,1.517819568
1734523547.318765879,6,-3.970726819,-4.082598608,1.505936521
1734523547.318765879,7,-4.000280797,4.000102904,1.514100681
1734523547.318765879,8,3.997033903,-4.073263619,1.505805788
1734523547.318765879,9,-8.117312034,-0.092441452,1.506365767
1734523547.378765821,0,0.021877605,-0.044907641,1.503921262
1734523547.378765821,1,4.141261555,-0.043534749,1.503770340
1734523547.378765821,2,0.002863008,4.153625049,1.506219008
1734523547.378765821,3,0.001131539,-4.272332596,1.506148467
1734523547.378765821,4,-4.042616197,-0.089224652,1.506234404
1734523547.378765821,5,4.000326814,4.001492591,1.517819568
1734523547.378765821,6,-3.970726819,-4.082598608,1.505936521
1734523547.378765821,7,-4.000280797,4.000102904,1.514100681
1734523547.378765821,8,3.997033903,-4.073263619,1.505805788
1734523547.378765821,9,-8.117312034,-0.092441452,1.506365767
1734523547.438765764,0,0.024731030,-0.044969924,1.503934562
1734523547.438765764,1,4.155278702,-0.043740835,1.503776807
1734523547.438765764,2,0.002863005,4.172117556,1.505312508
1734523547.438765764,3,-0.000118645,-4.289628648,1.505913894
1734523547.438765764,4,-4.047046865,-0.093996780,1.505703723
1734523547.438765764,5,4.000454637,4.009197700,1.519293436
1734523547.438765764,6,-3.969210394,-4.084487397,1.505804638
1734523547.438765764,7,-4.000254837,4.005314219,1.514806958
1734523547.438765764,8,3.996769645,-4.075500619,1.505270538
1734523547.438765764,9,-8.127240499,-0.096590557,1.506116928
1734523547.508765697,0,0.024731030,-0.044969924,1.503934562
1734523547.508765697,1,4.155278702,-0.043740835,1.503776807
1734523547.508765697,2,0.002863005,4.172117556,1.505312508
1734523547.508765697,3,-0.000118645,-4.289628648,1.505913894
1734523547.508765697,4,-4.047046865,-0.093996780,1.505703723
1734523547.508765697,5,4.000454637,4.009197700,1.519293436
1734523547.508765697,6,-3.969210394,-4.084487397,1.505804638
1734523547.508765697,7,-4.000254837,4.005314219,1.514806958
1734523547.508765697,8,3.996769645,-4.075500619,1.505270538
1734523547.508765697,9,-8.127240499,-0.096590557,1.506116928
1734523547.578765869,0,0.024731030,-0.044969924,1.503934562
1734523547.578765869,1,4.155278702,-0.043740835,1.503776807
1734523547.578765869,2,0.002863005,4.172117556,1.505312508
1734523547.578765869,3,-0.000118645,-4.289628648,1.505913894
1734523547.578765869,4,-4.047046865,-0.093996780,1.505703723
1734523547.578765869,5,4.000454637,4.009197700,1.519293436
1734523547.578765869,6,-3.969210394,-4.084487397,1.505804638
1734523547.578765869,7,-4.000254837,4.005314219,1.514806958
1734523547.578765869,8,3.996769645,-4.075500619,1.505270538
1734523547.578765869,9,-8.127240499,-0.096590557,1.506116928
1734523547.638765812,0,0.024731030,-0.044969924,1.503934562
1734523547.638765812,1,4.155278702,-0.043740835,1.503776807
1734523547.638765812,2,0.002863005,4.172117556,1.505312508
1734523547.638765812,3,-0.000118645,-4.289628648,1.505913894
1734523547.638765812,4,-4.047046865,-0.093996780,1.505703723
1734523547.638765812,5,4.000454637,4.009197700,1.519293436
1734523547.638765812,6,-3.969210394,-4.084487397,1.505804638
1734523547.638765812,7,-4.000254837,4.005314219,1.514806958
1734523547.638765812,8,3.996769645,-4.075500619,1.505270538
1734523547.638765812,9,-8.127240499,-0.096590557,1.506116928
1734523547.708765745,0,0.024731030,-0.044969924,1.503934562
1734523547.708765745,1,4.155278702,-0.043740835,1.503776807
1734523547.708765745,2,0.002863005,4.172117556,1.505312508
1734523547.708765745,3,-0.000118645,-4.289628648,1.505913894
1734523547.708765745,4,-4.047046865,-0.093996780,1.505703723
1734523547.708765745,5,4.000454637,4.009197700,1.519293436
1734523547.708765745,6,-3.969210394,-4.084487397,1.505804638
1734523547.708765745,7,-4.000254837,4.005314219,1.514806958
1734523547.708765745,8,3.996769645,-4.075500619,1.505270538
1734523547.708765745,9,-8.127240499,-0.096590557,1.506116928
1734523547.768765688,0,0.024731030,-0.044969924,1.503934562
1734523547.768765688,1,4.155278702,-0.043740835,1.503776807
1734523547.768765688,2,0.002863005,4.172117556,1.505312508
1734523547.768765688,3,-0.000118645,-4.289628648,1.505913894
1734523547.768765688,4,-4.047046865,-0.093996780,1.505703723
1734523547.768765688,5,4.000454637,4.009197700,1.519293436
1734523547.768765688,6,-3.969210394,-4.084487397,1.505804638
1734523547.768765688,7,-4.000254837,4.005314219,1.514806958
1734523547.768765688,8,3.996769645,-4.075500619,1.505270538
1734523547.768765688,9,-8.127240499,-0.096590557,1.506116928
1734523547.838765860,0,0.024731030,-0.044969924,1.503934562
1734523547.838765860,1,4.155278702,-0.043740835,1.503776807
1734523547.838765860,2,0.002863005,4.172117556,1.505312508
1734523547.838765860,3,-0.000118645,-4.289628648,1.505913894
1734523547.838765860,4,-4.047046865,-0.093996780,1.505703723
1734523547.838765860,5,4.000454637,4.009197700,1.519293436
1734523547.838765860,6,-3.969210394,-4.084487397,1.505804638
1734523547.838765860,7,-4.000254837,4.005314219,1.514806958
1734523547.838765860,8,3.996769645,-4.075500619,1.505270538
1734523547.838765860,9,-8.127240499,-0.096590557,1.506116928
1734523547.898765802,0,0.024731030,-0.044969924,1.503934562
1734523547.898765802,1,4.155278702,-0.043740835,1.503776807
1734523547.898765802,2,0.002863005,4.172117556,1.505312508
1734523547.898765802,3,-0.000118645,-4.289628648,1.505913894
1734523547.898765802,4,-4.047046865,-0.093996780,1.505703723
1734523547.898765802,5,4.000454637,4.009197700,1.519293436
1734523547.898765802,6,-3.969210394,-4.084487397,1.505804638
1734523547.898765802,7,-4.000254837,4.005314219,1.514806958
1734523547.898765802,8,3.996769645,-4.075500619,1.505270538
1734523547.898765802,9,-8.127240499,-0.096590557,1.506116928
1734523547.958765745,0,0.024731030,-0.044969924,1.503934562
1734523547.958765745,1,4.155278702,-0.043740835,1.503776807
1734523547.958765745,2,0.002863005,4.172117556,1.505312508
1734523547.958765745,3,-0.000118645,-4.289628648,1.505913894
1734523547.958765745,4,-4.047046865,-0.093996780,1.505703723
1734523547.958765745,5,4.000454637,4.009197700,1.519293436
1734523547.958765745,6,-3.969210394,-4.084487397,1.505804638
1734523547.958765745,7,-4.000254837,4.005314219,1.514806958
1734523547.958765745,8,3.996769645,-4.075500619,1.505270538
1734523547.958765745,9,-8.127240499,-0.096590557,1.506116928
1734523548.028765678,0,0.024731030,-0.044969924,1.503934562
1734523548.028765678,1,4.155278702,-0.043740835,1.503776807
1734523548.028765678,2,0.002863005,4.172117556,1.505312508
1734523548.028765678,3,-0.000118645,-4.289628648,1.505913894
1734523548.028765678,4,-4.047046865,-0.093996780,1.505703723
1734523548.028765678,5,4.000454637,4.009197700,1.519293436
1734523548.028765678,6,-3.969210394,-4.084487397,1.505804638
1734523548.028765678,7,-4.000254837,4.005314219,1.514806958
1734523548.028765678,8,3.996769645,-4.075500619,1.505270538
1734523548.028765678,9,-8.127240499,-0.096590557,1.506116928
1734523548.088765860,0,0.027713880,-0.045130444,1.503950646
1734523548.088765860,1,4.173115850,-0.043639162,1.503789262
1734523548.088765860,2,0.003407521,4.195701845,1.505033592
1734523548.088765860,3,0.000906401,-4.315903157,1.505291712
1734523548.088765860,4,-4.052760518,-0.100155913,1.505091573
1734523548.088765860,5,4.000358154,4.018995109,1.520736705
1734523548.088765860,6,-3.965370803,-4.089369462,1.505535502
1734523548.088765860,7,-4.000348776,4.022191748,1.517595132
1734523548.088765860,8,3.996225841,-4.081473631,1.504938923
1734523548.088765860,9,-8.158768118,-0.109749183,1.505163461
1734523548.148765802,0,0.027713880,-0.045130444,1.503950646
1734523548.148765802,1,4.173115850,-0.043639162,1.503789262
1734523548.148765802,2,0.003407521,4.195701845,1.505033592
1734523548.148765802,3,0.000906401,-4.315903157,1.505291712
1734523548.148765802,4,-4.052760518,-0.100155913,1.505091573
1734523548.148765802,5,4.000358154,4.018995109,1.520736705
1734523548.148765802,6,-3.965370803,-4.089369462,1.505535502
1734523548.148765802,7,-4.000348776,4.022191748,1.517595132
1734523548.148765802,8,3.996225841,-4.081473631,1.504938923
1734523548.148765802,9,-8.158768118,-0.109749183,1.505163461
1734523548.208765745,0,0.027713880,-0.045130444,1.503950646
1734523548.208765745,1,4.173115850,-0.043639162,1.503789262
1734523548.208765745,2,0.003407521,4.195701845,1.505033592
1734523548.208765745,3,0.000906401,-4.315903157,1.505291712
1734523548.208765745,4,-4.052760518,-0.100155913,1.505091573
1734523548.208765745,5,4.000358154,4.018995109,1.520736705
1734523548.208765745,6,-3.965370803,-4.089369462,1.505535502
1734523548.208765745,7,-4.000348776,4.022191748,1.517595132
1734523548.208765745,8,3.996225841,-4.081473631,1.504938923
1734523548.208765745,9,-8.158768118,-0.109749183,1.505163461
1734523548.278765678,0,0.027713880,-0.045130444,1.503950646
1734523548.278765678,1,4.173115850,-0.043639162,1.503789262
1734523548.278765678,2,0.003407521,4.195701845,1.505033592
1734523548.278765678,3,0.000906401,-4.315903157,1.505291712
1734523548.278765678,4,-4.052760518,-0.100155913,1.505091573
1734523548.278765678,5,4.000358154,4.018995109,1.520736705
1734523548.278765678,6,-3.965370803,-4.089369462,1.505535502
1734523548.278765678,7,-4.000348776,4.022191748,1.517595132
1734523548.278765678,8,3.996225841,-4.081473631,1.504938923
1734523548.278765678,9,-8.158768118,-0.109749183,1.505163461
1734523548.338765860,0,0.027713880,-0.045130444,1.503950646
1734523548.338765860,1,4.173115850,-0.043639162,1.503789262
1734523548.338765860,2,0.003407521,4.195701845,1.505033592
1734523548.338765860,3,0.000906401,-4.315903157,1.505291712
1734523548.338765860,4,-4.052760518,-0.100155913,1.505091573
1734523548.338765860,5,4.000358154,4.018995109,1.520736705
1734523548.338765860,6,-3.965370803,-4.089369462,1.505535502
1734523548.338765860,7,-4.000348776,4.022191748,1.517595132
1734523548.338765860,8,3.996225841,-4.081473631,1.504938923
1734523548.338765860,9,-8.158768118,-0.109749183,1.505163461
1734523548.408765793,0,0.027713880,-0.045130444,1.503950646
1734523548.408765793,1,4.173115850,-0.043639162,1.503789262
1734523548.408765793,2,0.003407521,4.195701845,1.505033592
1734523548.408765793,3,0.000906401,-4.315903157,1.505291712
1734523548.408765793,4,-4.052760518,-0.100155913,1.505091573
1734523548.408765793,5,4.000358154,4.018995109,1.520736705
1734523548.408765793,6,-3.965370803,-4.089369462,1.505535502
1734523548.408765793,7,-4.000348776,4.022191748,1.517595132
1734523548.408765793,8,3.996225841,-4.081473631,1.504938923
1734523548.408765793,9,-8.158768118,-0.109749183,1.505163461
1734523548.468765736,0,0.027713880,-0.045130444,1.503950646
1734523548.468765736,1,4.173115850,-0.043639162,1.503789262
1734523548.468765736,2,0.003407521,4.195701845,1.505033592
1734523548.468765736,3,0.000906401,-4.315903157,1.505291712
1734523548.468765736,4,-4.052760518,-0.100155913,1.505091573
1734523548.468765736,5,4.000358154,4.018995109,1.520736705
1734523548.468765736,6,-3.965370803,-4.089369462,1.505535502
1734523548.468765736,7,-4.000348776,4.022191748,1.517595132
1734523548.468765736,8,3.996225841,-4.081473631,1.504938923
1734523548.468765736,9,-8.158768118,-0.109749183,1.505163461
1734523548.528765678,0,0.027713880,-0.045130444,1.503950646
1734523548.528765678,1,4.173115850,-0.043639162,1.503789262
1734523548.528765678,2,0.003407521,4.195701845,1.505033592
1734523548.528765678,3,0.000906401,-4.315903157,1.505291712
1734523548.528765678,4,-4.052760518,-0.100155913,1.505091573
1734523548.528765678,5,4.000358154,4.018995109,1.520736705
1734523548.528765678,6,-3.965370803,-4.089369462,1.505535502
1734523548.528765678,7,-4.000348776,4.022191748,1.517595132
1734523548.528765678,8,3.996225841,-4.081473631,1.504938923
1734523548.528765678,9,-8.158768118,-0.109749183,1.505163461
1734523548.598765850,0,0.027713880,-0.045130444,1.503950646
1734523548.598765850,1,4.173115850,-0.043639162,1.503789262
1734523548.598765850,2,0.003407521,4.195701845,1.505033592
1734523548.598765850,3,0.000906401,-4.315903157,1.505291712
1734523548.598765850,4,-4.052760518,-0.100155913,1.505091573
1734523548.598765850,5,4.000358154,4.018995109,1.520736705
1734523548.598765850,6,-3.965370803,-4.089369462,1.505535502
1734523548.598765850,7,-4.000348776,4.022191748,1.517595132
1734523548.598765850,8,3.996225841,-4.081473631,1.504938923
1734523548.598765850,9,-8.158768118,-0.109749183,1.505163461
1734523548.658765793,0,0.027713880,-0.045130444,1.503950646
1734523548.658765793,1,4.173115850,-0.043639162,1.503789262
1734523548.658765793,2,0.003407521,4.195701845,1.505033592
1734523548.658765793,3,0.000906401,-4.315903157,1.505291712
1734523548.658765793,4,-4.052760518,-0.100155913,1.505091573
1734523548.658765793,5,4.000358154,4.018995109,1.520736705
1734523548.658765793,6,-3.965370803,-4.089369462,1.505535502
1734523548.658765793,7,-4.000348776,4.022191748,1.517595132
1734523548.658765793,8,3.996225841,-4.081473631,1.504938923
1734523548.658765793,9,-8.158768118,-0.109749183,1.505163461
1734523548.718765736,0,0.030486298,-0.045405296,1.503965311
1734523548.718765736,1,4.189252459,-0.043955503,1.503801208
1734523548.718765736,2,0.003167513,4.214698981,1.504422724
1734523548.718765736,3,0.002812123,-4.338456987,1.504779141
1734523548.718765736,4,-4.055328023,-0.102935192,1.504832616
1734523548.718765736,5,4.000189234,4.028406817,1.521374267
1734523548.718765736,6,-3.961006481,-4.094924921,1.505329182
1734523548.718765736,7,-4.000391990,4.028235456,1.518360278
1734523548.718765736,8,3.995715012,-4.088731621,1.504402780
1734523548.718765736,9,-8.169788706,-0.114340205,1.504670747
1734523548.788765669,0,0.030486298,-0.045405296,1.503965311
1734523548.788765669,1,4.189252459,-0.043955503,1.503801208
1734523548.788765669,2,0.003167513,4.214698981,1.504422724
1734523548.788765669,3,0.002812123,-4.338456987,1.504779141
1734523548.788765669,4,-4.057359889,-0.105140494,1.504636781
1734523548.788765669,5,4.000189234,4.028406817,1.521374267
1734523548.788765669,6,-3.961006481,-4.094924921,1.505329182
1734523548.788765669,7,-4.000391990,4.028235456,1.518360278
1734523548.788765669,8,3.995715012,-4.088731621,1.504402780
1734523548.788765669,9,-8.169788706,-0.114340205,1.504670747
1734523548.848765850,0,0.030486298,-0.045405296,1.503965311
1734523548.848765850,1,4.189252459,-0.043955503,1.503801208
1734523548.848765850,2,0.003167513,4.214698981,1.504422724
1734523548.848765850,3,0.002812123,-4.338456987,1.504779141
1734523548.848765850,4,-4.057359889,-0.105140494,1.504636781
1734523548.848765850,5,4.000189234,4.028406817,1.521374267
1734523548.848765850,6,-3.961006481,-4.094924921,1.505329182
1734523548.848765850,7,-4.000391990,4.028235456,1.518360278
1734523548.848765850,8,3.995715012,-4.088731621,1.504402780
1734523548.848765850,9,-8.169788706,-0.114340205,1.504670747
1734523548.908765793,0,0.030486298,-0.045405296,1.503965311
1734523548.908765793,1,4.189252459,-0.043955503,1.503801208
1734523548.908765793,2,0.003167513,4.214698981,1.504422724
1734523548.908765793,3,0.002812123,-4.338456987,1.504779141
1734523548.908765793,4,-4.057359889,-0.105140494,1.504636781
1734523548.908765793,5,4.000189234,4.028406817,1.521374267
1734523548.908765793,6,-3.961006481,-4.094924921,1.505329182
1734523548.908765793,7,-4.000391990,4.028235456,1.518360278
1734523548.908765793,8,3.995715012,-4.088731621,1.504402780
1734523548.908765793,9,-8.169788706,-0.114340205,1.504670747
1734523548.978765726,0,0.030486298,-0.045405296,1.503965311
1734523548.978765726,1,4.189252459,-0.043955503,1.503801208
1734523548.978765726,2,0.003167513,4.214698981,1.504422724
1734523548.978765726,3,0.002812123,-4.338456987,1.504779141
1734523548.978765726,4,-4.057359889,-0.105140494,1.504636781
1734523548.978765726,5,4.000189234,4.028406817,1.521374267
1734523548.978765726,6,-3.961006481,-4.094924921,1.505329182
1734523548.978765726,7,-4.000391990,4.028235456,1.518360278
1734523548.978765726,8,3.995715012,-4.088731621,1.504402780
1734523548.978765726,9,-8.169788706,-0.114340205,1.504670747
1734523549.038765669,0,0.030486298,-0.045405296,1.503965311
1734523549.038765669,1,4.189252459,-0.043955503,1.503801208
1734523549.038765669,2,0.003167513,4.214698981,1.504422724
1734523549.038765669,3,0.002812123,-4.338456987,1.504779141
1734523549.038765669,4,-4.057359889,-0.105140494,1.504636781
1734523549.038765669,5,4.000189234,4.028406817,1.521374267
1734523549.038765669,6,-3.961006481,-4.094924921,1.505329182
1734523549.038765669,7,-4.000391990,4.028235456,1.518360278
1734523549.038765669,8,3.995715012,-4.088731621,1.504402780
1734523549.038765669,9,-8.169788706,-0.114340205,1.504670747
1734523549.098765850,0,0.030486298,-0.045405296,1.503965311
1734523549.098765850,1,4.189252459,-0.043955503,1.503801208
1734523549.098765850,2,0.003167513,4.214698981,1.504422724
1734523549.098765850,3,0.002812123,-4.338456987,1.504779141
1734523549.098765850,4,-4.057359889,-0.105140494,1.504636781
1734523549.098765850,5,4.000189234,4.028406817,1.521374267
1734523549.098765850,6,-3.961006481,-4.094924921,1.505329182
1734523549.098765850,7,-4.000391990,4.028235456,1.518360278
1734523549.098765850,8,3.995715012,-4.088731621,1.504402780
1734523549.098765850,9,-8.169788706,-0.114340205,1.504670747
1734523549.168765783,0,0.030486298,-0.045405296,1.503965311
1734523549.168765783,1,4.189252459,-0.043955503,1.503801208
1734523549.168765783,2,0.003167513,4.214698981,1.504422724
1734523549.168765783,3,0.002812123,-4.338456987,1.504779141
1734523549.168765783,4,-4.057359889,-0.105140494,1.504636781
1734523549.168765783,5,4.000189234,4.028406817,1.521374267
1734523549.168765783,6,-3.961006481,-4.094924921,1.505329182
1734523549.168765783,7,-4.000391990,4.028235456,1.518360278
1734523549.168765783,8,3.995715012,-4.088731621,1.504402780
1734523549.168765783,9,-8.169788706,-0.114340205,1.504670747
1734523549.228765726,0,0.030486298,-0.045405296,1.503965311
1734523549.228765726,1,4.189252459,-0.043955503,1.503801208
1734523549.228765726,2,0.003167513,4.214698981,1.504422724
1734523549.228765726,3,0.002812123,-4.338456987,1.504779141
1734523549.228765726,4,-4.057359889,-0.105140494,1.504636781
1734523549.228765726,5,4.000189234,4.028406817,1.521374267
1734523549.228765726,6,-3.961006481,-4.094924921,1.505329182
1734523549.228765726,7,-4.000391990,4.028235456,1.518360278
1734523549.228765726,8,3.995715012,-4.088731621,1.504402780
1734523549.228765726,9,-8.169788706,-0.114340205,1.504670747
1734523549.288765669,0,0.030486298,-0.045405296,1.503965311
1734523549.288765669,1,4.189252459,-0.043955503,1.503801208
1734523549.288765669,2,0.003167513,4.214698981,1.504422724
1734523549.288765669,3,0.002812123,-4.338456987,1.504779141
1734523549.288765669,4,-4.057359889,-0.105140494,1.504636781
1734523549.288765669,5,4.000189234,4.028406817,1.521374267
1734523549.288765669,6,-3.961006481,-4.094924921,1.505329182
1734523549.288765669,7,-4.000391990,4.028235456,1.518360278
1734523549.288765669,8,3.995715012,-4.088731621,1.504402780
1734523549.288765669,9,-8.169788706,-0.114340205,1.504670747
1734523549.348765850,0,0.034249399,-0.045386570,1.503980006
1734523549.348765850,1,4.204390071,-0.043856036,1.503814096
1734523549.348765850,2,0.003996006,4.239417981,1.503979273
1734523549.348765850,3,0.002347397,-4.370369425,1.504326284
1734523549.348765850,4,-4.060068396,-0.108070938,1.504404848
1734523549.348765850,5,4.000100678,4.039038059,1.521402853
1734523549.348765850,6,-3.957305750,-4.099588731,1.505240130
1734523549.348765850,7,-4.000493230,4.040894623,1.519623142
1734523549.348765850,8,3.995070029,-4.095442216,1.503958174
1734523549.348765850,9,-8.192585585,-0.123891654,1.504388036
1734523549.408765793,0,0.034249399,-0.045386570,1.503980006
1734523549.408765793,1,4.204390071,-0.043856036,1.503814096
1734523549.408765793,2,0.003996006,4.239417981,1.503979273
1734523549.408765793,3,0.002347397,-4.370369425,1.504326284
1734523549.408765793,4,-4.060068396,-0.108070938,1.504404848
1734523549.408765793,5,4.000100678,4.039038059,1.521402853
1734523549.408765793,6,-3.957305750,-4.099588731,1.505240130
1734523549.408765793,7,-4.000493230,4.040894623,1.519623142
1734523549.408765793,8,3.995070029,-4.095442216,1.503958174
1734523549.408765793,9,-8.192585585,-0.123891654,1.504388036
1734523549.478765726,0,0.034249399,-0.045386570,1.503980006
1734523549.478765726,1,4.204390071,-0.043856036,1.503814096
1734523549.478765726,2,0.003996006,4.239417981,1.503979273
1734523549.478765726,3,0.002347397,-4.370369425,1.504326284
1734523549.478765726,4,-4.060068396,-0.108070938,1.504404848
1734523549.478765726,5,4.000100678,4.039038059,1.521402853
1734523549.478765726,6,-3.957305750,-4.099588731,1.505240130
1734523549.478765726,7,-4.000493230,4.040894623,1.519623142
1734523549.478765726,8,3.995070029,-4.095442216,1.503958174
1734523549.478765726,9,-8.192585585,-0.123891654,1.504388036
1734523549.538765669,0,0.034249399,-0.045386570,1.503980006
1734523549.538765669,1,4.204390071,-0.043856036,1.503814096
1734523549.538765669,2,0.003996006,4.239417981,1.503979273
1734523549.538765669,3,0.002347397,-4.370369425,1.504326284
1734523549.538765669,4,-4.060068396,-0.108070938,1.504404848
1734523549.538765669,5,4.000100678,4.039038059,1.521402853
1734523549.538765669,6,-3.957305750,-4.099588731,1.505240130
1734523549.538765669,7,-4.000493230,4.040894623,1.519623142
1734523549.538765669,8,3.995070029,-4.095442216,1.503958174
1734523549.538765669,9,-8.192585585,-0.123891654,1.504388036
1734523549.608765841,0,0.034249399,-0.045386570,1.503980006
1734523549.608765841,1,4.204390071,-0.043856036,1.503814096
1734523549.608765841,2,0.003996006,4.239417981,1.503979273
1734523549.608765841,3,0.002347397,-4.370369425,1.504326284
1734523549.608765841,4,-4.060068396,-0.108070938,1.504404848
1734523549.608765841,5,4.000100678,4.039038059,1.521402853
1734523549.608765841,6,-3.957305750,-4.099588731,1.505240130
1734523549.608765841,7,-4.000493230,4.040894623,1.519623142
1734523549.608765841,8,3.995070029,-4.095442216,1.503958174
1734523549.608765841,9,-8.192585585,-0.123891654,1.504388036
1734523549.668765783,0,0.034249399,-0.045386570,1.503980006
1734523549.668765783,1,4.204390071,-0.043856036,1.503814096
1734523549.668765783,2,0.003996006,4.239417981,1.503979273
1734523549.668765783,3,0.002347397,-4.370369425,1.504326284
1734523549.668765783,4,-4.060068396,-0.108070938,1.504404848
1734523549.668765783,5,4.000100678,4.039038059,1.521402853
1734523549.668765783,6,-3.957305750,-4.099588731,1.505240130
1734523549.668765783,7,-4.000493230,4.040894623,1.519623142
1734523549.668765783,8,3.995070029,-4.095442216,1.503958174
1734523549.668765783,9,-8.192585585,-0.123891654,1.504388036
1734523549.728765726,0,0.034249399,-0.045386570,1.503980006
1734523549.728765726,1,4.204390071,-0.043856036,1.503814096
1734523549.728765726,2,0.003996006,4.239417981,1.503979273
1734523549.728765726,3,0.002347397,-4.370369425,1.504326284
1734523549.728765726,4,-4.060068396,-0.108070938,1.504404848
1734523549.728765726,5,4.000100678,4.039038059,1.521402853
1734523549.728765726,6,-3.957305750,-4.099588731,1.505240130
1734523549.728765726,7,-4.000493230,4.040894623,1.519623142
1734523549.728765726,8,3.995070029,-4.095442216,1.503958174
1734523549.728765726,9,-8.192585585,-0.123891654,1.504388036
1734523549.798765659,0,0.034249399,-0.045386570,1.503980006
1734523549.798765659,1,4.204390071,-0.043856036,1.503814096
1734523549.798765659,2,0.003996006,4.239417981,1.503979273
1734523549.798765659,3,0.002347397,-4.370369425,1.504326284
1734523549.798765659,4,-4.060068396,-0.108070938,1.504404848
1734523549.798765659,5,4.000100678,4.039038059,1.521402853
1734523549.798765659,6,-3.957305750,-4.099588731,1.505240130
1734523549.798765659,7,-4.000493230,4.040894623,1.519623142
1734523549.798765659,8,3.995070029,-4.095442216,1.503958174
1734523549.798765659,9,-8.192585585,-0.123891654,1.504388036
1734523549.858765841,0,0.034249399,-0.045386570,1.503980006
1734523549.858765841,1,4.204390071,-0.043856036,1.503814096
1734523549.858765841,2,0.003996006,4.239417981,1.503979273
1734523549.858765841,3,0.002347397,-4.370369425,1.504326284
1734523549.858765841,4,-4.060068396,-0.108070938,1.504404848
1734523549.858765841,5,4.000100678,4.039038059,1.521402853
1734523549.858765841,6,-3.957305750,-4.099588731,1.505240130
1734523549.858765841,7,-4.000493230,4.040894623,1.519623142
1734523549.858765841,8,3.995070029,-4.095442216,1.503958174
1734523549.858765841,9,-8.192585585,-0.123891654,1.504388036
1734523549.918765783,0,0.034249399,-0.045386570,1.503980006
1734523549.918765783,1,4.204390071,-0.043856036,1.503814096
1734523549.918765783,2,0.003996006,4.239417981,1.503979273
1734523549.918765783,3,0.002347397,-4.370369425,1.504326284
1734523549.918765783,4,-4.060068396,-0.108070938,1.504404848
1734523549.918765783,5,4.000100678,4.039038059,1.521402853
1734523549.918765783,6,-3.957305750,-4.099588731,1.505240130
1734523549.918765783,7,-4.000493230,4.040894623,1.519623142
1734523549.918765783,8,3.995070029,-4.095442216,1.503958174
1734523549.918765783,9,-8.192585585,-0.123891654,1.504388036
1734523549.988765717,0,0.037762013,-0.045548791,1.503995060
1734523549.988765717,1,4.222718539,-0.044158344,1.503832410
1734523549.988765717,2,0.003949895,4.261477624,1.503504579
1734523549.988765717,3,0.003331915,-4.397940559,1.503931267
1734523549.988765717,4,-4.068850842,-0.117601910,1.503762501
1734523549.988765717,5,4.000285258,4.049228365,1.520725987
1734523549.988765717,6,-3.953110657,-4.104923952,1.505206700
1734523549.988765717,7,-4.000696946,4.061195602,1.520487836
1734523549.988765717,8,3.994457750,-4.104048406,1.503473915
1734523549.988765717,9,-8.227905743,-0.138544229,1.503756987
1734523550.048765659,0,0.037762013,-0.045548791,1.503995060
1734523550.048765659,1,4.222718539,-0.044158344,1.503832410
1734523550.048765659,2,0.003949895,4.261477624,1.503504579
1734523550.048765659,3,0.003331915,-4.397940559,1.503931267
1734523550.048765659,4,-4.068850842,-0.117601910,1.503762501
1734523550.048765659,5,4.000285258,4.049228365,1.520725987
1734523550.048765659,6,-3.953110657,-4.104923952,1.505206700
1734523550.048765659,7,-4.000696946,4.061195602,1.520487836
1734523550.048765659,8,3.994457750,-4.104048406,1.503473915
1734523550.048765659,9,-8.227905743,-0.138544229,1.503756987
1734523550.108765841,0,0.037762013,-0.045548791,1.503995060
1734523550.108765841,1,4.222718539,-0.044158344,1.503832410
1734523550.108765841,2,0.003949895,4.261477624,1.503504579
1734523550.108765841,3,0.003331915,-4.397940559,1.503931267
1734523550.108765841,4,-4.068850842,-0.117601910,1.503762501
1734523550.108765841,5,4.000285258,4.049228365,1.520725987
1734523550.108765841,6,-3.953110657,-4.104923952,1.505206700
1734523550.108765841,7,-4.000696946,4.061195602,1.520487836
1734523550.108765841,8,3.994457750,-4.104048406,1.503473915
1734523550.108765841,9,-8.227905743,-0.138544229,1.503756987
1734523550.168765783,0,0.037762013,-0.045548791,1.503995060
1734523550.168765783,1,4.222718539,-0.044158344,1.503832410
1734523550.168765783,2,0.003949895,4.261477624,1.503504579
1734523550.168765783,3,0.003331915,-4.397940559,1.503931267
1734523550.168765783,4,-4.068850842,-0.117601910,1.503762501
1734523550.168765783,5,4.000285258,4.049228365,1.520725987
1734523550.168765783,6,-3.953110657,-4.104923952,1.505206700
1734523550.168765783,7,-4.000696946,4.061195602,1.520487836
1734523550.168765783,8,3.994457750,-4.104048406,1.503473915
1734523550.168765783,9,-8.227905743,-0.138544229,1.503756987
1734523550.238765717,0,0.037762013,-0.045548791,1.503995060
1734523550.238765717,1,4.222718539,-0.044158344,1.503832410
1734523550.238765717,2,0.003949895,4.261477624,1.503504579
1734523550.238765717,3,0.003331915,-4.397940559,1.503931267
1734523550.238765717,4,-4.068850842,-0.117601910,1.503762501
1734523550.238765717,5,4.000285258,4.049228365,1.520725987
1734523550.238765717,6,-3.953110657,-4.104923952,1.505206700
1734523550.238765717,7,-4.000696946,4.061195602,1.520487836
1734523550.238765717,8,3.994457750,-4.104048406,1.503473915
1734523550.238765717,9,-8.227905743,-0.138544229,1.503756987
1734523550.298765659,0,0.037762013,-0.045548791,1.503995060
1734523550.298765659,1,4.222718539,-0.044158344,1.503832410
1734523550.298765659,2,0.003949895,4.261477624,1.503504579
1734523550.298765659,3,0.003331915,-4.397940559,1.503931267
1734523550.298765659,4,-4.068850842,-0.117601910,1.503762501
1734523550.298765659,5,4.000285258,4.049228365,1.520725987
1734523550.298765659,6,-3.953110657,-4.104923952,1.505206700
1734523550.298765659,7,-4.000696946,4.061195602,1.520487836
1734523550.298765659,8,3.994457750,-4.104048406,1.503473915
1734523550.298765659,9,-8.227905743,-0.138544229,1.503756987
1734523550.358765841,0,0.037762013,-0.045548791,1.503995060
1734523550.358765841,1,4.222718539,-0.044158344,1.503832410
1734523550.358765841,2,0.003949895,4.261477624,1.503504579
1734523550.358765841,3,0.003331915,-4.397940559,1.503931267
1734523550.358765841,4,-4.068850842,-0.117601910,1.503762501
1734523550.358765841,5,4.000285258,4.049228365,1.520725987
1734523550.358765841,6,-3.953110657,-4.104923952,1.505206700
1734523550.358765841,7,-4.000696946,4.061195602,1.520487836
1734523550.358765841,8,3.994457750,-4.104048406,1.503473915
1734523550.358765841,9,-8.227905743,-0.138544229,1.503756987
1734523550.428765774,0,0.037762013,-0.045548791,1.503995060
1734523550.428765774,1,4.222718539,-0.044158344,1.503832410
1734523550.428765774,2,0.003949895,4.261477624,1.503504579
1734523550.428765774,3,0.003331915,-4.397940559,1.503931267
1734523550.428765774,4,-4.068850842,-0.117601910,1.503762501
1734523550.428765774,5,4.000285258,4.049228365,1.520725987
1734523550.428765774,6,-3.953110657,-4.104923952,1.505206700
1734523550.428765774,7,-4.000696946,4.061195602,1.520487836
1734523550.428765774,8,3.994457750,-4.104048406,1.503473915
1734523550.428765774,9,-8.227905743,-0.138544229,1.503756987
1734523550.488765717,0,0.037762013,-0.045548791,1.503995060
1734523550.488765717,1,4.222718539,-0.044158344,1.503832410
1734523550.488765717,2,0.003949895,4.261477624,1.503504579
1734523550.488765717,3,0.003331915,-4.397940559,1.503931267
1734523550.488765717,4,-4.068850842,-0.117601910,1.503762501
1734523550.488765717,5,4.000285258,4.049228365,1.520725987
1734523550.488765717,6,-3.953110657,-4.104923952,1.505206700
1734523550.488765717,7,-4.000696946,4.061195602,1.520487836
1734523550.488765717,8,3.994457750,-4.104048406,1.503473915
1734523550.488765717,9,-8.227905743,-0.138544229,1.503756987
1734523550.548765659,0,0.037762013,-0.045548791,1.503995060
1734523550.548765659,1,4.222718539,-0.044158344,1.503832410
1734523550.548765659,2,0.003949895,4.261477624,1.503504579
1734523550.548765659,3,0.003331915,-4.397940559,1.503931267
1734523550.548765659,4,-4.068850842,-0.117601910,1.503762501
1734523550.548765659,5,4.000285258,4.049228365,1.520725987
1734523550.548765659,6,-3.953110657,-4.104923952,1.505206700
1734523550.548765659,7,-4.000696946,4.061195602,1.520487836
1734523550.548765659,8,3.994174507,-4.108164876,1.503278207
1734523550.548765659,9,-8.227905743,-0.138544229,1.503756987
1734523550.608765841,0,0.041524222,-0.045653398,1.504008712
1734523550.608765841,1,4.237837145,-0.044507786,1.503847266
1734523550.608765841,2,0.003645158,4.270106691,1.503168958
1734523550.608765841,3,0.003875221,-4.426407804,1.503635984
1734523550.608765841,4,-4.073843211,-0.123040346,1.503475558
1734523550.608765841,5,4.000364451,4.059295557,1.519635072
1734523550.608765841,6,-3.948762525,-4.110363847,1.505225371
1734523550.608765841,7,-4.000779047,4.068293567,1.520461608
1734523550.608765841,8,3.993844483,-4.111646399,1.503098409
1734523550.608765841,9,-8.239993018,-0.143562403,1.503616141
1734523550.668765783,0,0.041524222,-0.045653398,1.504008712
1734523550.668765783,1,4.237837145,-0.044507786,1.503847266
1734523550.668765783,2,0.003645158,4.270106691,1.503168958
1734523550.668765783,3,0.003875221,-4.426407804,1.503635984
1734523550.668765783,4,-4.073843211,-0.123040346,1.503475558
1734523550.668765783,5,4.000364451,4.059295557,1.519635072
1734523550.668765783,6,-3.948762525,-4.110363847,1.505225371
1734523550.668765783,7,-4.000779047,4.068293567,1.520461608
1734523550.668765783,8,3.993844483,-4.111646399,1.503098409
1734523550.668765783,9,-8.239993018,-0.143562403,1.503616141
1734523550.738765717,0,0.041524222,-0.045653398,1.504008712
1734523550.738765717,1,4.237837145,-0.044507786,1.503847266
1734523550.738765717,2,0.003862562,4.281546573,1.503179035
1734523550.738765717,3,0.003875221,-4.426407804,1.503635984
1734523550.738765717,4,-4.073843211,-0.123040346,1.503475558
1734523550.738765717,5,4.000364451,4.059295557,1.519635072
1734523550.738765717,6,-3.948762525,-4.110363847,1.505225371
1734523550.738765717,7,-4.000779047,4.068293567,1.520461608
1734523550.738765717,8,3.993844483,-4.111646399,1.503098409
1734523550.738765717,9,-8.239993018,-0.143562403,1.503616141
1734523550.798765659,0,0.041524222,-0.045653398,1.504008712
1734523550.798765659,1,4.237837145,-0.044507786,1.503847266
1734523550.798765659,2,0.003862562,4.281546573,1.503179035
1734523550.798765659,3,0.003875221,-4.426407804,1.503635984
1734523550.798765659,4,-4.073843211,-0.123040346,1.503475558
1734523550.798765659,5,4.000364451,4.059295557,1.519635072
1734523550.798765659,6,-3.948762525,-4.110363847,1.505225371
1734523550.798765659,7,-4.000779047,4.068293567,1.520461608
1734523550.798765659,8,3.993844483,-4.111646399,1.503098409
1734523550.798765659,9,-8.239993018,-0.143562403,1.503616141
1734523550.858765841,0,0.041524222,-0.045653398,1.504008712
1734523550.858765841,1,4.237837145,-0.044507786,1.503847266
1734523550.858765841,2,0.003862562,4.281546573,1.503179035
1734523550.858765841,3,0.003875221,-4.426407804,1.503635984
1734523550.858765841,4,-4.073843211,-0.123040346,1.503475558
1734523550.858765841,5,4.000364451,4.059295557,1.519635072
1734523550.858765841,6,-3.948762525,-4.110363847,1.505225371
1734523550.858765841,7,-4.000779047,4.068293567,1.520461608
1734523550.858765841,8,3.993844483,-4.111646399,1.503098409
1734523550.858765841,9,-8.239993018,-0.143562403,1.503616141
1734523550.918765783,0,0.041524222,-0.045653398,1.504008712
1734523550.918765783,1,4.237837145,-0.044507786,1.503847266
1734523550.918765783,2,0.003862562,4.281546573,1.503179035
1734523550.918765783,3,0.003875221,-4.426407804,1.503635984
1734523550.918765783,4,-4.073843211,-0.123040346,1.503475558
1734523550.918765783,5,4.000364451,4.059295557,1.519635072
1734523550.918765783,6,-3.948762525,-4.110363847,1.505225371
1734523550.918765783,7,-4.000779047,4.068293567,1.520461608
1734523550.918765783,8,3.993844483,-4.111646399,1.503098409
1734523550.918765783,9,-8.239993018,-0.143562403,1.503616141
1734523550.988765717,0,0.041524222,-0.045653398,1.504008712
1734523550.988765717,1,4.237837145,-0.044507786,1.503847266
1734523550.988765717,2,0.003862562,4.281546573,1.503179035
1734523550.988765717,3,0.003875221,-4.426407804,1.503635984
1734523550.988765717,4,-4.073843211,-0.123040346,1.503475558
1734523550.988765717,5,4.000364451,4.059295557,1.519635072
1734523550.988765717,6,-3.948762525,-4.110363847,1.505225371
1734523550.988765717,7,-4.000779047,4.068293567,1.520461608
1734523550.988765717,8,3.993844483,-4.111646399,1.503098409
1734523550.988765717,9,-8.239993018,-0.143562403,1.503616141
1734523551.048765659,0,0.041524222,-0.045653398,1.504008712
1734523551.048765659,1,4.237837145,-0.044507786,1.503847266
1734523551.048765659,2,0.003862562,4.281546573,1.503179035
1734523551.048765659,3,0.003875221,-4.426407804,1.503635984
1734523551.048765659,4,-4.073843211,-0.123040346,1.503475558
1734523551.048765659,5,4.000364451,4.059295557,1.519635072
1734523551.048765659,6,-3.948762525,-4.110363847,1.505225371
1734523551.048765659,7,-4.000779047,4.068293567,1.520461608
1734523551.048765659,8,3.993844483,-4.111646399,1.503098409
1734523551.048765659,9,-8.239993018,-0.143562403,1.503616141
1734523551.108765841,0,0.041524222,-0.045653398,1.504008712
1734523551.108765841,1,4.237837145,-0.044507786,1.503847266
1734523551.108765841,2,0.003862562,4.281546573,1.503179035
1734523551.108765841,3,0.003875221,-4.426407804,1.503635984
1734523551.108765841,4,-4.073843211,-0.123040346,1.503475558
1734523551.108765841,5,4.000364451,4.059295557,1.519635072
1734523551.108765841,6,-3.948762525,-4.110363847,1.505225371
1734523551.108765841,7,-4.000779047,4.068293567,1.520461608
1734523551.108765841,8,3.993844483,-4.111646399,1.503098409
1734523551.108765841,9,-8.239993018,-0.143562403,1.503616141
1734523551.178765774,0,0.041524222,-0.045653398,1.504008712
1734523551.178765774,1,4.237837145,-0.044507786,1.503847266
1734523551.178765774,2,0.003862562,4.281546573,1.503179035
1734523551.178765774,3,0.003875221,-4.426407804,1.503635984
1734523551.178765774,4,-4.073843211,-0.123040346,1.503475558
1734523551.178765774,5,4.000364451,4.059295557,1.519635072
1734523551.178765774,6,-3.946557509,-4.113146682,1.505252180
1734523551.178765774,7,-4.000779047,4.068293567,1.520461608
1734523551.178765774,8,3.993495695,-4.116034830,1.502967415
1734523551.178765774,9,-8.239993018,-0.143562403,1.503616141
1734523551.238765717,0,0.045352903,-0.045881373,1.504025093
1734523551.238765717,1,4.257049630,-0.044390058,1.503868444
1734523551.238765717,2,0.004420952,4.307029719,1.502891549
1734523551.238765717,3,0.005267356,-4.453880309,1.503344400
1734523551.238765717,4,-4.080150043,-0.130006288,1.503193862
1734523551.238765717,5,4.000207309,4.071867079,1.517856419
1734523551.238765717,6,-3.944324608,-4.115958546,1.505283968
1734523551.238765717,7,-4.001027479,4.090559234,1.519380100
1734523551.238765717,8,3.993161479,-4.120514326,1.502788314
1734523551.238765717,9,-8.277015362,-0.158913789,1.503157501
1734523551.308765650,0,0.045352903,-0.045881373,1.504025093
1734523551.308765650,1,4.257049630,-0.044390058,1.503868444
1734523551.308765650,2,0.004420952,4.307029719,1.502891549
1734523551.308765650,3,0.005267356,-4.453880309,1.503344400
1734523551.308765650,4,-4.080150043,-0.130006288,1.503193862
1734523551.308765650,5,4.000207309,4.071867079,1.517856419
1734523551.308765650,6,-3.944324608,-4.115958546,1.505283968
1734523551.308765650,7,-4.001027479,4.090559234,1.519380100
1734523551.308765650,8,3.993161479,-4.120514326,1.502788314
1734523551.308765650,9,-8.277015362,-0.158913789,1.503157501
1734523551.368765831,0,0.045352903,-0.045881373,1.504025093
1734523551.368765831,1,4.257049630,-0.044390058,1.503868444
1734523551.368765831,2,0.004420952,4.307029719,1.502891549
1734523551.368765831,3,0.005267356,-4.453880309,1.503344400
1734523551.368765831,4,-4.080150043,-0.130006288,1.503193862
1734523551.368765831,5,4.000207309,4.071867079,1.517856419
1734523551.368765831,6,-3.944324608,-4.115958546,1.505283968
1734523551.368765831,7,-4.001027479,4.090559234,1.519380100
1734523551.368765831,8,3.993161479,-4.120514326,1.502788314
1734523551.368765831,9,-8.277015362,-0.158913789,1.503157501
1734523551.428765774,0,0.045352903,-0.045881373,1.504025093
1734523551.428765774,1,4.257049630,-0.044390058,1.503868444
1734523551.428765774,2,0.004420952,4.307029719,1.502891549
1734523551.428765774,3,0.005267356,-4.453880309,1.503344400
1734523551.428765774,4,-4.080150043,-0.130006288,1.503193862
1734523551.428765774,5,4.000207309,4.071867079,1.517856419
1734523551.428765774,6,-3.944324608,-4.115958546,1.505283968
1734523551.428765774,7,-4.001027479,4.090559234,1.519380100
1734523551.428765774,8,3.993161479,-4.120514326,1.502788314
1734523551.428765774,9,-8.277015362,-0.158913789,1.503157501
1734523551.488765717,0,0.045352903,-0.045881373,1.504025093
1734523551.488765717,1,4.257049630,-0.044390058,1.503868444
1734523551.488765717,2,0.004420952,4.307029719,1.502891549
1734523551.488765717,3,0.005267356,-4.453880309,1.503344400
1734523551.488765717,4,-4.080150043,-0.130006288,1.503193862
1734523551.488765717,5,4.000207309,4.071867079,1.517856419
1734523551.488765717,6,-3.944324608,-4.115958546,1.505283968
1734523551.488765717,7,-4.001027479,4.090559234,1.519380100
1734523551.488765717,8,3.993161479,-4.120514326,1.502788314
1734523551.488765717,9,-8.277015362,-0.158913789,1.503157501
1734523551.558765650,0,0.045352903,-0.045881373,1.504025093
1734523551.558765650,1,4.257049630,-0.044390058,1.503868444
1734523551.558765650,2,0.004420952,4.307029719,1.502891549
1734523551.558765650,3,0.005267356,-4.453880309,1.503344400
1734523551.558765650,4,-4.080150043,-0.130006288,1.503193862
1734523551.558765650,5,4.000207309,4.071867079,1.517856419
1734523551.558765650,6,-3.944324608,-4.115958546,1.505283968
1734523551.558765650,7,-4.001027479,4.090559234,1.519380100
1734523551.558765650,8,3.993161479,-4.120514326,1.502788314
1734523551.558765650,9,-8.277015362,-0.158913789,1.503157501
1734523551.618765831,0,0.045352903,-0.045881373,1.504025093
1734523551.618765831,1,4.257049630,-0.044390058,1.503868444
1734523551.618765831,2,0.004420952,4.307029719,1.502891549
1734523551.618765831,3,0.005267356,-4.453880309,1.503344400
1734523551.618765831,4,-4.080150043,-0.130006288,1.503193862
1734523551.618765831,5,4.000207309,4.071867079,1.517856419
1734523551.618765831,6,-3.944324608,-4.115958546,1.505283968
1734523551.618765831,7,-4.001027479,4.090559234,1.519380100
1734523551.618765831,8,3.993161479,-4.120514326,1.502788314
1734523551.618765831,9,-8.277015362,-0.158913789,1.503157501
1734523551.678765774,0,0.045352903,-0.045881373,1.504025093
1734523551.678765774,1,4.257049630,-0.044390058,1.503868444
1734523551.678765774,2,0.004420952,4.307029719,1.502891549
1734523551.678765774,3,0.005267356,-4.453880309,1.503344400
1734523551.678765774,4,-4.080150043,-0.130006288,1.503193862
1734523551.678765774,5,4.000207309,4.071867079,1.517856419
1734523551.678765774,6,-3.944324608,-4.115958546,1.505283968
1734523551.678765774,7,-4.001027479,4.090559234,1.519380100
1734523551.678765774,8,3.993161479,-4.120514326,1.502788314
1734523551.678765774,9,-8.277015362,-0.158913789,1.503157501
1734523551.748765707,0,0.045352903,-0.045881373,1.504025093
1734523551.748765707,1,4.257049630,-0.044390058,1.503868444
1734523551.748765707,2,0.004420952,4.307029719,1.502891549
1734523551.748765707,3,0.005267356,-4.453880309,1.503344400
1734523551.748765707,4,-4.080150043,-0.130006288,1.503193862
1734523551.748765707,5,4.000207309,4.071867079,1.517856419
1734523551.748765707,6,-3.944324608,-4.115958546,1.505283968
1734523551.748765707,7,-4.001027479,4.090559234,1.519380100
1734523551.748765707,8,3.993161479,-4.120514326,1.502788314
1734523551.748765707,9,-8.277015362,-0.158913789,1.503157501
1734523551.808765650,0,0.045352903,-0.045881373,1.504025093
1734523551.808765650,1,4.257049630,-0.044390058,1.503868444
1734523551.808765650,2,0.004420952,4.307029719,1.502891549
1734523551.808765650,3,0.005267356,-4.453880309,1.503344400
1734523551.808765650,4,-4.080150043,-0.130006288,1.503193862
1734523551.808765650,5,4.000207309,4.071867079,1.517856419
1734523551.808765650,6,-3.944324608,-4.115958546,1.505283968
1734523551.808765650,7,-4.001027479,4.090559234,1.519380100
1734523551.808765650,8,3.993161479,-4.120514326,1.502788314
1734523551.808765650,9,-8.277015362,-0.158913789,1.503157501
1734523551.868765831,0,0.048826732,-0.046231965,1.504039470
1734523551.868765831,1,4.274111859,-0.044905187,1.503886426
1734523551.868765831,2,0.004152847,4.327421586,1.502647949
1734523551.868765831,3,0.007266650,-4.477309189,1.503146197
1734523551.868765831,4,-4.085235721,-0.135486694,1.503018630
1734523551.868765831,5,3.999983931,4.083704793,1.516185699
1734523551.868765831,6,-3.939320261,-4.122266856,1.505362306
1734523551.868765831,7,-4.001175804,4.098206769,1.518762869
1734523551.868765831,8,3.992564804,-4.130608747,1.502542327
1734523551.868765831,9,-8.289622954,-0.164157746,1.502966510
1734523551.928765774,0,0.048826732,-0.046231965,1.504039470
1734523551.928765774,1,4.274111859,-0.044905187,1.503886426
1734523551.928765774,2,0.004152847,4.327421586,1.502647949
1734523551.928765774,3,0.007266650,-4.477309189,1.503146197
1734523551.928765774,4,-4.085235721,-0.135486694,1.503018630
1734523551.928765774,5,3.999983931,4.083704793,1.516185699
1734523551.928765774,6,-3.939320261,-4.122266856,1.505362306
1734523551.928765774,7,-4.001175804,4.098206769,1.518762869
1734523551.928765774,8,3.992564804,-4.130608747,1.502542327
1734523551.928765774,9,-8.289622954,-0.164157746,1.502966510
1734523551.998765707,0,0.048826732,-0.046231965,1.504039470
1734523551.998765707,1,4.274111859,-0.044905187,1.503886426
1734523551.998765707,2,0.004152847,4.327421586,1.502647949
1734523551.998765707,3,0.007266650,-4.477309189,1.503146197
1734523551.998765707,4,-4.085235721,-0.135486694,1.503018630
1734523551.998765707,5,3.999983931,4.083704793,1.516185699
1734523551.998765707,6,-3.939320261,-4.122266856,1.505362306
1734523551.998765707,7,-4.001175804,4.098206769,1.518762869
1734523551.998765707,8,3.992564804,-4.130608747,1.502542327
1734523551.998765707,9,-8.289622954,-0.164157746,1.502966510
1734523552.058765650,0,0.048826732,-0.046231965,1.504039470
1734523552.058765650,1,4.274111859,-0.044905187,1.503886426
1734523552.058765650,2,0.004152847,4.327421586,1.502647949
1734523552.058765650,3,0.007266650,-4.477309189,1.503146197
1734523552.058765650,4,-4.085235721,-0.135486694,1.503018630
1734523552.058765650,5,3.999983931,4.083704793,1.516185699
1734523552.058765650,6,-3.939320261,-4.122266856,1.505362306
1734523552.058765650,7,-4.001175804,4.098206769,1.518762869
1734523552.058765650,8,3.992564804,-4.130608747,1.502542327
1734523552.058765650,9,-8.289622954,-0.164157746,1.502966510
1734523552.128765821,0,0.048826732,-0.046231965,1.504039470
1734523552.128765821,1,4.274111859,-0.044905187,1.503886426
1734523552.128765821,2,0.004152847,4.327421586,1.502647949
1734523552.128765821,3,0.007266650,-4.477309189,1.503146197
1734523552.128765821,4,-4.085235721,-0.135486694,1.503018630
1734523552.128765821,5,3.999983931,4.083704793,1.516185699
1734523552.128765821,6,-3.939320261,-4.122266856,1.505362306
1734523552.128765821,7,-4.001175804,4.098206769,1.518762869
1734523552.128765821,8,3.992564804,-4.130608747,1.502542327
1734523552.128765821,9,-8.289622954,-0.164157746,1.502966510
1734523552.188765764,0,0.048826732,-0.046231965,1.504039470
1734523552.188765764,1,4.274111859,-0.044905187,1.503886426
1734523552.188765764,2,0.004152847,4.327421586,1.502647949
1734523552.188765764,3,0.007266650,-4.477309189,1.503146197
1734523552.188765764,4,-4.085235721,-0.135486694,1.503018630
1734523552.188765764,5,3.999983931,4.083704793,1.516185699
1734523552.188765764,6,-3.939320261,-4.122266856,1.505362306
1734523552.188765764,7,-4.001175804,4.098206769,1.518762869
1734523552.188765764,8,3.992564804,-4.130608747,1.502542327
1734523552.188765764,9,-8.289622954,-0.164157746,1.502966510
1734523552.248765707,0,0.048826732,-0.046231965,1.504039470
1734523552.248765707,1,4.274111859,-0.044905187,1.503886426
1734523552.248765707,2,0.004152847,4.327421586,1.502647949
1734523552.248765707,3,0.007266650,-4.477309189,1.503146197
1734523552.248765707,4,-4.085235721,-0.135486694,1.503018630
1734523552.248765707,5,3.999983931,4.083704793,1.516185699
1734523552.248765707,6,-3.939320261,-4.122266856,1.505362306
1734523552.248765707,7,-4.001175804,4.098206769,1.518762869
1734523552.248765707,8,3.992564804,-4.130608747,1.502542327
1734523552.248765707,9,-8.289622954,-0.164157746,1.502966510
1734523552.318765879,0,0.048826732,-0.046231965,1.504039470
1734523552.318765879,1,4.274111859,-0.044905187,1.503886426
1734523552.318765879,2,0.004152847,4.327421586,1.502647949
1734523552.318765879,3,0.007266650,-4.477309189,1.503146197
1734523552.318765879,4,-4.085235721,-0.135486694,1.503018630
1734523552.318765879,5,3.999983931,4.083704793,1.516185699
1734523552.318765879,6,-3.939320261,-4.122266856,1.505362306
1734523552.318765879,7,-4.001175804,4.098206769,1.518762869
1734523552.318765879,8,3.992564804,-4.130608747,1.502542327
1734523552.318765879,9,-8.289622954,-0.164157746,1.502966510
1734523552.378765821,0,0.048826732,-0.046231965,1.504039470
1734523552.378765821,1,4.274111859,-0.044905187,1.503886426
1734523552.378765821,2,0.004152847,4.327421586,1.502647949
1734523552.378765821,3,0.007266650,-4.477309189,1.503146197
1734523552.378765821,4,-4.085235721,-0.135486694,1.503018630
1734523552.378765821,5,3.999983931,4.083704793,1.516185699
1734523552.378765821,6,-3.939320261,-4.122266856,1.505362306
1734523552.378765821,7,-4.001175804,4.098206769,1.518762869
1734523552.378765821,8,3.992564804,-4.130608747,1.502542327
1734523552.378765821,9,-8.289622954,-0.164157746,1.502966510
1734523552.438765764,0,0.048826732,-0.046231965,1.504039470
1734523552.438765764,1,4.274111859,-0.044905187,1.503886426
1734523552.438765764,2,0.004152847,4.327421586,1.502647949
1734523552.438765764,3,0.007266650,-4.477309189,1.503146197
1734523552.438765764,4,-4.085235721,-0.135486694,1.503018630
1734523552.438765764,5,3.999983931,4.083704793,1.516185699
1734523552.438765764,6,-3.939320261,-4.122266856,1.505362306
1734523552.438765764,7,-4.001175804,4.098206769,1.518762869
1734523552.438765764,8,3.992564804,-4.130608747,1.502542327
1734523552.438765764,9,-8.289622954,-0.164157746,1.502966510
1734523552.498765707,0,0.051498786,-0.046150010,1.504053544
1734523552.498765707,1,4.290121465,-0.044873877,1.503903968
1734523552.498765707,2,0.005044774,4.353796264,1.502514527
1734523552.498765707,3,0.006837220,-4.495389054,1.503015133
1734523552.498765707,4,-4.088185802,-0.138712882,1.502942316
1734523552.498765707,5,4.000163446,4.096371567,1.514001854
1734523552.498765707,6,-3.935105465,-4.127531661,1.505421669
1734523552.498765707,7,-4.001392006,4.113949628,1.517254492
1734523552.498765707,8,3.991879449,-4.139442519,1.502374752
1734523552.498765707,9,-8.315092565,-0.174725424,1.502877880
1734523552.568765879,0,0.051498786,-0.046150010,1.504053544
1734523552.568765879,1,4.290121465,-0.044873877,1.503903968
1734523552.568765879,2,0.005044774,4.353796264,1.502514527
1734523552.568765879,3,0.006837220,-4.495389054,1.503015133
1734523552.568765879,4,-4.088185802,-0.138712882,1.502942316
1734523552.568765879,5,4.000163446,4.096371567,1.514001854
1734523552.568765879,6,-3.935105465,-4.127531661,1.505421669
1734523552.568765879,7,-4.001392006,4.113949628,1.517254492
1734523552.568765879,8,3.991879449,-4.139442519,1.502374752
1734523552.568765879,9,-8.315092565,-0.174725424,1.502877880
1734523552.628765821,0,0.051498786,-0.046150010,1.504053544
1734523552.628765821,1,4.290121465,-0.044873877,1.503903968
1734523552.628765821,2,0.005044774,4.353796264,1.502514527
1734523552.628765821,3,0.006837220,-4.495389054,1.503015133
1734523552.628765821,4,-4.088185802,-0.138712882,1.502942316
1734523552.628765821,5,4.000163446,4.096371567,1.514001854
1734523552.628765821,6,-3.935105465,-4.127531661,1.505421669
1734523552.628765821,7,-4.001392006,4.113949628,1.517254492
1734523552.628765821,8,3.991879449,-4.139442519,1.502374752
1734523552.628765821,9,-8.315092565,-0.174725424,1.502877880
1734523552.688765764,0,0.051498786,-0.046150010,1.504053544
1734523552.688765764,1,4.290121465,-0.044873877,1.503903968
1734523552.688765764,2,0.005044774,4.353796264,1.502514527
1734523552.688765764,3,0.006837220,-4.495389054,1.503015133
1734523552.688765764,4,-4.088185802,-0.138712882,1.502942316
1734523552.688765764,5,4.000163446,4.096371567,1.514001854
1734523552.688765764,6,-3.935105465,-4.127531661,1.505421669
1734523552.688765764,7,-4.001392006,4.113949628,1.517254492
1734523552.688765764,8,3.991879449,-4.139442519,1.502374752
1734523552.688765764,9,-8.315092565,-0.174725424,1.502877880
1734523552.748765707,0,0.051498786,-0.046150010,1.504053544
1734523552.748765707,1,4.290121465,-0.044873877,1.503903968
1734523552.748765707,2,0.005044774,4.353796264,1.502514527
1734523552.748765707,3,0.006837220,-4.495389054,1.503015133
1734523552.748765707,4,-4.088185802,-0.138712882,1.502942316
1734523552.748765707,5,4.000163446,4.096371567,1.514001854
1734523552.748765707,6,-3.935105465,-4.127531661,1.505421669
1734523552.748765707,7,-4.001392006,4.113949628,1.517254492
1734523552.748765707,8,3.991879449,-4.139442519,1.502374752
1734523552.748765707,9,-8.315092565,-0.174725424,1.502877880
1734523552.818765879,0,0.051498786,-0.046150010,1.504053544
1734523552.818765879,1,4.290121465,-0.044873877,1.503903968
1734523552.818765879,2,0.005044774,4.353796264,1.502514527
1734523552.818765879,3,0.006837220,-4.495389054,1.503015133
1734523552.818765879,4,-4.088185802,-0.138712882,1.502942316
1734523552.818765879,5,4.000163446,4.096371567,1.514001854
1734523552.818765879,6,-3.935105465,-4.127531661,1.505421669
1734523552.818765879,7,-4.001392006,4.113949628,1.517254492
1734523552.818765879,8,3.991879449,-4.139442519,1.502374752
1734523552.818765879,9,-8.315092565,-0.174725424,1.502877880
1734523552.878765821,0,0.051498786,-0.046150010,1.504053544
1734523552.878765821,1,4.290121465,-0.044873877,1.503903968
1734523552.878765821,2,0.005044774,4.353796264,1.502514527
1734523552.878765821,3,0.006837220,-4.495389054,1.503015133
1734523552.878765821,4,-4.088185802,-0.138712882,1.502942316
1734523552.878765821,5,4.000163446,4.096371567,1.514001854
1734523552.878765821,6,-3.935105465,-4.127531661,1.505421669
1734523552.878765821,7,-4.001392006,4.113949628,1.517254492
1734523552.878765821,8,3.991879449,-4.139442519,1.502374752
1734523552.878765821,9,-8.315092565,-0.174725424,1.502877880
1734523552.948765755,0,0.051498786,-0.046150010,1.504053544
1734523552.948765755,1,4.290121465,-0.044873877,1.503903968
1734523552.948765755,2,0.005044774,4.353796264,1.502514527
1734523552.948765755,3,0.006837220,-4.495389054,1.503015133
1734523552.948765755,4,-4.088185802,-0.138712882,1.502942316
1734523552.948765755,5,4.000163446,4.096371567,1.514001854
1734523552.948765755,6,-3.935105465,-4.127531661,1.505421669
1734523552.948765755,7,-4.001392006,4.113949628,1.517254492
1734523552.948765755,8,3.991879449,-4.139442519,1.502374752
1734523552.948765755,9,-8.315092565,-0.174725424,1.502877880
1734523553.008765697,0,0.051498786,-0.046150010,1.504053544
1734523553.008765697,1,4.290121465,-0.044873877,1.503903968
1734523553.008765697,2,0.005044774,4.353796264,1.502514527
1734523553.008765697,3,0.006837220,-4.495389054,1.503015133
1734523553.008765697,4,-4.088185802,-0.138712882,1.502942316
1734523553.008765697,5,4.000163446,4.096371567,1.514001854
1734523553.008765697,6,-3.935105465,-4.127531661,1.505421669
1734523553.008765697,7,-4.001392006,4.113949628,1.517254492
1734523553.008765697,8,3.991879449,-4.139442519,1.502374752
1734523553.008765697,9,-8.315092565,-0.174725424,1.502877880
1734523553.068765879,0,0.051498786,-0.046150010,1.504053544
1734523553.068765879,1,4.290121465,-0.044873877,1.503903968
1734523553.068765879,2,0.005044774,4.353796264,1.502514527
1734523553.068765879,3,0.006837220,-4.495389054,1.503015133
1734523553.068765879,4,-4.088185802,-0.138712882,1.502942316
1734523553.068765879,5,4.000163446,4.096371567,1.514001854
1734523553.068765879,6,-3.935105465,-4.127531661,1.505421669
1734523553.068765879,7,-4.001392006,4.113949628,1.517254492
1734523553.068765879,8,3.991879449,-4.139442519,1.502374752
1734523553.068765879,9,-8.315092565,-0.174725424,1.502877880
1734523553.138765812,0,0.057926221,-0.046460637,1.504067596
1734523553.138765812,1,4.309470704,-0.045270998,1.503925197
1734523553.138765812,2,0.005022574,4.377214093,1.502420820
1734523553.138765812,3,0.008595480,-4.539094011,1.502981299
1734523553.138765812,4,-4.097645351,-0.149088752,1.502785415
1734523553.138765812,5,4.000082377,4.109188047,1.511981465
1734523553.138765812,6,-3.930352128,-4.133528761,1.505466838
1734523553.138765812,7,-4.001689924,4.138345808,1.514569382
1734523553.138765812,8,3.991218676,-4.150482785,1.502235260
1734523553.138765812,9,-8.353837275,-0.190789322,1.502702574
1734523553.208765745,0,0.057926221,-0.046460637,1.504067596
1734523553.208765745,1,4.309470704,-0.045270998,1.503925197
1734523553.208765745,2,0.005022574,4.377214093,1.502420820
1734523553.208765745,3,0.008595480,-4.539094011,1.502981299
1734523553.208765745,4,-4.097645351,-0.149088752,1.502785415
1734523553.208765745,5,4.000082377,4.109188047,1.511981465
1734523553.208765745,6,-3.930352128,-4.133528761,1.505466838
1734523553.208765745,7,-4.001689924,4.138345808,1.514569382
1734523553.208765745,8,3.991218676,-4.150482785,1.502235260
1734523553.208765745,9,-8.353837275,-0.190789322,1.502702574
1734523553.268765688,0,0.057926221,-0.046460637,1.504067596
1734523553.268765688,1,4.309470704,-0.045270998,1.503925197
1734523553.268765688,2,0.005022574,4.377214093,1.502420820
1734523553.268765688,3,0.008595480,-4.539094011,1.502981299
1734523553.268765688,4,-4.097645351,-0.149088752,1.502785415
1734523553.268765688,5,4.000082377,4.109188047,1.511981465
1734523553.268765688,6,-3.930352128,-4.133528761,1.505466838
1734523553.268765688,7,-4.001689924,4.138345808,1.514569382
1734523553.268765688,8,3.991218676,-4.150482785,1.502235260
1734523553.268765688,9,-8.353837275,-0.190789322,1.502702574
1734523553.328765869,0,0.057926221,-0.046460637,1.504067596
1734523553.328765869,1,4.309470704,-0.045270998,1.503925197
1734523553.328765869,2,0.005022574,4.377214093,1.502420820
1734523553.328765869,3,0.008595480,-4.539094011,1.502981299
1734523553.328765869,4,-4.097645351,-0.149088752,1.502785415
1734523553.328765869,5,4.000082377,4.109188047,1.511981465
1734523553.328765869,6,-3.930352128,-4.133528761,1.505466838
1734523553.328765869,7,-4.001689924,4.138345808,1.514569382
1734523553.328765869,8,3.991218676,-4.150482785,1.502235260
1734523553.328765869,9,-8.353837275,-0.190789322,1.502702574
1734523553.398765802,0,0.057926221,-0.046460637,1.504067596
1734523553.398765802,1,4.309470704,-0.045270998,1.503925197
1734523553.398765802,2,0.005022574,4.377214093,1.502420820
1734523553.398765802,3,0.008595480,-4.539094011,1.502981299
1734523553.398765802,4,-4.097645351,-0.149088752,1.502785415
1734523553.398765802,5,4.000082377,4.109188047,1.511981465
1734523553.398765802,6,-3.930352128,-4.133528761,1.505466838
1734523553.398765802,7,-4.001689924,4.138345808,1.514569382
1734523553.398765802,8,3.991218676,-4.150482785,1.502235260
1734523553.398765802,9,-8.353837275,-0.190789322,1.502702574
1734523553.468765736,0,0.057926221,-0.046460637,1.504067596
1734523553.468765736,1,4.309470704,-0.045270998,1.503925197
1734523553.468765736,2,0.005022574,4.377214093,1.502420820
1734523553.468765736,3,0.008595480,-4.539094011,1.502981299
1734523553.468765736,4,-4.097645351,-0.149088752,1.502785415
1734523553.468765736,5,4.000082377,4.109188047,1.511981465
1734523553.468765736,6,-3.930352128,-4.133528761,1.505466838
1734523553.468765736,7,-4.001689924,4.138345808,1.514569382
1734523553.468765736,8,3.991218676,-4.150482785,1.502235260
1734523553.468765736,9,-8.353837275,-0.190789322,1.502702574
1734523553.528765678,0,0.057926221,-0.046460637,1.504067596
1734523553.528765678,1,4.309470704,-0.045270998,1.503925197
1734523553.528765678,2,0.005022574,4.377214093,1.502420820
1734523553.528765678,3,0.008595480,-4.539094011,1.502981299
1734523553.528765678,4,-4.097645351,-0.149088752,1.502785415
1734523553.528765678,5,4.000082377,4.109188047,1.511981465
1734523553.528765678,6,-3.930352128,-4.133528761,1.505466838
1734523553.528765678,7,-4.001689924,4.138345808,1.514569382
1734523553.528765678,8,3.991218676,-4.150482785,1.502235260
1734523553.528765678,9,-8.353837275,-0.190789322,1.502702574
1734523553.598765850,0,0.057926221,-0.046460637,1.504067596
1734523553.598765850,1,4.309470704,-0.045270998,1.503925197
1734523553.598765850,2,0.005022574,4.377214093,1.502420820
1734523553.598765850,3,0.008595480,-4.539094011,1.502981299
1734523553.598765850,4,-4.097645351,-0.149088752,1.502785415
1734523553.598765850,5,4.000082377,4.109188047,1.511981465
1734523553.598765850,6,-3.930352128,-4.133528761,1.505466838
1734523553.598765850,7,-4.001689924,4.138345808,1.514569382
1734523553.598765850,8,3.991218676,-4.150482785,1.502235260
1734523553.598765850,9,-8.353837275,-0.190789322,1.502702574
1734523553.658765793,0,0.057926221,-0.046460637,1.504067596
1734523553.658765793,1,4.309470704,-0.045270998,1.503925197
1734523553.658765793,2,0.005022574,4.377214093,1.502420820
1734523553.658765793,3,0.008595480,-4.539094011,1.502981299
1734523553.658765793,4,-4.097645351,-0.149088752,1.502785415
1734523553.658765793,5,4.000082377,4.109188047,1.511981465
1734523553.658765793,6,-3.930352128,-4.133528761,1.505466838
1734523553.658765793,7,-4.001689924,4.138345808,1.514569382
1734523553.658765793,8,3.991218676,-4.150482785,1.502235260
1734523553.658765793,9,-8.353837275,-0.190789322,1.502702574
1734523553.718765736,0,0.057926221,-0.046460637,1.504067596
1734523553.718765736,1,4.309470704,-0.045270998,1.503925197
1734523553.718765736,2,0.005022574,4.377214093,1.502420820
1734523553.718765736,3,0.008595480,-4.539094011,1.502981299
1734523553.718765736,4,-4.097645351,-0.149088752,1.502785415
1734523553.718765736,5,4.000082377,4.109188047,1.511981465
1734523553.718765736,6,-3.927429621,-4.137175589,1.505478883
1734523553.718765736,7,-4.001689924,4.138345808,1.514569382
1734523553.718765736,8,3.990943088,-4.155631536,1.502194524
1734523553.718765736,9,-8.353837275,-0.190789322,1.502702574
1734523553.788765669,0,0.062572379,-0.046609298,1.504079711
1734523553.788765669,1,4.325440607,-0.045662814,1.503940613
1734523553.788765669,2,0.004728888,4.386361516,1.502403417
1734523553.788765669,3,0.009366311,-4.568658409,1.503042330
1734523553.788765669,4,-4.102960387,-0.154941281,1.502749636
1734523553.788765669,5,4.000196497,4.121260641,1.510212679
1734523553.788765669,6,-3.925448802,-4.139624204,1.505478436
1734523553.788765669,7,-4.001789962,4.146646012,1.513815274
1734523553.788765669,8,3.990620735,-4.159920548,1.502167333
1734523553.788765669,9,-8.366870800,-0.196196449,1.502706282
1734523553.848765850,0,0.062572379,-0.046609298,1.504079711
1734523553.848765850,1,4.325440607,-0.045662814,1.503940613
1734523553.848765850,2,0.004980586,4.398449201,1.502412565
1734523553.848765850,3,0.009366311,-4.568658409,1.503042330
1734523553.848765850,4,-4.102960387,-0.154941281,1.502749636
1734523553.848765850,5,4.000196497,4.121260641,1.510212679
1734523553.848765850,6,-3.925448802,-4.139624204,1.505478436
1734523553.848765850,7,-4.001789962,4.146646012,1.513815274
1734523553.848765850,8,3.990620735,-4.159920548,1.502167333
1734523553.848765850,9,-8.366870800,-0.196196449,1.502706282
1734523553.908765793,0,0.062572379,-0.046609298,1.504079711
1734523553.908765793,1,4.325440607,-0.045662814,1.503940613
1734523553.908765793,2,0.004980586,4.398449201,1.502412565
1734523553.908765793,3,0.009366311,-4.568658409,1.503042330
1734523553.908765793,4,-4.102960387,-0.154941281,1.502749636
1734523553.908765793,5,4.000196497,4.121260641,1.510212679
1734523553.908765793,6,-3.925448802,-4.139624204,1.505478436
1734523553.908765793,7,-4.001789962,4.146646012,1.513815274
1734523553.908765793,8,3.990620735,-4.159920548,1.502167333
1734523553.908765793,9,-8.366870800,-0.196196449,1.502706282
1734523553.978765726,0,0.062572379,-0.046609298,1.504079711
1734523553.978765726,1,4.325440607,-0.045662814,1.503940613
1734523553.978765726,2,0.004980586,4.398449201,1.502412565
1734523553.978765726,3,0.009366311,-4.568658409,1.503042330
1734523553.978765726,4,-4.102960387,-0.154941281,1.502749636
1734523553.978765726,5,4.000196497,4.121260641,1.510212679
1734523553.978765726,6,-3.925448802,-4.139624204,1.505478436
1734523553.978765726,7,-4.001789962,4.146646012,1.513815274
1734523553.978765726,8,3.990620735,-4.159920548,1.502167333
1734523553.978765726,9,-8.366870800,-0.196196449,1.502706282
1734523554.038765669,0,0.062572379,-0.046609298,1.504079711
1734523554.038765669,1,4.325440607,-0.045662814,1.503940613
1734523554.038765669,2,0.004980586,4.398449201,1.502412565
1734523554.038765669,3,0.009366311,-4.568658409,1.503042330
1734523554.038765669,4,-4.102960387,-0.154941281,1.502749636
1734523554.038765669,5,4.000196497,4.121260641,1.510212679
1734523554.038765669,6,-3.925448802,-4.139624204,1.505478436
1734523554.038765669,7,-4.001789962,4.146646012,1.513815274
1734523554.038765669,8,3.990620735,-4.159920548,1.502167333
1734523554.038765669,9,-8.366870800,-0.196196449,1.502706282
1734523554.098765850,0,0.062572379,-0.046609298,1.504079711
1734523554.098765850,1,4.325440607,-0.045662814,1.503940613
1734523554.098765850,2,0.004980586,4.398449201,1.502412565
1734523554.098765850,3,0.009366311,-4.568658409,1.503042330
1734523554.098765850,4,-4.102960387,-0.154941281,1.502749636
1734523554.098765850,5,4.000196497,4.121260641,1.510212679
1734523554.098765850,6,-3.925448802,-4.139624204,1.505478436
1734523554.098765850,7,-4.001789962,4.146646012,1.513815274
1734523554.098765850,8,3.990620735,-4.159920548,1.502167333
1734523554.098765850,9,-8.366870800,-0.196196449,1.502706282
1734523554.158765793,0,0.062572379,-0.046609298,1.504079711
1734523554.158765793,1,4.325440607,-0.045662814,1.503940613
1734523554.158765793,2,0.004980586,4.398449201,1.502412565
1734523554.158765793,3,0.009366311,-4.568658409,1.503042330
1734523554.158765793,4,-4.102960387,-0.154941281,1.502749636
1734523554.158765793,5,4.000196497,4.121260641,1.510212679
1734523554.158765793,6,-3.925448802,-4.139624204,1.505478436
1734523554.158765793,7,-4.001789962,4.146646012,1.513815274
1734523554.158765793,8,3.990620735,-4.159920548,1.502167333
1734523554.158765793,9,-8.366870800,-0.196196449,1.502706282
1734523554.228765726,0,0.062572379,-0.046609298,1.504079711
1734523554.228765726,1,4.325440607,-0.045662814,1.503940613
1734523554.228765726,2,0.004980586,4.398449201,1.502412565
1734523554.228765726,3,0.009366311,-4.568658409,1.503042330
1734523554.228765726,4,-4.102960387,-0.154941281,1.502749636
1734523554.228765726,5,4.000196497,4.121260641,1.510212679
1734523554.228765726,6,-3.925448802,-4.139624204,1.505478436
1734523554.228765726,7,-4.001789962,4.146646012,1.513815274
1734523554.228765726,8,3.990620735,-4.159920548,1.502167333
1734523554.228765726,9,-8.366870800,-0.196196449,1.502706282
1734523554.288765669,0,0.062572379,-0.046609298,1.504079711
1734523554.288765669,1,4.325440607,-0.045662814,1.503940613
1734523554.288765669,2,0.004980586,4.398449201,1.502412565
1734523554.288765669,3,0.009366311,-4.568658409,1.503042330
1734523554.288765669,4,-4.102960387,-0.154941281,1.502749636
1734523554.288765669,5,4.000196497,4.121260641,1.510212679
1734523554.288765669,6,-3.925448802,-4.139624204,1.505478436
1734523554.288765669,7,-4.001789962,4.146646012,1.513815274
1734523554.288765669,8,3.990620735,-4.159920548,1.502167333
1734523554.288765669,9,-8.366870800,-0.196196449,1.502706282
1734523554.348765850,0,0.062572379,-0.046609298,1.504079711
1734523554.348765850,1,4.325440607,-0.045662814,1.503940613
1734523554.348765850,2,0.004980586,4.398449201,1.502412565
1734523554.348765850,3,0.009366311,-4.568658409,1.503042330
1734523554.348765850,4,-4.102960387,-0.154941281,1.502749636
1734523554.348765850,5,4.000196497,4.121260641,1.510212679
1734523554.348765850,6,-3.922969079,-4.142735635,1.505468627
1734523554.348765850,7,-4.001890818,4.155020233,1.512664750
1734523554.348765850,8,3.990258766,-4.165321398,1.502155970
1734523554.348765850,9,-8.366870800,-0.196196449,1.502706282
1734523554.408765793,0,0.067253319,-0.046905209,1.504094678
1734523554.408765793,1,4.345570701,-0.045705221,1.503961810
1734523554.408765793,2,0.005614984,4.425283214,1.502450722
1734523554.408765793,3,0.010983137,-4.597254269,1.503185490
1734523554.408765793,4,-4.106174303,-0.158460626,1.502744408
1734523554.408765793,5,3.999800086,4.136820822,1.508137214
1734523554.408765793,6,-3.920462641,-4.145876005,1.505448221
1734523554.408765793,7,-4.002094044,4.171972260,1.510757558
1734523554.408765793,8,3.989920443,-4.170783077,1.502155296
1734523554.408765793,9,-8.407077212,-0.211985139,1.502692476
1734523554.468765736,0,0.067253319,-0.046905209,1.504094678
1734523554.468765736,1,4.345570701,-0.045705221,1.503961810
1734523554.468765736,2,0.005614984,4.425283214,1.502450722
1734523554.468765736,3,0.010983137,-4.597254269,1.503185490
1734523554.468765736,4,-4.106174303,-0.158460626,1.502744408
1734523554.468765736,5,3.999800086,4.136820822,1.508137214
1734523554.468765736,6,-3.920462641,-4.145876005,1.505448221
1734523554.468765736,7,-4.002094044,4.171972260,1.510757558
1734523554.468765736,8,3.989920443,-4.170783077,1.502155296
1734523554.468765736,9,-8.407077212,-0.211985139,1.502692476
1734523554.528765678,0,0.067253319,-0.046905209,1.504094678
1734523554.528765678,1,4.345570701,-0.045705221,1.503961810
1734523554.528765678,2,0.005614984,4.425283214,1.502450722
1734523554.528765678,3,0.010983137,-4.597254269,1.503185490
1734523554.528765678,4,-4.106174303,-0.158460626,1.502744408
1734523554.528765678,5,3.999800086,4.136820822,1.508137214
1734523554.528765678,6,-3.920462641,-4.145876005,1.505448221
1734523554.528765678,7,-4.002094044,4.171972260,1.510757558
1734523554.528765678,8,3.989920443,-4.170783077,1.502155296
1734523554.528765678,9,-8.407077212,-0.211985139,1.502692476
1734523554.598765850,0,0.067253319,-0.046905209,1.504094678
1734523554.598765850,1,4.345570701,-0.045705221,1.503961810
1734523554.598765850,2,0.005614984,4.425283214,1.502450722
1734523554.598765850,3,0.010983137,-4.597254269,1.503185490
1734523554.598765850,4,-4.109671867,-0.162330646,1.502748856
1734523554.598765850,5,3.999800086,4.136820822,1.508137214
1734523554.598765850,6,-3.920462641,-4.145876005,1.505448221
1734523554.598765850,7,-4.002094044,4.171972260,1.510757558
1734523554.598765850,8,3.989920443,-4.170783077,1.502155296
1734523554.598765850,9,-8.407077212,-0.211985139,1.502692476
1734523554.658765793,0,0.067253319,-0.046905209,1.504094678
1734523554.658765793,1,4.345570701,-0.045705221,1.503961810
1734523554.658765793,2,0.005614984,4.425283214,1.502450722
1734523554.658765793,3,0.010983137,-4.597254269,1.503185490
1734523554.658765793,4,-4.109671867,-0.162330646,1.502748856
1734523554.658765793,5,3.999800086,4.136820822,1.508137214
1734523554.658765793,6,-3.920462641,-4.145876005,1.505448221
1734523554.658765793,7,-4.002094044,4.171972260,1.510757558
1734523554.658765793,8,3.989920443,-4.170783077,1.502155296
1734523554.658765793,9,-8.407077212,-0.211985139,1.502692476
1734523554.718765736,0,0.067253319,-0.046905209,1.504094678
1734523554.718765736,1,4.345570701,-0.045705221,1.503961810
1734523554.718765736,2,0.005614984,4.425283214,1.502450722
1734523554.718765736,3,0.010983137,-4.597254269,1.503185490
1734523554.718765736,4,-4.109671867,-0.162330646,1.502748856
1734523554.718765736,5,3.999800086,4.136820822,1.508137214
1734523554.718765736,6,-3.920462641,-4.145876005,1.505448221
1734523554.718765736,7,-4.002094044,4.171972260,1.510757558
1734523554.718765736,8,3.989920443,-4.170783077,1.502155296
1734523554.718765736,9,-8.407077212,-0.211985139,1.502692476
1734523554.778765678,0,0.067253319,-0.046905209,1.504094678
1734523554.778765678,1,4.345570701,-0.045705221,1.503961810
1734523554.778765678,2,0.005614984,4.425283214,1.502450722
1734523554.778765678,3,0.010983137,-4.597254269,1.503185490
1734523554.778765678,4,-4.109671867,-0.162330646,1.502748856
1734523554.778765678,5,3.999800086,4.136820822,1.508137214
1734523554.778765678,6,-3.920462641,-4.145876005,1.505448221
1734523554.778765678,7,-4.002094044,4.171972260,1.510757558
1734523554.778765678,8,3.989920443,-4.170783077,1.502155296
1734523554.778765678,9,-8.407077212,-0.211985139,1.502692476
1734523554.848765850,0,0.067253319,-0.046905209,1.504094678
1734523554.848765850,1,4.345570701,-0.045705221,1.503961810
1734523554.848765850,2,0.005614984,4.425283214,1.502450722
1734523554.848765850,3,0.010983137,-4.597254269,1.503185490
1734523554.848765850,4,-4.109671867,-0.162330646,1.502748856
1734523554.848765850,5,3.999800086,4.136820822,1.508137214
1734523554.848765850,6,-3.920462641,-4.145876005,1.505448221
1734523554.848765850,7,-4.002094044,4.171972260,1.510757558
1734523554.848765850,8,3.989920443,-4.170783077,1.502155296
1734523554.848765850,9,-8.407077212,-0.211985139,1.502692476
1734523554.908765793,0,0.067253319,-0.046905209,1.504094678
1734523554.908765793,1,4.345570701,-0.045705221,1.503961810
1734523554.908765793,2,0.005614984,4.425283214,1.502450722
1734523554.908765793,3,0.010983137,-4.597254269,1.503185490
1734523554.908765793,4,-4.109671867,-0.162330646,1.502748856
1734523554.908765793,5,3.999800086,4.136820822,1.508137214
1734523554.908765793,6,-3.920462641,-4.145876005,1.505448221
1734523554.908765793,7,-4.002094044,4.171972260,1.510757558
1734523554.908765793,8,3.989920443,-4.170783077,1.502155296
1734523554.908765793,9,-8.407077212,-0.211985139,1.502692476
1734523554.978765726,0,0.067253319,-0.046905209,1.504094678
1734523554.978765726,1,4.345570701,-0.045705221,1.503961810
1734523554.978765726,2,0.005614984,4.425283214,1.502450722
1734523554.978765726,3,0.011641667,-4.611864496,1.503263614
1734523554.978765726,4,-4.109671867,-0.162330646,1.502748856
1734523554.978765726,5,3.999800086,4.136820822,1.508137214
1734523554.978765726,6,-3.920462641,-4.145876005,1.505448221
1734523554.978765726,7,-4.002094044,4.171972260,1.510757558
1734523554.978765726,8,3.989920443,-4.170783077,1.502155296
1734523554.978765726,9,-8.407077212,-0.211985139,1.502692476
1734523555.038765669,0,0.071442480,-0.047338185,1.504107650
1734523555.038765669,1,4.363624633,-0.046185924,1.503978460
1734523555.038765669,2,0.005413137,4.446714666,1.502571516
1734523555.038765669,3,0.013222133,-4.621705656,1.503351402
1734523555.038765669,4,-4.114960005,-0.168188849,1.502776457
1734523555.038765669,5,3.999887123,4.150047727,1.506574156
1734523555.038765669,6,-3.914859239,-4.152910533,1.505363388
1734523555.038765669,7,-4.002196140,4.180543235,1.509825860
1734523555.038765669,8,3.989333469,-4.182955529,1.502198142
1734523555.038765669,9,-8.419431574,-0.218023676,1.502707403
1734523555.108765841,0,0.071442480,-0.047338185,1.504107650
1734523555.108765841,1,4.363624633,-0.046185924,1.503978460
1734523555.108765841,2,0.005413137,4.446714666,1.502571516
1734523555.108765841,3,0.013222133,-4.621705656,1.503351402
1734523555.108765841,4,-4.114960005,-0.168188849,1.502776457
1734523555.108765841,5,3.999887123,4.150047727,1.506574156
1734523555.108765841,6,-3.914859239,-4.152910533,1.505363388
1734523555.108765841,7,-4.002196140,4.180543235,1.509825860
1734523555.108765841,8,3.989333469,-4.182955529,1.502198142
1734523555.108765841,9,-8.419431574,-0.218023676,1.502707403
1734523555.168765783,0,0.071442480,-0.047338185,1.504107650
1734523555.168765783,1,4.363624633,-0.046185924,1.503978460
1734523555.168765783,2,0.005413137,4.446714666,1.502571516
1734523555.168765783,3,0.013222133,-4.621705656,1.503351402
1734523555.168765783,4,-4.114960005,-0.168188849,1.502776457
1734523555.168765783,5,3.999887123,4.150047727,1.506574156
1734523555.168765783,6,-3.914859239,-4.152910533,1.505363388
1734523555.168765783,7,-4.002196140,4.180543235,1.509825860
1734523555.168765783,8,3.989333469,-4.182955529,1.502198142
1734523555.168765783,9,-8.419431574,-0.218023676,1.502707403
1734523555.228765726,0,0.071442480,-0.047338185,1.504107650
1734523555.228765726,1,4.363624633,-0.046185924,1.503978460
1734523555.228765726,2,0.005413137,4.446714666,1.502571516
1734523555.228765726,3,0.013222133,-4.621705656,1.503351402
1734523555.228765726,4,-4.114960005,-0.168188849,1.502776457
1734523555.228765726,5,3.999887123,4.150047727,1.506574156
1734523555.228765726,6,-3.914859239,-4.152910533,1.505363388
1734523555.228765726,7,-4.002196140,4.180543235,1.509825860
1734523555.228765726,8,3.989333469,-4.182955529,1.502198142
1734523555.228765726,9,-8.419431574,-0.218023676,1.502707403
1734523555.288765669,0,0.071442480,-0.047338185,1.504107650
1734523555.288765669,1,4.363624633,-0.046185924,1.503978460
1734523555.288765669,2,0.005413137,4.446714666,1.502571516
1734523555.288765669,3,0.013222133,-4.621705656,1.503351402
1734523555.288765669,4,-4.114960005,-0.168188849,1.502776457
1734523555.288765669,5,3.999887123,4.150047727,1.506574156
1734523555.288765669,6,-3.914859239,-4.152910533,1.505363388
1734523555.288765669,7,-4.002196140,4.180543235,1.509825860
1734523555.288765669,8,3.989333469,-4.182955529,1.502198142
1734523555.288765669,9,-8.419431574,-0.218023676,1.502707403
1734523555.358765841,0,0.071442480,-0.047338185,1.504107650
1734523555.358765841,1,4.363624633,-0.046185924,1.503978460
1734523555.358765841,2,0.005413137,4.446714666,1.502571516
1734523555.358765841,3,0.013222133,-4.621705656,1.503351402
1734523555.358765841,4,-4.114960005,-0.168188849,1.502776457
1734523555.358765841,5,3.999887123,4.150047727,1.506574156
1734523555.358765841,6,-3.914859239,-4.152910533,1.505363388
1734523555.358765841,7,-4.002196140,4.180543235,1.509825860
1734523555.358765841,8,3.989333469,-4.182955529,1.502198142
1734523555.358765841,9,-8.419431574,-0.218023676,1.502707403
1734523555.418765783,0,0.071442480,-0.047338185,1.504107650
1734523555.418765783,1,4.363624633,-0.046185924,1.503978460
1734523555.418765783,2,0.005413137,4.446714666,1.502571516
1734523555.418765783,3,0.013222133,-4.621705656,1.503351402
1734523555.418765783,4,-4.114960005,-0.168188849,1.502776457
1734523555.418765783,5,3.999887123,4.150047727,1.506574156
1734523555.418765783,6,-3.914859239,-4.152910533,1.505363388
1734523555.418765783,7,-4.002196140,4.180543235,1.509825860
1734523555.418765783,8,3.989333469,-4.182955529,1.502198142
1734523555.418765783,9,-8.419431574,-0.218023676,1.502707403
1734523555.478765726,0,0.071442480,-0.047338185,1.504107650
1734523555.478765726,1,4.363624633,-0.046185924,1.503978460
1734523555.478765726,2,0.005413137,4.446714666,1.502571516
1734523555.478765726,3,0.013222133,-4.621705656,1.503351402
1734523555.478765726,4,-4.114960005,-0.168188849,1.502776457
1734523555.478765726,5,3.999887123,4.150047727,1.506574156
1734523555.478765726,6,-3.914859239,-4.152910533,1.505363388
1734523555.478765726,7,-4.002196140,4.180543235,1.509825860
1734523555.478765726,8,3.989333469,-4.182955529,1.502198142
1734523555.478765726,9,-8.419431574,-0.218023676,1.502707403
1734523555.548765659,0,0.071442480,-0.047338185,1.504107650
1734523555.548765659,1,4.363624633,-0.046185924,1.503978460
1734523555.548765659,2,0.005413137,4.446714666,1.502571516
1734523555.548765659,3,0.013222133,-4.621705656,1.503351402
1734523555.548765659,4,-4.114960005,-0.168188849,1.502776457
1734523555.548765659,5,3.999887123,4.150047727,1.506574156
1734523555.548765659,6,-3.914859239,-4.152910533,1.505363388
1734523555.548765659,7,-4.002196140,4.180543235,1.509825860
1734523555.548765659,8,3.989333469,-4.182955529,1.502198142
1734523555.548765659,9,-8.419431574,-0.218023676,1.502707403
1734523555.608765841,0,0.071442480,-0.047338185,1.504107650
1734523555.608765841,1,4.363624633,-0.046185924,1.503978460
1734523555.608765841,2,0.005413137,4.446714666,1.502571516
1734523555.608765841,3,0.013222133,-4.621705656,1.503351402
1734523555.608765841,4,-4.114960005,-0.168188849,1.502776457
1734523555.608765841,5,3.999887123,4.150047727,1.506574156
1734523555.608765841,6,-3.914859239,-4.152910533,1.505363388
1734523555.608765841,7,-4.002196140,4.180543235,1.509825860
1734523555.608765841,8,3.989333469,-4.182955529,1.502198142
1734523555.608765841,9,-8.419431574,-0.218023676,1.502707403
1734523555.668765783,0,0.074653952,-0.047258268,1.504120347
1734523555.668765783,1,4.380954528,-0.046901677,1.503994171
1734523555.668765783,2,0.005690512,4.459057367,1.502636179
1734523555.668765783,3,0.013446643,-4.656007436,1.503560445
1734523555.668765783,4,-4.118035555,-0.171587087,1.502801489
1734523555.668765783,5,4.000199331,4.156077122,1.505768872
1734523555.668765783,6,-3.910152547,-4.158773807,1.505254479
1734523555.668765783,7,-4.002398738,4.197856014,1.508033979
1734523555.668765783,8,3.988652586,-4.193437107,1.502281794
1734523555.668765783,9,-8.445828318,-0.228955783,1.502759430
1734523555.728765726,0,0.074653952,-0.047258268,1.504120347
1734523555.728765726,1,4.380954528,-0.046901677,1.503994171
1734523555.728765726,2,0.006407026,4.474296832,1.502731154
1734523555.728765726,3,0.013446643,-4.656007436,1.503560445
1734523555.728765726,4,-4.118035555,-0.171587087,1.502801489
1734523555.728765726,5,4.000112221,4.164654488,1.504851902
1734523555.728765726,6,-3.910152547,-4.158773807,1.505254479
1734523555.728765726,7,-4.002398738,4.197856014,1.508033979
1734523555.728765726,8,3.988652586,-4.193437107,1.502281794
1734523555.728765726,9,-8.445828318,-0.228955783,1.502759430
1734523555.798765659,0,0.074653952,-0.047258268,1.504120347
1734523555.798765659,1,4.380954528,-0.046901677,1.503994171
1734523555.798765659,2,0.006407026,4.474296832,1.502731154
1734523555.798765659,3,0.013446643,-4.656007436,1.503560445
1734523555.798765659,4,-4.118035555,-0.171587087,1.502801489
1734523555.798765659,5,4.000112221,4.164654488,1.504851902
1734523555.798765659,6,-3.910152547,-4.158773807,1.505254479
1734523555.798765659,7,-4.002398738,4.197856014,1.508033979
1734523555.798765659,8,3.988652586,-4.193437107,1.502281794
1734523555.798765659,9,-8.445828318,-0.228955783,1.502759430
1734523555.858765841,0,0.074653952,-0.047258268,1.504120347
1734523555.858765841,1,4.380954528,-0.046901677,1.503994171
1734523555.858765841,2,0.006407026,4.474296832,1.502731154
1734523555.858765841,3,0.013446643,-4.656007436,1.503560445
1734523555.858765841,4,-4.118035555,-0.171587087,1.502801489
1734523555.858765841,5,4.000112221,4.164654488,1.504851902
1734523555.858765841,6,-3.910152547,-4.158773807,1.505254479
1734523555.858765841,7,-4.002398738,4.197856014,1.508033979
1734523555.858765841,8,3.988652586,-4.193437107,1.502281794
1734523555.858765841,9,-8.445828318,-0.228955783,1.502759430
1734523555.928765774,0,0.074653952,-0.047258268,1.504120347
1734523555.928765774,1,4.380954528,-0.046901677,1.503994171
1734523555.928765774,2,0.006407026,4.474296832,1.502731154
1734523555.928765774,3,0.013446643,-4.656007436,1.503560445
1734523555.928765774,4,-4.118035555,-0.171587087,1.502801489
1734523555.928765774,5,4.000112221,4.164654488,1.504851902
1734523555.928765774,6,-3.910152547,-4.158773807,1.505254479
1734523555.928765774,7,-4.002398738,4.197856014,1.508033979
1734523555.928765774,8,3.988652586,-4.193437107,1.502281794
1734523555.928765774,9,-8.445828318,-0.228955783,1.502759430
1734523555.988765717,0,0.074653952,-0.047258268,1.504120347
1734523555.988765717,1,4.380954528,-0.046901677,1.503994171
1734523555.988765717,2,0.006407026,4.474296832,1.502731154
1734523555.988765717,3,0.013446643,-4.656007436,1.503560445
1734523555.988765717,4,-4.118035555,-0.171587087,1.502801489
1734523555.988765717,5,4.000112221,4.164654488,1.504851902
1734523555.988765717,6,-3.910152547,-4.158773807,1.505254479
1734523555.988765717,7,-4.002398738,4.197856014,1.508033979
1734523555.988765717,8,3.988652586,-4.193437107,1.502281794
1734523555.988765717,9,-8.445828318,-0.228955783,1.502759430
1734523556.048765659,0,0.074653952,-0.047258268,1.504120347
1734523556.048765659,1,4.380954528,-0.046901677,1.503994171
1734523556.048765659,2,0.006407026,4.474296832,1.502731154
1734523556.048765659,3,0.013446643,-4.656007436,1.503560445
1734523556.048765659,4,-4.118035555,-0.171587087,1.502801489
1734523556.048765659,5,4.000112221,4.164654488,1.504851902
1734523556.048765659,6,-3.910152547,-4.158773807,1.505254479
1734523556.048765659,7,-4.002398738,4.197856014,1.508033979
1734523556.048765659,8,3.988652586,-4.193437107,1.502281794
1734523556.048765659,9,-8.445828318,-0.228955783,1.502759430
1734523556.108765841,0,0.074653952,-0.047258268,1.504120347
1734523556.108765841,1,4.380954528,-0.046901677,1.503994171
1734523556.108765841,2,0.006407026,4.474296832,1.502731154
1734523556.108765841,3,0.013446643,-4.656007436,1.503560445
1734523556.108765841,4,-4.118035555,-0.171587087,1.502801489
1734523556.108765841,5,4.000112221,4.164654488,1.504851902
1734523556.108765841,6,-3.910152547,-4.158773807,1.505254479
1734523556.108765841,7,-4.002398738,4.197856014,1.508033979
1734523556.108765841,8,3.988652586,-4.193437107,1.502281794
1734523556.108765841,9,-8.445828318,-0.228955783,1.502759430
1734523556.178765774,0,0.074653952,-0.047258268,1.504120347
1734523556.178765774,1,4.380954528,-0.046901677,1.503994171
1734523556.178765774,2,0.006407026,4.474296832,1.502731154
1734523556.178765774,3,0.013446643,-4.656007436,1.503560445
1734523556.178765774,4,-4.118035555,-0.171587087,1.502801489
1734523556.178765774,5,4.000112221,4.164654488,1.504851902
1734523556.178765774,6,-3.910152547,-4.158773807,1.505254479
1734523556.178765774,7,-4.002398738,4.197856014,1.508033979
1734523556.178765774,8,3.988652586,-4.193437107,1.502281794
1734523556.178765774,9,-8.445828318,-0.228955783,1.502759430
1734523556.238765717,0,0.074653952,-0.047258268,1.504120347
1734523556.238765717,1,4.380954528,-0.046901677,1.503994171
1734523556.238765717,2,0.006407026,4.474296832,1.502731154
1734523556.238765717,3,0.013446643,-4.656007436,1.503560445
1734523556.238765717,4,-4.118035555,-0.171587087,1.502801489
1734523556.238765717,5,4.000112221,4.164654488,1.504851902
1734523556.238765717,6,-3.910152547,-4.158773807,1.505254479
1734523556.238765717,7,-4.002398738,4.197856014,1.508033979
1734523556.238765717,8,3.988652586,-4.193437107,1.502281794
1734523556.238765717,9,-8.445828318,-0.228955783,1.502759430
1734523556.298765659,0,0.082340822,-0.047662179,1.504133633
1734523556.298765659,1,4.400725869,-0.046602519,1.504012995
1734523556.298765659,2,0.006471982,4.498735165,1.502985176
1734523556.298765659,3,0.014904773,-4.685378171,1.503795729
1734523556.298765659,4,-4.127797801,-0.182407013,1.502915987
1734523556.298765659,5,3.999611287,4.179725565,1.503485065
1734523556.298765659,6,-3.904854411,-4.165448142,1.505097696
1734523556.298765659,7,-4.002691548,4.224184088,1.505607217
1734523556.298765659,8,3.988002434,-4.206426615,1.502448054
1734523556.298765659,9,-8.485733561,-0.245547493,1.502879223
1734523556.368765831,0,0.082340822,-0.047662179,1.504133633
1734523556.368765831,1,4.400725869,-0.046602519,1.504012995
1734523556.368765831,2,0.006471982,4.498735165,1.502985176
1734523556.368765831,3,0.014904773,-4.685378171,1.503795729
1734523556.368765831,4,-4.127797801,-0.182407013,1.502915987
1734523556.368765831,5,3.999611287,4.179725565,1.503485065
1734523556.368765831,6,-3.904854411,-4.165448142,1.505097696
1734523556.368765831,7,-4.002691548,4.224184088,1.505607217
1734523556.368765831,8,3.988002434,-4.206426615,1.502448054
1734523556.368765831,9,-8.485733561,-0.245547493,1.502879223
1734523556.428765774,0,0.082340822,-0.047662179,1.504133633
1734523556.428765774,1,4.400725869,-0.046602519,1.504012995
1734523556.428765774,2,0.006471982,4.498735165,1.502985176
1734523556.428765774,3,0.014904773,-4.685378171,1.503795729
1734523556.428765774,4,-4.127797801,-0.182407013,1.502915987
1734523556.428765774,5,3.999611287,4.179725565,1.503485065
1734523556.428765774,6,-3.904854411,-4.165448142,1.505097696
1734523556.428765774,7,-4.002691548,4.224184088,1.505607217
1734523556.428765774,8,3.988002434,-4.206426615,1.502448054
1734523556.428765774,9,-8.485733561,-0.245547493,1.502879223
1734523556.498765707,0,0.082340822,-0.047662179,1.504133633
1734523556.498765707,1,4.400725869,-0.046602519,1.504012995
1734523556.498765707,2,0.006471982,4.498735165,1.502985176
1734523556.498765707,3,0.014904773,-4.685378171,1.503795729
1734523556.498765707,4,-4.127797801,-0.182407013,1.502915987
1734523556.498765707,5,3.999611287,4.179725565,1.503485065
1734523556.498765707,6,-3.904854411,-4.165448142,1.505097696
1734523556.498765707,7,-4.002691548,4.224184088,1.505607217
1734523556.498765707,8,3.988002434,-4.206426615,1.502448054
1734523556.498765707,9,-8.485733561,-0.245547493,1.502879223
1734523556.558765650,0,0.082340822,-0.047662179,1.504133633
1734523556.558765650,1,4.400725869,-0.046602519,1.504012995
1734523556.558765650,2,0.006471982,4.498735165,1.502985176
1734523556.558765650,3,0.014904773,-4.685378171,1.503795729
1734523556.558765650,4,-4.127797801,-0.182407013,1.502915987
1734523556.558765650,5,3.999611287,4.179725565,1.503485065
1734523556.558765650,6,-3.904854411,-4.165448142,1.505097696
1734523556.558765650,7,-4.002691548,4.224184088,1.505607217
1734523556.558765650,8,3.988002434,-4.206426615,1.502448054
1734523556.558765650,9,-8.485733561,-0.245547493,1.502879223
1734523556.618765831,0,0.082340822,-0.047662179,1.504133633
1734523556.618765831,1,4.400725869,-0.046602519,1.504012995
1734523556.618765831,2,0.006471982,4.498735165,1.502985176
1734523556.618765831,3,0.014904773,-4.685378171,1.503795729
1734523556.618765831,4,-4.127797801,-0.182407013,1.502915987
1734523556.618765831,5,3.999611287,4.179725565,1.503485065
1734523556.618765831,6,-3.904854411,-4.165448142,1.505097696
1734523556.618765831,7,-4.002691548,4.224184088,1.505607217
1734523556.618765831,8,3.988002434,-4.206426615,1.502448054
1734523556.618765831,9,-8.485733561,-0.245547493,1.502879223
1734523556.678765774,0,0.082340822,-0.047662179,1.504133633
1734523556.678765774,1,4.400725869,-0.046602519,1.504012995
1734523556.678765774,2,0.006471982,4.498735165,1.502985176
1734523556.678765774,3,0.014904773,-4.685378171,1.503795729
1734523556.678765774,4,-4.127797801,-0.182407013,1.502915987
1734523556.678765774,5,3.999611287,4.179725565,1.503485065
1734523556.678765774,6,-3.904854411,-4.165448142,1.505097696
1734523556.678765774,7,-4.002691548,4.224184088,1.505607217
1734523556.678765774,8,3.988002434,-4.206426615,1.502448054
1734523556.678765774,9,-8.485733561,-0.245547493,1.502879223
1734523556.748765707,0,0.082340822,-0.047662179,1.504133633
1734523556.748765707,1,4.400725869,-0.046602519,1.504012995
1734523556.748765707,2,0.006471982,4.498735165,1.502985176
1734523556.748765707,3,0.014904773,-4.685378171,1.503795729
1734523556.748765707,4,-4.127797801,-0.182407013,1.502915987
1734523556.748765707,5,3.999611287,4.179725565,1.503485065
1734523556.748765707,6,-3.904854411,-4.165448142,1.505097696
1734523556.748765707,7,-4.002691548,4.224184088,1.505607217
1734523556.748765707,8,3.988002434,-4.206426615,1.502448054
1734523556.748765707,9,-8.485733561,-0.245547493,1.502879223
1734523556.808765650,0,0.082340822,-0.047662179,1.504133633
1734523556.808765650,1,4.400725869,-0.046602519,1.504012995
1734523556.808765650,2,0.006471982,4.498735165,1.502985176
1734523556.808765650,3,0.014904773,-4.685378171,1.503795729
1734523556.808765650,4,-4.127797801,-0.182407013,1.502915987
1734523556.808765650,5,3.999611287,4.179725565,1.503485065
1734523556.808765650,6,-3.904854411,-4.165448142,1.505097696
1734523556.808765650,7,-4.002691548,4.224184088,1.505607217
1734523556.808765650,8,3.988002434,-4.206426615,1.502448054
1734523556.808765650,9,-8.485733561,-0.245547493,1.502879223
1734523556.868765831,0,0.082340822,-0.047662179,1.504133633
1734523556.868765831,1,4.400725869,-0.046602519,1.504012995
1734523556.868765831,2,0.006471982,4.498735165,1.502985176
1734523556.868765831,3,0.014904773,-4.685378171,1.503795729
1734523556.868765831,4,-4.127797801,-0.182407013,1.502915987
1734523556.868765831,5,3.999611287,4.179725565,1.503485065
1734523556.868765831,6,-3.901599114,-4.169504517,1.504988262
1734523556.868765831,7,-4.002691548,4.224184088,1.505607217
1734523556.868765831,8,3.988002434,-4.206426615,1.502448054
1734523556.868765831,9,-8.485733561,-0.245547493,1.502879223
1734523556.938765764,0,0.087787777,-0.047855703,1.504146202
1734523556.938765764,1,4.417414610,-0.047000127,1.504026208
1734523556.938765764,2,0.006524761,4.520863043,1.503234548
1734523556.938765764,3,0.015832210,-4.715554853,1.504032906
1734523556.938765764,4,-4.133216655,-0.188436589,1.502996158
1734523556.938765764,5,4.000242172,4.192956259,1.502437927
1734523556.938765764,6,-3.899394782,-4.172229192,1.504910083
1734523556.938765764,7,-4.002785788,4.233042688,1.505026394
1734523556.938765764,8,3.987427426,-4.217404538,1.502651603
1734523556.938765764,9,-8.499098066,-0.251110462,1.502916799
1734523556.998765707,0,0.087787777,-0.047855703,1.504146202
1734523556.998765707,1,4.417414610,-0.047000127,1.504026208
1734523556.998765707,2,0.006524761,4.520863043,1.503234548
1734523556.998765707,3,0.015832210,-4.715554853,1.504032906
1734523556.998765707,4,-4.133216655,-0.188436589,1.502996158
1734523556.998765707,5,4.000242172,4.192956259,1.502437927
1734523556.998765707,6,-3.899394782,-4.172229192,1.504910083
1734523556.998765707,7,-4.002785788,4.233042688,1.505026394
1734523556.998765707,8,3.987427426,-4.217404538,1.502651603
1734523556.998765707,9,-8.499098066,-0.251110462,1.502916799
1734523557.058765650,0,0.087787777,-0.047855703,1.504146202
1734523557.058765650,1,4.417414610,-0.047000127,1.504026208
1734523557.058765650,2,0.006524761,4.520863043,1.503234548
1734523557.058765650,3,0.015832210,-4.715554853,1.504032906
1734523557.058765650,4,-4.133216655,-0.188436589,1.502996158
1734523557.058765650,5,4.000242172,4.192956259,1.502437927
1734523557.058765650,6,-3.899394782,-4.172229192,1.504910083
1734523557.058765650,7,-4.002785788,4.233042688,1.505026394
1734523557.058765650,8,3.987427426,-4.217404538,1.502651603
1734523557.058765650,9,-8.499098066,-0.251110462,1.502916799
1734523557.128765821,0,0.087787777,-0.047855703,1.504146202
1734523557.128765821,1,4.417414610,-0.047000127,1.504026208
1734523557.128765821,2,0.006524761,4.520863043,1.503234548
1734523557.128765821,3,0.015832210,-4.715554853,1.504032906
1734523557.128765821,4,-4.133216655,-0.188436589,1.502996158
1734523557.128765821,5,4.000242172,4.192956259,1.502437927
1734523557.128765821,6,-3.899394782,-4.172229192,1.504910083
1734523557.128765821,7,-4.002785788,4.233042688,1.505026394
1734523557.128765821,8,3.987427426,-4.217404538,1.502651603
1734523557.128765821,9,-8.499098066,-0.251110462,1.502916799
1734523557.188765764,0,0.087787777,-0.047855703,1.504146202
1734523557.188765764,1,4.417414610,-0.047000127,1.504026208
1734523557.188765764,2,0.006524761,4.520863043,1.503234548
1734523557.188765764,3,0.015832210,-4.715554853,1.504032906
1734523557.188765764,4,-4.133216655,-0.188436589,1.502996158
1734523557.188765764,5,4.000242172,4.192956259,1.502437927
1734523557.188765764,6,-3.899394782,-4.172229192,1.504910083
1734523557.188765764,7,-4.002785788,4.233042688,1.505026394
1734523557.188765764,8,3.987427426,-4.217404538,1.502651603
1734523557.188765764,9,-8.499098066,-0.251110462,1.502916799
1734523557.248765707,0,0.087787777,-0.047855703,1.504146202
1734523557.248765707,1,4.417414610,-0.047000127,1.504026208
1734523557.248765707,2,0.006524761,4.520863043,1.503234548
1734523557.248765707,3,0.015832210,-4.715554853,1.504032906
1734523557.248765707,4,-4.133216655,-0.188436589,1.502996158
1734523557.248765707,5,4.000242172,4.192956259,1.502437927
1734523557.248765707,6,-3.899394782,-4.172229192,1.504910083
1734523557.248765707,7,-4.002785788,4.233042688,1.505026394
1734523557.248765707,8,3.987427426,-4.217404538,1.502651603
1734523557.248765707,9,-8.499098066,-0.251110462,1.502916799
1734523557.308765650,0,0.087787777,-0.047855703,1.504146202
1734523557.308765650,1,4.417414610,-0.047000127,1.504026208
1734523557.308765650,2,0.006524761,4.520863043,1.503234548
1734523557.308765650,3,0.015832210,-4.715554853,1.504032906
1734523557.308765650,4,-4.133216655,-0.188436589,1.502996158
1734523557.308765650,5,4.000242172,4.192956259,1.502437927
1734523557.308765650,6,-3.899394782,-4.172229192,1.504910083
1734523557.308765650,7,-4.002785788,4.233042688,1.505026394
1734523557.308765650,8,3.987427426,-4.217404538,1.502651603
1734523557.308765650,9,-8.499098066,-0.251110462,1.502916799
1734523557.368765831,0,0.087787777,-0.047855703,1.504146202
1734523557.368765831,1,4.417414610,-0.047000127,1.504026208
1734523557.368765831,2,0.006524761,4.520863043,1.503234548
1734523557.368765831,3,0.015832210,-4.715554853,1.504032906
1734523557.368765831,4,-4.133216655,-0.188436589,1.502996158
1734523557.368765831,5,4.000242172,4.192956259,1.502437927
1734523557.368765831,6,-3.899394782,-4.172229192,1.504910083
1734523557.368765831,7,-4.002785788,4.233042688,1.505026394
1734523557.368765831,8,3.987427426,-4.217404538,1.502651603
1734523557.368765831,9,-8.499098066,-0.251110462,1.502916799
1734523557.438765764,0,0.087787777,-0.047855703,1.504146202
1734523557.438765764,1,4.417414610,-0.047000127,1.504026208
1734523557.438765764,2,0.006524761,4.520863043,1.503234548
1734523557.438765764,3,0.015832210,-4.715554853,1.504032906
1734523557.438765764,4,-4.133216655,-0.188436589,1.502996158
1734523557.438765764,5,4.000242172,4.192956259,1.502437927
1734523557.438765764,6,-3.899394782,-4.172229192,1.504910083
1734523557.438765764,7,-4.002785788,4.233042688,1.505026394
1734523557.438765764,8,3.987427426,-4.217404538,1.502651603
1734523557.438765764,9,-8.499098066,-0.251110462,1.502916799
1734523557.498765707,0,0.087787777,-0.047855703,1.504146202
1734523557.498765707,1,4.417414610,-0.047000127,1.504026208
1734523557.498765707,2,0.006524761,4.520863043,1.503234548
1734523557.498765707,3,0.015832210,-4.715554853,1.504032906
1734523557.498765707,4,-4.133216655,-0.188436589,1.502996158
1734523557.498765707,5,4.000242172,4.192956259,1.502437927
1734523557.498765707,6,-3.899394782,-4.172229192,1.504910083
1734523557.498765707,7,-4.002785788,4.233042688,1.505026394
1734523557.498765707,8,3.987427426,-4.217404538,1.502651603
1734523557.498765707,9,-8.512492155,-0.256689765,1.502977249
1734523557.558765650,0,0.093243245,-0.048220000,1.504161396
1734523557.558765650,1,4.438464786,-0.046971501,1.504044413
1734523557.558765650,2,0.007262414,4.548745777,1.503548413
1734523557.558765650,3,0.017599114,-4.744725497,1.504341590
1734523557.558765650,4,-4.136474679,-0.192038652,1.503044431
1734523557.558765650,5,4.000158636,4.209637466,1.501372989
1734523557.558765650,6,-3.893847241,-4.179185787,1.504701199
1734523557.558765650,7,-4.003055178,4.259835059,1.502976124
1734523557.558765650,8,3.986734165,-4.229952531,1.502904567
1734523557.558765650,9,-8.539363440,-0.267897326,1.503083747
1734523557.618765831,0,0.093243245,-0.048220000,1.504161396
1734523557.618765831,1,4.438464786,-0.046971501,1.504044413
1734523557.618765831,2,0.007262414,4.548745777,1.503548413
1734523557.618765831,3,0.017599114,-4.744725497,1.504341590
1734523557.618765831,4,-4.140007772,-0.195988747,1.503104235
1734523557.618765831,5,4.000158636,4.209637466,1.501372989
1734523557.618765831,6,-3.893847241,-4.179185787,1.504701199
1734523557.618765831,7,-4.003055178,4.259835059,1.502976124
1734523557.618765831,8,3.986734165,-4.229952531,1.502904567
1734523557.618765831,9,-8.539363440,-0.267897326,1.503083747
1734523557.688765764,0,0.093243245,-0.048220000,1.504161396
1734523557.688765764,1,4.438464786,-0.046971501,1.504044413
1734523557.688765764,2,0.007262414,4.548745777,1.503548413
1734523557.688765764,3,0.017599114,-4.744725497,1.504341590
1734523557.688765764,4,-4.140007772,-0.195988747,1.503104235
1734523557.688765764,5,4.000158636,4.209637466,1.501372989
1734523557.688765764,6,-3.893847241,-4.179185787,1.504701199
1734523557.688765764,7,-4.003055178,4.259835059,1.502976124
1734523557.688765764,8,3.986734165,-4.229952531,1.502904567
1734523557.688765764,9,-8.539363440,-0.267897326,1.503083747
1734523557.748765707,0,0.093243245,-0.048220000,1.504161396
1734523557.748765707,1,4.438464786,-0.046971501,1.504044413
1734523557.748765707,2,0.007262414,4.548745777,1.503548413
1734523557.748765707,3,0.017599114,-4.744725497,1.504341590
1734523557.748765707,4,-4.140007772,-0.195988747,1.503104235
1734523557.748765707,5,4.000158636,4.209637466,1.501372989
1734523557.748765707,6,-3.893847241,-4.179185787,1.504701199
1734523557.748765707,7,-4.003055178,4.259835059,1.502976124
1734523557.748765707,8,3.986734165,-4.229952531,1.502904567
1734523557.748765707,9,-8.539363440,-0.267897326,1.503083747
1734523557.808765650,0,0.093243245,-0.048220000,1.504161396
1734523557.808765650,1,4.438464786,-0.046971501,1.504044413
1734523557.808765650,2,0.007262414,4.548745777,1.503548413
1734523557.808765650,3,0.017599114,-4.744725497,1.504341590
1734523557.808765650,4,-4.140007772,-0.195988747,1.503104235
1734523557.808765650,5,4.000158636,4.209637466,1.501372989
1734523557.808765650,6,-3.893847241,-4.179185787,1.504701199
1734523557.808765650,7,-4.003055178,4.259835059,1.502976124
1734523557.808765650,8,3.986734165,-4.229952531,1.502904567
1734523557.808765650,9,-8.539363440,-0.267897326,1.503083747
1734523557.878765821,0,0.093243245,-0.048220000,1.504161396
1734523557.878765821,1,4.438464786,-0.046971501,1.504044413
1734523557.878765821,2,0.007262414,4.548745777,1.503548413
1734523557.878765821,3,0.017599114,-4.744725497,1.504341590
1734523557.878765821,4,-4.140007772,-0.195988747,1.503104235
1734523557.878765821,5,4.000158636,4.209637466,1.501372989
1734523557.878765821,6,-3.893847241,-4.179185787,1.504701199
1734523557.878765821,7,-4.003055178,4.259835059,1.502976124
1734523557.878765821,8,3.986734165,-4.229952531,1.502904567
1734523557.878765821,9,-8.539363440,-0.267897326,1.503083747
1734523557.938765764,0,0.093243245,-0.048220000,1.504161396
1734523557.938765764,1,4.438464786,-0.046971501,1.504044413
1734523557.938765764,2,0.007262414,4.548745777,1.503548413
1734523557.938765764,3,0.017599114,-4.744725497,1.504341590
1734523557.938765764,4,-4.140007772,-0.195988747,1.503104235
1734523557.938765764,5,4.000158636,4.209637466,1.501372989
1734523557.938765764,6,-3.893847241,-4.179185787,1.504701199
1734523557.938765764,7,-4.003055178,4.259835059,1.502976124
1734523557.938765764,8,3.986734165,-4.229952531,1.502904567
1734523557.938765764,9,-8.539363440,-0.267897326,1.503083747
1734523557.998765707,0,0.093243245,-0.048220000,1.504161396
1734523557.998765707,1,4.438464786,-0.046971501,1.504044413
1734523557.998765707,2,0.007262414,4.548745777,1.503548413
1734523557.998765707,3,0.017599114,-4.744725497,1.504341590
1734523557.998765707,4,-4.140007772,-0.195988747,1.503104235
1734523557.998765707,5,4.000158636,4.209637466,1.501372989
1734523557.998765707,6,-3.893847241,-4.179185787,1.504701199
1734523557.998765707,7,-4.003055178,4.259835059,1.502976124
1734523557.998765707,8,3.986734165,-4.229952531,1.502904567
1734523557.998765707,9,-8.539363440,-0.267897326,1.503083747
1734523558.068765879,0,0.093243245,-0.048220000,1.504161396
1734523558.068765879,1,4.438464786,-0.046971501,1.504044413
1734523558.068765879,2,0.007262414,4.548745777,1.503548413
1734523558.068765879,3,0.017599114,-4.744725497,1.504341590
1734523558.068765879,4,-4.140007772,-0.195988747,1.503104235
1734523558.068765879,5,4.000158636,4.209637466,1.501372989
1734523558.068765879,6,-3.893847241,-4.179185787,1.504701199
1734523558.068765879,7,-4.003055178,4.259835059,1.502976124
1734523558.068765879,8,3.986734165,-4.229952531,1.502904567
1734523558.068765879,9,-8.539363440,-0.267897326,1.503083747
1734523558.128765821,0,0.093243245,-0.048220000,1.504161396
1734523558.128765821,1,4.438464786,-0.046971501,1.504044413
1734523558.128765821,2,0.007262414,4.548745777,1.503548413
1734523558.128765821,3,0.017599114,-4.744725497,1.504341590
1734523558.128765821,4,-4.140007772,-0.195988747,1.503104235
1734523558.128765821,5,4.000158636,4.209637466,1.501372989
1734523558.128765821,6,-3.891048628,-4.182735732,1.504591954
1734523558.128765821,7,-4.003055178,4.259835059,1.502976124
1734523558.128765821,8,3.986427907,-4.237515893,1.503048058
1734523558.128765821,9,-8.539363440,-0.267897326,1.503083747
1734523558.188765764,0,0.098101838,-0.048735020,1.504174228
1734523558.188765764,1,4.457124105,-0.047587605,1.504058895
1734523558.188765764,2,0.007382005,4.561291595,1.503744067
1734523558.188765764,3,0.020014844,-4.769870817,1.504623880
1734523558.188765764,4,-4.145327754,-0.201942588,1.503195417
1734523558.188765764,5,3.999989397,4.225014938,1.500685500
1734523558.188765764,6,-3.887615644,-4.187016972,1.504458400
1734523558.188765764,7,-4.003140052,4.268833532,1.502437554
1734523558.188765764,8,3.986178955,-4.243901731,1.503198531
1734523558.188765764,9,-8.552840459,-0.273525993,1.503138593
1734523558.258765697,0,0.098101838,-0.048735020,1.504174228
1734523558.258765697,1,4.457124105,-0.047587605,1.504058895
1734523558.258765697,2,0.007156015,4.571033943,1.503909219
1734523558.258765697,3,0.020014844,-4.769870817,1.504623880
1734523558.258765697,4,-4.145327754,-0.201942588,1.503195417
1734523558.258765697,5,3.999989397,4.225014938,1.500685500
1734523558.258765697,6,-3.887615644,-4.187016972,1.504458400
1734523558.258765697,7,-4.003140052,4.268833532,1.502437554
1734523558.258765697,8,3.986178955,-4.243901731,1.503198531
1734523558.258765697,9,-8.552840459,-0.273525993,1.503138593
1734523558.318765879,0,0.098101838,-0.048735020,1.504174228
1734523558.318765879,1,4.457124105,-0.047587605,1.504058895
1734523558.318765879,2,0.007156015,4.571033943,1.503909219
1734523558.318765879,3,0.020014844,-4.769870817,1.504623880
1734523558.318765879,4,-4.145327754,-0.201942588,1.503195417
1734523558.318765879,5,3.999989397,4.225014938,1.500685500
1734523558.318765879,6,-3.887615644,-4.187016972,1.504458400
1734523558.318765879,7,-4.003140052,4.268833532,1.502437554
1734523558.318765879,8,3.986178955,-4.243901731,1.503198531
1734523558.318765879,9,-8.552840459,-0.273525993,1.503138593
1734523558.378765821,0,0.098101838,-0.048735020,1.504174228
1734523558.378765821,1,4.457124105,-0.047587605,1.504058895
1734523558.378765821,2,0.007156015,4.571033943,1.503909219
1734523558.378765821,3,0.020014844,-4.769870817,1.504623880
1734523558.378765821,4,-4.145327754,-0.201942588,1.503195417
1734523558.378765821,5,3.999989397,4.225014938,1.500685500
1734523558.378765821,6,-3.887615644,-4.187016972,1.504458400
1734523558.378765821,7,-4.003140052,4.268833532,1.502437554
1734523558.378765821,8,3.986178955,-4.243901731,1.503198531
1734523558.378765821,9,-8.552840459,-0.273525993,1.503138593
1734523558.448765755,0,0.098101838,-0.048735020,1.504174228
1734523558.448765755,1,4.457124105,-0.047587605,1.504058895
1734523558.448765755,2,0.007156015,4.571033943,1.503909219
1734523558.448765755,3,0.020014844,-4.769870817,1.504623880
1734523558.448765755,4,-4.145327754,-0.201942588,1.503195417
1734523558.448765755,5,3.999989397,4.225014938,1.500685500
1734523558.448765755,6,-3.887615644,-4.187016972,1.504458400
1734523558.448765755,7,-4.003140052,4.268833532,1.502437554
1734523558.448765755,8,3.986178955,-4.243901731,1.503198531
1734523558.448765755,9,-8.552840459,-0.273525993,1.503138593
1734523558.508765697,0,0.098101838,-0.048735020,1.504174228
1734523558.508765697,1,4.457124105,-0.047587605,1.504058895
1734523558.508765697,2,0.007156015,4.571033943,1.503909219
1734523558.508765697,3,0.020014844,-4.769870817,1.504623880
1734523558.508765697,4,-4.145327754,-0.201942588,1.503195417
1734523558.508765697,5,3.999989397,4.225014938,1.500685500
1734523558.508765697,6,-3.887615644,-4.187016972,1.504458400
1734523558.508765697,7,-4.003140052,4.268833532,1.502437554
1734523558.508765697,8,3.986178955,-4.243901731,1.503198531
1734523558.508765697,9,-8.552840459,-0.273525993,1.503138593
1734523558.578765869,0,0.098101838,-0.048735020,1.504174228
1734523558.578765869,1,4.457124105,-0.047587605,1.504058895
1734523558.578765869,2,0.007156015,4.571033943,1.503909219
1734523558.578765869,3,0.020014844,-4.769870817,1.504623880
1734523558.578765869,4,-4.145327754,-0.201942588,1.503195417
1734523558.578765869,5,3.999989397,4.225014938,1.500685500
1734523558.578765869,6,-3.887615644,-4.187016972,1.504458400
1734523558.578765869,7,-4.003140052,4.268833532,1.502437554
1734523558.578765869,8,3.986178955,-4.243901731,1.503198531
1734523558.578765869,9,-8.552840459,-0.273525993,1.503138593
1734523558.638765812,0,0.098101838,-0.048735020,1.504174228
1734523558.638765812,1,4.457124105,-0.047587605,1.504058895
1734523558.638765812,2,0.007156015,4.571033943,1.503909219
1734523558.638765812,3,0.020014844,-4.769870817,1.504623880
1734523558.638765812,4,-4.145327754,-0.201942588,1.503195417
1734523558.638765812,5,3.999989397,4.225014938,1.500685500
1734523558.638765812,6,-3.887615644,-4.187016972,1.504458400
1734523558.638765812,7,-4.003140052,4.268833532,1.502437554
1734523558.638765812,8,3.986178955,-4.243901731,1.503198531
1734523558.638765812,9,-8.552840459,-0.273525993,1.503138593
1734523558.708765745,0,0.098101838,-0.048735020,1.504174228
1734523558.708765745,1,4.457124105,-0.047587605,1.504058895
1734523558.708765745,2,0.007156015,4.571033943,1.503909219
1734523558.708765745,3,0.020014844,-4.769870817,1.504623880
1734523558.708765745,4,-4.145327754,-0.201942588,1.503195417
1734523558.708765745,5,3.999989397,4.225014938,1.500685500
1734523558.708765745,6,-3.887615644,-4.187016972,1.504458400
1734523558.708765745,7,-4.003140052,4.268833532,1.502437554
1734523558.708765745,8,3.986178955,-4.243901731,1.503198531
1734523558.708765745,9,-8.552840459,-0.273525993,1.503138593
1734523558.778765678,0,0.098101838,-0.048735020,1.504174228
1734523558.778765678,1,4.457124105,-0.047587605,1.504058895
1734523558.778765678,2,0.007156015,4.571033943,1.503909219
1734523558.778765678,3,0.020014844,-4.769870817,1.504623880
1734523558.778765678,4,-4.145327754,-0.201942588,1.503195417
1734523558.778765678,5,3.999989397,4.225014938,1.500685500
1734523558.778765678,6,-3.887615644,-4.187016972,1.504458400
1734523558.778765678,7,-4.003222323,4.277865696,1.502044955
1734523558.778765678,8,3.986178955,-4.243901731,1.503198531
1734523558.778765678,9,-8.552840459,-0.273525993,1.503138593
1734523558.838765860,0,0.104766167,-0.048806890,1.504186513
1734523558.838765860,1,4.474662350,-0.047503659,1.504073358
1734523558.838765860,2,0.008258185,4.599648141,1.504210517
1734523558.838765860,3,0.022075563,-4.805996911,1.504898722
1734523558.838765860,4,-4.148415723,-0.205387388,1.503246433
1734523558.838765860,5,4.000330743,4.241170593,1.500056342
1734523558.838765860,6,-3.882382999,-4.193547042,1.504259060
1734523558.838765860,7,-4.003301689,4.286931569,1.501507539
1734523558.838765860,8,3.985503973,-4.255816385,1.503481171
1734523558.838765860,9,-8.579880826,-0.284836185,1.503248599
1734523558.898765802,0,0.104766167,-0.048806890,1.504186513
1734523558.898765802,1,4.474662350,-0.047503659,1.504073358
1734523558.898765802,2,0.008258185,4.599648141,1.504210517
1734523558.898765802,3,0.022075563,-4.805996911,1.504898722
1734523558.898765802,4,-4.148415723,-0.205387388,1.503246433
1734523558.898765802,5,4.000330743,4.241170593,1.500056342
1734523558.898765802,6,-3.882382999,-4.193547042,1.504259060
1734523558.898765802,7,-4.003301689,4.286931569,1.501507539
1734523558.898765802,8,3.985503973,-4.255816385,1.503481171
1734523558.898765802,9,-8.579880826,-0.284836185,1.503248599
1734523558.968765736,0,0.104766167,-0.048806890,1.504186513
1734523558.968765736,1,4.474662350,-0.047503659,1.504073358
1734523558.968765736,2,0.008258185,4.599648141,1.504210517
1734523558.968765736,3,0.022075563,-4.805996911,1.504898722
1734523558.968765736,4,-4.148415723,-0.205387388,1.503246433
1734523558.968765736,5,4.000330743,4.241170593,1.500056342
1734523558.968765736,6,-3.882382999,-4.193547042,1.504259060
1734523558.968765736,7,-4.003301689,4.286931569,1.501507539
1734523558.968765736,8,3.985503973,-4.255816385,1.503481171
1734523558.968765736,9,-8.579880826,-0.284836185,1.503248599
1734523559.028765678,0,0.104766167,-0.048806890,1.504186513
1734523559.028765678,1,4.474662350,-0.047503659,1.504073358
1734523559.028765678,2,0.008258185,4.599648141,1.504210517
1734523559.028765678,3,0.022075563,-4.805996911,1.504898722
1734523559.028765678,4,-4.148415723,-0.205387388,1.503246433
1734523559.028765678,5,4.000330743,4.241170593,1.500056342
1734523559.028765678,6,-3.882382999,-4.193547042,1.504259060
1734523559.028765678,7,-4.003301689,4.286931569,1.501507539
1734523559.028765678,8,3.985503973,-4.255816385,1.503481171
1734523559.028765678,9,-8.579880826,-0.284836185,1.503248599
1734523559.088765860,0,0.104766167,-0.048806890,1.504186513
1734523559.088765860,1,4.474662350,-0.047503659,1.504073358
1734523559.088765860,2,0.008258185,4.599648141,1.504210517
1734523559.088765860,3,0.022075563,-4.805996911,1.504898722
1734523559.088765860,4,-4.148415723,-0.205387388,1.503246433
1734523559.088765860,5,4.000330743,4.241170593,1.500056342
1734523559.088765860,6,-3.882382999,-4.193547042,1.504259060
1734523559.088765860,7,-4.003301689,4.286931569,1.501507539
1734523559.088765860,8,3.985503973,-4.255816385,1.503481171
1734523559.088765860,9,-8.579880826,-0.284836185,1.503248599
1734523559.148765802,0,0.104766167,-0.048806890,1.504186513
1734523559.148765802,1,4.474662350,-0.047503659,1.504073358
1734523559.148765802,2,0.008258185,4.599648141,1.504210517
1734523559.148765802,3,0.022075563,-4.805996911,1.504898722
1734523559.148765802,4,-4.148415723,-0.205387388,1.503246433
1734523559.148765802,5,4.000330743,4.241170593,1.500056342
1734523559.148765802,6,-3.882382999,-4.193547042,1.504259060
1734523559.148765802,7,-4.003301689,4.286931569,1.501507539
1734523559.148765802,8,3.985503973,-4.255816385,1.503481171
1734523559.148765802,9,-8.579880826,-0.284836185,1.503248599
1734523559.218765736,0,0.104766167,-0.048806890,1.504186513
1734523559.218765736,1,4.474662350,-0.047503659,1.504073358
1734523559.218765736,2,0.008258185,4.599648141,1.504210517
1734523559.218765736,3,0.022075563,-4.805996911,1.504898722
1734523559.218765736,4,-4.148415723,-0.205387388,1.503246433
1734523559.218765736,5,4.000330743,4.241170593,1.500056342
1734523559.218765736,6,-3.882382999,-4.193547042,1.504259060
1734523559.218765736,7,-4.003301689,4.286931569,1.501507539
1734523559.218765736,8,3.985503973,-4.255816385,1.503481171
1734523559.218765736,9,-8.579880826,-0.284836185,1.503248599
1734523559.278765678,0,0.104766167,-0.048806890,1.504186513
1734523559.278765678,1,4.474662350,-0.047503659,1.504073358
1734523559.278765678,2,0.008258185,4.599648141,1.504210517
1734523559.278765678,3,0.022075563,-4.805996911,1.504898722
1734523559.278765678,4,-4.148415723,-0.205387388,1.503246433
1734523559.278765678,5,4.000330743,4.241170593,1.500056342
1734523559.278765678,6,-3.882382999,-4.193547042,1.504259060
1734523559.278765678,7,-4.003301689,4.286931569,1.501507539
1734523559.278765678,8,3.985503973,-4.255816385,1.503481171
1734523559.278765678,9,-8.579880826,-0.284836185,1.503248599
1734523559.338765860,0,0.104766167,-0.048806890,1.504186513
1734523559.338765860,1,4.474662350,-0.047503659,1.504073358
1734523559.338765860,2,0.008258185,4.599648141,1.504210517
1734523559.338765860,3,0.022075563,-4.805996911,1.504898722
1734523559.338765860,4,-4.148415723,-0.205387388,1.503246433
1734523559.338765860,5,4.000330743,4.241170593,1.500056342
1734523559.338765860,6,-3.879445176,-4.197234657,1.504151448
1734523559.338765860,7,-4.003301689,4.286931569,1.501507539
1734523559.338765860,8,3.985503973,-4.255816385,1.503481171
1734523559.338765860,9,-8.593443756,-0.290518631,1.503303102
1734523559.408765793,0,0.104766167,-0.048806890,1.504186513
1734523559.408765793,1,4.474662350,-0.047503659,1.504073358
1734523559.408765793,2,0.008258185,4.599648141,1.504210517
1734523559.408765793,3,0.022075563,-4.805996911,1.504898722
1734523559.408765793,4,-4.148415723,-0.205387388,1.503246433
1734523559.408765793,5,4.000330743,4.241170593,1.500056342
1734523559.408765793,6,-3.879445176,-4.197234657,1.504151448
1734523559.408765793,7,-4.003377635,4.296030494,1.501113070
1734523559.408765793,8,3.985503973,-4.255816385,1.503481171
1734523559.408765793,9,-8.593443756,-0.290518631,1.503303102
1734523559.468765736,0,0.110940452,-0.049445912,1.504198022
1734523559.468765736,1,4.495736505,-0.047945343,1.504089835
1734523559.468765736,2,0.008417502,4.625017652,1.504560448
1734523559.468765736,3,0.021125396,-4.819223229,1.505142702
1734523559.468765736,4,-4.155165524,-0.213024720,1.503357422
1734523559.468765736,5,4.000348855,4.257261573,1.499664343
1734523559.468765736,6,-3.876498865,-4.200978653,1.504046587
1734523559.468765736,7,-4.003538285,4.314307772,1.500463800
1734523559.468765736,8,3.984876481,-4.270492000,1.503847029
1734523559.468765736,9,-8.620763852,-0.302046845,1.503451306
1734523559.528765678,0,0.110940452,-0.049445912,1.504198022
1734523559.528765678,1,4.495736505,-0.047945343,1.504089835
1734523559.528765678,2,0.008417502,4.625017652,1.504560448
1734523559.528765678,3,0.021125396,-4.819223229,1.505142702
1734523559.528765678,4,-4.158201527,-0.216336168,1.503406030
1734523559.528765678,5,4.000348855,4.257261573,1.499664343
1734523559.528765678,6,-3.876498865,-4.200978653,1.504046587
1734523559.528765678,7,-4.003538285,4.314307772,1.500463800
1734523559.528765678,8,3.984876481,-4.270492000,1.503847029
1734523559.528765678,9,-8.620763852,-0.302046845,1.503451306
1734523559.598765850,0,0.110940452,-0.049445912,1.504198022
1734523559.598765850,1,4.495736505,-0.047945343,1.504089835
1734523559.598765850,2,0.008417502,4.625017652,1.504560448
1734523559.598765850,3,0.021125396,-4.819223229,1.505142702
1734523559.598765850,4,-4.158201527,-0.216336168,1.503406030
1734523559.598765850,5,4.000348855,4.257261573,1.499664343
1734523559.598765850,6,-3.876498865,-4.200978653,1.504046587
1734523559.598765850,7,-4.003538285,4.314307772,1.500463800
1734523559.598765850,8,3.984876481,-4.270492000,1.503847029
1734523559.598765850,9,-8.620763852,-0.302046845,1.503451306
1734523559.658765793,0,0.110940452,-0.049445912,1.504198022
1734523559.658765793,1,4.495736505,-0.047945343,1.504089835
1734523559.658765793,2,0.008417502,4.625017652,1.504560448
1734523559.658765793,3,0.021125396,-4.819223229,1.505142702
1734523559.658765793,4,-4.158201527,-0.216336168,1.503406030
1734523559.658765793,5,4.000348855,4.257261573,1.499664343
1734523559.658765793,6,-3.876498865,-4.200978653,1.504046587
1734523559.658765793,7,-4.003538285,4.314307772,1.500463800
1734523559.658765793,8,3.984876481,-4.270492000,1.503847029
1734523559.658765793,9,-8.620763852,-0.302046845,1.503451306
1734523559.728765726,0,0.110940452,-0.049445912,1.504198022
1734523559.728765726,1,4.495736505,-0.047945343,1.504089835
1734523559.728765726,2,0.008417502,4.625017652,1.504560448
1734523559.728765726,3,0.021125396,-4.819223229,1.505142702
1734523559.728765726,4,-4.158201527,-0.216336168,1.503406030
1734523559.728765726,5,4.000348855,4.257261573,1.499664343
1734523559.728765726,6,-3.876498865,-4.200978653,1.504046587
1734523559.728765726,7,-4.003538285,4.314307772,1.500463800
1734523559.728765726,8,3.984876481,-4.270492000,1.503847029
1734523559.728765726,9,-8.620763852,-0.302046845,1.503451306
1734523559.788765669,0,0.110940452,-0.049445912,1.504198022
1734523559.788765669,1,4.495736505,-0.047945343,1.504089835
1734523559.788765669,2,0.008417502,4.625017652,1.504560448
1734523559.788765669,3,0.021125396,-4.819223229,1.505142702
1734523559.788765669,4,-4.158201527,-0.216336168,1.503406030
1734523559.788765669,5,4.000348855,4.257261573,1.499664343
1734523559.788765669,6,-3.876498865,-4.200978653,1.504046587
1734523559.788765669,7,-4.003538285,4.314307772,1.500463800
1734523559.788765669,8,3.984876481,-4.270492000,1.503847029
1734523559.788765669,9,-8.620763852,-0.302046845,1.503451306
1734523559.848765850,0,0.110940452,-0.049445912,1.504198022
1734523559.848765850,1,4.495736505,-0.047945343,1.504089835
1734523559.848765850,2,0.008417502,4.625017652,1.504560448
1734523559.848765850,3,0.021125396,-4.819223229,1.505142702
1734523559.848765850,4,-4.158201527,-0.216336168,1.503406030
1734523559.848765850,5,4.000348855,4.257261573,1.499664343
1734523559.848765850,6,-3.876498865,-4.200978653,1.504046587
1734523559.848765850,7,-4.003538285,4.314307772,1.500463800
1734523559.848765850,8,3.984876481,-4.270492000,1.503847029
1734523559.848765850,9,-8.620763852,-0.302046845,1.503451306
1734523559.908765793,0,0.110940452,-0.049445912,1.504198022
1734523559.908765793,1,4.495736505,-0.047945343,1.504089835
1734523559.908765793,2,0.008417502,4.625017652,1.504560448
1734523559.908765793,3,0.021125396,-4.819223229,1.505142702
1734523559.908765793,4,-4.158201527,-0.216336168,1.503406030
1734523559.908765793,5,4.000348855,4.257261573,1.499664343
1734523559.908765793,6,-3.876498865,-4.200978653,1.504046587
1734523559.908765793,7,-4.003538285,4.314307772,1.500463800
1734523559.908765793,8,3.984876481,-4.270492000,1.503847029
1734523559.908765793,9,-8.620763852,-0.302046845,1.503451306
1734523559.978765726,0,0.110940452,-0.049445912,1.504198022
1734523559.978765726,1,4.495736505,-0.047945343,1.504089835
1734523559.978765726,2,0.008417502,4.625017652,1.504560448
1734523559.978765726,3,0.021125396,-4.819223229,1.505142702
1734523559.978765726,4,-4.158201527,-0.216336168,1.503406030
1734523559.978765726,5,4.000348855,4.257261573,1.499664343
1734523559.978765726,6,-3.876498865,-4.200978653,1.504046587
1734523559.978765726,7,-4.003538285,4.314307772,1.500463800
1734523559.978765726,8,3.984876481,-4.270492000,1.503847029
1734523559.978765726,9,-8.620763852,-0.302046845,1.503451306
1734523560.038765669,0,0.110940452,-0.049445912,1.504198022
1734523560.038765669,1,4.495736505,-0.047945343,1.504089835
1734523560.038765669,2,0.008417502,4.625017652,1.504560448
1734523560.038765669,3,0.021125396,-4.819223229,1.505142702
1734523560.038765669,4,-4.158201527,-0.216336168,1.503406030
1734523560.038765669,5,4.000348855,4.257261573,1.499664343
1734523560.038765669,6,-3.876498865,-4.200978653,1.504046587
1734523560.038765669,7,-4.003538285,4.314307772,1.500463800
1734523560.038765669,8,3.984876481,-4.270492000,1.503847029
1734523560.038765669,9,-8.620763852,-0.302046845,1.503451306
1734523560.098765850,0,0.116940094,-0.049388187,1.504208008
1734523560.098765850,1,4.513123605,-0.048350873,1.504100799
1734523560.098765850,2,0.008566107,4.647992408,1.504814968
1734523560.098765850,3,0.022615957,-4.865719672,1.505361626
1734523560.098765850,4,-4.163632865,-0.222435925,1.503489614
1734523560.098765850,5,4.000599822,4.272208656,1.499448133
1734523560.098765850,6,-3.870446590,-4.208515203,1.503848042
1734523560.098765850,7,-4.003550464,4.323558853,1.500255538
1734523560.098765850,8,3.984316552,-4.282823105,1.504171076
1734523560.098765850,9,-8.634369856,-0.307739913,1.503448897
1734523560.168765783,0,0.116940094,-0.049388187,1.504208008
1734523560.168765783,1,4.513123605,-0.048350873,1.504100799
1734523560.168765783,2,0.008566107,4.647992408,1.504814968
1734523560.168765783,3,0.022615957,-4.865719672,1.505361626
1734523560.168765783,4,-4.163632865,-0.222435925,1.503489614
1734523560.168765783,5,4.000599822,4.272208656,1.499448133
1734523560.168765783,6,-3.870446590,-4.208515203,1.503848042
1734523560.168765783,7,-4.003550464,4.323558853,1.500255538
1734523560.168765783,8,3.984316552,-4.282823105,1.504171076
1734523560.168765783,9,-8.634369856,-0.307739913,1.503448897
1734523560.228765726,0,0.116940094,-0.049388187,1.504208008
1734523560.228765726,1,4.513123605,-0.048350873,1.504100799
1734523560.228765726,2,0.008566107,4.647992408,1.504814968
1734523560.228765726,3,0.022615957,-4.865719672,1.505361626
1734523560.228765726,4,-4.163632865,-0.222435925,1.503489614
1734523560.228765726,5,4.000599822,4.272208656,1.499448133
1734523560.228765726,6,-3.870446590,-4.208515203,1.503848042
1734523560.228765726,7,-4.003550464,4.323558853,1.500255538
1734523560.228765726,8,3.984316552,-4.282823105,1.504171076
1734523560.228765726,9,-8.634369856,-0.307739913,1.503448897
1734523560.288765669,0,0.116940094,-0.049388187,1.504208008
1734523560.288765669,1,4.513123605,-0.048350873,1.504100799
1734523560.288765669,2,0.008566107,4.647992408,1.504814968
1734523560.288765669,3,0.022615957,-4.865719672,1.505361626
1734523560.288765669,4,-4.163632865,-0.222435925,1.503489614
1734523560.288765669,5,4.000599822,4.272208656,1.499448133
1734523560.288765669,6,-3.870446590,-4.208515203,1.503848042
1734523560.288765669,7,-4.003550464,4.323558853,1.500255538
1734523560.288765669,8,3.984316552,-4.282823105,1.504171076
1734523560.288765669,9,-8.634369856,-0.307739913,1.503448897
1734523560.358765841,0,0.116940094,-0.049388187,1.504208008
1734523560.358765841,1,4.513123605,-0.048350873,1.504100799
1734523560.358765841,2,0.008566107,4.647992408,1.504814968
1734523560.358765841,3,0.022615957,-4.865719672,1.505361626
1734523560.358765841,4,-4.163632865,-0.222435925,1.503489614
1734523560.358765841,5,4.000599822,4.272208656,1.499448133
1734523560.358765841,6,-3.870446590,-4.208515203,1.503848042
1734523560.358765841,7,-4.003550464,4.323558853,1.500255538
1734523560.358765841,8,3.984316552,-4.282823105,1.504171076
1734523560.358765841,9,-8.634369856,-0.307739913,1.503448897
1734523560.418765783,0,0.116940094,-0.049388187,1.504208008
1734523560.418765783,1,4.513123605,-0.048350873,1.504100799
1734523560.418765783,2,0.008566107,4.647992408,1.504814968
1734523560.418765783,3,0.022615957,-4.865719672,1.505361626
1734523560.418765783,4,-4.163632865,-0.222435925,1.503489614
1734523560.418765783,5,4.000599822,4.272208656,1.499448133
1734523560.418765783,6,-3.870446590,-4.208515203,1.503848042
1734523560.418765783,7,-4.003550464,4.323558853,1.500255538
1734523560.418765783,8,3.984316552,-4.282823105,1.504171076
1734523560.418765783,9,-8.634369856,-0.307739913,1.503448897
1734523560.478765726,0,0.116940094,-0.049388187,1.504208008
1734523560.478765726,1,4.513123605,-0.048350873,1.504100799
1734523560.478765726,2,0.008566107,4.647992408,1.504814968
1734523560.478765726,3,0.022615957,-4.865719672,1.505361626
1734523560.478765726,4,-4.163632865,-0.222435925,1.503489614
1734523560.478765726,5,4.000599822,4.272208656,1.499448133
1734523560.478765726,6,-3.870446590,-4.208515203,1.503848042
1734523560.478765726,7,-4.003550464,4.323558853,1.500255538
1734523560.478765726,8,3.984316552,-4.282823105,1.504171076
1734523560.478765726,9,-8.634369856,-0.307739913,1.503448897
1734523560.538765669,0,0.116940094,-0.049388187,1.504208008
1734523560.538765669,1,4.513123605,-0.048350873,1.504100799
1734523560.538765669,2,0.008566107,4.647992408,1.504814968
1734523560.538765669,3,0.022615957,-4.865719672,1.505361626
1734523560.538765669,4,-4.163632865,-0.222435925,1.503489614
1734523560.538765669,5,4.000599822,4.272208656,1.499448133
1734523560.538765669,6,-3.870446590,-4.208515203,1.503848042
1734523560.538765669,7,-4.003550464,4.323558853,1.500255538
1734523560.538765669,8,3.984316552,-4.282823105,1.504171076
1734523560.538765669,9,-8.634369856,-0.307739913,1.503448897
1734523560.608765841,0,0.116940094,-0.049388187,1.504208008
1734523560.608765841,1,4.513123605,-0.048350873,1.504100799
1734523560.608765841,2,0.008566107,4.647992408,1.504814968
1734523560.608765841,3,0.022615957,-4.865719672,1.505361626
1734523560.608765841,4,-4.163632865,-0.222435925,1.503489614
1734523560.608765841,5,4.000599822,4.272208656,1.499448133
1734523560.608765841,6,-3.870446590,-4.208515203,1.503848042
1734523560.608765841,7,-4.003550464,4.323558853,1.500255538
1734523560.608765841,8,3.984316552,-4.282823105,1.504171076
1734523560.608765841,9,-8.634369856,-0.307739913,1.503448897
1734523560.668765783,0,0.116940094,-0.049388187,1.504208008
1734523560.668765783,1,4.513123605,-0.048350873,1.504100799
1734523560.668765783,2,0.008566107,4.647992408,1.504814968
1734523560.668765783,3,0.022615957,-4.865719672,1.505361626
1734523560.668765783,4,-4.163632865,-0.222435925,1.503489614
1734523560.668765783,5,4.000599822,4.272208656,1.499448133
1734523560.668765783,6,-3.867394991,-4.212355502,1.503756999
1734523560.668765783,7,-4.003597649,4.332803916,1.499989831
1734523560.668765783,8,3.984936879,-4.290726173,1.504294246
1734523560.668765783,9,-8.648006141,-0.313451849,1.503507044
1734523560.738765717,0,0.123147347,-0.049808989,1.504219833
1734523560.738765717,1,4.535010301,-0.048382329,1.504116990
1734523560.738765717,2,0.009395346,4.676883544,1.505059016
1734523560.738765717,3,0.024525969,-4.895932191,1.505586085
1734523560.738765717,4,-4.170445642,-0.230079414,1.503584660
1734523560.738765717,5,4.000572129,4.290408655,1.499331117
1734523560.738765717,6,-3.864317221,-4.216225884,1.503672804
1734523560.738765717,7,-4.003708260,4.351359484,1.499673125
1734523560.738765717,8,3.983638960,-4.296847692,1.504474206
1734523560.738765717,9,-8.675694681,-0.325259519,1.503597479
1734523560.798765659,0,0.123147347,-0.049808989,1.504219833
1734523560.798765659,1,4.535010301,-0.048382329,1.504116990
1734523560.798765659,2,0.009395346,4.676883544,1.505059016
1734523560.798765659,3,0.024525969,-4.895932191,1.505586085
1734523560.798765659,4,-4.170445642,-0.230079414,1.503584660
1734523560.798765659,5,4.000572129,4.290408655,1.499331117
1734523560.798765659,6,-3.864317221,-4.216225884,1.503672804
1734523560.798765659,7,-4.003708260,4.351359484,1.499673125
1734523560.798765659,8,3.983638960,-4.296847692,1.504474206
1734523560.798765659,9,-8.675694681,-0.325259519,1.503597479
1734523560.858765841,0,0.123147347,-0.049808989,1.504219833
1734523560.858765841,1,4.535010301,-0.048382329,1.504116990
1734523560.858765841,2,0.009395346,4.676883544,1.505059016
1734523560.858765841,3,0.024525969,-4.895932191,1.505586085
1734523560.858765841,4,-4.170445642,-0.230079414,1.503584660
1734523560.858765841,5,4.000572129,4.290408655,1.499331117
1734523560.858765841,6,-3.864317221,-4.216225884,1.503672804
1734523560.858765841,7,-4.003708260,4.351359484,1.499673125
1734523560.858765841,8,3.983638960,-4.296847692,1.504474206
1734523560.858765841,9,-8.675694681,-0.325259519,1.503597479
1734523560.918765783,0,0.123147347,-0.049808989,1.504219833
1734523560.918765783,1,4.535010301,-0.048382329,1.504116990
1734523560.918765783,2,0.009395346,4.676883544,1.505059016
1734523560.918765783,3,0.024525969,-4.895932191,1.505586085
1734523560.918765783,4,-4.170445642,-0.230079414,1.503584660
1734523560.918765783,5,4.000572129,4.290408655,1.499331117
1734523560.918765783,6,-3.864317221,-4.216225884,1.503672804
1734523560.918765783,7,-4.003708260,4.351359484,1.499673125
1734523560.918765783,8,3.983638960,-4.296847692,1.504474206
1734523560.918765783,9,-8.675694681,-0.325259519,1.503597479
1734523560.988765717,0,0.123147347,-0.049808989,1.504219833
1734523560.988765717,1,4.535010301,-0.048382329,1.504116990
1734523560.988765717,2,0.009395346,4.676883544,1.505059016
1734523560.988765717,3,0.024525969,-4.895932191,1.505586085
1734523560.988765717,4,-4.170445642,-0.230079414,1.503584660
1734523560.988765717,5,4.000572129,4.290408655,1.499331117
1734523560.988765717,6,-3.864317221,-4.216225884,1.503672804
1734523560.988765717,7,-4.003708260,4.351359484,1.499673125
1734523560.988765717,8,3.983638960,-4.296847692,1.504474206
1734523560.988765717,9,-8.675694681,-0.325259519,1.503597479
1734523561.048765659,0,0.123147347,-0.049808989,1.504219833
1734523561.048765659,1,4.535010301,-0.048382329,1.504116990
1734523561.048765659,2,0.009395346,4.676883544,1.505059016
1734523561.048765659,3,0.024525969,-4.895932191,1.505586085
1734523561.048765659,4,-4.170445642,-0.230079414,1.503584660
1734523561.048765659,5,4.000572129,4.290408655,1.499331117
1734523561.048765659,6,-3.864317221,-4.216225884,1.503672804
1734523561.048765659,7,-4.003708260,4.351359484,1.499673125
1734523561.048765659,8,3.983638960,-4.296847692,1.504474206
1734523561.048765659,9,-8.675694681,-0.325259519,1.503597479
1734523561.108765841,0,0.123147347,-0.049808989,1.504219833
1734523561.108765841,1,4.535010301,-0.048382329,1.504116990
1734523561.108765841,2,0.009395346,4.676883544,1.505059016
1734523561.108765841,3,0.024525969,-4.895932191,1.505586085
1734523561.108765841,4,-4.170445642,-0.230079414,1.503584660
1734523561.108765841,5,4.000572129,4.290408655,1.499331117
1734523561.108765841,6,-3.864317221,-4.216225884,1.503672804
1734523561.108765841,7,-4.003708260,4.351359484,1.499673125
1734523561.108765841,8,3.983638960,-4.296847692,1.504474206
1734523561.108765841,9,-8.675694681,-0.325259519,1.503597479
1734523561.168765783,0,0.123147347,-0.049808989,1.504219833
1734523561.168765783,1,4.535010301,-0.048382329,1.504116990
1734523561.168765783,2,0.009395346,4.676883544,1.505059016
1734523561.168765783,3,0.024525969,-4.895932191,1.505586085
1734523561.168765783,4,-4.170445642,-0.230079414,1.503584660
1734523561.168765783,5,4.000572129,4.290408655,1.499331117
1734523561.168765783,6,-3.864317221,-4.216225884,1.503672804
1734523561.168765783,7,-4.003708260,4.351359484,1.499673125
1734523561.168765783,8,3.983638960,-4.296847692,1.504474206
1734523561.168765783,9,-8.675694681,-0.325259519,1.503597479
1734523561.228765726,0,0.123147347,-0.049808989,1.504219833
1734523561.228765726,1,4.535010301,-0.048382329,1.504116990
1734523561.228765726,2,0.009395346,4.676883544,1.505059016
1734523561.228765726,3,0.024525969,-4.895932191,1.505586085
1734523561.228765726,4,-4.170445642,-0.230079414,1.503584660
1734523561.228765726,5,4.000572129,4.290408655,1.499331117
1734523561.228765726,6,-3.864317221,-4.216225884,1.503672804
1734523561.228765726,7,-4.003708260,4.351359484,1.499673125
1734523561.228765726,8,3.983638960,-4.296847692,1.504474206
1734523561.228765726,9,-8.675694681,-0.325259519,1.503597479
1734523561.298765659,0,0.123147347,-0.049808989,1.504219833
1734523561.298765659,1,4.535010301,-0.048382329,1.504116990
1734523561.298765659,2,0.009395346,4.676883544,1.505059016
1734523561.298765659,3,0.024525969,-4.895932191,1.505586085
1734523561.298765659,4,-4.170445642,-0.230079414,1.503584660
1734523561.298765659,5,4.000572129,4.290408655,1.499331117
1734523561.298765659,6,-3.864317221,-4.216225884,1.503672804
1734523561.298765659,7,-4.003708260,4.351359484,1.499673125
1734523561.298765659,8,3.983638960,-4.296847692,1.504474206
1734523561.298765659,9,-8.675694681,-0.325259519,1.503597479
1734523561.358765841,0,0.128673383,-0.050408273,1.504230135
1734523561.358765841,1,4.554632972,-0.048902117,1.504127530
1734523561.358765841,2,0.009554065,4.689886072,1.505175023
1734523561.358765841,3,0.027142346,-4.922077658,1.505731675
1734523561.358765841,4,-4.173434723,-0.233479295,1.503624951
1734523561.358765841,5,4.000521170,4.307203703,1.499337959
1734523561.358765841,6,-3.857462019,-4.224870880,1.503509478
1734523561.358765841,7,-4.003760251,4.360681494,1.499568848
1734523561.358765841,8,3.983085897,-4.312398721,1.504742216
1734523561.358765841,9,-8.689367128,-0.330974350,1.503639303
1734523561.428765774,0,0.128673383,-0.050408273,1.504230135
1734523561.428765774,1,4.554632972,-0.048902117,1.504127530
1734523561.428765774,2,0.009364149,4.699999274,1.505253430
1734523561.428765774,3,0.027142346,-4.922077658,1.505731675
1734523561.428765774,4,-4.175791794,-0.236117296,1.503655934
1734523561.428765774,5,4.000521170,4.307203703,1.499337959
1734523561.428765774,6,-3.857462019,-4.224870880,1.503509478
1734523561.428765774,7,-4.003760251,4.360681494,1.499568848
1734523561.428765774,8,3.983085897,-4.312398721,1.504742216
1734523561.428765774,9,-8.689367128,-0.330974350,1.503639303
1734523561.488765717,0,0.128673383,-0.050408273,1.504230135
1734523561.488765717,1,4.554632972,-0.048902117,1.504127530
1734523561.488765717,2,0.009364149,4.699999274,1.505253430
1734523561.488765717,3,0.027142346,-4.922077658,1.505731675
1734523561.488765717,4,-4.175791794,-0.236117296,1.503655934
1734523561.488765717,5,4.000521170,4.307203703,1.499337959
1734523561.488765717,6,-3.857462019,-4.224870880,1.503509478
1734523561.488765717,7,-4.003760251,4.360681494,1.499568848
1734523561.488765717,8,3.983085897,-4.312398721,1.504742216
1734523561.488765717,9,-8.689367128,-0.330974350,1.503639303
1734523561.548765659,0,0.128673383,-0.050408273,1.504230135
1734523561.548765659,1,4.554632972,-0.048902117,1.504127530
1734523561.548765659,2,0.009364149,4.699999274,1.505253430
1734523561.548765659,3,0.027142346,-4.922077658,1.505731675
1734523561.548765659,4,-4.175791794,-0.236117296,1.503655934
1734523561.548765659,5,4.000521170,4.307203703,1.499337959
1734523561.548765659,6,-3.857462019,-4.224870880,1.503509478
1734523561.548765659,7,-4.003760251,4.360681494,1.499568848
1734523561.548765659,8,3.983085897,-4.312398721,1.504742216
1734523561.548765659,9,-8.689367128,-0.330974350,1.503639303
1734523561.618765831,0,0.128673383,-0.050408273,1.504230135
1734523561.618765831,1,4.554632972,-0.048902117,1.504127530
1734523561.618765831,2,0.009364149,4.699999274,1.505253430
1734523561.618765831,3,0.027142346,-4.922077658,1.505731675
1734523561.618765831,4,-4.175791794,-0.236117296,1.503655934
1734523561.618765831,5,4.000521170,4.307203703,1.499337959
1734523561.618765831,6,-3.857462019,-4.224870880,1.503509478
1734523561.618765831,7,-4.003760251,4.360681494,1.499568848
1734523561.618765831,8,3.983085897,-4.312398721,1.504742216
1734523561.618765831,9,-8.689367128,-0.330974350,1.503639303
1734523561.678765774,0,0.128673383,-0.050408273,1.504230135
1734523561.678765774,1,4.554632972,-0.048902117,1.504127530
1734523561.678765774,2,0.009364149,4.699999274,1.505253430
1734523561.678765774,3,0.027142346,-4.922077658,1.505731675
1734523561.678765774,4,-4.175791794,-0.236117296,1.503655934
1734523561.678765774,5,4.000521170,4.307203703,1.499337959
1734523561.678765774,6,-3.857462019,-4.224870880,1.503509478
1734523561.678765774,7,-4.003760251,4.360681494,1.499568848
1734523561.678765774,8,3.983085897,-4.312398721,1.504742216
1734523561.678765774,9,-8.689367128,-0.330974350,1.503639303
1734523561.738765717,0,0.128673383,-0.050408273,1.504230135
1734523561.738765717,1,4.554632972,-0.048902117,1.504127530
1734523561.738765717,2,0.009364149,4.699999274,1.505253430
1734523561.738765717,3,0.027142346,-4.922077658,1.505731675
1734523561.738765717,4,-4.175791794,-0.236117296,1.503655934
1734523561.738765717,5,4.000521170,4.307203703,1.499337959
1734523561.738765717,6,-3.857462019,-4.224870880,1.503509478
1734523561.738765717,7,-4.003760251,4.360681494,1.499568848
1734523561.738765717,8,3.983085897,-4.312398721,1.504742216
1734523561.738765717,9,-8.689367128,-0.330974350,1.503639303
1734523561.808765650,0,0.128673383,-0.050408273,1.504230135
1734523561.808765650,1,4.554632972,-0.048902117,1.504127530
1734523561.808765650,2,0.009364149,4.699999274,1.505253430
1734523561.808765650,3,0.027142346,-4.922077658,1.505731675
1734523561.808765650,4,-4.175791794,-0.236117296,1.503655934
1734523561.808765650,5,4.000521170,4.307203703,1.499337959
1734523561.808765650,6,-3.857462019,-4.224870880,1.503509478
1734523561.808765650,7,-4.003760251,4.360681494,1.499568848
1734523561.808765650,8,3.983085897,-4.312398721,1.504742216
1734523561.808765650,9,-8.689367128,-0.330974350,1.503639303
1734523561.868765831,0,0.128673383,-0.050408273,1.504230135
1734523561.868765831,1,4.554632972,-0.048902117,1.504127530
1734523561.868765831,2,0.009364149,4.699999274,1.505253430
1734523561.868765831,3,0.027142346,-4.922077658,1.505731675
1734523561.868765831,4,-4.175791794,-0.236117296,1.503655934
1734523561.868765831,5,4.000521170,4.307203703,1.499337959
1734523561.868765831,6,-3.857462019,-4.224870880,1.503509478
1734523561.868765831,7,-4.003760251,4.360681494,1.499568848
1734523561.868765831,8,3.983085897,-4.312398721,1.504742216
1734523561.868765831,9,-8.689367128,-0.330974350,1.503639303
1734523561.928765774,0,0.128673383,-0.050408273,1.504230135
1734523561.928765774,1,4.554632972,-0.048902117,1.504127530
1734523561.928765774,2,0.009364149,4.699999274,1.505253430
1734523561.928765774,3,0.027142346,-4.922077658,1.505731675
1734523561.928765774,4,-4.175791794,-0.236117296,1.503655934
1734523561.928765774,5,4.000521170,4.307203703,1.499337959
1734523561.928765774,6,-3.857462019,-4.224870880,1.503509478
1734523561.928765774,7,-4.003760251,4.360681494,1.499568848
1734523561.928765774,8,3.983085897,-4.312398721,1.504742216
1734523561.928765774,9,-8.689367128,-0.330974350,1.503639303
1734523561.998765707,0,0.136239441,-0.050502023,1.504240367
1734523561.998765707,1,4.573026085,-0.048803170,1.504139002
1734523561.998765707,2,0.009733585,4.713273872,1.505366363
1734523561.998765707,3,0.027354961,-4.957752951,1.505805917
1734523561.998765707,4,-4.178894510,-0.239609235,1.503693694
1734523561.998765707,5,4.000903117,4.324669018,1.499453513
1734523561.998765707,6,-3.851731899,-4.232046960,1.503401209
1734523561.998765707,7,-4.003850919,4.379422957,1.499456686
1734523561.998765707,8,3.982375725,-4.325614990,1.504937960
1734523561.998765707,9,-8.716896123,-0.342551606,1.503715944
1734523562.058765650,0,0.136239441,-0.050502023,1.504240367
1734523562.058765650,1,4.573026085,-0.048803170,1.504139002
1734523562.058765650,2,0.010545174,4.729615655,1.505358754
1734523562.058765650,3,0.027354961,-4.957752951,1.505805917
1734523562.058765650,4,-4.178894510,-0.239609235,1.503693694
1734523562.058765650,5,4.000903117,4.324669018,1.499453513
1734523562.058765650,6,-3.851731899,-4.232046960,1.503401209
1734523562.058765650,7,-4.003850919,4.379422957,1.499456686
1734523562.058765650,8,3.982375725,-4.325614990,1.504937960
1734523562.058765650,9,-8.716896123,-0.342551606,1.503715944
1734523562.118765831,0,0.136239441,-0.050502023,1.504240367
1734523562.118765831,1,4.573026085,-0.048803170,1.504139002
1734523562.118765831,2,0.010545174,4.729615655,1.505358754
1734523562.118765831,3,0.027354961,-4.957752951,1.505805917
1734523562.118765831,4,-4.178894510,-0.239609235,1.503693694
1734523562.118765831,5,4.000903117,4.324669018,1.499453513
1734523562.118765831,6,-3.851731899,-4.232046960,1.503401209
1734523562.118765831,7,-4.003850919,4.379422957,1.499456686
1734523562.118765831,8,3.982375725,-4.325614990,1.504937960
1734523562.118765831,9,-8.716896123,-0.342551606,1.503715944
1734523562.188765764,0,0.136239441,-0.050502023,1.504240367
1734523562.188765764,1,4.573026085,-0.048803170,1.504139002
1734523562.188765764,2,0.010545174,4.729615655,1.505358754
1734523562.188765764,3,0.027354961,-4.957752951,1.505805917
1734523562.188765764,4,-4.178894510,-0.239609235,1.503693694
1734523562.188765764,5,4.000903117,4.324669018,1.499453513
1734523562.188765764,6,-3.851731899,-4.232046960,1.503401209
1734523562.188765764,7,-4.003850919,4.379422957,1.499456686
1734523562.188765764,8,3.982375725,-4.325614990,1.504937960
1734523562.188765764,9,-8.716896123,-0.342551606,1.503715944
1734523562.248765707,0,0.136239441,-0.050502023,1.504240367
1734523562.248765707,1,4.573026085,-0.048803170,1.504139002
1734523562.248765707,2,0.010545174,4.729615655,1.505358754
1734523562.248765707,3,0.027354961,-4.957752951,1.505805917
1734523562.248765707,4,-4.178894510,-0.239609235,1.503693694
1734523562.248765707,5,4.000903117,4.324669018,1.499453513
1734523562.248765707,6,-3.851731899,-4.232046960,1.503401209
1734523562.248765707,7,-4.003850919,4.379422957,1.499456686
1734523562.248765707,8,3.982375725,-4.325614990,1.504937960
1734523562.248765707,9,-8.716896123,-0.342551606,1.503715944
1734523562.318765879,0,0.136239441,-0.050502023,1.504240367
1734523562.318765879,1,4.573026085,-0.048803170,1.504139002
1734523562.318765879,2,0.010545174,4.729615655,1.505358754
1734523562.318765879,3,0.027354961,-4.957752951,1.505805917
1734523562.318765879,4,-4.178894510,-0.239609235,1.503693694
1734523562.318765879,5,4.000903117,4.324669018,1.499453513
1734523562.318765879,6,-3.851731899,-4.232046960,1.503401209
1734523562.318765879,7,-4.003850919,4.379422957,1.499456686
1734523562.318765879,8,3.982375725,-4.325614990,1.504937960
1734523562.318765879,9,-8.716896123,-0.342551606,1.503715944
1734523562.378765821,0,0.136239441,-0.050502023,1.504240367
1734523562.378765821,1,4.573026085,-0.048803170,1.504139002
1734523562.378765821,2,0.010545174,4.729615655,1.505358754
1734523562.378765821,3,0.027354961,-4.957752951,1.505805917
1734523562.378765821,4,-4.178894510,-0.239609235,1.503693694
1734523562.378765821,5,4.000903117,4.324669018,1.499453513
1734523562.378765821,6,-3.851731899,-4.232046960,1.503401209
1734523562.378765821,7,-4.003850919,4.379422957,1.499456686
1734523562.378765821,8,3.982375725,-4.325614990,1.504937960
1734523562.378765821,9,-8.716896123,-0.342551606,1.503715944
1734523562.438765764,0,0.136239441,-0.050502023,1.504240367
1734523562.438765764,1,4.573026085,-0.048803170,1.504139002
1734523562.438765764,2,0.010545174,4.729615655,1.505358754
1734523562.438765764,3,0.027354961,-4.957752951,1.505805917
1734523562.438765764,4,-4.178894510,-0.239609235,1.503693694
1734523562.438765764,5,4.000903117,4.324669018,1.499453513
1734523562.438765764,6,-3.851731899,-4.232046960,1.503401209
1734523562.438765764,7,-4.003850919,4.379422957,1.499456686
1734523562.438765764,8,3.982375725,-4.325614990,1.504937960
1734523562.438765764,9,-8.716896123,-0.342551606,1.503715944
1734523562.498765707,0,0.136239441,-0.050502023,1.504240367
1734523562.498765707,1,4.573026085,-0.048803170,1.504139002
1734523562.498765707,2,0.010545174,4.729615655,1.505358754
1734523562.498765707,3,0.027354961,-4.957752951,1.505805917
1734523562.498765707,4,-4.178894510,-0.239609235,1.503693694
1734523562.498765707,5,4.000903117,4.324669018,1.499453513
1734523562.498765707,6,-3.851731899,-4.232046960,1.503401209
1734523562.498765707,7,-4.003888603,4.388842367,1.499443082
1734523562.498765707,8,3.982375725,-4.325614990,1.504937960
1734523562.498765707,9,-8.716896123,-0.342551606,1.503715944
1734523562.568765879,0,0.136239441,-0.050502023,1.504240367
1734523562.568765879,1,4.573026085,-0.048803170,1.504139002
1734523562.568765879,2,0.010545174,4.729615655,1.505358754
1734523562.568765879,3,0.027354961,-4.957752951,1.505805917
1734523562.568765879,4,-4.178894510,-0.239609235,1.503693694
1734523562.568765879,5,4.000903117,4.324669018,1.499453513
1734523562.568765879,6,-3.851731899,-4.232046960,1.503401209
1734523562.568765879,7,-4.003888603,4.388842367,1.499443082
1734523562.568765879,8,3.982375725,-4.325614990,1.504937960
1734523562.568765879,9,-8.716896123,-0.342551606,1.503715944
1734523562.628765821,0,0.142997058,-0.050905521,1.504250202
1734523562.628765821,1,4.595111676,-0.049276242,1.504152598
1734523562.628765821,2,0.010757031,4.755878100,1.505414054
1734523562.628765821,3,0.028961317,-4.988672157,1.505806277
1734523562.628765821,4,-4.185729020,-0.247311524,1.503771046
1734523562.628765821,5,4.000995078,4.342082025,1.499633388
1734523562.628765821,6,-3.845315781,-4.240179824,1.503310056
1734523562.628765821,7,-4.003948486,4.407779383,1.499489022
1734523562.628765821,8,3.981726126,-4.341849583,1.505117346
1734523562.628765821,9,-8.744671070,-0.354328884,1.503783801
1734523562.688765764,0,0.142997058,-0.050905521,1.504250202
1734523562.688765764,1,4.595111676,-0.049276242,1.504152598
1734523562.688765764,2,0.010757031,4.755878100,1.505414054
1734523562.688765764,3,0.028961317,-4.988672157,1.505806277
1734523562.688765764,4,-4.188736066,-0.250718268,1.503806775
1734523562.688765764,5,4.000995078,4.342082025,1.499633388
1734523562.688765764,6,-3.845315781,-4.240179824,1.503310056
1734523562.688765764,7,-4.003948486,4.407779383,1.499489022
1734523562.688765764,8,3.981726126,-4.341849583,1.505117346
1734523562.688765764,9,-8.758198387,-0.359839239,1.503813783
1734523562.748765707,0,0.142997058,-0.050905521,1.504250202
1734523562.748765707,1,4.595111676,-0.049276242,1.504152598
1734523562.748765707,2,0.010757031,4.755878100,1.505414054
1734523562.748765707,3,0.028961317,-4.988672157,1.505806277
1734523562.748765707,4,-4.188736066,-0.250718268,1.503806775
1734523562.748765707,5,4.000995078,4.342082025,1.499633388
1734523562.748765707,6,-3.845315781,-4.240179824,1.503310056
1734523562.748765707,7,-4.003948486,4.407779383,1.499489022
1734523562.748765707,8,3.981726126,-4.341849583,1.505117346
1734523562.748765707,9,-8.758198387,-0.359839239,1.503813783
1734523562.818765879,0,0.142997058,-0.050905521,1.504250202
1734523562.818765879,1,4.595111676,-0.049276242,1.504152598
1734523562.818765879,2,0.010757031,4.755878100,1.505414054
1734523562.818765879,3,0.028961317,-4.988672157,1.505806277
1734523562.818765879,4,-4.188736066,-0.250718268,1.503806775
1734523562.818765879,5,4.000995078,4.342082025,1.499633388
1734523562.818765879,6,-3.845315781,-4.240179824,1.503310056
1734523562.818765879,7,-4.003948486,4.407779383,1.499489022
1734523562.818765879,8,3.981726126,-4.341849583,1.505117346
1734523562.818765879,9,-8.758198387,-0.359839239,1.503813783
1734523562.878765821,0,0.142997058,-0.050905521,1.504250202
1734523562.878765821,1,4.595111676,-0.049276242,1.504152598
1734523562.878765821,2,0.010757031,4.755878100,1.505414054
1734523562.878765821,3,0.028961317,-4.988672157,1.505806277
1734523562.878765821,4,-4.188736066,-0.250718268,1.503806775
1734523562.878765821,5,4.000995078,4.342082025,1.499633388
1734523562.878765821,6,-3.845315781,-4.240179824,1.503310056
1734523562.878765821,7,-4.003948486,4.407779383,1.499489022
1734523562.878765821,8,3.981726126,-4.341849583,1.505117346
1734523562.878765821,9,-8.758198387,-0.359839239,1.503813783
1734523562.938765764,0,0.142997058,-0.050905521,1.504250202
1734523562.938765764,1,4.595111676,-0.049276242,1.504152598
1734523562.938765764,2,0.010757031,4.755878100,1.505414054
1734523562.938765764,3,0.028961317,-4.988672157,1.505806277
1734523562.938765764,4,-4.188736066,-0.250718268,1.503806775
1734523562.938765764,5,4.000995078,4.342082025,1.499633388
1734523562.938765764,6,-3.845315781,-4.240179824,1.503310056
1734523562.938765764,7,-4.003948486,4.407779383,1.499489022
1734523562.938765764,8,3.981726126,-4.341849583,1.505117346
1734523562.938765764,9,-8.758198387,-0.359839239,1.503813783
1734523563.008765697,0,0.142997058,-0.050905521,1.504250202
1734523563.008765697,1,4.595111676,-0.049276242,1.504152598
1734523563.008765697,2,0.010757031,4.755878100,1.505414054
1734523563.008765697,3,0.028961317,-4.988672157,1.505806277
1734523563.008765697,4,-4.188736066,-0.250718268,1.503806775
1734523563.008765697,5,4.000995078,4.342082025,1.499633388
1734523563.008765697,6,-3.845315781,-4.240179824,1.503310056
1734523563.008765697,7,-4.003948486,4.407779383,1.499489022
1734523563.008765697,8,3.981726126,-4.341849583,1.505117346
1734523563.008765697,9,-8.758198387,-0.359839239,1.503813783
1734523563.068765879,0,0.142997058,-0.050905521,1.504250202
1734523563.068765879,1,4.595111676,-0.049276242,1.504152598
1734523563.068765879,2,0.010757031,4.755878100,1.505414054
1734523563.068765879,3,0.028961317,-4.988672157,1.505806277
1734523563.068765879,4,-4.188736066,-0.250718268,1.503806775
1734523563.068765879,5,4.000995078,4.342082025,1.499633388
1734523563.068765879,6,-3.845315781,-4.240179824,1.503310056
1734523563.068765879,7,-4.003948486,4.407779383,1.499489022
1734523563.068765879,8,3.981726126,-4.341849583,1.505117346
1734523563.068765879,9,-8.758198387,-0.359839239,1.503813783
1734523563.128765821,0,0.142997058,-0.050905521,1.504250202
1734523563.128765821,1,4.595111676,-0.049276242,1.504152598
1734523563.128765821,2,0.010757031,4.755878100,1.505414054
1734523563.128765821,3,0.028961317,-4.988672157,1.505806277
1734523563.128765821,4,-4.188736066,-0.250718268,1.503806775
1734523563.128765821,5,4.000995078,4.342082025,1.499633388
1734523563.128765821,6,-3.841389272,-4.245100715,1.503267829
1734523563.128765821,7,-4.003948486,4.407779383,1.499489022
1734523563.128765821,8,3.981474845,-4.349305286,1.505172548
1734523563.128765821,9,-8.758198387,-0.359839239,1.503813783
1734523563.198765755,0,0.142997058,-0.050905521,1.504250202
1734523563.198765755,1,4.595111676,-0.049276242,1.504152598
1734523563.198765755,2,0.010757031,4.755878100,1.505414054
1734523563.198765755,3,0.028961317,-4.988672157,1.505806277
1734523563.198765755,4,-4.188736066,-0.250718268,1.503806775
1734523563.198765755,5,4.000995078,4.342082025,1.499633388
1734523563.198765755,6,-3.841389272,-4.245100715,1.503267829
1734523563.198765755,7,-4.003948486,4.407779383,1.499489022
1734523563.198765755,8,3.981474845,-4.349305286,1.505172548
1734523563.198765755,9,-8.758198387,-0.359839239,1.503813783
1734523563.268765688,0,0.150048314,-0.051187744,1.504258986
1734523563.268765688,1,4.613129160,-0.049935602,1.504161585
1734523563.268765688,2,0.010950360,4.779652771,1.505401694
1734523563.268765688,3,0.035799247,-5.024872051,1.505756307
1734523563.268765688,4,-4.191087247,-0.253391609,1.503836767
1734523563.268765688,5,4.001337657,4.358248628,1.499840973
1734523563.268765688,6,-3.838737945,-4.248398148,1.503245097
1734523563.268765688,7,-4.003970812,4.417299019,1.499530753
1734523563.268765688,8,3.981133803,-4.355464440,1.505234841
1734523563.268765688,9,-8.772482627,-0.366093501,1.503835821
1734523563.328765869,0,0.150048314,-0.051187744,1.504258986
1734523563.328765869,1,4.613129160,-0.049935602,1.504161585
1734523563.328765869,2,0.010950360,4.779652771,1.505401694
1734523563.328765869,3,0.035799247,-5.024872051,1.505756307
1734523563.328765869,4,-4.194195789,-0.256905796,1.503877059
1734523563.328765869,5,4.001337657,4.358248628,1.499840973
1734523563.328765869,6,-3.838737945,-4.248398148,1.503245097
1734523563.328765869,7,-4.003970812,4.417299019,1.499530753
1734523563.328765869,8,3.981133803,-4.355464440,1.505234841
1734523563.328765869,9,-8.772482627,-0.366093501,1.503835821
1734523563.388765812,0,0.150048314,-0.051187744,1.504258986
1734523563.388765812,1,4.613129160,-0.049935602,1.504161585
1734523563.388765812,2,0.010950360,4.779652771,1.505401694
1734523563.388765812,3,0.035799247,-5.024872051,1.505756307
1734523563.388765812,4,-4.194195789,-0.256905796,1.503877059
1734523563.388765812,5,4.001337657,4.358248628,1.499840973
1734523563.388765812,6,-3.838737945,-4.248398148,1.503245097
1734523563.388765812,7,-4.003970812,4.417299019,1.499530753
1734523563.388765812,8,3.981133803,-4.355464440,1.505234841
1734523563.388765812,9,-8.772482627,-0.366093501,1.503835821
1734523563.448765755,0,0.150048314,-0.051187744,1.504258986
1734523563.448765755,1,4.613129160,-0.049935602,1.504161585
1734523563.448765755,2,0.010950360,4.779652771,1.505401694
1734523563.448765755,3,0.035799247,-5.024872051,1.505756307
1734523563.448765755,4,-4.194195789,-0.256905796,1.503877059
1734523563.448765755,5,4.001337657,4.358248628,1.499840973
1734523563.448765755,6,-3.838737945,-4.248398148,1.503245097
1734523563.448765755,7,-4.003970812,4.417299019,1.499530753
1734523563.448765755,8,3.981133803,-4.355464440,1.505234841
1734523563.448765755,9,-8.772482627,-0.366093501,1.503835821
1734523563.518765688,0,0.150048314,-0.051187744,1.504258986
1734523563.518765688,1,4.613129160,-0.049935602,1.504161585
1734523563.518765688,2,0.010950360,4.779652771,1.505401694
1734523563.518765688,3,0.035799247,-5.024872051,1.505756307
1734523563.518765688,4,-4.194195789,-0.256905796,1.503877059
1734523563.518765688,5,4.001337657,4.358248628,1.499840973
1734523563.518765688,6,-3.838737945,-4.248398148,1.503245097
1734523563.518765688,7,-4.003970812,4.417299019,1.499530753
1734523563.518765688,8,3.981133803,-4.355464440,1.505234841
1734523563.518765688,9,-8.772482627,-0.366093501,1.503835821
1734523563.578765869,0,0.150048314,-0.051187744,1.504258986
1734523563.578765869,1,4.613129160,-0.049935602,1.504161585
1734523563.578765869,2,0.010950360,4.779652771,1.505401694
1734523563.578765869,3,0.035799247,-5.024872051,1.505756307
1734523563.578765869,4,-4.194195789,-0.256905796,1.503877059
1734523563.578765869,5,4.001337657,4.358248628,1.499840973
1734523563.578765869,6,-3.838737945,-4.248398148,1.503245097
1734523563.578765869,7,-4.003970812,4.417299019,1.499530753
1734523563.578765869,8,3.981133803,-4.355464440,1.505234841
1734523563.578765869,9,-8.772482627,-0.366093501,1.503835821
1734523563.638765812,0,0.150048314,-0.051187744,1.504258986
1734523563.638765812,1,4.613129160,-0.049935602,1.504161585
1734523563.638765812,2,0.010950360,4.779652771,1.505401694
1734523563.638765812,3,0.035799247,-5.024872051,1.505756307
1734523563.638765812,4,-4.194195789,-0.256905796,1.503877059
1734523563.638765812,5,4.001337657,4.358248628,1.499840973
1734523563.638765812,6,-3.838737945,-4.248398148,1.503245097
1734523563.638765812,7,-4.003970812,4.417299019,1.499530753
1734523563.638765812,8,3.981133803,-4.355464440,1.505234841
1734523563.638765812,9,-8.772482627,-0.366093501,1.503835821
1734523563.708765745,0,0.150048314,-0.051187744,1.504258986
1734523563.708765745,1,4.613129160,-0.049935602,1.504161585
1734523563.708765745,2,0.010950360,4.779652771,1.505401694
1734523563.708765745,3,0.035799247,-5.024872051,1.505756307
1734523563.708765745,4,-4.194195789,-0.256905796,1.503877059
1734523563.708765745,5,4.001337657,4.358248628,1.499840973
1734523563.708765745,6,-3.838737945,-4.248398148,1.503245097
1734523563.708765745,7,-4.003970812,4.417299019,1.499530753
1734523563.708765745,8,3.981133803,-4.355464440,1.505234841
1734523563.708765745,9,-8.772482627,-0.366093501,1.503835821
1734523563.768765688,0,0.150048314,-0.051187744,1.504258986
1734523563.768765688,1,4.613129160,-0.049935602,1.504161585
1734523563.768765688,2,0.010950360,4.779652771,1.505401694
1734523563.768765688,3,0.035799247,-5.024872051,1.505756307
1734523563.768765688,4,-4.194195789,-0.256905796,1.503877059
1734523563.768765688,5,4.001337657,4.358248628,1.499840973
1734523563.768765688,6,-3.838737945,-4.248398148,1.503245097
1734523563.768765688,7,-4.003970812,4.417299019,1.499530753
1734523563.768765688,8,3.981133803,-4.355464440,1.505234841
1734523563.768765688,9,-8.772482627,-0.366093501,1.503835821
1734523563.838765860,0,0.150048314,-0.051187744,1.504258986
1734523563.838765860,1,4.613129160,-0.049935602,1.504161585
1734523563.838765860,2,0.010950360,4.779652771,1.505401694
1734523563.838765860,3,0.035799247,-5.024872051,1.505756307
1734523563.838765860,4,-4.194195789,-0.256905796,1.503877059
1734523563.838765860,5,4.001337657,4.358248628,1.499840973
1734523563.838765860,6,-3.838737945,-4.248398148,1.503245097
1734523563.838765860,7,-4.003970812,4.417299019,1.499530753
1734523563.838765860,8,3.981133803,-4.355464440,1.505234841
1734523563.838765860,9,-8.772482627,-0.366093501,1.503835821
1734523563.898765802,0,0.157061535,-0.051686107,1.504269600
1734523563.898765802,1,4.636327292,-0.049773413,1.504176044
1734523563.898765802,2,0.011814391,4.809493701,1.505339535
1734523563.898765802,3,0.031938363,-5.051075263,1.505637165
1734523563.898765802,4,-4.197438021,-0.260660804,1.503918957
1734523563.898765802,5,4.001389435,4.377904157,1.500137650
1734523563.898765802,6,-3.832090284,-4.256788250,1.503207158
1734523563.898765802,7,-4.004005766,4.446068938,1.499805914
1734523563.898765802,8,3.980402401,-4.370930832,1.505238302
1734523563.898765802,9,-8.814796863,-0.384239821,1.503909499
1734523563.968765736,0,0.157061535,-0.051686107,1.504269600
1734523563.968765736,1,4.636327292,-0.049773413,1.504176044
1734523563.968765736,2,0.011814391,4.809493701,1.505339535
1734523563.968765736,3,0.031938363,-5.051075263,1.505637165
1734523563.968765736,4,-4.197438021,-0.260660804,1.503918957
1734523563.968765736,5,4.001389435,4.377904157,1.500137650
1734523563.968765736,6,-3.832090284,-4.256788250,1.503207158
1734523563.968765736,7,-4.004005766,4.446068938,1.499805914
1734523563.968765736,8,3.980402401,-4.370930832,1.505238302
1734523563.968765736,9,-8.814796863,-0.384239821,1.503909499
1734523564.028765678,0,0.157061535,-0.051686107,1.504269600
1734523564.028765678,1,4.636327292,-0.049773413,1.504176044
1734523564.028765678,2,0.011814391,4.809493701,1.505339535
1734523564.028765678,3,0.031938363,-5.051075263,1.505637165
1734523564.028765678,4,-4.201038265,-0.264651706,1.503972547
1734523564.028765678,5,4.001389435,4.377904157,1.500137650
1734523564.028765678,6,-3.832090284,-4.256788250,1.503207158
1734523564.028765678,7,-4.004005766,4.446068938,1.499805914
1734523564.028765678,8,3.980402401,-4.370930832,1.505238302
1734523564.028765678,9,-8.814796863,-0.384239821,1.503909499
1734523564.088765860,0,0.157061535,-0.051686107,1.504269600
1734523564.088765860,1,4.636327292,-0.049773413,1.504176044
1734523564.088765860,2,0.011814391,4.809493701,1.505339535
1734523564.088765860,3,0.031938363,-5.051075263,1.505637165
1734523564.088765860,4,-4.201038265,-0.264651706,1.503972547
1734523564.088765860,5,4.001389435,4.377904157,1.500137650
1734523564.088765860,6,-3.832090284,-4.256788250,1.503207158
1734523564.088765860,7,-4.004005766,4.446068938,1.499805914
1734523564.088765860,8,3.980402401,-4.370930832,1.505238302
1734523564.088765860,9,-8.814796863,-0.384239821,1.503909499
1734523564.158765793,0,0.157061535,-0.051686107,1.504269600
1734523564.158765793,1,4.636327292,-0.049773413,1.504176044
1734523564.158765793,2,0.011814391,4.809493701,1.505339535
1734523564.158765793,3,0.031938363,-5.051075263,1.505637165
1734523564.158765793,4,-4.201038265,-0.264651706,1.503972547
1734523564.158765793,5,4.001389435,4.377904157,1.500137650
1734523564.158765793,6,-3.832090284,-4.256788250,1.503207158
1734523564.158765793,7,-4.004005766,4.446068938,1.499805914
1734523564.158765793,8,3.980402401,-4.370930832,1.505238302
1734523564.158765793,9,-8.814796863,-0.384239821,1.503909499
1734523564.218765736,0,0.157061535,-0.051686107,1.504269600
1734523564.218765736,1,4.636327292,-0.049773413,1.504176044
1734523564.218765736,2,0.011814391,4.809493701,1.505339535
1734523564.218765736,3,0.031938363,-5.051075263,1.505637165
1734523564.218765736,4,-4.201038265,-0.264651706,1.503972547
1734523564.218765736,5,4.001389435,4.377904157,1.500137650
1734523564.218765736,6,-3.832090284,-4.256788250,1.503207158
1734523564.218765736,7,-4.004005766,4.446068938,1.499805914
1734523564.218765736,8,3.980402401,-4.370930832,1.505238302
1734523564.218765736,9,-8.814796863,-0.384239821,1.503909499
1734523564.278765678,0,0.157061535,-0.051686107,1.504269600
1734523564.278765678,1,4.636327292,-0.049773413,1.504176044
1734523564.278765678,2,0.011814391,4.809493701,1.505339535
1734523564.278765678,3,0.031938363,-5.051075263,1.505637165
1734523564.278765678,4,-4.201038265,-0.264651706,1.503972547
1734523564.278765678,5,4.001389435,4.377904157,1.500137650
1734523564.278765678,6,-3.832090284,-4.256788250,1.503207158
1734523564.278765678,7,-4.004005766,4.446068938,1.499805914
1734523564.278765678,8,3.980402401,-4.370930832,1.505238302
1734523564.278765678,9,-8.814796863,-0.384239821,1.503909499
1734523564.348765850,0,0.157061535,-0.051686107,1.504269600
1734523564.348765850,1,4.636327292,-0.049773413,1.504176044
1734523564.348765850,2,0.011814391,4.809493701,1.505339535
1734523564.348765850,3,0.031938363,-5.051075263,1.505637165
1734523564.348765850,4,-4.201038265,-0.264651706,1.503972547
1734523564.348765850,5,4.001389435,4.377904157,1.500137650
1734523564.348765850,6,-3.832090284,-4.256788250,1.503207158
1734523564.348765850,7,-4.004005766,4.446068938,1.499805914
1734523564.348765850,8,3.980402401,-4.370930832,1.505238302
1734523564.348765850,9,-8.814796863,-0.384239821,1.503909499
1734523564.408765793,0,0.157061535,-0.051686107,1.504269600
1734523564.408765793,1,4.636327292,-0.049773413,1.504176044
1734523564.408765793,2,0.011814391,4.809493701,1.505339535
1734523564.408765793,3,0.031938363,-5.051075263,1.505637165
1734523564.408765793,4,-4.201038265,-0.264651706,1.503972547
1734523564.408765793,5,4.001389435,4.377904157,1.500137650
1734523564.408765793,6,-3.832090284,-4.256788250,1.503207158
1734523564.408765793,7,-4.004005766,4.446068938,1.499805914
1734523564.408765793,8,3.980402401,-4.370930832,1.505238302
1734523564.408765793,9,-8.814796863,-0.384239821,1.503909499
1734523564.478765726,0,0.157061535,-0.051686107,1.504269600
1734523564.478765726,1,4.636327292,-0.049773413,1.504176044
1734523564.478765726,2,0.011814391,4.809493701,1.505339535
1734523564.478765726,3,0.031938363,-5.051075263,1.505637165
1734523564.478765726,4,-4.201038265,-0.264651706,1.503972547
1734523564.478765726,5,4.001389435,4.377904157,1.500137650
1734523564.478765726,6,-3.832090284,-4.256788250,1.503207158
1734523564.478765726,7,-4.004005766,4.446068938,1.499805914
1734523564.478765726,8,3.980402401,-4.370930832,1.505238302
1734523564.478765726,9,-8.814796863,-0.384239821,1.503909499
1734523564.538765669,0,0.163296560,-0.052376568,1.504279221
1734523564.538765669,1,4.656983705,-0.050926140,1.504185339
1734523564.538765669,2,0.011794824,4.833360293,1.505206428
1734523564.538765669,3,0.034340812,-5.077677042,1.505511987
1734523564.538765669,4,-4.206391479,-0.270754306,1.504068928
1734523564.538765669,5,4.001332503,4.395943257,1.500396676
1734523564.538765669,6,-3.824662585,-4.266183928,1.503191964
1734523564.538765669,7,-4.004006799,4.455730984,1.499918273
1734523564.538765669,8,3.979842438,-4.388021709,1.505204290
1734523564.538765669,9,-8.828942917,-0.390299513,1.503928290
1734523564.598765850,0,0.163296560,-0.052376568,1.504279221
1734523564.598765850,1,4.656983705,-0.050926140,1.504185339
1734523564.598765850,2,0.011794824,4.833360293,1.505206428
1734523564.598765850,3,0.034340812,-5.077677042,1.505511987
1734523564.598765850,4,-4.206391479,-0.270754306,1.504068928
1734523564.598765850,5,4.001332503,4.395943257,1.500396676
1734523564.598765850,6,-3.824662585,-4.266183928,1.503191964
1734523564.598765850,7,-4.004006799,4.455730984,1.499918273
1734523564.598765850,8,3.979842438,-4.388021709,1.505204290
1734523564.598765850,9,-8.828942917,-0.390299513,1.503928290
1734523564.668765783,0,0.163296560,-0.052376568,1.504279221
1734523564.668765783,1,4.656983705,-0.050926140,1.504185339
1734523564.668765783,2,0.011794824,4.833360293,1.505206428
1734523564.668765783,3,0.034340812,-5.077677042,1.505511987
1734523564.668765783,4,-4.206391479,-0.270754306,1.504068928
1734523564.668765783,5,4.001332503,4.395943257,1.500396676
1734523564.668765783,6,-3.824662585,-4.266183928,1.503191964
1734523564.668765783,7,-4.004006799,4.455730984,1.499918273
1734523564.668765783,8,3.979842438,-4.388021709,1.505204290
1734523564.668765783,9,-8.828942917,-0.390299513,1.503928290
1734523564.728765726,0,0.163296560,-0.052376568,1.504279221
1734523564.728765726,1,4.656983705,-0.050926140,1.504185339
1734523564.728765726,2,0.011794824,4.833360293,1.505206428
1734523564.728765726,3,0.034340812,-5.077677042,1.505511987
1734523564.728765726,4,-4.206391479,-0.270754306,1.504068928
1734523564.728765726,5,4.001332503,4.395943257,1.500396676
1734523564.728765726,6,-3.824662585,-4.266183928,1.503191964
1734523564.728765726,7,-4.004006799,4.455730984,1.499918273
1734523564.728765726,8,3.979842438,-4.388021709,1.505204290
1734523564.728765726,9,-8.828942917,-0.390299513,1.503928290
1734523564.788765669,0,0.163296560,-0.052376568,1.504279221
1734523564.788765669,1,4.656983705,-0.050926140,1.504185339
1734523564.788765669,2,0.011794824,4.833360293,1.505206428
1734523564.788765669,3,0.034340812,-5.077677042,1.505511987
1734523564.788765669,4,-4.206391479,-0.270754306,1.504068928
1734523564.788765669,5,4.001332503,4.395943257,1.500396676
1734523564.788765669,6,-3.824662585,-4.266183928,1.503191964
1734523564.788765669,7,-4.004006799,4.455730984,1.499918273
1734523564.788765669,8,3.979842438,-4.388021709,1.505204290
1734523564.788765669,9,-8.828942917,-0.390299513,1.503928290
1734523564.848765850,0,0.163296560,-0.052376568,1.504279221
1734523564.848765850,1,4.656983705,-0.050926140,1.504185339
1734523564.848765850,2,0.011794824,4.833360293,1.505206428
1734523564.848765850,3,0.034340812,-5.077677042,1.505511987
1734523564.848765850,4,-4.206391479,-0.270754306,1.504068928
1734523564.848765850,5,4.001332503,4.395943257,1.500396676
1734523564.848765850,6,-3.824662585,-4.266183928,1.503191964
1734523564.848765850,7,-4.004006799,4.455730984,1.499918273
1734523564.848765850,8,3.979842438,-4.388021709,1.505204290
1734523564.848765850,9,-8.828942917,-0.390299513,1.503928290
1734523564.918765783,0,0.163296560,-0.052376568,1.504279221
1734523564.918765783,1,4.656983705,-0.050926140,1.504185339
1734523564.918765783,2,0.011794824,4.833360293,1.505206428
1734523564.918765783,3,0.034340812,-5.077677042,1.505511987
1734523564.918765783,4,-4.206391479,-0.270754306,1.504068928
1734523564.918765783,5,4.001332503,4.395943257,1.500396676
1734523564.918765783,6,-3.824662585,-4.266183928,1.503191964
1734523564.918765783,7,-4.004006799,4.455730984,1.499918273
1734523564.918765783,8,3.979842438,-4.388021709,1.505204290
1734523564.918765783,9,-8.828942917,-0.390299513,1.503928290
1734523564.978765726,0,0.163296560,-0.052376568,1.504279221
1734523564.978765726,1,4.656983705,-0.050926140,1.504185339
1734523564.978765726,2,0.011794824,4.833360293,1.505206428
1734523564.978765726,3,0.034340812,-5.077677042,1.505511987
1734523564.978765726,4,-4.206391479,-0.270754306,1.504068928
1734523564.978765726,5,4.001332503,4.395943257,1.500396676
1734523564.978765726,6,-3.824662585,-4.266183928,1.503191964
1734523564.978765726,7,-4.004006799,4.455730984,1.499918273
1734523564.978765726,8,3.979842438,-4.388021709,1.505204290
1734523564.978765726,9,-8.828942917,-0.390299513,1.503928290
1734523565.038765669,0,0.163296560,-0.052376568,1.504279221
1734523565.038765669,1,4.656983705,-0.050926140,1.504185339
1734523565.038765669,2,0.011794824,4.833360293,1.505206428
1734523565.038765669,3,0.034340812,-5.077677042,1.505511987
1734523565.038765669,4,-4.206391479,-0.270754306,1.504068928
1734523565.038765669,5,4.001332503,4.395943257,1.500396676
1734523565.038765669,6,-3.824662585,-4.266183928,1.503191964
1734523565.038765669,7,-4.004006799,4.455730984,1.499918273
1734523565.038765669,8,3.979842438,-4.388021709,1.505204290
1734523565.038765669,9,-8.828942917,-0.390299513,1.503928290
1734523565.108765841,0,0.163296560,-0.052376568,1.504279221
1734523565.108765841,1,4.656983705,-0.050926140,1.504185339
1734523565.108765841,2,0.011794824,4.833360293,1.505206428
1734523565.108765841,3,0.034340812,-5.077677042,1.505511987
1734523565.108765841,4,-4.206391479,-0.270754306,1.504068928
1734523565.108765841,5,4.001332503,4.395943257,1.500396676
1734523565.108765841,6,-3.824662585,-4.266183928,1.503191964
1734523565.108765841,7,-4.004006799,4.455730984,1.499918273
1734523565.108765841,8,3.979842438,-4.388021709,1.505204290
1734523565.108765841,9,-8.828942917,-0.390299513,1.503928290
1734523565.168765783,0,0.171809025,-0.052499680,1.504289021
1734523565.168765783,1,4.676312823,-0.050229939,1.504195489
1734523565.168765783,2,0.012988624,4.863883085,1.505066960
1734523565.168765783,3,0.034455093,-5.113904464,1.505345479
1734523565.168765783,4,-4.209492570,-0.274274711,1.504133367
1734523565.168765783,5,4.001892624,4.414841583,1.500725110
1734523565.168765783,6,-3.818453944,-4.273980448,1.503196434
1734523565.168765783,7,-4.003993272,4.475170189,1.500168730
1734523565.168765783,8,3.979099049,-4.402550907,1.505124739
1734523565.168765783,9,-8.857528319,-0.402645607,1.503959641
1734523565.228765726,0,0.171809025,-0.052499680,1.504289021
1734523565.228765726,1,4.676312823,-0.050229939,1.504195489
1734523565.228765726,2,0.012988624,4.863883085,1.505066960
1734523565.228765726,3,0.034455093,-5.113904464,1.505345479
1734523565.228765726,4,-4.209492570,-0.274274711,1.504133367
1734523565.228765726,5,4.001892624,4.414841583,1.500725110
1734523565.228765726,6,-3.818453944,-4.273980448,1.503196434
1734523565.228765726,7,-4.003993272,4.475170189,1.500168730
1734523565.228765726,8,3.979099049,-4.402550907,1.505124739
1734523565.228765726,9,-8.857528319,-0.402645607,1.503959641
1734523565.298765659,0,0.171809025,-0.052499680,1.504289021
1734523565.298765659,1,4.676312823,-0.050229939,1.504195489
1734523565.298765659,2,0.012988624,4.863883085,1.505066960
1734523565.298765659,3,0.034455093,-5.113904464,1.505345479
1734523565.298765659,4,-4.209492570,-0.274274711,1.504133367
1734523565.298765659,5,4.001892624,4.414841583,1.500725110
1734523565.298765659,6,-3.818453944,-4.273980448,1.503196434
1734523565.298765659,7,-4.003993272,4.475170189,1.500168730
1734523565.298765659,8,3.979099049,-4.402550907,1.505124739
1734523565.298765659,9,-8.857528319,-0.402645607,1.503959641
1734523565.358765841,0,0.171809025,-0.052499680,1.504289021
1734523565.358765841,1,4.676312823,-0.050229939,1.504195489
1734523565.358765841,2,0.012988624,4.863883085,1.505066960
1734523565.358765841,3,0.034455093,-5.113904464,1.505345479
1734523565.358765841,4,-4.209492570,-0.274274711,1.504133367
1734523565.358765841,5,4.001892624,4.414841583,1.500725110
1734523565.358765841,6,-3.818453944,-4.273980448,1.503196434
1734523565.358765841,7,-4.003993272,4.475170189,1.500168730
1734523565.358765841,8,3.979099049,-4.402550907,1.505124739
1734523565.358765841,9,-8.857528319,-0.402645607,1.503959641
1734523565.418765783,0,0.171809025,-0.052499680,1.504289021
1734523565.418765783,1,4.676312823,-0.050229939,1.504195489
1734523565.418765783,2,0.012988624,4.863883085,1.505066960
1734523565.418765783,3,0.034455093,-5.113904464,1.505345479
1734523565.418765783,4,-4.209492570,-0.274274711,1.504133367
1734523565.418765783,5,4.001892624,4.414841583,1.500725110
1734523565.418765783,6,-3.818453944,-4.273980448,1.503196434
1734523565.418765783,7,-4.003993272,4.475170189,1.500168730
1734523565.418765783,8,3.979099049,-4.402550907,1.505124739
1734523565.418765783,9,-8.857528319,-0.402645607,1.503959641
1734523565.488765717,0,0.171809025,-0.052499680,1.504289021
1734523565.488765717,1,4.676312823,-0.050229939,1.504195489
1734523565.488765717,2,0.012988624,4.863883085,1.505066960
1734523565.488765717,3,0.034455093,-5.113904464,1.505345479
1734523565.488765717,4,-4.209492570,-0.274274711,1.504133367
1734523565.488765717,5,4.001892624,4.414841583,1.500725110
1734523565.488765717,6,-3.818453944,-4.273980448,1.503196434
1734523565.488765717,7,-4.003993272,4.475170189,1.500168730
1734523565.488765717,8,3.979099049,-4.402550907,1.505124739
1734523565.488765717,9,-8.857528319,-0.402645607,1.503959641
1734523565.548765659,0,0.171809025,-0.052499680,1.504289021
1734523565.548765659,1,4.676312823,-0.050229939,1.504195489
1734523565.548765659,2,0.012988624,4.863883085,1.505066960
1734523565.548765659,3,0.034455093,-5.113904464,1.505345479
1734523565.548765659,4,-4.209492570,-0.274274711,1.504133367
1734523565.548765659,5,4.001892624,4.414841583,1.500725110
1734523565.548765659,6,-3.818453944,-4.273980448,1.503196434
1734523565.548765659,7,-4.003993272,4.475170189,1.500168730
1734523565.548765659,8,3.979099049,-4.402550907,1.505124739
1734523565.548765659,9,-8.857528319,-0.402645607,1.503959641
1734523565.608765841,0,0.171809025,-0.052499680,1.504289021
1734523565.608765841,1,4.676312823,-0.050229939,1.504195489
1734523565.608765841,2,0.012988624,4.863883085,1.505066960
1734523565.608765841,3,0.034455093,-5.113904464,1.505345479
1734523565.608765841,4,-4.209492570,-0.274274711,1.504133367
1734523565.608765841,5,4.001892624,4.414841583,1.500725110
1734523565.608765841,6,-3.818453944,-4.273980448,1.503196434
1734523565.608765841,7,-4.003993272,4.475170189,1.500168730
1734523565.608765841,8,3.979099049,-4.402550907,1.505124739
1734523565.608765841,9,-8.857528319,-0.402645607,1.503959641
1734523565.668765783,0,0.171809025,-0.052499680,1.504289021
1734523565.668765783,1,4.676312823,-0.050229939,1.504195489
1734523565.668765783,2,0.012988624,4.863883085,1.505066960
1734523565.668765783,3,0.034455093,-5.113904464,1.505345479
1734523565.668765783,4,-4.209492570,-0.274274711,1.504133367
1734523565.668765783,5,4.001892624,4.414841583,1.500725110
1734523565.668765783,6,-3.818453944,-4.273980448,1.503196434
1734523565.668765783,7,-4.003993272,4.475170189,1.500168730
1734523565.668765783,8,3.979099049,-4.402550907,1.505124739
1734523565.668765783,9,-8.857528319,-0.402645607,1.503959641
1734523565.738765717,0,0.171809025,-0.052499680,1.504289021
1734523565.738765717,1,4.676312823,-0.050229939,1.504195489
1734523565.738765717,2,0.012988624,4.863883085,1.505066960
1734523565.738765717,3,0.034455093,-5.113904464,1.505345479
1734523565.738765717,4,-4.209492570,-0.274274711,1.504133367
1734523565.738765717,5,4.001892624,4.414841583,1.500725110
1734523565.738765717,6,-3.818453944,-4.273980448,1.503196434
1734523565.738765717,7,-4.003993272,4.475170189,1.500168730
1734523565.738765717,8,3.979099049,-4.402550907,1.505124739
1734523565.738765717,9,-8.857528319,-0.402645607,1.503959641
1734523565.798765659,0,0.179377356,-0.052985408,1.504298557
1734523565.798765659,1,4.699593659,-0.050680216,1.504208464
1734523565.798765659,2,0.013183615,4.890934362,1.504862832
1734523565.798765659,3,0.035940016,-5.145298138,1.505149545
1734523565.798765659,4,-4.219257446,-0.285394388,1.504381787
1734523565.798765659,5,4.002071255,4.433603318,1.501020157
1734523565.798765659,6,-3.811498302,-4.282820268,1.503217676
1734523565.798765659,7,-4.003932267,4.504622988,1.500581285
1734523565.798765659,8,3.978426895,-4.420345449,1.504978035
1734523565.798765659,9,-8.900534651,-0.421081723,1.503994191
1734523565.858765841,0,0.179377356,-0.052985408,1.504298557
1734523565.858765841,1,4.699593659,-0.050680216,1.504208464
1734523565.858765841,2,0.013183615,4.890934362,1.504862832
1734523565.858765841,3,0.035940016,-5.145298138,1.505149545
1734523565.858765841,4,-4.219257446,-0.285394388,1.504381787
1734523565.858765841,5,4.002071255,4.433603318,1.501020157
1734523565.858765841,6,-3.811498302,-4.282820268,1.503217676
1734523565.858765841,7,-4.003932267,4.504622988,1.500581285
1734523565.858765841,8,3.978426895,-4.420345449,1.504978035
1734523565.858765841,9,-8.900534651,-0.421081723,1.503994191
1734523565.918765783,0,0.179377356,-0.052985408,1.504298557
1734523565.918765783,1,4.699593659,-0.050680216,1.504208464
1734523565.918765783,2,0.013183615,4.890934362,1.504862832
1734523565.918765783,3,0.035940016,-5.145298138,1.505149545
1734523565.918765783,4,-4.219257446,-0.285394388,1.504381787
1734523565.918765783,5,4.002071255,4.433603318,1.501020157
1734523565.918765783,6,-3.811498302,-4.282820268,1.503217676
1734523565.918765783,7,-4.003932267,4.504622988,1.500581285
1734523565.918765783,8,3.978426895,-4.420345449,1.504978035
1734523565.918765783,9,-8.900534651,-0.421081723,1.503994191
1734523565.988765717,0,0.179377356,-0.052985408,1.504298557
1734523565.988765717,1,4.699593659,-0.050680216,1.504208464
1734523565.988765717,2,0.013183615,4.890934362,1.504862832
1734523565.988765717,3,0.035940016,-5.145298138,1.505149545
1734523565.988765717,4,-4.219257446,-0.285394388,1.504381787
1734523565.988765717,5,4.002071255,4.433603318,1.501020157
1734523565.988765717,6,-3.811498302,-4.282820268,1.503217676
1734523565.988765717,7,-4.003932267,4.504622988,1.500581285
1734523565.988765717,8,3.978426895,-4.420345449,1.504978035
1734523565.988765717,9,-8.900534651,-0.421081723,1.503994191
1734523566.048765659,0,0.179377356,-0.052985408,1.504298557
1734523566.048765659,1,4.699593659,-0.050680216,1.504208464
1734523566.048765659,2,0.013183615,4.890934362,1.504862832
1734523566.048765659,3,0.035940016,-5.145298138,1.505149545
1734523566.048765659,4,-4.219257446,-0.285394388,1.504381787
1734523566.048765659,5,4.002071255,4.433603318,1.501020157
1734523566.048765659,6,-3.811498302,-4.282820268,1.503217676
1734523566.048765659,7,-4.003932267,4.504622988,1.500581285
1734523566.048765659,8,3.978426895,-4.420345449,1.504978035
1734523566.048765659,9,-8.900534651,-0.421081723,1.503994191
1734523566.118765831,0,0.179377356,-0.052985408,1.504298557
1734523566.118765831,1,4.699593659,-0.050680216,1.504208464
1734523566.118765831,2,0.013183615,4.890934362,1.504862832
1734523566.118765831,3,0.035940016,-5.145298138,1.505149545
1734523566.118765831,4,-4.219257446,-0.285394388,1.504381787
1734523566.118765831,5,4.002071255,4.433603318,1.501020157
1734523566.118765831,6,-3.811498302,-4.282820268,1.503217676
1734523566.118765831,7,-4.003932267,4.504622988,1.500581285
1734523566.118765831,8,3.978426895,-4.420345449,1.504978035
1734523566.118765831,9,-8.900534651,-0.421081723,1.503994191
1734523566.178765774,0,0.179377356,-0.052985408,1.504298557
1734523566.178765774,1,4.699593659,-0.050680216,1.504208464
1734523566.178765774,2,0.013183615,4.890934362,1.504862832
1734523566.178765774,3,0.035940016,-5.145298138,1.505149545
1734523566.178765774,4,-4.219257446,-0.285394388,1.504381787
1734523566.178765774,5,4.002071255,4.433603318,1.501020157
1734523566.178765774,6,-3.811498302,-4.282820268,1.503217676
1734523566.178765774,7,-4.003932267,4.504622988,1.500581285
1734523566.178765774,8,3.978426895,-4.420345449,1.504978035
1734523566.178765774,9,-8.900534651,-0.421081723,1.503994191
1734523566.238765717,0,0.179377356,-0.052985408,1.504298557
1734523566.238765717,1,4.699593659,-0.050680216,1.504208464
1734523566.238765717,2,0.013183615,4.890934362,1.504862832
1734523566.238765717,3,0.035940016,-5.145298138,1.505149545
1734523566.238765717,4,-4.219257446,-0.285394388,1.504381787
1734523566.238765717,5,4.002071255,4.433603318,1.501020157
1734523566.238765717,6,-3.811498302,-4.282820268,1.503217676
1734523566.238765717,7,-4.003932267,4.504622988,1.500581285
1734523566.238765717,8,3.978426895,-4.420345449,1.504978035
1734523566.238765717,9,-8.900534651,-0.421081723,1.503994191
1734523566.308765650,0,0.179377356,-0.052985408,1.504298557
1734523566.308765650,1,4.699593659,-0.050680216,1.504208464
1734523566.308765650,2,0.013183615,4.890934362,1.504862832
1734523566.308765650,3,0.035940016,-5.145298138,1.505149545
1734523566.308765650,4,-4.219257446,-0.285394388,1.504381787
1734523566.308765650,5,4.002071255,4.433603318,1.501020157
1734523566.308765650,6,-3.811498302,-4.282820268,1.503217676
1734523566.308765650,7,-4.003932267,4.504622988,1.500581285
1734523566.308765650,8,3.978426895,-4.420345449,1.504978035
1734523566.308765650,9,-8.900534651,-0.421081723,1.503994191
1734523566.368765831,0,0.179377356,-0.052985408,1.504298557
1734523566.368765831,1,4.699593659,-0.050680216,1.504208464
1734523566.368765831,2,0.013183615,4.890934362,1.504862832
1734523566.368765831,3,0.035940016,-5.145298138,1.505149545
1734523566.368765831,4,-4.219257446,-0.285394388,1.504381787
1734523566.368765831,5,4.002071255,4.433603318,1.501020157
1734523566.368765831,6,-3.811498302,-4.282820268,1.503217676
1734523566.368765831,7,-4.003932267,4.504622988,1.500581285
1734523566.368765831,8,3.978426895,-4.420345449,1.504978035
1734523566.368765831,9,-8.900534651,-0.421081723,1.503994191
1734523566.428765774,0,0.187303946,-0.053313567,1.504307500
1734523566.428765774,1,4.718792482,-0.051117371,1.504215864
1734523566.428765774,2,0.013356863,4.915409225,1.504681032
1734523566.428765774,3,0.036830961,-5.177446588,1.504964019
1734523566.428765774,4,-4.224661531,-0.291570484,1.504546335
1734523566.428765774,5,4.002513773,4.450997952,1.501276231
1734523566.428765774,6,-3.804359392,-4.291759353,1.503249964
1734523566.428765774,7,-4.003901407,4.514522382,1.500692886
1734523566.428765774,8,3.978036301,-4.434997813,1.504805631
1734523566.428765774,9,-8.915017699,-0.427306117,1.504000953
1734523566.488765717,0,0.187303946,-0.053313567,1.504307500
1734523566.488765717,1,4.718792482,-0.051117371,1.504215864
1734523566.488765717,2,0.013356863,4.915409225,1.504681032
1734523566.488765717,3,0.036830961,-5.177446588,1.504964019
1734523566.488765717,4,-4.224661531,-0.291570484,1.504546335
1734523566.488765717,5,4.002513773,4.450997952,1.501276231
1734523566.488765717,6,-3.804359392,-4.291759353,1.503249964
1734523566.488765717,7,-4.003901407,4.514522382,1.500692886
1734523566.488765717,8,3.978036301,-4.434997813,1.504805631
1734523566.488765717,9,-8.915017699,-0.427306117,1.504000953
1734523566.558765650,0,0.187303946,-0.053313567,1.504307500
1734523566.558765650,1,4.718792482,-0.051117371,1.504215864
1734523566.558765650,2,0.013356863,4.915409225,1.504681032
1734523566.558765650,3,0.036830961,-5.177446588,1.504964019
1734523566.558765650,4,-4.224661531,-0.291570484,1.504546335
1734523566.558765650,5,4.002513773,4.450997952,1.501276231
1734523566.558765650,6,-3.804359392,-4.291759353,1.503249964
1734523566.558765650,7,-4.003901407,4.514522382,1.500692886
1734523566.558765650,8,3.978036301,-4.434997813,1.504805631
1734523566.558765650,9,-8.915017699,-0.427306117,1.504000953
1734523566.618765831,0,0.187303946,-0.053313567,1.504307500
1734523566.618765831,1,4.718792482,-0.051117371,1.504215864
1734523566.618765831,2,0.013356863,4.915409225,1.504681032
1734523566.618765831,3,0.036830961,-5.177446588,1.504964019
1734523566.618765831,4,-4.224661531,-0.291570484,1.504546335
1734523566.618765831,5,4.002513773,4.450997952,1.501276231
1734523566.618765831,6,-3.804359392,-4.291759353,1.503249964
1734523566.618765831,7,-4.003901407,4.514522382,1.500692886
1734523566.618765831,8,3.978036301,-4.434997813,1.504805631
1734523566.618765831,9,-8.915017699,-0.427306117,1.504000953
1734523566.678765774,0,0.187303946,-0.053313567,1.504307500
1734523566.678765774,1,4.718792482,-0.051117371,1.504215864
1734523566.678765774,2,0.013356863,4.915409225,1.504681032
1734523566.678765774,3,0.036830961,-5.177446588,1.504964019
1734523566.678765774,4,-4.224661531,-0.291570484,1.504546335
1734523566.678765774,5,4.002513773,4.450997952,1.501276231
1734523566.678765774,6,-3.804359392,-4.291759353,1.503249964
1734523566.678765774,7,-4.003901407,4.514522382,1.500692886
1734523566.678765774,8,3.978036301,-4.434997813,1.504805631
1734523566.678765774,9,-8.915017699,-0.427306117,1.504000953
1734523566.738765717,0,0.187303946,-0.053313567,1.504307500
1734523566.738765717,1,4.718792482,-0.051117371,1.504215864
1734523566.738765717,2,0.013356863,4.915409225,1.504681032
1734523566.738765717,3,0.036830961,-5.177446588,1.504964019
1734523566.738765717,4,-4.224661531,-0.291570484,1.504546335
1734523566.738765717,5,4.002513773,4.450997952,1.501276231
1734523566.738765717,6,-3.804359392,-4.291759353,1.503249964
1734523566.738765717,7,-4.003901407,4.514522382,1.500692886
1734523566.738765717,8,3.978036301,-4.434997813,1.504805631
1734523566.738765717,9,-8.915017699,-0.427306117,1.504000953
1734523566.808765650,0,0.187303946,-0.053313567,1.504307500
1734523566.808765650,1,4.718792482,-0.051117371,1.504215864
1734523566.808765650,2,0.013356863,4.915409225,1.504681032
1734523566.808765650,3,0.036830961,-5.177446588,1.504964019
1734523566.808765650,4,-4.224661531,-0.291570484,1.504546335
1734523566.808765650,5,4.002513773,4.450997952,1.501276231
1734523566.808765650,6,-3.800764058,-4.296308774,1.503269264
1734523566.808765650,7,-4.003865235,4.524464000,1.500862864
1734523566.808765650,8,3.978036301,-4.434997813,1.504805631
1734523566.808765650,9,-8.915017699,-0.427306117,1.504000953
1734523566.868765831,0,0.187303946,-0.053313567,1.504307500
1734523566.868765831,1,4.718792482,-0.051117371,1.504215864
1734523566.868765831,2,0.013356863,4.915409225,1.504681032
1734523566.868765831,3,0.036830961,-5.177446588,1.504964019
1734523566.868765831,4,-4.224661531,-0.291570484,1.504546335
1734523566.868765831,5,4.002513773,4.450997952,1.501276231
1734523566.868765831,6,-3.800764058,-4.296308774,1.503269264
1734523566.868765831,7,-4.003865235,4.524464000,1.500862864
1734523566.868765831,8,3.978036301,-4.434997813,1.504805631
1734523566.868765831,9,-8.915017699,-0.427306117,1.504000953
1734523566.938765764,0,0.187303946,-0.053313567,1.504307500
1734523566.938765764,1,4.718792482,-0.051117371,1.504215864
1734523566.938765764,2,0.013356863,4.915409225,1.504681032
1734523566.938765764,3,0.036830961,-5.177446588,1.504964019
1734523566.938765764,4,-4.224661531,-0.291570484,1.504546335
1734523566.938765764,5,4.002513773,4.450997952,1.501276231
1734523566.938765764,6,-3.800764058,-4.296308774,1.503269264
1734523566.938765764,7,-4.003865235,4.524464000,1.500862864
1734523566.938765764,8,3.978036301,-4.434997813,1.504805631
1734523566.938765764,9,-8.915017699,-0.427306117,1.504000953
1734523566.998765707,0,0.187303946,-0.053313567,1.504307500
1734523566.998765707,1,4.718792482,-0.051117371,1.504215864
1734523566.998765707,2,0.013356863,4.915409225,1.504681032
1734523566.998765707,3,0.036830961,-5.177446588,1.504964019
1734523566.998765707,4,-4.224661531,-0.291570484,1.504546335
1734523566.998765707,5,4.002513773,4.450997952,1.501276231
1734523566.998765707,6,-3.800764058,-4.296308774,1.503269264
1734523566.998765707,7,-4.003865235,4.524464000,1.500862864
1734523566.998765707,8,3.977454831,-4.443594319,1.504729616
1734523566.998765707,9,-8.929597439,-0.433588059,1.504009592
1734523567.058765650,0,0.195199900,-0.053866390,1.504318537
1734523567.058765650,1,4.742952509,-0.051148279,1.504229214
1734523567.058765650,2,0.014399353,4.946306973,1.504480545
1734523567.058765650,3,0.038637309,-5.208707928,1.504729027
1734523567.058765650,4,-4.227913100,-0.295253437,1.504642029
1734523567.058765650,5,4.002652632,4.472128518,1.501575730
1734523567.058765650,6,-3.797139060,-4.300891045,1.503290997
1734523567.058765650,7,-4.003823500,4.534447519,1.501002139
1734523567.058765650,8,3.977036500,-4.452084033,1.504610541
1734523567.058765650,9,-8.944266722,-0.439919167,1.504015556
1734523567.128765821,0,0.195199900,-0.053866390,1.504318537
1734523567.128765821,1,4.742952509,-0.051148279,1.504229214
1734523567.128765821,2,0.014399353,4.946306973,1.504480545
1734523567.128765821,3,0.038637309,-5.208707928,1.504729027
1734523567.128765821,4,-4.227913100,-0.295253437,1.504642029
1734523567.128765821,5,4.002652632,4.472128518,1.501575730
1734523567.128765821,6,-3.797139060,-4.300891045,1.503290997
1734523567.128765821,7,-4.003776365,4.544473232,1.501138658
1734523567.128765821,8,3.977036500,-4.452084033,1.504610541
1734523567.128765821,9,-8.959024799,-0.446297687,1.504020864
1734523567.188765764,0,0.195199900,-0.053866390,1.504318537
1734523567.188765764,1,4.742952509,-0.051148279,1.504229214
1734523567.188765764,2,0.014399353,4.946306973,1.504480545
1734523567.188765764,3,0.038637309,-5.208707928,1.504729027
1734523567.188765764,4,-4.231410414,-0.299271163,1.504758061
1734523567.188765764,5,4.002652632,4.472128518,1.501575730
1734523567.188765764,6,-3.797139060,-4.300891045,1.503290997
1734523567.188765764,7,-4.003776365,4.544473232,1.501138658
1734523567.188765764,8,3.977036500,-4.452084033,1.504610541
1734523567.188765764,9,-8.959024799,-0.446297687,1.504020864
1734523567.248765707,0,0.195199900,-0.053866390,1.504318537
1734523567.248765707,1,4.742952509,-0.051148279,1.504229214
1734523567.248765707,2,0.014399353,4.946306973,1.504480545
1734523567.248765707,3,0.038637309,-5.208707928,1.504729027
1734523567.248765707,4,-4.231410414,-0.299271163,1.504758061
1734523567.248765707,5,4.002652632,4.472128518,1.501575730
1734523567.248765707,6,-3.797139060,-4.300891045,1.503290997
1734523567.248765707,7,-4.003776365,4.544473232,1.501138658
1734523567.248765707,8,3.977036500,-4.452084033,1.504610541
1734523567.248765707,9,-8.959024799,-0.446297687,1.504020864
1734523567.318765879,0,0.195199900,-0.053866390,1.504318537
1734523567.318765879,1,4.742952509,-0.051148279,1.504229214
1734523567.318765879,2,0.014399353,4.946306973,1.504480545
1734523567.318765879,3,0.038637309,-5.208707928,1.504729027
1734523567.318765879,4,-4.231410414,-0.299271163,1.504758061
1734523567.318765879,5,4.002652632,4.472128518,1.501575730
1734523567.318765879,6,-3.797139060,-4.300891045,1.503290997
1734523567.318765879,7,-4.003776365,4.544473232,1.501138658
1734523567.318765879,8,3.977036500,-4.452084033,1.504610541
1734523567.318765879,9,-8.959024799,-0.446297687,1.504020864
1734523567.378765821,0,0.195199900,-0.053866390,1.504318537
1734523567.378765821,1,4.742952509,-0.051148279,1.504229214
1734523567.378765821,2,0.014399353,4.946306973,1.504480545
1734523567.378765821,3,0.038637309,-5.208707928,1.504729027
1734523567.378765821,4,-4.231410414,-0.299271163,1.504758061
1734523567.378765821,5,4.002652632,4.472128518,1.501575730
1734523567.378765821,6,-3.797139060,-4.300891045,1.503290997
1734523567.378765821,7,-4.003776365,4.544473232,1.501138658
1734523567.378765821,8,3.977036500,-4.452084033,1.504610541
1734523567.378765821,9,-8.959024799,-0.446297687,1.504020864
1734523567.438765764,0,0.195199900,-0.053866390,1.504318537
1734523567.438765764,1,4.742952509,-0.051148279,1.504229214
1734523567.438765764,2,0.014399353,4.946306973,1.504480545
1734523567.438765764,3,0.038637309,-5.208707928,1.504729027
1734523567.438765764,4,-4.231410414,-0.299271163,1.504758061
1734523567.438765764,5,4.002652632,4.472128518,1.501575730
1734523567.438765764,6,-3.797139060,-4.300891045,1.503290997
1734523567.438765764,7,-4.003776365,4.544473232,1.501138658
1734523567.438765764,8,3.977036500,-4.452084033,1.504610541
1734523567.438765764,9,-8.959024799,-0.446297687,1.504020864
1734523567.498765707,0,0.195199900,-0.053866390,1.504318537
1734523567.498765707,1,4.742952509,-0.051148279,1.504229214
1734523567.498765707,2,0.014399353,4.946306973,1.504480545
1734523567.498765707,3,0.038637309,-5.208707928,1.504729027
1734523567.498765707,4,-4.231410414,-0.299271163,1.504758061
1734523567.498765707,5,4.002652632,4.472128518,1.501575730
1734523567.498765707,6,-3.797139060,-4.300891045,1.503290997
1734523567.498765707,7,-4.003776365,4.544473232,1.501138658
1734523567.498765707,8,3.977036500,-4.452084033,1.504610541
1734523567.498765707,9,-8.959024799,-0.446297687,1.504020864
1734523567.558765650,0,0.195199900,-0.053866390,1.504318537
1734523567.558765650,1,4.742952509,-0.051148279,1.504229214
1734523567.558765650,2,0.014399353,4.946306973,1.504480545
1734523567.558765650,3,0.038637309,-5.208707928,1.504729027
1734523567.558765650,4,-4.231410414,-0.299271163,1.504758061
1734523567.558765650,5,4.002652632,4.472128518,1.501575730
1734523567.558765650,6,-3.797139060,-4.300891045,1.503290997
1734523567.558765650,7,-4.003776365,4.544473232,1.501138658
1734523567.558765650,8,3.977036500,-4.452084033,1.504610541
1734523567.558765650,9,-8.959024799,-0.446297687,1.504020864
1734523567.628765821,0,0.195199900,-0.053866390,1.504318537
1734523567.628765821,1,4.742952509,-0.051148279,1.504229214
1734523567.628765821,2,0.014399353,4.946306973,1.504480545
1734523567.628765821,3,0.038637309,-5.208707928,1.504729027
1734523567.628765821,4,-4.231410414,-0.299271163,1.504758061
1734523567.628765821,5,4.002652632,4.472128518,1.501575730
1734523567.628765821,6,-3.797139060,-4.300891045,1.503290997
1734523567.628765821,7,-4.003776365,4.544473232,1.501138658
1734523567.628765821,8,3.977036500,-4.452084033,1.504610541
1734523567.628765821,9,-8.959024799,-0.446297687,1.504020864
1734523567.688765764,0,0.202250969,-0.054638102,1.504328838
1734523567.688765764,1,4.764601324,-0.051724595,1.504237720
1734523567.688765764,2,0.014079054,4.970595670,1.504258086
1734523567.688765764,3,0.041231367,-5.235909559,1.504524661
1734523567.688765764,4,-4.236670442,-0.305315584,1.504933497
1734523567.688765764,5,4.002665290,4.491525533,1.501806412
1734523567.688765764,6,-3.789067220,-4.311119880,1.503342340
1734523567.688765764,7,-4.003724056,4.554542109,1.501271618
1734523567.688765764,8,3.976415666,-4.470696333,1.504402970
1734523567.688765764,9,-8.973872377,-0.452723293,1.504025930
1734523567.748765707,0,0.202250969,-0.054638102,1.504328838
1734523567.748765707,1,4.764601324,-0.051724595,1.504237720
1734523567.748765707,2,0.014079054,4.970595670,1.504258086
1734523567.748765707,3,0.041231367,-5.235909559,1.504524661
1734523567.748765707,4,-4.236670442,-0.305315584,1.504933497
1734523567.748765707,5,4.002665290,4.491525533,1.501806412
1734523567.748765707,6,-3.789067220,-4.311119880,1.503342340
1734523567.748765707,7,-4.003724056,4.554542109,1.501271618
1734523567.748765707,8,3.976415666,-4.470696333,1.504402970
1734523567.748765707,9,-8.973872377,-0.452723293,1.504025930
1734523567.818765879,0,0.202250969,-0.054638102,1.504328838
1734523567.818765879,1,4.764601324,-0.051724595,1.504237720
1734523567.818765879,2,0.014079054,4.970595670,1.504258086
1734523567.818765879,3,0.041231367,-5.235909559,1.504524661
1734523567.818765879,4,-4.236670442,-0.305315584,1.504933497
1734523567.818765879,5,4.002665290,4.491525533,1.501806412
1734523567.818765879,6,-3.789067220,-4.311119880,1.503342340
1734523567.818765879,7,-4.003724056,4.554542109,1.501271618
1734523567.818765879,8,3.976415666,-4.470696333,1.504402970
1734523567.818765879,9,-8.973872377,-0.452723293,1.504025930
1734523567.878765821,0,0.202250969,-0.054638102,1.504328838
1734523567.878765821,1,4.764601324,-0.051724595,1.504237720
1734523567.878765821,2,0.014079054,4.970595670,1.504258086
1734523567.878765821,3,0.041231367,-5.235909559,1.504524661
1734523567.878765821,4,-4.236670442,-0.305315584,1.504933497
1734523567.878765821,5,4.002665290,4.491525533,1.501806412
1734523567.878765821,6,-3.789067220,-4.311119880,1.503342340
1734523567.878765821,7,-4.003724056,4.554542109,1.501271618
1734523567.878765821,8,3.976415666,-4.470696333,1.504402970
1734523567.878765821,9,-8.973872377,-0.452723293,1.504025930
1734523567.948765755,0,0.202250969,-0.054638102,1.504328838
1734523567.948765755,1,4.764601324,-0.051724595,1.504237720
1734523567.948765755,2,0.014079054,4.970595670,1.504258086
1734523567.948765755,3,0.041231367,-5.235909559,1.504524661
1734523567.948765755,4,-4.236670442,-0.305315584,1.504933497
1734523567.948765755,5,4.002665290,4.491525533,1.501806412
1734523567.948765755,6,-3.789067220,-4.311119880,1.503342340
1734523567.948765755,7,-4.003724056,4.554542109,1.501271618
1734523567.948765755,8,3.976415666,-4.470696333,1.504402970
1734523567.948765755,9,-8.973872377,-0.452723293,1.504025930
1734523568.008765697,0,0.202250969,-0.054638102,1.504328838
1734523568.008765697,1,4.764601324,-0.051724595,1.504237720
1734523568.008765697,2,0.014079054,4.970595670,1.504258086
1734523568.008765697,3,0.041231367,-5.235909559,1.504524661
1734523568.008765697,4,-4.236670442,-0.305315584,1.504933497
1734523568.008765697,5,4.002665290,4.491525533,1.501806412
1734523568.008765697,6,-3.789067220,-4.311119880,1.503342340
1734523568.008765697,7,-4.003724056,4.554542109,1.501271618
1734523568.008765697,8,3.976415666,-4.470696333,1.504402970
1734523568.008765697,9,-8.973872377,-0.452723293,1.504025930
1734523568.068765879,0,0.202250969,-0.054638102,1.504328838
1734523568.068765879,1,4.764601324,-0.051724595,1.504237720
1734523568.068765879,2,0.014079054,4.970595670,1.504258086
1734523568.068765879,3,0.041231367,-5.235909559,1.504524661
1734523568.068765879,4,-4.236670442,-0.305315584,1.504933497
1734523568.068765879,5,4.002665290,4.491525533,1.501806412
1734523568.068765879,6,-3.789067220,-4.311119880,1.503342340
1734523568.068765879,7,-4.003724056,4.554542109,1.501271618
1734523568.068765879,8,3.976415666,-4.470696333,1.504402970
1734523568.068765879,9,-8.973872377,-0.452723293,1.504025930
1734523568.128765821,0,0.202250969,-0.054638102,1.504328838
1734523568.128765821,1,4.764601324,-0.051724595,1.504237720
1734523568.128765821,2,0.014079054,4.970595670,1.504258086
1734523568.128765821,3,0.041231367,-5.235909559,1.504524661
1734523568.128765821,4,-4.236670442,-0.305315584,1.504933497
1734523568.128765821,5,4.002665290,4.491525533,1.501806412
1734523568.128765821,6,-3.789067220,-4.311119880,1.503342340
1734523568.128765821,7,-4.003724056,4.554542109,1.501271618
1734523568.128765821,8,3.976415666,-4.470696333,1.504402970
1734523568.128765821,9,-8.973872377,-0.452723293,1.504025930
1734523568.208765745,0,0.202250969,-0.054638102,1.504328838
1734523568.208765745,1,4.764601324,-0.051724595,1.504237720
1734523568.208765745,2,0.014079054,4.970595670,1.504258086
1734523568.208765745,3,0.041231367,-5.235909559,1.504524661
1734523568.208765745,4,-4.236670442,-0.305315584,1.504933497
1734523568.208765745,5,4.002665290,4.491525533,1.501806412
1734523568.208765745,6,-3.789067220,-4.311119880,1.503342340
1734523568.208765745,7,-4.003724056,4.554542109,1.501271618
1734523568.208765745,8,3.976415666,-4.470696333,1.504402970
1734523568.208765745,9,-8.973872377,-0.452723293,1.504025930
1734523568.268765688,0,0.202250969,-0.054638102,1.504328838
1734523568.268765688,1,4.764601324,-0.051724595,1.504237720
1734523568.268765688,2,0.014079054,4.970595670,1.504258086
1734523568.268765688,3,0.041231367,-5.235909559,1.504524661
1734523568.268765688,4,-4.236670442,-0.305315584,1.504933497
1734523568.268765688,5,4.002665290,4.491525533,1.501806412
1734523568.268765688,6,-3.789067220,-4.311119880,1.503342340
1734523568.268765688,7,-4.003724056,4.554542109,1.501271618
1734523568.268765688,8,3.976415666,-4.470696333,1.504402970
1734523568.268765688,9,-8.973872377,-0.452723293,1.504025930
1734523568.328765869,0,0.211844901,-0.054769466,1.504341787
1734523568.328765869,1,4.784885847,-0.051614541,1.504247581
1734523568.328765869,2,0.015194849,5.001930254,1.504093000
1734523568.328765869,3,0.041296649,-5.272699298,1.504336816
1734523568.328765869,4,-4.239709106,-0.308791022,1.505030156
1734523568.328765869,5,4.003350711,4.511874198,1.502078778
1734523568.328765869,6,-3.782319851,-4.319605565,1.503385600
1734523568.328765869,7,-4.003604010,4.574812646,1.501524623
1734523568.328765869,8,3.977736698,-4.488384296,1.504214353
1734523568.328765869,9,-9.003836639,-0.465715696,1.504038040
1734523568.398765802,0,0.211844901,-0.054769466,1.504341787
1734523568.398765802,1,4.784885847,-0.051614541,1.504247581
1734523568.398765802,2,0.015194849,5.001930254,1.504093000
1734523568.398765802,3,0.041296649,-5.272699298,1.504336816
1734523568.398765802,4,-4.239709106,-0.308791022,1.505030156
1734523568.398765802,5,4.003350711,4.511874198,1.502078778
1734523568.398765802,6,-3.782319851,-4.319605565,1.503385600
1734523568.398765802,7,-4.003604010,4.574812646,1.501524623
1734523568.398765802,8,3.977736698,-4.488384296,1.504214353
1734523568.398765802,9,-9.003836639,-0.465715696,1.504038040
1734523568.458765745,0,0.211844901,-0.054769466,1.504341787
1734523568.458765745,1,4.784885847,-0.051614541,1.504247581
1734523568.458765745,2,0.015194849,5.001930254,1.504093000
1734523568.458765745,3,0.041296649,-5.272699298,1.504336816
1734523568.458765745,4,-4.239709106,-0.308791022,1.505030156
1734523568.458765745,5,4.003350711,4.511874198,1.502078778
1734523568.458765745,6,-3.782319851,-4.319605565,1.503385600
1734523568.458765745,7,-4.003604010,4.574812646,1.501524623
1734523568.458765745,8,3.977736698,-4.488384296,1.504214353
1734523568.458765745,9,-9.003836639,-0.465715696,1.504038040
1734523568.518765688,0,0.211844901,-0.054769466,1.504341787
1734523568.518765688,1,4.784885847,-0.051614541,1.504247581
1734523568.518765688,2,0.015194849,5.001930254,1.504093000
1734523568.518765688,3,0.041296649,-5.272699298,1.504336816
1734523568.518765688,4,-4.239709106,-0.308791022,1.505030156
1734523568.518765688,5,4.003350711,4.511874198,1.502078778
1734523568.518765688,6,-3.782319851,-4.319605565,1.503385600
1734523568.518765688,7,-4.003604010,4.574812646,1.501524623
1734523568.518765688,8,3.977736698,-4.488384296,1.504214353
1734523568.518765688,9,-9.003836639,-0.465715696,1.504038040
1734523568.578765869,0,0.211844901,-0.054769466,1.504341787
1734523568.578765869,1,4.784885847,-0.051614541,1.504247581
1734523568.578765869,2,0.015194849,5.001930254,1.504093000
1734523568.578765869,3,0.041296649,-5.272699298,1.504336816
1734523568.578765869,4,-4.239709106,-0.308791022,1.505030156
1734523568.578765869,5,4.003350711,4.511874198,1.502078778
1734523568.578765869,6,-3.782319851,-4.319605565,1.503385600
1734523568.578765869,7,-4.003604010,4.574812646,1.501524623
1734523568.578765869,8,3.977736698,-4.488384296,1.504214353
1734523568.578765869,9,-9.003836639,-0.465715696,1.504038040
1734523568.648765802,0,0.211844901,-0.054769466,1.504341787
1734523568.648765802,1,4.784885847,-0.051614541,1.504247581
1734523568.648765802,2,0.015194849,5.001930254,1.504093000
1734523568.648765802,3,0.041296649,-5.272699298,1.504336816
1734523568.648765802,4,-4.239709106,-0.308791022,1.505030156
1734523568.648765802,5,4.003350711,4.511874198,1.502078778
1734523568.648765802,6,-3.782319851,-4.319605565,1.503385600
1734523568.648765802,7,-4.003604010,4.574812646,1.501524623
1734523568.648765802,8,3.977736698,-4.488384296,1.504214353
1734523568.648765802,9,-9.003836639,-0.465715696,1.504038040
1734523568.708765745,0,0.211844901,-0.054769466,1.504341787
1734523568.708765745,1,4.784885847,-0.051614541,1.504247581
1734523568.708765745,2,0.015194849,5.001930254,1.504093000
1734523568.708765745,3,0.041296649,-5.272699298,1.504336816
1734523568.708765745,4,-4.239709106,-0.308791022,1.505030156
1734523568.708765745,5,4.003350711,4.511874198,1.502078778
1734523568.708765745,6,-3.782319851,-4.319605565,1.503385600
1734523568.708765745,7,-4.003604010,4.574812646,1.501524623
1734523568.708765745,8,3.977736698,-4.488384296,1.504214353
1734523568.708765745,9,-9.003836639,-0.465715696,1.504038040
1734523568.768765688,0,0.211844901,-0.054769466,1.504341787
1734523568.768765688,1,4.784885847,-0.051614541,1.504247581
1734523568.768765688,2,0.015194849,5.001930254,1.504093000
1734523568.768765688,3,0.041296649,-5.272699298,1.504336816
1734523568.768765688,4,-4.239709106,-0.308791022,1.505030156
1734523568.768765688,5,4.003350711,4.511874198,1.502078778
1734523568.768765688,6,-3.782319851,-4.319605565,1.503385600
1734523568.768765688,7,-4.003604010,4.574812646,1.501524623
1734523568.768765688,8,3.977736698,-4.488384296,1.504214353
1734523568.768765688,9,-9.003836639,-0.465715696,1.504038040
1734523568.838765860,0,0.211844901,-0.054769466,1.504341787
1734523568.838765860,1,4.784885847,-0.051614541,1.504247581
1734523568.838765860,2,0.015194849,5.001930254,1.504093000
1734523568.838765860,3,0.041296649,-5.272699298,1.504336816
1734523568.838765860,4,-4.239709106,-0.308791022,1.505030156
1734523568.838765860,5,4.003350711,4.511874198,1.502078778
1734523568.838765860,6,-3.782319851,-4.319605565,1.503385600
1734523568.838765860,7,-4.003604010,4.574812646,1.501524623
1734523568.838765860,8,3.977736698,-4.488384296,1.504214353
1734523568.838765860,9,-9.003836639,-0.465715696,1.504038040
1734523568.898765802,0,0.211844901,-0.054769466,1.504341787
1734523568.898765802,1,4.784885847,-0.051614541,1.504247581
1734523568.898765802,2,0.015194849,5.001930254,1.504093000
1734523568.898765802,3,0.041296649,-5.272699298,1.504336816
1734523568.898765802,4,-4.239709106,-0.308791022,1.505030156
1734523568.898765802,5,4.003350711,4.511874198,1.502078778
1734523568.898765802,6,-3.782319851,-4.319605565,1.503385600
1734523568.898765802,7,-4.003535960,4.585014099,1.501644083
1734523568.898765802,8,3.977736698,-4.488384296,1.504214353
1734523568.898765802,9,-9.003836639,-0.465715696,1.504038040
1734523568.968765736,0,0.220459351,-0.055298703,1.504354793
1734523568.968765736,1,4.809977932,-0.052724716,1.504260523
1734523568.968765736,2,0.015362171,5.029773644,1.503907967
1734523568.968765736,3,0.042817202,-5.304706166,1.504161857
1734523568.968765736,4,-4.249262808,-0.319745204,1.505306233
1734523568.968765736,5,4.003622577,4.532097674,1.502320375
1734523568.968765736,6,-3.774764428,-4.329219850,1.503435294
1734523568.968765736,7,-4.003384343,4.605549826,1.501867027
1734523568.968765736,8,3.976228998,-4.507060791,1.503992873
1734523568.968765736,9,-9.049393238,-0.485535353,1.504073353
1734523569.038765669,0,0.220459351,-0.055298703,1.504354793
1734523569.038765669,1,4.809977932,-0.052724716,1.504260523
1734523569.038765669,2,0.015362171,5.029773644,1.503907967
1734523569.038765669,3,0.042817202,-5.304706166,1.504161857
1734523569.038765669,4,-4.249262808,-0.319745204,1.505306233
1734523569.038765669,5,4.003622577,4.532097674,1.502320375
1734523569.038765669,6,-3.774764428,-4.329219850,1.503435294
1734523569.038765669,7,-4.003384343,4.605549826,1.501867027
1734523569.038765669,8,3.976228998,-4.507060791,1.503992873
1734523569.038765669,9,-9.049393238,-0.485535353,1.504073353
1734523569.098765850,0,0.220459351,-0.055298703,1.504354793
1734523569.098765850,1,4.809977932,-0.052724716,1.504260523
1734523569.098765850,2,0.015362171,5.029773644,1.503907967
1734523569.098765850,3,0.042817202,-5.304706166,1.504161857
1734523569.098765850,4,-4.249262808,-0.319745204,1.505306233
1734523569.098765850,5,4.003622577,4.532097674,1.502320375
1734523569.098765850,6,-3.774764428,-4.329219850,1.503435294
1734523569.098765850,7,-4.003384343,4.605549826,1.501867027
1734523569.098765850,8,3.976228998,-4.507060791,1.503992873
1734523569.098765850,9,-9.049393238,-0.485535353,1.504073353
1734523569.158765793,0,0.220459351,-0.055298703,1.504354793
1734523569.158765793,1,4.809977932,-0.052724716,1.504260523
1734523569.158765793,2,0.015362171,5.029773644,1.503907967
1734523569.158765793,3,0.042817202,-5.304706166,1.504161857
1734523569.158765793,4,-4.249262808,-0.319745204,1.505306233
1734523569.158765793,5,4.003622577,4.532097674,1.502320375
1734523569.158765793,6,-3.774764428,-4.329219850,1.503435294
1734523569.158765793,7,-4.003384343,4.605549826,1.501867027
1734523569.158765793,8,3.976228998,-4.507060791,1.503992873
1734523569.158765793,9,-9.049393238,-0.485535353,1.504073353
1734523569.228765726,0,0.220459351,-0.055298703,1.504354793
1734523569.228765726,1,4.809977932,-0.052724716,1.504260523
1734523569.228765726,2,0.015362171,5.029773644,1.503907967
1734523569.228765726,3,0.042817202,-5.304706166,1.504161857
1734523569.228765726,4,-4.249262808,-0.319745204,1.505306233
1734523569.228765726,5,4.003622577,4.532097674,1.502320375
1734523569.228765726,6,-3.774764428,-4.329219850,1.503435294
1734523569.228765726,7,-4.003384343,4.605549826,1.501867027
1734523569.228765726,8,3.976228998,-4.507060791,1.503992873
1734523569.228765726,9,-9.049393238,-0.485535353,1.504073353
1734523569.288765669,0,0.220459351,-0.055298703,1.504354793
1734523569.288765669,1,4.809977932,-0.052724716,1.504260523
1734523569.288765669,2,0.015362171,5.029773644,1.503907967
1734523569.288765669,3,0.042817202,-5.304706166,1.504161857
1734523569.288765669,4,-4.249262808,-0.319745204,1.505306233
1734523569.288765669,5,4.003622577,4.532097674,1.502320375
1734523569.288765669,6,-3.774764428,-4.329219850,1.503435294
1734523569.288765669,7,-4.003384343,4.605549826,1.501867027
1734523569.288765669,8,3.976228998,-4.507060791,1.503992873
1734523569.288765669,9,-9.049393238,-0.485535353,1.504073353
1734523569.358765841,0,0.220459351,-0.055298703,1.504354793
1734523569.358765841,1,4.809977932,-0.052724716,1.504260523
1734523569.358765841,2,0.015362171,5.029773644,1.503907967
1734523569.358765841,3,0.042817202,-5.304706166,1.504161857
1734523569.358765841,4,-4.249262808,-0.319745204,1.505306233
1734523569.358765841,5,4.003622577,4.532097674,1.502320375
1734523569.358765841,6,-3.774764428,-4.329219850,1.503435294
1734523569.358765841,7,-4.003384343,4.605549826,1.501867027
1734523569.358765841,8,3.976228998,-4.507060791,1.503992873
1734523569.358765841,9,-9.049393238,-0.485535353,1.504073353
1734523569.418765783,0,0.220459351,-0.055298703,1.504354793
1734523569.418765783,1,4.809977932,-0.052724716,1.504260523
1734523569.418765783,2,0.015362171,5.029773644,1.503907967
1734523569.418765783,3,0.042817202,-5.304706166,1.504161857
1734523569.418765783,4,-4.249262808,-0.319745204,1.505306233
1734523569.418765783,5,4.003622577,4.532097674,1.502320375
1734523569.418765783,6,-3.774764428,-4.329219850,1.503435294
1734523569.418765783,7,-4.003384343,4.605549826,1.501867027
1734523569.418765783,8,3.976228998,-4.507060791,1.503992873
1734523569.418765783,9,-9.049393238,-0.485535353,1.504073353
1734523569.478765726,0,0.220459351,-0.055298703,1.504354793
1734523569.478765726,1,4.809977932,-0.052724716,1.504260523
1734523569.478765726,2,0.015362171,5.029773644,1.503907967
1734523569.478765726,3,0.042817202,-5.304706166,1.504161857
1734523569.478765726,4,-4.249262808,-0.319745204,1.505306233
1734523569.478765726,5,4.003622577,4.532097674,1.502320375
1734523569.478765726,6,-3.774764428,-4.329219850,1.503435294
1734523569.478765726,7,-4.003384343,4.605549826,1.501867027
1734523569.478765726,8,3.976228998,-4.507060791,1.503992873
1734523569.478765726,9,-9.049393238,-0.485535353,1.504073353
1734523569.538765669,0,0.220459351,-0.055298703,1.504354793
1734523569.538765669,1,4.809977932,-0.052724716,1.504260523
1734523569.538765669,2,0.015362171,5.029773644,1.503907967
1734523569.538765669,3,0.042817202,-5.304706166,1.504161857
1734523569.538765669,4,-4.249262808,-0.319745204,1.505306233
1734523569.538765669,5,4.003622577,4.532097674,1.502320375
1734523569.538765669,6,-3.770139625,-4.335034981,1.503464052
1734523569.538765669,7,-4.003384343,4.605549826,1.501867027
1734523569.538765669,8,3.976228998,-4.507060791,1.503992873
1734523569.538765669,9,-9.049393238,-0.485535353,1.504073353
1734523569.608765841,0,0.229393997,-0.055668994,1.504366137
1734523569.608765841,1,4.829270414,-0.052626867,1.504267769
1734523569.608765841,2,0.015517740,5.054977845,1.503775925
1734523569.608765841,3,0.043714150,-5.337454489,1.504029081
1734523569.608765841,4,-4.251524607,-0.322357452,1.505364246
1734523569.608765841,5,4.004176171,4.550875996,1.502540416
1734523569.608765841,6,-3.767016746,-4.338930173,1.503482473
1734523569.608765841,7,-4.003301075,4.615885645,1.501949995
1734523569.608765841,8,3.974138966,-4.521699806,1.503810226
1734523569.608765841,9,-9.064719015,-0.492219684,1.504089504
1734523569.668765783,0,0.229393997,-0.055668994,1.504366137
1734523569.668765783,1,4.829270414,-0.052626867,1.504267769
1734523569.668765783,2,0.015517740,5.054977845,1.503775925
1734523569.668765783,3,0.043714150,-5.337454489,1.504029081
1734523569.668765783,4,-4.251524607,-0.322357452,1.505364246
1734523569.668765783,5,4.004176171,4.550875996,1.502540416
1734523569.668765783,6,-3.767016746,-4.338930173,1.503482473
1734523569.668765783,7,-4.003301075,4.615885645,1.501949995
1734523569.668765783,8,3.974138966,-4.521699806,1.503810226
1734523569.668765783,9,-9.064719015,-0.492219684,1.504089504
1734523569.728765726,0,0.229393997,-0.055668994,1.504366137
1734523569.728765726,1,4.829270414,-0.052626867,1.504267769
1734523569.728765726,2,0.015517740,5.054977845,1.503775925
1734523569.728765726,3,0.043714150,-5.337454489,1.504029081
1734523569.728765726,4,-4.251524607,-0.322357452,1.505364246
1734523569.728765726,5,4.004176171,4.550875996,1.502540416
1734523569.728765726,6,-3.767016746,-4.338930173,1.503482473
1734523569.728765726,7,-4.003301075,4.615885645,1.501949995
1734523569.728765726,8,3.974138966,-4.521699806,1.503810226
1734523569.728765726,9,-9.064719015,-0.492219684,1.504089504
1734523569.788765669,0,0.229393997,-0.055668994,1.504366137
1734523569.788765669,1,4.829270414,-0.052626867,1.504267769
1734523569.788765669,2,0.015517740,5.054977845,1.503775925
1734523569.788765669,3,0.043714150,-5.337454489,1.504029081
1734523569.788765669,4,-4.254445187,-0.325814357,1.505429804
1734523569.788765669,5,4.004176171,4.550875996,1.502540416
1734523569.788765669,6,-3.767016746,-4.338930173,1.503482473
1734523569.788765669,7,-4.003301075,4.615885645,1.501949995
1734523569.788765669,8,3.974138966,-4.521699806,1.503810226
1734523569.788765669,9,-9.064719015,-0.492219684,1.504089504
1734523569.858765841,0,0.229393997,-0.055668994,1.504366137
1734523569.858765841,1,4.829270414,-0.052626867,1.504267769
1734523569.858765841,2,0.015517740,5.054977845,1.503775925
1734523569.858765841,3,0.043714150,-5.337454489,1.504029081
1734523569.858765841,4,-4.254445187,-0.325814357,1.505429804
1734523569.858765841,5,4.004176171,4.550875996,1.502540416
1734523569.858765841,6,-3.767016746,-4.338930173,1.503482473
1734523569.858765841,7,-4.003301075,4.615885645,1.501949995
1734523569.858765841,8,3.974138966,-4.521699806,1.503810226
1734523569.858765841,9,-9.064719015,-0.492219684,1.504089504
1734523569.918765783,0,0.229393997,-0.055668994,1.504366137
1734523569.918765783,1,4.829270414,-0.052626867,1.504267769
1734523569.918765783,2,0.015517740,5.054977845,1.503775925
1734523569.918765783,3,0.043714150,-5.337454489,1.504029081
1734523569.918765783,4,-4.254445187,-0.325814357,1.505429804
1734523569.918765783,5,4.004176171,4.550875996,1.502540416
1734523569.918765783,6,-3.767016746,-4.338930173,1.503482473
1734523569.918765783,7,-4.003301075,4.615885645,1.501949995
1734523569.918765783,8,3.974138966,-4.521699806,1.503810226
1734523569.918765783,9,-9.064719015,-0.492219684,1.504089504
1734523569.988765717,0,0.229393997,-0.055668994,1.504366137
1734523569.988765717,1,4.829270414,-0.052626867,1.504267769
1734523569.988765717,2,0.015517740,5.054977845,1.503775925
1734523569.988765717,3,0.043714150,-5.337454489,1.504029081
1734523569.988765717,4,-4.254445187,-0.325814357,1.505429804
1734523569.988765717,5,4.004176171,4.550875996,1.502540416
1734523569.988765717,6,-3.767016746,-4.338930173,1.503482473
1734523569.988765717,7,-4.003301075,4.615885645,1.501949995
1734523569.988765717,8,3.974138966,-4.521699806,1.503810226
1734523569.988765717,9,-9.064719015,-0.492219684,1.504089504
1734523570.048765659,0,0.229393997,-0.055668994,1.504366137
1734523570.048765659,1,4.829270414,-0.052626867,1.504267769
1734523570.048765659,2,0.015517740,5.054977845,1.503775925
1734523570.048765659,3,0.043714150,-5.337454489,1.504029081
1734523570.048765659,4,-4.254445187,-0.325814357,1.505429804
1734523570.048765659,5,4.004176171,4.550875996,1.502540416
1734523570.048765659,6,-3.767016746,-4.338930173,1.503482473
1734523570.048765659,7,-4.003301075,4.615885645,1.501949995
1734523570.048765659,8,3.974138966,-4.521699806,1.503810226
1734523570.048765659,9,-9.064719015,-0.492219684,1.504089504
1734523570.108765841,0,0.229393997,-0.055668994,1.504366137
1734523570.108765841,1,4.829270414,-0.052626867,1.504267769
1734523570.108765841,2,0.015517740,5.054977845,1.503775925
1734523570.108765841,3,0.043714150,-5.337454489,1.504029081
1734523570.108765841,4,-4.254445187,-0.325814357,1.505429804
1734523570.108765841,5,4.004176171,4.550875996,1.502540416
1734523570.108765841,6,-3.767016746,-4.338930173,1.503482473
1734523570.108765841,7,-4.003301075,4.615885645,1.501949995
1734523570.108765841,8,3.974138966,-4.521699806,1.503810226
1734523570.108765841,9,-9.064719015,-0.492219684,1.504089504
1734523570.178765774,0,0.229393997,-0.055668994,1.504366137
1734523570.178765774,1,4.829270414,-0.052626867,1.504267769
1734523570.178765774,2,0.015517740,5.054977845,1.503775925
1734523570.178765774,3,0.043714150,-5.337454489,1.504029081
1734523570.178765774,4,-4.254445187,-0.325814357,1.505429804
1734523570.178765774,5,4.004176171,4.550875996,1.502540416
1734523570.178765774,6,-3.767016746,-4.338930173,1.503482473
1734523570.178765774,7,-4.003301075,4.615885645,1.501949995
1734523570.178765774,8,3.974138966,-4.521699806,1.503810226
1734523570.178765774,9,-9.064719015,-0.492219684,1.504089504
1734523570.238765717,0,0.238268854,-0.056313216,1.504379116
1734523570.238765717,1,4.854476353,-0.052700811,1.504282408
1734523570.238765717,2,0.016051257,5.086292094,1.503658801
1734523570.238765717,3,0.045538754,-5.369321590,1.503894587
1734523570.238765717,4,-4.261021503,-0.333251203,1.505538684
1734523570.238765717,5,4.004409209,4.573703585,1.502810263
1734523570.238765717,6,-3.759190341,-4.348835072,1.503527149
1734523570.238765717,7,-4.003020714,4.647165224,1.502262488
1734523570.238765717,8,3.973220757,-4.539683171,1.503652565
1734523570.238765717,9,-9.110561937,-0.511991486,1.504195897
1734523570.298765659,0,0.238268854,-0.056313216,1.504379116
1734523570.298765659,1,4.854476353,-0.052700811,1.504282408
1734523570.298765659,2,0.016051257,5.086292094,1.503658801
1734523570.298765659,3,0.045538754,-5.369321590,1.503894587
1734523570.298765659,4,-4.261021503,-0.333251203,1.505538684
1734523570.298765659,5,4.004409209,4.573703585,1.502810263
1734523570.298765659,6,-3.759190341,-4.348835072,1.503527149
1734523570.298765659,7,-4.003020714,4.647165224,1.502262488
1734523570.298765659,8,3.973220757,-4.539683171,1.503652565
1734523570.298765659,9,-9.110561937,-0.511991486,1.504195897
1734523570.358765841,0,0.238268854,-0.056313216,1.504379116
1734523570.358765841,1,4.854476353,-0.052700811,1.504282408
1734523570.358765841,2,0.016051257,5.086292094,1.503658801
1734523570.358765841,3,0.045538754,-5.369321590,1.503894587
1734523570.358765841,4,-4.261021503,-0.333251203,1.505538684
1734523570.358765841,5,4.004409209,4.573703585,1.502810263
1734523570.358765841,6,-3.759190341,-4.348835072,1.503527149
1734523570.358765841,7,-4.003020714,4.647165224,1.502262488
1734523570.358765841,8,3.973220757,-4.539683171,1.503652565
1734523570.358765841,9,-9.110561937,-0.511991486,1.504195897
1734523570.418765783,0,0.238268854,-0.056313216,1.504379116
1734523570.418765783,1,4.854476353,-0.052700811,1.504282408
1734523570.418765783,2,0.016051257,5.086292094,1.503658801
1734523570.418765783,3,0.045538754,-5.369321590,1.503894587
1734523570.418765783,4,-4.261021503,-0.333251203,1.505538684
1734523570.418765783,5,4.004409209,4.573703585,1.502810263
1734523570.418765783,6,-3.759190341,-4.348835072,1.503527149
1734523570.418765783,7,-4.003020714,4.647165224,1.502262488
1734523570.418765783,8,3.973220757,-4.539683171,1.503652565
1734523570.418765783,9,-9.110561937,-0.511991486,1.504195897
1734523570.488765717,0,0.238268854,-0.056313216,1.504379116
1734523570.488765717,1,4.854476353,-0.052700811,1.504282408
1734523570.488765717,2,0.016051257,5.086292094,1.503658801
1734523570.488765717,3,0.045538754,-5.369321590,1.503894587
1734523570.488765717,4,-4.261021503,-0.333251203,1.505538684
1734523570.488765717,5,4.004409209,4.573703585,1.502810263
1734523570.488765717,6,-3.759190341,-4.348835072,1.503527149
1734523570.488765717,7,-4.003020714,4.647165224,1.502262488
1734523570.488765717,8,3.973220757,-4.539683171,1.503652565
1734523570.488765717,9,-9.110561937,-0.511991486,1.504195897
1734523570.548765659,0,0.238268854,-0.056313216,1.504379116
1734523570.548765659,1,4.854476353,-0.052700811,1.504282408
1734523570.548765659,2,0.016051257,5.086292094,1.503658801
1734523570.548765659,3,0.045538754,-5.369321590,1.503894587
1734523570.548765659,4,-4.261021503,-0.333251203,1.505538684
1734523570.548765659,5,4.004409209,4.573703585,1.502810263
1734523570.548765659,6,-3.759190341,-4.348835072,1.503527149
1734523570.548765659,7,-4.003020714,4.647165224,1.502262488
1734523570.548765659,8,3.973220757,-4.539683171,1.503652565
1734523570.548765659,9,-9.110561937,-0.511991486,1.504195897
1734523570.608765841,0,0.238268854,-0.056313216,1.504379116
1734523570.608765841,1,4.854476353,-0.052700811,1.504282408
1734523570.608765841,2,0.016051257,5.086292094,1.503658801
1734523570.608765841,3,0.045538754,-5.369321590,1.503894587
1734523570.608765841,4,-4.261021503,-0.333251203,1.505538684
1734523570.608765841,5,4.004409209,4.573703585,1.502810263
1734523570.608765841,6,-3.759190341,-4.348835072,1.503527149
1734523570.608765841,7,-4.003020714,4.647165224,1.502262488
1734523570.608765841,8,3.973220757,-4.539683171,1.503652565
1734523570.608765841,9,-9.110561937,-0.511991486,1.504195897
1734523570.678765774,0,0.238268854,-0.056313216,1.504379116
1734523570.678765774,1,4.854476353,-0.052700811,1.504282408
1734523570.678765774,2,0.016051257,5.086292094,1.503658801
1734523570.678765774,3,0.045538754,-5.369321590,1.503894587
1734523570.678765774,4,-4.261021503,-0.333251203,1.505538684
1734523570.678765774,5,4.004409209,4.573703585,1.502810263
1734523570.678765774,6,-3.759190341,-4.348835072,1.503527149
1734523570.678765774,7,-4.003020714,4.647165224,1.502262488
1734523570.678765774,8,3.973220757,-4.539683171,1.503652565
1734523570.678765774,9,-9.110561937,-0.511991486,1.504195897
1734523570.738765717,0,0.238268854,-0.056313216,1.504379116
1734523570.738765717,1,4.854476353,-0.052700811,1.504282408
1734523570.738765717,2,0.016051257,5.086292094,1.503658801
1734523570.738765717,3,0.045538754,-5.369321590,1.503894587
1734523570.738765717,4,-4.261021503,-0.333251203,1.505538684
1734523570.738765717,5,4.004409209,4.573703585,1.502810263
1734523570.738765717,6,-3.759190341,-4.348835072,1.503527149
1734523570.738765717,7,-4.003020714,4.647165224,1.502262488
1734523570.738765717,8,3.973220757,-4.539683171,1.503652565
1734523570.738765717,9,-9.110561937,-0.511991486,1.504195897
1734523570.798765659,0,0.238268854,-0.056313216,1.504379116
1734523570.798765659,1,4.854476353,-0.052700811,1.504282408
1734523570.798765659,2,0.016051257,5.086292094,1.503658801
1734523570.798765659,3,0.045538754,-5.369321590,1.503894587
1734523570.798765659,4,-4.261021503,-0.333251203,1.505538684
1734523570.798765659,5,4.004409209,4.573703585,1.502810263
1734523570.798765659,6,-3.755260284,-4.353866652,1.503548104
1734523570.798765659,7,-4.003020714,4.647165224,1.502262488
1734523570.798765659,8,3.973220757,-4.539683171,1.503652565
1734523570.798765659,9,-9.110561937,-0.511991486,1.504195897
1734523570.868765831,0,0.246149218,-0.057196551,1.504390486
1734523570.868765831,1,4.877068576,-0.053333720,1.504291298
1734523570.868765831,2,0.016171469,5.111789764,1.503520911
1734523570.868765831,3,0.048164318,-5.397063447,1.503799819
1734523570.868765831,4,-4.266080749,-0.339091666,1.505587343
1734523570.868765831,5,4.004497828,4.594669663,1.503033237
1734523570.868765831,6,-3.750452862,-4.359911409,1.503571878
1734523570.868765831,7,-4.003007385,4.657592251,1.502354354
1734523570.868765831,8,3.972492686,-4.559366657,1.503518429
1734523570.868765831,9,-9.126440133,-0.519137426,1.504244464
1734523570.928765774,0,0.246149218,-0.057196551,1.504390486
1734523570.928765774,1,4.877068576,-0.053333720,1.504291298
1734523570.928765774,2,0.016171469,5.111789764,1.503520911
1734523570.928765774,3,0.048164318,-5.397063447,1.503799819
1734523570.928765774,4,-4.266080749,-0.339091666,1.505587343
1734523570.928765774,5,4.004497828,4.594669663,1.503033237
1734523570.928765774,6,-3.750452862,-4.359911409,1.503571878
1734523570.928765774,7,-4.003007385,4.657592251,1.502354354
1734523570.928765774,8,3.972492686,-4.559366657,1.503518429
1734523570.928765774,9,-9.126440133,-0.519137426,1.504244464
1734523570.988765717,0,0.246149218,-0.057196551,1.504390486
1734523570.988765717,1,4.877068576,-0.053333720,1.504291298
1734523570.988765717,2,0.016171469,5.111789764,1.503520911
1734523570.988765717,3,0.048164318,-5.397063447,1.503799819
1734523570.988765717,4,-4.266080749,-0.339091666,1.505587343
1734523570.988765717,5,4.004497828,4.594669663,1.503033237
1734523570.988765717,6,-3.750452862,-4.359911409,1.503571878
1734523570.988765717,7,-4.003007385,4.657592251,1.502354354
1734523570.988765717,8,3.972492686,-4.559366657,1.503518429
1734523570.988765717,9,-9.126440133,-0.519137426,1.504244464
1734523571.048765659,0,0.246149218,-0.057196551,1.504390486
1734523571.048765659,1,4.877068576,-0.053333720,1.504291298
1734523571.048765659,2,0.016171469,5.111789764,1.503520911
1734523571.048765659,3,0.048164318,-5.397063447,1.503799819
1734523571.048765659,4,-4.266080749,-0.339091666,1.505587343
1734523571.048765659,5,4.004497828,4.594669663,1.503033237
1734523571.048765659,6,-3.750452862,-4.359911409,1.503571878
1734523571.048765659,7,-4.003007385,4.657592251,1.502354354
1734523571.048765659,8,3.972492686,-4.559366657,1.503518429
1734523571.048765659,9,-9.126440133,-0.519137426,1.504244464
1734523571.118765831,0,0.246149218,-0.057196551,1.504390486
1734523571.118765831,1,4.877068576,-0.053333720,1.504291298
1734523571.118765831,2,0.016171469,5.111789764,1.503520911
1734523571.118765831,3,0.048164318,-5.397063447,1.503799819
1734523571.118765831,4,-4.266080749,-0.339091666,1.505587343
1734523571.118765831,5,4.004497828,4.594669663,1.503033237
1734523571.118765831,6,-3.750452862,-4.359911409,1.503571878
1734523571.118765831,7,-4.003007385,4.657592251,1.502354354
1734523571.118765831,8,3.972492686,-4.559366657,1.503518429
1734523571.118765831,9,-9.126440133,-0.519137426,1.504244464
1734523571.178765774,0,0.246149218,-0.057196551,1.504390486
1734523571.178765774,1,4.877068576,-0.053333720,1.504291298
1734523571.178765774,2,0.016171469,5.111789764,1.503520911
1734523571.178765774,3,0.048164318,-5.397063447,1.503799819
1734523571.178765774,4,-4.266080749,-0.339091666,1.505587343
1734523571.178765774,5,4.004497828,4.594669663,1.503033237
1734523571.178765774,6,-3.750452862,-4.359911409,1.503571878
1734523571.178765774,7,-4.003007385,4.657592251,1.502354354
1734523571.178765774,8,3.972492686,-4.559366657,1.503518429
1734523571.178765774,9,-9.126440133,-0.519137426,1.504244464
1734523571.238765717,0,0.246149218,-0.057196551,1.504390486
1734523571.238765717,1,4.877068576,-0.053333720,1.504291298
1734523571.238765717,2,0.016171469,5.111789764,1.503520911
1734523571.238765717,3,0.048164318,-5.397063447,1.503799819
1734523571.238765717,4,-4.266080749,-0.339091666,1.505587343
1734523571.238765717,5,4.004497828,4.594669663,1.503033237
1734523571.238765717,6,-3.750452862,-4.359911409,1.503571878
1734523571.238765717,7,-4.003007385,4.657592251,1.502354354
1734523571.238765717,8,3.972492686,-4.559366657,1.503518429
1734523571.238765717,9,-9.126440133,-0.519137426,1.504244464
1734523571.308765650,0,0.246149218,-0.057196551,1.504390486
1734523571.308765650,1,4.877068576,-0.053333720,1.504291298
1734523571.308765650,2,0.016171469,5.111789764,1.503520911
1734523571.308765650,3,0.048164318,-5.397063447,1.503799819
1734523571.308765650,4,-4.266080749,-0.339091666,1.505587343
1734523571.308765650,5,4.004497828,4.594669663,1.503033237
1734523571.308765650,6,-3.750452862,-4.359911409,1.503571878
1734523571.308765650,7,-4.003007385,4.657592251,1.502354354
1734523571.308765650,8,3.972492686,-4.559366657,1.503518429
1734523571.308765650,9,-9.126440133,-0.519137426,1.504244464
1734523571.368765831,0,0.246149218,-0.057196551,1.504390486
1734523571.368765831,1,4.877068576,-0.053333720,1.504291298
1734523571.368765831,2,0.016171469,5.111789764,1.503520911
1734523571.368765831,3,0.048164318,-5.397063447,1.503799819
1734523571.368765831,4,-4.266080749,-0.339091666,1.505587343
1734523571.368765831,5,4.004497828,4.594669663,1.503033237
1734523571.368765831,6,-3.750452862,-4.359911409,1.503571878
1734523571.368765831,7,-4.003007385,4.657592251,1.502354354
1734523571.368765831,8,3.972492686,-4.559366657,1.503518429
1734523571.368765831,9,-9.126440133,-0.519137426,1.504244464
1734523571.428765774,0,0.246149218,-0.057196551,1.504390486
1734523571.428765774,1,4.877068576,-0.053333720,1.504291298
1734523571.428765774,2,0.016171469,5.111789764,1.503520911
1734523571.428765774,3,0.048164318,-5.397063447,1.503799819
1734523571.428765774,4,-4.266080749,-0.339091666,1.505587343
1734523571.428765774,5,4.004497828,4.594669663,1.503033237
1734523571.428765774,6,-3.750452862,-4.359911409,1.503571878
1734523571.428765774,7,-4.003007385,4.657592251,1.502354354
1734523571.428765774,8,3.972492686,-4.559366657,1.503518429
1734523571.428765774,9,-9.126440133,-0.519137426,1.504244464
1734523571.498765707,0,0.256864471,-0.057367537,1.504405138
1734523571.498765707,1,4.898250319,-0.053241988,1.504300730
1734523571.498765707,2,0.016526558,5.126290380,1.503524269
1734523571.498765707,3,0.048172527,-5.434453537,1.503733272
1734523571.498765707,4,-4.269000033,-0.342442675,1.505598307
1734523571.498765707,5,4.005320620,4.616669983,1.503312451
1734523571.498765707,6,-3.743154417,-4.369084743,1.503603704
1734523571.498765707,7,-4.002660879,4.678889645,1.502538141
1734523571.498765707,8,3.971579949,-4.575946328,1.503419402
1734523571.498765707,9,-9.157786132,-0.532961386,1.504366169
1734523571.558765650,0,0.256864471,-0.057367537,1.504405138
1734523571.558765650,1,4.898250319,-0.053241988,1.504300730
1734523571.558765650,2,0.016526558,5.126290380,1.503524269
1734523571.558765650,3,0.048172527,-5.434453537,1.503733272
1734523571.558765650,4,-4.269000033,-0.342442675,1.505598307
1734523571.558765650,5,4.005320620,4.616669983,1.503312451
1734523571.558765650,6,-3.743154417,-4.369084743,1.503603704
1734523571.558765650,7,-4.002660879,4.678889645,1.502538141
1734523571.558765650,8,3.971579949,-4.575946328,1.503419402
1734523571.558765650,9,-9.157786132,-0.532961386,1.504366169
1734523571.618765831,0,0.256864471,-0.057367537,1.504405138
1734523571.618765831,1,4.898250319,-0.053241988,1.504300730
1734523571.618765831,2,0.017305742,5.144090561,1.503495309
1734523571.618765831,3,0.048172527,-5.434453537,1.503733272
1734523571.618765831,4,-4.269000033,-0.342442675,1.505598307
1734523571.618765831,5,4.005320620,4.616669983,1.503312451
1734523571.618765831,6,-3.743154417,-4.369084743,1.503603704
1734523571.618765831,7,-4.002660879,4.678889645,1.502538141
1734523571.618765831,8,3.971579949,-4.575946328,1.503419402
1734523571.618765831,9,-9.157786132,-0.532961386,1.504366169
1734523571.688765764,0,0.256864471,-0.057367537,1.504405138
1734523571.688765764,1,4.898250319,-0.053241988,1.504300730
1734523571.688765764,2,0.017305742,5.144090561,1.503495309
1734523571.688765764,3,0.048172527,-5.434453537,1.503733272
1734523571.688765764,4,-4.269000033,-0.342442675,1.505598307
1734523571.688765764,5,4.005320620,4.616669983,1.503312451
1734523571.688765764,6,-3.743154417,-4.369084743,1.503603704
1734523571.688765764,7,-4.002660879,4.678889645,1.502538141
1734523571.688765764,8,3.971579949,-4.575946328,1.503419402
1734523571.688765764,9,-9.157786132,-0.532961386,1.504366169
1734523571.758765697,0,0.256864471,-0.057367537,1.504405138
1734523571.758765697,1,4.898250319,-0.053241988,1.504300730
1734523571.758765697,2,0.017305742,5.144090561,1.503495309
1734523571.758765697,3,0.048172527,-5.434453537,1.503733272
1734523571.758765697,4,-4.269000033,-0.342442675,1.505598307
1734523571.758765697,5,4.005320620,4.616669983,1.503312451
1734523571.758765697,6,-3.743154417,-4.369084743,1.503603704
1734523571.758765697,7,-4.002660879,4.678889645,1.502538141
1734523571.758765697,8,3.971579949,-4.575946328,1.503419402
1734523571.758765697,9,-9.157786132,-0.532961386,1.504366169
1734523571.818765879,0,0.256864471,-0.057367537,1.504405138
1734523571.818765879,1,4.898250319,-0.053241988,1.504300730
1734523571.818765879,2,0.017305742,5.144090561,1.503495309
1734523571.818765879,3,0.048172527,-5.434453537,1.503733272
1734523571.818765879,4,-4.269000033,-0.342442675,1.505598307
1734523571.818765879,5,4.005320620,4.616669983,1.503312451
1734523571.818765879,6,-3.743154417,-4.369084743,1.503603704
1734523571.818765879,7,-4.002660879,4.678889645,1.502538141
1734523571.818765879,8,3.971579949,-4.575946328,1.503419402
1734523571.818765879,9,-9.157786132,-0.532961386,1.504366169
1734523571.878765821,0,0.256864471,-0.057367537,1.504405138
1734523571.878765821,1,4.898250319,-0.053241988,1.504300730
1734523571.878765821,2,0.017305742,5.144090561,1.503495309
1734523571.878765821,3,0.048172527,-5.434453537,1.503733272
1734523571.878765821,4,-4.269000033,-0.342442675,1.505598307
1734523571.878765821,5,4.005320620,4.616669983,1.503312451
1734523571.878765821,6,-3.743154417,-4.369084743,1.503603704
1734523571.878765821,7,-4.002660879,4.678889645,1.502538141
1734523571.878765821,8,3.971579949,-4.575946328,1.503419402
1734523571.878765821,9,-9.157786132,-0.532961386,1.504366169
1734523571.948765755,0,0.256864471,-0.057367537,1.504405138
1734523571.948765755,1,4.898250319,-0.053241988,1.504300730
1734523571.948765755,2,0.017305742,5.144090561,1.503495309
1734523571.948765755,3,0.048172527,-5.434453537,1.503733272
1734523571.948765755,4,-4.269000033,-0.342442675,1.505598307
1734523571.948765755,5,4.005320620,4.616669983,1.503312451
1734523571.948765755,6,-3.743154417,-4.369084743,1.503603704
1734523571.948765755,7,-4.002660879,4.678889645,1.502538141
1734523571.948765755,8,3.971579949,-4.575946328,1.503419402
1734523571.948765755,9,-9.157786132,-0.532961386,1.504366169
1734523572.008765697,0,0.256864471,-0.057367537,1.504405138
1734523572.008765697,1,4.898250319,-0.053241988,1.504300730
1734523572.008765697,2,0.017305742,5.144090561,1.503495309
1734523572.008765697,3,0.048172527,-5.434453537,1.503733272
1734523572.008765697,4,-4.269000033,-0.342442675,1.505598307
1734523572.008765697,5,4.005320620,4.616669983,1.503312451
1734523572.008765697,6,-3.743154417,-4.369084743,1.503603704
1734523572.008765697,7,-4.002660879,4.678889645,1.502538141
1734523572.008765697,8,3.971579949,-4.575946328,1.503419402
1734523572.008765697,9,-9.157786132,-0.532961386,1.504366169
1734523572.068765879,0,0.256864471,-0.057367537,1.504405138
1734523572.068765879,1,4.898250319,-0.053241988,1.504300730
1734523572.068765879,2,0.017305742,5.144090561,1.503495309
1734523572.068765879,3,0.048172527,-5.434453537,1.503733272
1734523572.068765879,4,-4.269000033,-0.342442675,1.505598307
1734523572.068765879,5,4.005320620,4.616669983,1.503312451
1734523572.068765879,6,-3.743154417,-4.369084743,1.503603704
1734523572.068765879,7,-4.002660879,4.678889645,1.502538141
1734523572.068765879,8,3.971579949,-4.575946328,1.503419402
1734523572.068765879,9,-9.157786132,-0.532961386,1.504366169
1734523572.128765821,0,0.266434117,-0.057978055,1.504418565
1734523572.128765821,1,4.923649671,-0.053829190,1.504313515
1734523572.128765821,2,0.017406067,5.172738963,1.503450820
1734523572.128765821,3,0.049675007,-5.466995849,1.503683102
1734523572.128765821,4,-4.278168105,-0.352982407,1.505555576
1734523572.128765821,5,4.005688917,4.638514185,1.503558204
1734523572.128765821,6,-3.734999971,-4.379469968,1.503636481
1734523572.128765821,7,-4.002292008,4.710966112,1.502820714
1734523572.128765821,8,3.970739879,-4.596077253,1.503331185
1734523572.128765821,9,-9.204919477,-0.553683243,1.504601437
1734523572.198765755,0,0.266434117,-0.057978055,1.504418565
1734523572.198765755,1,4.923649671,-0.053829190,1.504313515
1734523572.198765755,2,0.017406067,5.172738963,1.503450820
1734523572.198765755,3,0.049675007,-5.466995849,1.503683102
1734523572.198765755,4,-4.278168105,-0.352982407,1.505555576
1734523572.198765755,5,4.005688917,4.638514185,1.503558204
1734523572.198765755,6,-3.734999971,-4.379469968,1.503636481
1734523572.198765755,7,-4.002292008,4.710966112,1.502820714
1734523572.198765755,8,3.970739879,-4.596077253,1.503331185
1734523572.198765755,9,-9.204919477,-0.553683243,1.504601437
1734523572.258765697,0,0.266434117,-0.057978055,1.504418565
1734523572.258765697,1,4.923649671,-0.053829190,1.504313515
1734523572.258765697,2,0.017406067,5.172738963,1.503450820
1734523572.258765697,3,0.049675007,-5.466995849,1.503683102
1734523572.258765697,4,-4.278168105,-0.352982407,1.505555576
1734523572.258765697,5,4.005688917,4.638514185,1.503558204
1734523572.258765697,6,-3.734999971,-4.379469968,1.503636481
1734523572.258765697,7,-4.002292008,4.710966112,1.502820714
1734523572.258765697,8,3.970739879,-4.596077253,1.503331185
1734523572.258765697,9,-9.204919477,-0.553683243,1.504601437
1734523572.318765879,0,0.266434117,-0.057978055,1.504418565
1734523572.318765879,1,4.923649671,-0.053829190,1.504313515
1734523572.318765879,2,0.017406067,5.172738963,1.503450820
1734523572.318765879,3,0.049675007,-5.466995849,1.503683102
1734523572.318765879,4,-4.278168105,-0.352982407,1.505555576
1734523572.318765879,5,4.005688917,4.638514185,1.503558204
1734523572.318765879,6,-3.734999971,-4.379469968,1.503636481
1734523572.318765879,7,-4.002292008,4.710966112,1.502820714
1734523572.318765879,8,3.970739879,-4.596077253,1.503331185
1734523572.318765879,9,-9.204919477,-0.553683243,1.504601437
1734523572.378765821,0,0.266434117,-0.057978055,1.504418565
1734523572.378765821,1,4.923649671,-0.053829190,1.504313515
1734523572.378765821,2,0.017406067,5.172738963,1.503450820
1734523572.378765821,3,0.049675007,-5.466995849,1.503683102
1734523572.378765821,4,-4.278168105,-0.352982407,1.505555576
1734523572.378765821,5,4.005688917,4.638514185,1.503558204
1734523572.378765821,6,-3.734999971,-4.379469968,1.503636481
1734523572.378765821,7,-4.002292008,4.710966112,1.502820714
1734523572.378765821,8,3.970739879,-4.596077253,1.503331185
1734523572.378765821,9,-9.204919477,-0.553683243,1.504601437
1734523572.438765764,0,0.266434117,-0.057978055,1.504418565
1734523572.438765764,1,4.923649671,-0.053829190,1.504313515
1734523572.438765764,2,0.017406067,5.172738963,1.503450820
1734523572.438765764,3,0.049675007,-5.466995849,1.503683102
1734523572.438765764,4,-4.278168105,-0.352982407,1.505555576
1734523572.438765764,5,4.005688917,4.638514185,1.503558204
1734523572.438765764,6,-3.734999971,-4.379469968,1.503636481
1734523572.438765764,7,-4.002292008,4.710966112,1.502820714
1734523572.438765764,8,3.970739879,-4.596077253,1.503331185
1734523572.438765764,9,-9.204919477,-0.553683243,1.504601437
1734523572.508765697,0,0.266434117,-0.057978055,1.504418565
1734523572.508765697,1,4.923649671,-0.053829190,1.504313515
1734523572.508765697,2,0.017406067,5.172738963,1.503450820
1734523572.508765697,3,0.049675007,-5.466995849,1.503683102
1734523572.508765697,4,-4.278168105,-0.352982407,1.505555576
1734523572.508765697,5,4.005688917,4.638514185,1.503558204
1734523572.508765697,6,-3.734999971,-4.379469968,1.503636481
1734523572.508765697,7,-4.002292008,4.710966112,1.502820714
1734523572.508765697,8,3.970739879,-4.596077253,1.503331185
1734523572.508765697,9,-9.204919477,-0.553683243,1.504601437
1734523572.568765879,0,0.266434117,-0.057978055,1.504418565
1734523572.568765879,1,4.923649671,-0.053829190,1.504313515
1734523572.568765879,2,0.017406067,5.172738963,1.503450820
1734523572.568765879,3,0.049675007,-5.466995849,1.503683102
1734523572.568765879,4,-4.278168105,-0.352982407,1.505555576
1734523572.568765879,5,4.005688917,4.638514185,1.503558204
1734523572.568765879,6,-3.734999971,-4.379469968,1.503636481
1734523572.568765879,7,-4.002292008,4.710966112,1.502820714
1734523572.568765879,8,3.970739879,-4.596077253,1.503331185
1734523572.568765879,9,-9.204919477,-0.553683243,1.504601437
1734523572.628765821,0,0.266434117,-0.057978055,1.504418565
1734523572.628765821,1,4.923649671,-0.053829190,1.504313515
1734523572.628765821,2,0.017406067,5.172738963,1.503450820
1734523572.628765821,3,0.049675007,-5.466995849,1.503683102
1734523572.628765821,4,-4.278168105,-0.352982407,1.505555576
1734523572.628765821,5,4.005688917,4.638514185,1.503558204
1734523572.628765821,6,-3.734999971,-4.379469968,1.503636481
1734523572.628765821,7,-4.002292008,4.710966112,1.502820714
1734523572.628765821,8,3.970739879,-4.596077253,1.503331185
1734523572.628765821,9,-9.204919477,-0.553683243,1.504601437
1734523572.688765764,0,0.266434117,-0.057978055,1.504418565
1734523572.688765764,1,4.923649671,-0.053829190,1.504313515
1734523572.688765764,2,0.017406067,5.172738963,1.503450820
1734523572.688765764,3,0.049675007,-5.466995849,1.503683102
1734523572.688765764,4,-4.278168105,-0.352982407,1.505555576
1734523572.688765764,5,4.005688917,4.638514185,1.503558204
1734523572.688765764,6,-3.734999971,-4.379469968,1.503636481
1734523572.688765764,7,-4.002292008,4.710966112,1.502820714
1734523572.688765764,8,3.970739879,-4.596077253,1.503331185
1734523572.688765764,9,-9.204919477,-0.553683243,1.504601437
1734523572.758765697,0,0.276332837,-0.058410221,1.504429801
1734523572.758765697,1,4.944601962,-0.054361344,1.504320628
1734523572.758765697,2,0.016630940,5.199445169,1.503432909
1734523572.758765697,3,0.050542091,-5.500262471,1.503660571
1734523572.758765697,4,-4.283197486,-0.358776707,1.505483187
1734523572.758765697,5,4.006350750,4.658774997,1.503770413
1734523572.758765697,6,-3.726648868,-4.389937526,1.503664060
1734523572.758765697,7,-4.002163945,4.721732178,1.502899314
1734523572.758765697,8,3.970010247,-4.612740648,1.503257827
1734523572.758765697,9,-9.220705711,-0.560628652,1.504672489
1734523572.818765879,0,0.276332837,-0.058410221,1.504429801
1734523572.818765879,1,4.944601962,-0.054361344,1.504320628
1734523572.818765879,2,0.016630940,5.199445169,1.503432909
1734523572.818765879,3,0.050542091,-5.500262471,1.503660571
1734523572.818765879,4,-4.283197486,-0.358776707,1.505483187
1734523572.818765879,5,4.006350750,4.658774997,1.503770413
1734523572.818765879,6,-3.726648868,-4.389937526,1.503664060
1734523572.818765879,7,-4.002163945,4.721732178,1.502899314
1734523572.818765879,8,3.970010247,-4.612740648,1.503257827
1734523572.818765879,9,-9.220705711,-0.560628652,1.504672489
1734523572.878765821,0,0.276332837,-0.058410221,1.504429801
1734523572.878765821,1,4.944601962,-0.054361344,1.504320628
1734523572.878765821,2,0.016630940,5.199445169,1.503432909
1734523572.878765821,3,0.050542091,-5.500262471,1.503660571
1734523572.878765821,4,-4.283197486,-0.358776707,1.505483187
1734523572.878765821,5,4.006350750,4.658774997,1.503770413
1734523572.878765821,6,-3.726648868,-4.389937526,1.503664060
1734523572.878765821,7,-4.002163945,4.721732178,1.502899314
1734523572.878765821,8,3.970010247,-4.612740648,1.503257827
1734523572.878765821,9,-9.220705711,-0.560628652,1.504672489
1734523572.938765764,0,0.276332837,-0.058410221,1.504429801
1734523572.938765764,1,4.944601962,-0.054361344,1.504320628
1734523572.938765764,2,0.016630940,5.199445169,1.503432909
1734523572.938765764,3,0.050542091,-5.500262471,1.503660571
1734523572.938765764,4,-4.283197486,-0.358776707,1.505483187
1734523572.938765764,5,4.006350750,4.658774997,1.503770413
1734523572.938765764,6,-3.726648868,-4.389937526,1.503664060
1734523572.938765764,7,-4.002163945,4.721732178,1.502899314
1734523572.938765764,8,3.970010247,-4.612740648,1.503257827
1734523572.938765764,9,-9.220705711,-0.560628652,1.504672489
1734523573.008765697,0,0.276332837,-0.058410221,1.504429801
1734523573.008765697,1,4.944601962,-0.054361344,1.504320628
1734523573.008765697,2,0.016630940,5.199445169,1.503432909
1734523573.008765697,3,0.050542091,-5.500262471,1.503660571
1734523573.008765697,4,-4.283197486,-0.358776707,1.505483187
1734523573.008765697,5,4.006350750,4.658774997,1.503770413
1734523573.008765697,6,-3.726648868,-4.389937526,1.503664060
1734523573.008765697,7,-4.002163945,4.721732178,1.502899314
1734523573.008765697,8,3.970010247,-4.612740648,1.503257827
1734523573.008765697,9,-9.220705711,-0.560628652,1.504672489
1734523573.068765879,0,0.276332837,-0.058410221,1.504429801
1734523573.068765879,1,4.944601962,-0.054361344,1.504320628
1734523573.068765879,2,0.016630940,5.199445169,1.503432909
1734523573.068765879,3,0.050542091,-5.500262471,1.503660571
1734523573.068765879,4,-4.283197486,-0.358776707,1.505483187
1734523573.068765879,5,4.006350750,4.658774997,1.503770413
1734523573.068765879,6,-3.726648868,-4.389937526,1.503664060
1734523573.068765879,7,-4.002163945,4.721732178,1.502899314
1734523573.068765879,8,3.970010247,-4.612740648,1.503257827
1734523573.068765879,9,-9.220705711,-0.560628652,1.504672489
1734523573.128765821,0,0.276332837,-0.058410221,1.504429801
1734523573.128765821,1,4.944601962,-0.054361344,1.504320628
1734523573.128765821,2,0.016630940,5.199445169,1.503432909
1734523573.128765821,3,0.050542091,-5.500262471,1.503660571
1734523573.128765821,4,-4.283197486,-0.358776707,1.505483187
1734523573.128765821,5,4.006350750,4.658774997,1.503770413
1734523573.128765821,6,-3.726648868,-4.389937526,1.503664060
1734523573.128765821,7,-4.002163945,4.721732178,1.502899314
1734523573.128765821,8,3.970010247,-4.612740648,1.503257827
1734523573.128765821,9,-9.220705711,-0.560628652,1.504672489
1734523573.188765764,0,0.276332837,-0.058410221,1.504429801
1734523573.188765764,1,4.944601962,-0.054361344,1.504320628
1734523573.188765764,2,0.016630940,5.199445169,1.503432909
1734523573.188765764,3,0.050542091,-5.500262471,1.503660571
1734523573.188765764,4,-4.283197486,-0.358776707,1.505483187
1734523573.188765764,5,4.006350750,4.658774997,1.503770413
1734523573.188765764,6,-3.726648868,-4.389937526,1.503664060
1734523573.188765764,7,-4.002163945,4.721732178,1.502899314
1734523573.188765764,8,3.970010247,-4.612740648,1.503257827
1734523573.188765764,9,-9.220705711,-0.560628652,1.504672489
1734523573.258765697,0,0.276332837,-0.058410221,1.504429801
1734523573.258765697,1,4.944601962,-0.054361344,1.504320628
1734523573.258765697,2,0.016630940,5.199445169,1.503432909
1734523573.258765697,3,0.050542091,-5.500262471,1.503660571
1734523573.258765697,4,-4.283197486,-0.358776707,1.505483187
1734523573.258765697,5,4.006350750,4.658774997,1.503770413
1734523573.258765697,6,-3.722445955,-4.395258662,1.503676044
1734523573.258765697,7,-4.002163945,4.721732178,1.502899314
1734523573.258765697,8,3.970010247,-4.612740648,1.503257827
1734523573.258765697,9,-9.236537063,-0.567596944,1.504784511
1734523573.318765879,0,0.276332837,-0.058410221,1.504429801
1734523573.318765879,1,4.944601962,-0.054361344,1.504320628
1734523573.318765879,2,0.016630940,5.199445169,1.503432909
1734523573.318765879,3,0.050542091,-5.500262471,1.503660571
1734523573.318765879,4,-4.283197486,-0.358776707,1.505483187
1734523573.318765879,5,4.006350750,4.658774997,1.503770413
1734523573.318765879,6,-3.722445955,-4.395258662,1.503676044
1734523573.318765879,7,-4.002031461,4.732534443,1.503021869
1734523573.318765879,8,3.969510991,-4.622143442,1.503260552
1734523573.318765879,9,-9.236537063,-0.567596944,1.504784511
1734523573.388765812,0,0.286131135,-0.059141208,1.504441798
1734523573.388765812,1,4.970953680,-0.054455767,1.504333728
1734523573.388765812,2,0.018229091,5.231147516,1.503435416
1734523573.388765812,3,0.052356422,-5.532619510,1.503651173
1734523573.388765812,4,-4.286214412,-0.362215193,1.505429528
1734523573.388765812,5,4.006670211,4.683363278,1.504004777
1734523573.388765812,6,-3.718210800,-4.400613688,1.503688422
1734523573.388765812,7,-4.001726483,4.754264997,1.503231453
1734523573.388765812,8,3.969056910,-4.631518331,1.503246414
1734523573.388765812,9,-9.268347991,-0.581607852,1.504975454
1734523573.458765745,0,0.286131135,-0.059141208,1.504441798
1734523573.458765745,1,4.970953680,-0.054455767,1.504333728
1734523573.458765745,2,0.018229091,5.231147516,1.503435416
1734523573.458765745,3,0.052356422,-5.532619510,1.503651173
1734523573.458765745,4,-4.289450647,-0.365954943,1.505354653
1734523573.458765745,5,4.006670211,4.683363278,1.504004777
1734523573.458765745,6,-3.718210800,-4.400613688,1.503688422
1734523573.458765745,7,-4.001726483,4.754264997,1.503231453
1734523573.458765745,8,3.969056910,-4.631518331,1.503246414
1734523573.458765745,9,-9.268347991,-0.581607852,1.504975454
1734523573.518765688,0,0.286131135,-0.059141208,1.504441798
1734523573.518765688,1,4.970953680,-0.054455767,1.504333728
1734523573.518765688,2,0.018229091,5.231147516,1.503435416
1734523573.518765688,3,0.052356422,-5.532619510,1.503651173
1734523573.518765688,4,-4.289450647,-0.365954943,1.505354653
1734523573.518765688,5,4.006670211,4.683363278,1.504004777
1734523573.518765688,6,-3.718210800,-4.400613688,1.503688422
1734523573.518765688,7,-4.001726483,4.754264997,1.503231453
1734523573.518765688,8,3.969056910,-4.631518331,1.503246414
1734523573.518765688,9,-9.268347991,-0.581607852,1.504975454
1734523573.578765869,0,0.286131135,-0.059141208,1.504441798
1734523573.578765869,1,4.970953680,-0.054455767,1.504333728
1734523573.578765869,2,0.018229091,5.231147516,1.503435416
1734523573.578765869,3,0.052356422,-5.532619510,1.503651173
1734523573.578765869,4,-4.289450647,-0.365954943,1.505354653
1734523573.578765869,5,4.006670211,4.683363278,1.504004777
1734523573.578765869,6,-3.718210800,-4.400613688,1.503688422
1734523573.578765869,7,-4.001726483,4.754264997,1.503231453
1734523573.578765869,8,3.969056910,-4.631518331,1.503246414
1734523573.578765869,9,-9.268347991,-0.581607852,1.504975454
1734523573.648765802,0,0.286131135,-0.059141208,1.504441798
1734523573.648765802,1,4.970953680,-0.054455767,1.504333728
1734523573.648765802,2,0.018229091,5.231147516,1.503435416
1734523573.648765802,3,0.052356422,-5.532619510,1.503651173
1734523573.648765802,4,-4.289450647,-0.365954943,1.505354653
1734523573.648765802,5,4.006670211,4.683363278,1.504004777
1734523573.648765802,6,-3.718210800,-4.400613688,1.503688422
1734523573.648765802,7,-4.001726483,4.754264997,1.503231453
1734523573.648765802,8,3.969056910,-4.631518331,1.503246414
1734523573.648765802,9,-9.268347991,-0.581607852,1.504975454
1734523573.708765745,0,0.286131135,-0.059141208,1.504441798
1734523573.708765745,1,4.970953680,-0.054455767,1.504333728
1734523573.708765745,2,0.018229091,5.231147516,1.503435416
1734523573.708765745,3,0.052356422,-5.532619510,1.503651173
1734523573.708765745,4,-4.289450647,-0.365954943,1.505354653
1734523573.708765745,5,4.006670211,4.683363278,1.504004777
1734523573.708765745,6,-3.718210800,-4.400613688,1.503688422
1734523573.708765745,7,-4.001726483,4.754264997,1.503231453
1734523573.708765745,8,3.969056910,-4.631518331,1.503246414
1734523573.708765745,9,-9.268347991,-0.581607852,1.504975454
1734523573.768765688,0,0.286131135,-0.059141208,1.504441798
1734523573.768765688,1,4.970953680,-0.054455767,1.504333728
1734523573.768765688,2,0.018229091,5.231147516,1.503435416
1734523573.768765688,3,0.052356422,-5.532619510,1.503651173
1734523573.768765688,4,-4.289450647,-0.365954943,1.505354653
1734523573.768765688,5,4.006670211,4.683363278,1.504004777
1734523573.768765688,6,-3.718210800,-4.400613688,1.503688422
1734523573.768765688,7,-4.001726483,4.754264997,1.503231453
1734523573.768765688,8,3.969056910,-4.631518331,1.503246414
1734523573.768765688,9,-9.268347991,-0.581607852,1.504975454
1734523573.828765869,0,0.286131135,-0.059141208,1.504441798
1734523573.828765869,1,4.970953680,-0.054455767,1.504333728
1734523573.828765869,2,0.018229091,5.231147516,1.503435416
1734523573.828765869,3,0.052356422,-5.532619510,1.503651173
1734523573.828765869,4,-4.289450647,-0.365954943,1.505354653
1734523573.828765869,5,4.006670211,4.683363278,1.504004777
1734523573.828765869,6,-3.718210800,-4.400613688,1.503688422
1734523573.828765869,7,-4.001726483,4.754264997,1.503231453
1734523573.828765869,8,3.969056910,-4.631518331,1.503246414
1734523573.828765869,9,-9.268347991,-0.581607852,1.504975454
1734523573.898765802,0,0.286131135,-0.059141208,1.504441798
1734523573.898765802,1,4.970953680,-0.054455767,1.504333728
1734523573.898765802,2,0.018229091,5.231147516,1.503435416
1734523573.898765802,3,0.052356422,-5.532619510,1.503651173
1734523573.898765802,4,-4.289450647,-0.365954943,1.505354653
1734523573.898765802,5,4.006670211,4.683363278,1.504004777
1734523573.898765802,6,-3.718210800,-4.400613688,1.503688422
1734523573.898765802,7,-4.001726483,4.754264997,1.503231453
1734523573.898765802,8,3.969056910,-4.631518331,1.503246414
1734523573.898765802,9,-9.268347991,-0.581607852,1.504975454
1734523573.958765745,0,0.286131135,-0.059141208,1.504441798
1734523573.958765745,1,4.970953680,-0.054455767,1.504333728
1734523573.958765745,2,0.018229091,5.231147516,1.503435416
1734523573.958765745,3,0.052356422,-5.532619510,1.503651173
1734523573.958765745,4,-4.289450647,-0.365954943,1.505354653
1734523573.958765745,5,4.006670211,4.683363278,1.504004777
1734523573.958765745,6,-3.718210800,-4.400613688,1.503688422
1734523573.958765745,7,-4.001726483,4.754264997,1.503231453
1734523573.958765745,8,3.969056910,-4.631518331,1.503246414
1734523573.958765745,9,-9.268347991,-0.581607852,1.504975454
1734523574.028765678,0,0.294807709,-0.060127976,1.504454927
1734523574.028765678,1,4.995056478,-0.056050557,1.504340779
1734523574.028765678,2,0.018332582,5.245761999,1.503440309
1734523574.028765678,3,0.054996349,-5.560782086,1.503659332
1734523574.028765678,4,-4.294307601,-0.371562726,1.505223908
1734523574.028765678,5,4.006821432,4.705909672,1.504164538
1734523574.028765678,6,-3.708787847,-4.412553584,1.503710739
1734523574.028765678,7,-4.001599820,4.765145968,1.503337342
1734523574.028765678,8,3.968305771,-4.652000490,1.503238990
1734523574.028765678,9,-9.284336152,-0.588653658,1.505069039
1734523574.098765850,0,0.294807709,-0.060127976,1.504454927
1734523574.098765850,1,4.995056478,-0.056050557,1.504340779
1734523574.098765850,2,0.018086878,5.257149160,1.503448694
1734523574.098765850,3,0.054996349,-5.560782086,1.503659332
1734523574.098765850,4,-4.294307601,-0.371562726,1.505223908
1734523574.098765850,5,4.006821432,4.705909672,1.504164538
1734523574.098765850,6,-3.708787847,-4.412553584,1.503710739
1734523574.098765850,7,-4.001599820,4.765145968,1.503337342
1734523574.098765850,8,3.968305771,-4.652000490,1.503238990
1734523574.098765850,9,-9.284336152,-0.588653658,1.505069039
1734523574.168765783,0,0.294807709,-0.060127976,1.504454927
1734523574.168765783,1,4.995056478,-0.056050557,1.504340779
1734523574.168765783,2,0.018086878,5.257149160,1.503448694
1734523574.168765783,3,0.054996349,-5.560782086,1.503659332
1734523574.168765783,4,-4.294307601,-0.371562726,1.505223908
1734523574.168765783,5,4.006821432,4.705909672,1.504164538
1734523574.168765783,6,-3.708787847,-4.412553584,1.503710739
1734523574.168765783,7,-4.001599820,4.765145968,1.503337342
1734523574.168765783,8,3.968305771,-4.652000490,1.503238990
1734523574.168765783,9,-9.284336152,-0.588653658,1.505069039
1734523574.228765726,0,0.294807709,-0.060127976,1.504454927
1734523574.228765726,1,4.995056478,-0.056050557,1.504340779
1734523574.228765726,2,0.018086878,5.257149160,1.503448694
1734523574.228765726,3,0.054996349,-5.560782086,1.503659332
1734523574.228765726,4,-4.294307601,-0.371562726,1.505223908
1734523574.228765726,5,4.006821432,4.705909672,1.504164538
1734523574.228765726,6,-3.708787847,-4.412553584,1.503710739
1734523574.228765726,7,-4.001599820,4.765145968,1.503337342
1734523574.228765726,8,3.968305771,-4.652000490,1.503238990
1734523574.228765726,9,-9.284336152,-0.588653658,1.505069039
1734523574.288765669,0,0.294807709,-0.060127976,1.504454927
1734523574.288765669,1,4.995056478,-0.056050557,1.504340779
1734523574.288765669,2,0.018086878,5.257149160,1.503448694
1734523574.288765669,3,0.054996349,-5.560782086,1.503659332
1734523574.288765669,4,-4.294307601,-0.371562726,1.505223908
1734523574.288765669,5,4.006821432,4.705909672,1.504164538
1734523574.288765669,6,-3.708787847,-4.412553584,1.503710739
1734523574.288765669,7,-4.001599820,4.765145968,1.503337342
1734523574.288765669,8,3.968305771,-4.652000490,1.503238990
1734523574.288765669,9,-9.284336152,-0.588653658,1.505069039
1734523574.358765841,0,0.294807709,-0.060127976,1.504454927
1734523574.358765841,1,4.995056478,-0.056050557,1.504340779
1734523574.358765841,2,0.018086878,5.257149160,1.503448694
1734523574.358765841,3,0.054996349,-5.560782086,1.503659332
1734523574.358765841,4,-4.294307601,-0.371562726,1.505223908
1734523574.358765841,5,4.006821432,4.705909672,1.504164538
1734523574.358765841,6,-3.708787847,-4.412553584,1.503710739
1734523574.358765841,7,-4.001599820,4.765145968,1.503337342
1734523574.358765841,8,3.968305771,-4.652000490,1.503238990
1734523574.358765841,9,-9.284336152,-0.588653658,1.505069039
1734523574.418765783,0,0.294807709,-0.060127976,1.504454927
1734523574.418765783,1,4.995056478,-0.056050557,1.504340779
1734523574.418765783,2,0.018086878,5.257149160,1.503448694
1734523574.418765783,3,0.054996349,-5.560782086,1.503659332
1734523574.418765783,4,-4.294307601,-0.371562726,1.505223908
1734523574.418765783,5,4.006821432,4.705909672,1.504164538
1734523574.418765783,6,-3.708787847,-4.412553584,1.503710739
1734523574.418765783,7,-4.001599820,4.765145968,1.503337342
1734523574.418765783,8,3.968305771,-4.652000490,1.503238990
1734523574.418765783,9,-9.284336152,-0.588653658,1.505069039
1734523574.478765726,0,0.294807709,-0.060127976,1.504454927
1734523574.478765726,1,4.995056478,-0.056050557,1.504340779
1734523574.478765726,2,0.018086878,5.257149160,1.503448694
1734523574.478765726,3,0.054996349,-5.560782086,1.503659332
1734523574.478765726,4,-4.294307601,-0.371562726,1.505223908
1734523574.478765726,5,4.006821432,4.705909672,1.504164538
1734523574.478765726,6,-3.708787847,-4.412553584,1.503710739
1734523574.478765726,7,-4.001599820,4.765145968,1.503337342
1734523574.478765726,8,3.968305771,-4.652000490,1.503238990
1734523574.478765726,9,-9.284336152,-0.588653658,1.505069039
1734523574.538765669,0,0.294807709,-0.060127976,1.504454927
1734523574.538765669,1,4.995056478,-0.056050557,1.504340779
1734523574.538765669,2,0.018086878,5.257149160,1.503448694
1734523574.538765669,3,0.054996349,-5.560782086,1.503659332
1734523574.538765669,4,-4.294307601,-0.371562726,1.505223908
1734523574.538765669,5,4.006821432,4.705909672,1.504164538
1734523574.538765669,6,-3.708787847,-4.412553584,1.503710739
1734523574.538765669,7,-4.001599820,4.765145968,1.503337342
1734523574.538765669,8,3.968305771,-4.652000490,1.503238990
1734523574.538765669,9,-9.284336152,-0.588653658,1.505069039
1734523574.608765841,0,0.294807709,-0.060127976,1.504454927
1734523574.608765841,1,4.995056478,-0.056050557,1.504340779
1734523574.608765841,2,0.018086878,5.257149160,1.503448694
1734523574.608765841,3,0.054996349,-5.560782086,1.503659332
1734523574.608765841,4,-4.294307601,-0.371562726,1.505223908
1734523574.608765841,5,4.006821432,4.705909672,1.504164538
1734523574.608765841,6,-3.708787847,-4.412553584,1.503710739
1734523574.608765841,7,-4.001599820,4.765145968,1.503337342
1734523574.608765841,8,3.968305771,-4.652000490,1.503238990
1734523574.608765841,9,-9.284336152,-0.588653658,1.505069039
1734523574.668765783,0,0.306593857,-0.060341956,1.504460113
1734523574.668765783,1,5.016629851,-0.055065526,1.504350554
1734523574.668765783,2,0.019174393,5.290330918,1.503474920
1734523574.668765783,3,0.054958953,-5.598694722,1.503680911
1734523574.668765783,4,-4.297110991,-0.374779814,1.505143894
1734523574.668765783,5,4.007752151,4.729533462,1.504318782
1734523574.668765783,6,-3.700916718,-4.422447315,1.503725804
1734523574.668765783,7,-4.001307569,4.787028359,1.503552240
1734523574.668765783,8,3.967361338,-4.669234467,1.503245621
1734523574.668765783,9,-9.316500337,-0.602835067,1.505247866
1734523574.738765717,0,0.306593857,-0.060341956,1.504460113
1734523574.738765717,1,5.016629851,-0.055065526,1.504350554
1734523574.738765717,2,0.019174393,5.290330918,1.503474920
1734523574.738765717,3,0.054958953,-5.598694722,1.503680911
1734523574.738765717,4,-4.297110991,-0.374779814,1.505143894
1734523574.738765717,5,4.007752151,4.729533462,1.504318782
1734523574.738765717,6,-3.700916718,-4.422447315,1.503725804
1734523574.738765717,7,-4.001307569,4.787028359,1.503552240
1734523574.738765717,8,3.967361338,-4.669234467,1.503245621
1734523574.738765717,9,-9.316500337,-0.602835067,1.505247866
1734523574.798765659,0,0.306593857,-0.060341956,1.504460113
1734523574.798765659,1,5.016629851,-0.055065526,1.504350554
1734523574.798765659,2,0.019174393,5.290330918,1.503474920
1734523574.798765659,3,0.054958953,-5.598694722,1.503680911
1734523574.798765659,4,-4.297110991,-0.374779814,1.505143894
1734523574.798765659,5,4.007752151,4.729533462,1.504318782
1734523574.798765659,6,-3.700916718,-4.422447315,1.503725804
1734523574.798765659,7,-4.001307569,4.787028359,1.503552240
1734523574.798765659,8,3.967361338,-4.669234467,1.503245621
1734523574.798765659,9,-9.316500337,-0.602835067,1.505247866
1734523574.858765841,0,0.306593857,-0.060341956,1.504460113
1734523574.858765841,1,5.016629851,-0.055065526,1.504350554
1734523574.858765841,2,0.019174393,5.290330918,1.503474920
1734523574.858765841,3,0.054958953,-5.598694722,1.503680911
1734523574.858765841,4,-4.297110991,-0.374779814,1.505143894
1734523574.858765841,5,4.007752151,4.729533462,1.504318782
1734523574.858765841,6,-3.700916718,-4.422447315,1.503725804
1734523574.858765841,7,-4.001307569,4.787028359,1.503552240
1734523574.858765841,8,3.967361338,-4.669234467,1.503245621
1734523574.858765841,9,-9.316500337,-0.602835067,1.505247866
1734523574.918765783,0,0.306593857,-0.060341956,1.504460113
1734523574.918765783,1,5.016629851,-0.055065526,1.504350554
1734523574.918765783,2,0.019174393,5.290330918,1.503474920
1734523574.918765783,3,0.054958953,-5.598694722,1.503680911
1734523574.918765783,4,-4.297110991,-0.374779814,1.505143894
1734523574.918765783,5,4.007752151,4.729533462,1.504318782
1734523574.918765783,6,-3.700916718,-4.422447315,1.503725804
1734523574.918765783,7,-4.001307569,4.787028359,1.503552240
1734523574.918765783,8,3.967361338,-4.669234467,1.503245621
1734523574.918765783,9,-9.316500337,-0.602835067,1.505247866
1734523574.978765726,0,0.306593857,-0.060341956,1.504460113
1734523574.978765726,1,5.016629851,-0.055065526,1.504350554
1734523574.978765726,2,0.019174393,5.290330918,1.503474920
1734523574.978765726,3,0.054958953,-5.598694722,1.503680911
1734523574.978765726,4,-4.297110991,-0.374779814,1.505143894
1734523574.978765726,5,4.007752151,4.729533462,1.504318782
1734523574.978765726,6,-3.700916718,-4.422447315,1.503725804
1734523574.978765726,7,-4.001307569,4.787028359,1.503552240
1734523574.978765726,8,3.967361338,-4.669234467,1.503245621
1734523574.978765726,9,-9.316500337,-0.602835067,1.505247866
1734523575.048765659,0,0.306593857,-0.060341956,1.504460113
1734523575.048765659,1,5.016629851,-0.055065526,1.504350554
1734523575.048765659,2,0.019174393,5.290330918,1.503474920
1734523575.048765659,3,0.054958953,-5.598694722,1.503680911
1734523575.048765659,4,-4.297110991,-0.374779814,1.505143894
1734523575.048765659,5,4.007752151,4.729533462,1.504318782
1734523575.048765659,6,-3.700916718,-4.422447315,1.503725804
1734523575.048765659,7,-4.001307569,4.787028359,1.503552240
1734523575.048765659,8,3.967361338,-4.669234467,1.503245621
1734523575.048765659,9,-9.316500337,-0.602835067,1.505247866
1734523575.108765841,0,0.306593857,-0.060341956,1.504460113
1734523575.108765841,1,5.016629851,-0.055065526,1.504350554
1734523575.108765841,2,0.019174393,5.290330918,1.503474920
1734523575.108765841,3,0.054958953,-5.598694722,1.503680911
1734523575.108765841,4,-4.297110991,-0.374779814,1.505143894
1734523575.108765841,5,4.007752151,4.729533462,1.504318782
1734523575.108765841,6,-3.700916718,-4.422447315,1.503725804
1734523575.108765841,7,-4.001307569,4.787028359,1.503552240
1734523575.108765841,8,3.967361338,-4.669234467,1.503245621
1734523575.108765841,9,-9.316500337,-0.602835067,1.505247866
1734523575.168765783,0,0.306593857,-0.060341956,1.504460113
1734523575.168765783,1,5.016629851,-0.055065526,1.504350554
1734523575.168765783,2,0.019174393,5.290330918,1.503474920
1734523575.168765783,3,0.054958953,-5.598694722,1.503680911
1734523575.168765783,4,-4.297110991,-0.374779814,1.505143894
1734523575.168765783,5,4.007752151,4.729533462,1.504318782
1734523575.168765783,6,-3.700916718,-4.422447315,1.503725804
1734523575.168765783,7,-4.001307569,4.787028359,1.503552240
1734523575.168765783,8,3.967361338,-4.669234467,1.503245621
1734523575.168765783,9,-9.332681545,-0.609972987,1.505329835
1734523575.238765717,0,0.306593857,-0.060341956,1.504460113
1734523575.238765717,1,5.016629851,-0.055065526,1.504350554
1734523575.238765717,2,0.019174393,5.290330918,1.503474920
1734523575.238765717,3,0.054958953,-5.598694722,1.503680911
1734523575.238765717,4,-4.297110991,-0.374779814,1.505143894
1734523575.238765717,5,4.007752151,4.729533462,1.504318782
1734523575.238765717,6,-3.700916718,-4.422447315,1.503725804
1734523575.238765717,7,-4.001307569,4.787028359,1.503552240
1734523575.238765717,8,3.967361338,-4.669234467,1.503245621
1734523575.238765717,9,-9.332681545,-0.609972987,1.505329835
1734523575.298765659,0,0.317063665,-0.061024240,1.504467348
1734523575.298765659,1,5.043104745,-0.055648140,1.504363858
1734523575.298765659,2,0.019221966,5.319760824,1.503513511
1734523575.298765659,3,0.056453784,-5.631693729,1.503704188
1734523575.298765659,4,-4.305921022,-0.384896290,1.504866059
1734523575.298765659,5,4.008183190,4.752952528,1.504406847
1734523575.298765659,6,-3.692106737,-4.433647992,1.503742087
1734523575.298765659,7,-4.000835782,4.820076124,1.503857061
1734523575.298765659,8,3.966488872,-4.690144034,1.503271723
1734523575.298765659,9,-9.365252416,-0.624346357,1.505469928
1734523575.358765841,0,0.317063665,-0.061024240,1.504467348
1734523575.358765841,1,5.043104745,-0.055648140,1.504363858
1734523575.358765841,2,0.019221966,5.319760824,1.503513511
1734523575.358765841,3,0.056453784,-5.631693729,1.503704188
1734523575.358765841,4,-4.305921022,-0.384896290,1.504866059
1734523575.358765841,5,4.008183190,4.752952528,1.504406847
1734523575.358765841,6,-3.692106737,-4.433647992,1.503742087
1734523575.358765841,7,-4.000835782,4.820076124,1.503857061
1734523575.358765841,8,3.966488872,-4.690144034,1.503271723
1734523575.358765841,9,-9.365252416,-0.624346357,1.505469928
1734523575.428765774,0,0.317063665,-0.061024240,1.504467348
1734523575.428765774,1,5.043104745,-0.055648140,1.504363858
1734523575.428765774,2,0.019221966,5.319760824,1.503513511
1734523575.428765774,3,0.056453784,-5.631693729,1.503704188
1734523575.428765774,4,-4.305921022,-0.384896290,1.504866059
1734523575.428765774,5,4.008183190,4.752952528,1.504406847
1734523575.428765774,6,-3.692106737,-4.433647992,1.503742087
1734523575.428765774,7,-4.000835782,4.820076124,1.503857061
1734523575.428765774,8,3.966488872,-4.690144034,1.503271723
1734523575.428765774,9,-9.365252416,-0.624346357,1.505469928
1734523575.488765717,0,0.317063665,-0.061024240,1.504467348
1734523575.488765717,1,5.043104745,-0.055648140,1.504363858
1734523575.488765717,2,0.019221966,5.319760824,1.503513511
1734523575.488765717,3,0.056453784,-5.631693729,1.503704188
1734523575.488765717,4,-4.305921022,-0.384896290,1.504866059
1734523575.488765717,5,4.008183190,4.752952528,1.504406847
1734523575.488765717,6,-3.692106737,-4.433647992,1.503742087
1734523575.488765717,7,-4.000835782,4.820076124,1.503857061
1734523575.488765717,8,3.966488872,-4.690144034,1.503271723
1734523575.488765717,9,-9.365252416,-0.624346357,1.505469928
1734523575.548765659,0,0.317063665,-0.061024240,1.504467348
1734523575.548765659,1,5.043104745,-0.055648140,1.504363858
1734523575.548765659,2,0.019221966,5.319760824,1.503513511
1734523575.548765659,3,0.056453784,-5.631693729,1.503704188
1734523575.548765659,4,-4.305921022,-0.384896290,1.504866059
1734523575.548765659,5,4.008183190,4.752952528,1.504406847
1734523575.548765659,6,-3.692106737,-4.433647992,1.503742087
1734523575.548765659,7,-4.000835782,4.820076124,1.503857061
1734523575.548765659,8,3.966488872,-4.690144034,1.503271723
1734523575.548765659,9,-9.365252416,-0.624346357,1.505469928
1734523575.618765831,0,0.317063665,-0.061024240,1.504467348
1734523575.618765831,1,5.043104745,-0.055648140,1.504363858
1734523575.618765831,2,0.019221966,5.319760824,1.503513511
1734523575.618765831,3,0.056453784,-5.631693729,1.503704188
1734523575.618765831,4,-4.305921022,-0.384896290,1.504866059
1734523575.618765831,5,4.008183190,4.752952528,1.504406847
1734523575.618765831,6,-3.692106737,-4.433647992,1.503742087
1734523575.618765831,7,-4.000835782,4.820076124,1.503857061
1734523575.618765831,8,3.966488872,-4.690144034,1.503271723
1734523575.618765831,9,-9.365252416,-0.624346357,1.505469928
1734523575.678765774,0,0.317063665,-0.061024240,1.504467348
1734523575.678765774,1,5.043104745,-0.055648140,1.504363858
1734523575.678765774,2,0.019221966,5.319760824,1.503513511
1734523575.678765774,3,0.056453784,-5.631693729,1.503704188
1734523575.678765774,4,-4.305921022,-0.384896290,1.504866059
1734523575.678765774,5,4.008183190,4.752952528,1.504406847
1734523575.678765774,6,-3.692106737,-4.433647992,1.503742087
1734523575.678765774,7,-4.000835782,4.820076124,1.503857061
1734523575.678765774,8,3.966488872,-4.690144034,1.503271723
1734523575.678765774,9,-9.365252416,-0.624346357,1.505469928
1734523575.738765717,0,0.317063665,-0.061024240,1.504467348
1734523575.738765717,1,5.043104745,-0.055648140,1.504363858
1734523575.738765717,2,0.019221966,5.319760824,1.503513511
1734523575.738765717,3,0.056453784,-5.631693729,1.503704188
1734523575.738765717,4,-4.305921022,-0.384896290,1.504866059
1734523575.738765717,5,4.008183190,4.752952528,1.504406847
1734523575.738765717,6,-3.692106737,-4.433647992,1.503742087
1734523575.738765717,7,-4.000835782,4.820076124,1.503857061
1734523575.738765717,8,3.966488872,-4.690144034,1.503271723
1734523575.738765717,9,-9.365252416,-0.624346357,1.505469928
1734523575.798765659,0,0.317063665,-0.061024240,1.504467348
1734523575.798765659,1,5.043104745,-0.055648140,1.504363858
1734523575.798765659,2,0.019221966,5.319760824,1.503513511
1734523575.798765659,3,0.056453784,-5.631693729,1.503704188
1734523575.798765659,4,-4.305921022,-0.384896290,1.504866059
1734523575.798765659,5,4.008183190,4.752952528,1.504406847
1734523575.798765659,6,-3.692106737,-4.433647992,1.503742087
1734523575.798765659,7,-4.000835782,4.820076124,1.503857061
1734523575.798765659,8,3.966488872,-4.690144034,1.503271723
1734523575.798765659,9,-9.365252416,-0.624346357,1.505469928
1734523575.868765831,0,0.317063665,-0.061024240,1.504467348
1734523575.868765831,1,5.043104745,-0.055648140,1.504363858
1734523575.868765831,2,0.019221966,5.319760824,1.503513511
1734523575.868765831,3,0.056453784,-5.631693729,1.503704188
1734523575.868765831,4,-4.305921022,-0.384896290,1.504866059
1734523575.868765831,5,4.008183190,4.752952528,1.504406847
1734523575.868765831,6,-3.685248816,-4.441504803,1.503750017
1734523575.868765831,7,-4.000835782,4.820076124,1.503857061
1734523575.868765831,8,3.966146677,-4.699658710,1.503287180
1734523575.868765831,9,-9.365252416,-0.624346357,1.505469928
1734523575.928765774,0,0.327924989,-0.061517832,1.504473656
1734523575.928765774,1,5.064901521,-0.056195300,1.504371773
1734523575.928765774,2,0.019273827,5.346390749,1.503550725
1734523575.928765774,3,0.057305612,-5.665419574,1.503735814
1734523575.928765774,4,-4.310757289,-0.390457115,1.504706564
1734523575.928765774,5,4.008111483,4.764495199,1.504428230
1734523575.928765774,6,-3.682994800,-4.444876030,1.503754875
1734523575.928765774,7,-4.000673455,4.831148923,1.503930883
1734523575.928765774,8,3.965693854,-4.707479489,1.503304215
1734523575.928765774,9,-9.381645629,-0.631582867,1.505515179
1734523575.988765717,0,0.327924989,-0.061517832,1.504473656
1734523575.988765717,1,5.064901521,-0.056195300,1.504371773
1734523575.988765717,2,0.019273827,5.346390749,1.503550725
1734523575.988765717,3,0.057305612,-5.665419574,1.503735814
1734523575.988765717,4,-4.310757289,-0.390457115,1.504706564
1734523575.988765717,5,4.008914568,4.774639809,1.504443551
1734523575.988765717,6,-3.682994800,-4.444876030,1.503754875
1734523575.988765717,7,-4.000673455,4.831148923,1.503930883
1734523575.988765717,8,3.965693854,-4.707479489,1.503304215
1734523575.988765717,9,-9.381645629,-0.631582867,1.505515179
1734523576.048765659,0,0.327924989,-0.061517832,1.504473656
1734523576.048765659,1,5.064901521,-0.056195300,1.504371773
1734523576.048765659,2,0.019273827,5.346390749,1.503550725
1734523576.048765659,3,0.057305612,-5.665419574,1.503735814
1734523576.048765659,4,-4.310757289,-0.390457115,1.504706564
1734523576.048765659,5,4.008914568,4.774639809,1.504443551
1734523576.048765659,6,-3.682994800,-4.444876030,1.503754875
1734523576.048765659,7,-4.000673455,4.831148923,1.503930883
1734523576.048765659,8,3.965693854,-4.707479489,1.503304215
1734523576.048765659,9,-9.381645629,-0.631582867,1.505515179
1734523576.118765831,0,0.327924989,-0.061517832,1.504473656
1734523576.118765831,1,5.064901521,-0.056195300,1.504371773
1734523576.118765831,2,0.019273827,5.346390749,1.503550725
1734523576.118765831,3,0.057305612,-5.665419574,1.503735814
1734523576.118765831,4,-4.310757289,-0.390457115,1.504706564
1734523576.118765831,5,4.008914568,4.774639809,1.504443551
1734523576.118765831,6,-3.682994800,-4.444876030,1.503754875
1734523576.118765831,7,-4.000673455,4.831148923,1.503930883
1734523576.118765831,8,3.965693854,-4.707479489,1.503304215
1734523576.118765831,9,-9.381645629,-0.631582867,1.505515179
1734523576.178765774,0,0.327924989,-0.061517832,1.504473656
1734523576.178765774,1,5.064901521,-0.056195300,1.504371773
1734523576.178765774,2,0.019273827,5.346390749,1.503550725
1734523576.178765774,3,0.057305612,-5.665419574,1.503735814
1734523576.178765774,4,-4.310757289,-0.390457115,1.504706564
1734523576.178765774,5,4.008914568,4.774639809,1.504443551
1734523576.178765774,6,-3.682994800,-4.444876030,1.503754875
1734523576.178765774,7,-4.000673455,4.831148923,1.503930883
1734523576.178765774,8,3.965693854,-4.707479489,1.503304215
1734523576.178765774,9,-9.381645629,-0.631582867,1.505515179
1734523576.238765717,0,0.327924989,-0.061517832,1.504473656
1734523576.238765717,1,5.064901521,-0.056195300,1.504371773
1734523576.238765717,2,0.019273827,5.346390749,1.503550725
1734523576.238765717,3,0.057305612,-5.665419574,1.503735814
1734523576.238765717,4,-4.310757289,-0.390457115,1.504706564
1734523576.238765717,5,4.008914568,4.774639809,1.504443551
1734523576.238765717,6,-3.682994800,-4.444876030,1.503754875
1734523576.238765717,7,-4.000673455,4.831148923,1.503930883
1734523576.238765717,8,3.965693854,-4.707479489,1.503304215
1734523576.238765717,9,-9.381645629,-0.631582867,1.505515179
1734523576.298765659,0,0.327924989,-0.061517832,1.504473656
1734523576.298765659,1,5.064901521,-0.056195300,1.504371773
1734523576.298765659,2,0.019273827,5.346390749,1.503550725
1734523576.298765659,3,0.057305612,-5.665419574,1.503735814
1734523576.298765659,4,-4.310757289,-0.390457115,1.504706564
1734523576.298765659,5,4.008914568,4.774639809,1.504443551
1734523576.298765659,6,-3.682994800,-4.444876030,1.503754875
1734523576.298765659,7,-4.000673455,4.831148923,1.503930883
1734523576.298765659,8,3.965693854,-4.707479489,1.503304215
1734523576.298765659,9,-9.381645629,-0.631582867,1.505515179
1734523576.358765841,0,0.327924989,-0.061517832,1.504473656
1734523576.358765841,1,5.064901521,-0.056195300,1.504371773
1734523576.358765841,2,0.019273827,5.346390749,1.503550725
1734523576.358765841,3,0.057305612,-5.665419574,1.503735814
1734523576.358765841,4,-4.310757289,-0.390457115,1.504706564
1734523576.358765841,5,4.008914568,4.774639809,1.504443551
1734523576.358765841,6,-3.682994800,-4.444876030,1.503754875
1734523576.358765841,7,-4.000673455,4.831148923,1.503930883
1734523576.358765841,8,3.965693854,-4.707479489,1.503304215
1734523576.358765841,9,-9.381645629,-0.631582867,1.505515179
1734523576.428765774,0,0.327924989,-0.061517832,1.504473656
1734523576.428765774,1,5.064901521,-0.056195300,1.504371773
1734523576.428765774,2,0.019273827,5.346390749,1.503550725
1734523576.428765774,3,0.057305612,-5.665419574,1.503735814
1734523576.428765774,4,-4.310757289,-0.390457115,1.504706564
1734523576.428765774,5,4.008914568,4.774639809,1.504443551
1734523576.428765774,6,-3.678500639,-4.450673460,1.503759993
1734523576.428765774,7,-4.000508969,4.842250331,1.504035836
1734523576.428765774,8,3.965693854,-4.707479489,1.503304215
1734523576.428765774,9,-9.381645629,-0.631582867,1.505515179
1734523576.488765717,0,0.327924989,-0.061517832,1.504473656
1734523576.488765717,1,5.064901521,-0.056195300,1.504371773
1734523576.488765717,2,0.019273827,5.346390749,1.503550725
1734523576.488765717,3,0.057305612,-5.665419574,1.503735814
1734523576.488765717,4,-4.310757289,-0.390457115,1.504706564
1734523576.488765717,5,4.008914568,4.774639809,1.504443551
1734523576.488765717,6,-3.678500639,-4.450673460,1.503759993
1734523576.488765717,7,-4.000508969,4.842250331,1.504035836
1734523576.488765717,8,3.965187207,-4.717226636,1.503319306
1734523576.488765717,9,-9.398108949,-0.638851808,1.505572122
1734523576.548765659,0,0.338679611,-0.062336602,1.504480867
1734523576.548765659,1,5.092284357,-0.056290813,1.504385543
1734523576.548765659,2,0.019977243,5.379730011,1.503600101
1734523576.548765659,3,0.059126367,-5.698228514,1.503774927
1734523576.548765659,4,-4.313660919,-0.393758809,1.504619801
1734523576.548765659,5,4.009274065,4.800915760,1.504434355
1734523576.548765659,6,-3.673859635,-4.456382012,1.503769672
1734523576.548765659,7,-4.000173823,4.864536237,1.504183110
1734523576.548765659,8,3.964720753,-4.726958734,1.503344989
1734523576.548765659,9,-9.431226702,-0.653477900,1.505631189
1734523576.608765841,0,0.338679611,-0.062336602,1.504480867
1734523576.608765841,1,5.092284357,-0.056290813,1.504385543
1734523576.608765841,2,0.019977243,5.379730011,1.503600101
1734523576.608765841,3,0.059126367,-5.698228514,1.503774927
1734523576.608765841,4,-4.316773184,-0.397345374,1.504517531
1734523576.608765841,5,4.009274065,4.800915760,1.504434355
1734523576.608765841,6,-3.673859635,-4.456382012,1.503769672
1734523576.608765841,7,-4.000173823,4.864536237,1.504183110
1734523576.608765841,8,3.964720753,-4.726958734,1.503344989
1734523576.608765841,9,-9.431226702,-0.653477900,1.505631189
1734523576.678765774,0,0.338679611,-0.062336602,1.504480867
1734523576.678765774,1,5.092284357,-0.056290813,1.504385543
1734523576.678765774,2,0.019977243,5.379730011,1.503600101
1734523576.678765774,3,0.059126367,-5.698228514,1.503774927
1734523576.678765774,4,-4.316773184,-0.397345374,1.504517531
1734523576.678765774,5,4.009274065,4.800915760,1.504434355
1734523576.678765774,6,-3.673859635,-4.456382012,1.503769672
1734523576.678765774,7,-4.000173823,4.864536237,1.504183110
1734523576.678765774,8,3.964720753,-4.726958734,1.503344989
1734523576.678765774,9,-9.431226702,-0.653477900,1.505631189
1734523576.738765717,0,0.338679611,-0.062336602,1.504480867
1734523576.738765717,1,5.092284357,-0.056290813,1.504385543
1734523576.738765717,2,0.019977243,5.379730011,1.503600101
1734523576.738765717,3,0.059126367,-5.698228514,1.503774927
1734523576.738765717,4,-4.316773184,-0.397345374,1.504517531
1734523576.738765717,5,4.009274065,4.800915760,1.504434355
1734523576.738765717,6,-3.673859635,-4.456382012,1.503769672
1734523576.738765717,7,-4.000173823,4.864536237,1.504183110
1734523576.738765717,8,3.964720753,-4.726958734,1.503344989
1734523576.738765717,9,-9.431226702,-0.653477900,1.505631189
1734523576.798765659,0,0.338679611,-0.062336602,1.504480867
1734523576.798765659,1,5.092284357,-0.056290813,1.504385543
1734523576.798765659,2,0.019977243,5.379730011,1.503600101
1734523576.798765659,3,0.059126367,-5.698228514,1.503774927
1734523576.798765659,4,-4.316773184,-0.397345374,1.504517531
1734523576.798765659,5,4.009274065,4.800915760,1.504434355
1734523576.798765659,6,-3.673859635,-4.456382012,1.503769672
1734523576.798765659,7,-4.000173823,4.864536237,1.504183110
1734523576.798765659,8,3.964720753,-4.726958734,1.503344989
1734523576.798765659,9,-9.431226702,-0.653477900,1.505631189
1734523576.858765841,0,0.338679611,-0.062336602,1.504480867
1734523576.858765841,1,5.092284357,-0.056290813,1.504385543
1734523576.858765841,2,0.019977243,5.379730011,1.503600101
1734523576.858765841,3,0.059126367,-5.698228514,1.503774927
1734523576.858765841,4,-4.316773184,-0.397345374,1.504517531
1734523576.858765841,5,4.009274065,4.800915760,1.504434355
1734523576.858765841,6,-3.673859635,-4.456382012,1.503769672
1734523576.858765841,7,-4.000173823,4.864536237,1.504183110
1734523576.858765841,8,3.964720753,-4.726958734,1.503344989
1734523576.858765841,9,-9.431226702,-0.653477900,1.505631189
1734523576.928765774,0,0.338679611,-0.062336602,1.504480867
1734523576.928765774,1,5.092284357,-0.056290813,1.504385543
1734523576.928765774,2,0.019977243,5.379730011,1.503600101
1734523576.928765774,3,0.059126367,-5.698228514,1.503774927
1734523576.928765774,4,-4.316773184,-0.397345374,1.504517531
1734523576.928765774,5,4.009274065,4.800915760,1.504434355
1734523576.928765774,6,-3.673859635,-4.456382012,1.503769672
1734523576.928765774,7,-4.000173823,4.864536237,1.504183110
1734523576.928765774,8,3.964720753,-4.726958734,1.503344989
1734523576.928765774,9,-9.431226702,-0.653477900,1.505631189
1734523576.988765717,0,0.338679611,-0.062336602,1.504480867
1734523576.988765717,1,5.092284357,-0.056290813,1.504385543
1734523576.988765717,2,0.019977243,5.379730011,1.503600101
1734523576.988765717,3,0.059126367,-5.698228514,1.503774927
1734523576.988765717,4,-4.316773184,-0.397345374,1.504517531
1734523576.988765717,5,4.009274065,4.800915760,1.504434355
1734523576.988765717,6,-3.673859635,-4.456382012,1.503769672
1734523576.988765717,7,-4.000173823,4.864536237,1.504183110
1734523576.988765717,8,3.964720753,-4.726958734,1.503344989
1734523576.988765717,9,-9.431226702,-0.653477900,1.505631189
1734523577.058765650,0,0.338679611,-0.062336602,1.504480867
1734523577.058765650,1,5.092284357,-0.056290813,1.504385543
1734523577.058765650,2,0.019977243,5.379730011,1.503600101
1734523577.058765650,3,0.059126367,-5.698228514,1.503774927
1734523577.058765650,4,-4.316773184,-0.397345374,1.504517531
1734523577.058765650,5,4.009274065,4.800915760,1.504434355
1734523577.058765650,6,-3.673859635,-4.456382012,1.503769672
1734523577.058765650,7,-4.000173823,4.864536237,1.504183110
1734523577.058765650,8,3.964720753,-4.726958734,1.503344989
1734523577.058765650,9,-9.431226702,-0.653477900,1.505631189
1734523577.118765831,0,0.338679611,-0.062336602,1.504480867
1734523577.118765831,1,5.092284357,-0.056290813,1.504385543
1734523577.118765831,2,0.019977243,5.379730011,1.503600101
1734523577.118765831,3,0.059126367,-5.698228514,1.503774927
1734523577.118765831,4,-4.316773184,-0.397345374,1.504517531
1734523577.118765831,5,4.009274065,4.800915760,1.504434355
1734523577.118765831,6,-3.673859635,-4.456382012,1.503769672
1734523577.118765831,7,-4.000173823,4.864536237,1.504183110
1734523577.118765831,8,3.964720753,-4.726958734,1.503344989
1734523577.118765831,9,-9.431226702,-0.653477900,1.505631189
1734523577.178765774,0,0.348204670,-0.063433773,1.504489483
1734523577.178765774,1,5.116853406,-0.056921188,1.504393393
1734523577.178765774,2,0.019781570,5.406418737,1.503646509
1734523577.178765774,3,0.061797311,-5.726798796,1.503814355
1734523577.178765774,4,-4.319402017,-0.400367158,1.504435783
1734523577.178765774,5,4.009441638,4.824964013,1.504380337
1734523577.178765774,6,-3.663802029,-4.469369114,1.503784976
1734523577.178765774,7,-4.000003859,4.875721462,1.504241716
1734523577.178765774,8,3.963956567,-4.748232800,1.503389862
1734523577.178765774,9,-9.447873136,-0.660830249,1.505643595
1734523577.238765717,0,0.348204670,-0.063433773,1.504489483
1734523577.238765717,1,5.116853406,-0.056921188,1.504393393
1734523577.238765717,2,0.019781570,5.406418737,1.503646509
1734523577.238765717,3,0.061797311,-5.726798796,1.503814355
1734523577.238765717,4,-4.321450060,-0.402727814,1.504373556
1734523577.238765717,5,4.009441638,4.824964013,1.504380337
1734523577.238765717,6,-3.663802029,-4.469369114,1.503784976
1734523577.238765717,7,-4.000003859,4.875721462,1.504241716
1734523577.238765717,8,3.963956567,-4.748232800,1.503389862
1734523577.238765717,9,-9.447873136,-0.660830249,1.505643595
1734523577.298765659,0,0.348204670,-0.063433773,1.504489483
1734523577.298765659,1,5.116853406,-0.056921188,1.504393393
1734523577.298765659,2,0.019781570,5.406418737,1.503646509
1734523577.298765659,3,0.061797311,-5.726798796,1.503814355
1734523577.298765659,4,-4.321450060,-0.402727814,1.504373556
1734523577.298765659,5,4.009441638,4.824964013,1.504380337
1734523577.298765659,6,-3.663802029,-4.469369114,1.503784976
1734523577.298765659,7,-4.000003859,4.875721462,1.504241716
1734523577.298765659,8,3.963956567,-4.748232800,1.503389862
1734523577.298765659,9,-9.447873136,-0.660830249,1.505643595
1734523577.368765831,0,0.348204670,-0.063433773,1.504489483
1734523577.368765831,1,5.116853406,-0.056921188,1.504393393
1734523577.368765831,2,0.019781570,5.406418737,1.503646509
1734523577.368765831,3,0.061797311,-5.726798796,1.503814355
1734523577.368765831,4,-4.321450060,-0.402727814,1.504373556
1734523577.368765831,5,4.009441638,4.824964013,1.504380337
1734523577.368765831,6,-3.663802029,-4.469369114,1.503784976
1734523577.368765831,7,-4.000003859,4.875721462,1.504241716
1734523577.368765831,8,3.963956567,-4.748232800,1.503389862
1734523577.368765831,9,-9.447873136,-0.660830249,1.505643595
1734523577.428765774,0,0.348204670,-0.063433773,1.504489483
1734523577.428765774,1,5.116853406,-0.056921188,1.504393393
1734523577.428765774,2,0.019781570,5.406418737,1.503646509
1734523577.428765774,3,0.061797311,-5.726798796,1.503814355
1734523577.428765774,4,-4.321450060,-0.402727814,1.504373556
1734523577.428765774,5,4.009441638,4.824964013,1.504380337
1734523577.428765774,6,-3.663802029,-4.469369114,1.503784976
1734523577.428765774,7,-4.000003859,4.875721462,1.504241716
1734523577.428765774,8,3.963956567,-4.748232800,1.503389862
1734523577.428765774,9,-9.447873136,-0.660830249,1.505643595
1734523577.488765717,0,0.348204670,-0.063433773,1.504489483
1734523577.488765717,1,5.116853406,-0.056921188,1.504393393
1734523577.488765717,2,0.019781570,5.406418737,1.503646509
1734523577.488765717,3,0.061797311,-5.726798796,1.503814355
1734523577.488765717,4,-4.321450060,-0.402727814,1.504373556
1734523577.488765717,5,4.009441638,4.824964013,1.504380337
1734523577.488765717,6,-3.663802029,-4.469369114,1.503784976
1734523577.488765717,7,-4.000003859,4.875721462,1.504241716
1734523577.488765717,8,3.963956567,-4.748232800,1.503389862
1734523577.488765717,9,-9.447873136,-0.660830249,1.505643595
1734523577.548765659,0,0.348204670,-0.063433773,1.504489483
1734523577.548765659,1,5.116853406,-0.056921188,1.504393393
1734523577.548765659,2,0.019781570,5.406418737,1.503646509
1734523577.548765659,3,0.061797311,-5.726798796,1.503814355
1734523577.548765659,4,-4.321450060,-0.402727814,1.504373556
1734523577.548765659,5,4.009441638,4.824964013,1.504380337
1734523577.548765659,6,-3.663802029,-4.469369114,1.503784976
1734523577.548765659,7,-4.000003859,4.875721462,1.504241716
1734523577.548765659,8,3.963956567,-4.748232800,1.503389862
1734523577.548765659,9,-9.447873136,-0.660830249,1.505643595
1734523577.608765841,0,0.348204670,-0.063433773,1.504489483
1734523577.608765841,1,5.116853406,-0.056921188,1.504393393
1734523577.608765841,2,0.019781570,5.406418737,1.503646509
1734523577.608765841,3,0.061797311,-5.726798796,1.503814355
1734523577.608765841,4,-4.321450060,-0.402727814,1.504373556
1734523577.608765841,5,4.009441638,4.824964013,1.504380337
1734523577.608765841,6,-3.663802029,-4.469369114,1.503784976
1734523577.608765841,7,-4.000003859,4.875721462,1.504241716
1734523577.608765841,8,3.963956567,-4.748232800,1.503389862
1734523577.608765841,9,-9.447873136,-0.660830249,1.505643595
1734523577.678765774,0,0.348204670,-0.063433773,1.504489483
1734523577.678765774,1,5.116853406,-0.056921188,1.504393393
1734523577.678765774,2,0.019781570,5.406418737,1.503646509
1734523577.678765774,3,0.061797311,-5.726798796,1.503814355
1734523577.678765774,4,-4.321450060,-0.402727814,1.504373556
1734523577.678765774,5,4.009441638,4.824964013,1.504380337
1734523577.678765774,6,-3.663802029,-4.469369114,1.503784976
1734523577.678765774,7,-4.000003859,4.875721462,1.504241716
1734523577.678765774,8,3.963956567,-4.748232800,1.503389862
1734523577.678765774,9,-9.447873136,-0.660830249,1.505643595
1734523577.738765717,0,0.348204670,-0.063433773,1.504489483
1734523577.738765717,1,5.116853406,-0.056921188,1.504393393
1734523577.738765717,2,0.019781570,5.406418737,1.503646509
1734523577.738765717,3,0.061797311,-5.726798796,1.503814355
1734523577.738765717,4,-4.321450060,-0.402727814,1.504373556
1734523577.738765717,5,4.009441638,4.824964013,1.504380337
1734523577.738765717,6,-3.663802029,-4.469369114,1.503784976
1734523577.738765717,7,-4.000003859,4.875721462,1.504241716
1734523577.738765717,8,3.963956567,-4.748232800,1.503389862
1734523577.738765717,9,-9.447873136,-0.660830249,1.505643595
1734523577.798765659,0,0.361113532,-0.063684821,1.504493340
1734523577.798765659,1,5.139691744,-0.056909559,1.504402390
1734523577.798765659,2,0.020838870,5.440457818,1.503689176
1734523577.798765659,3,0.061731119,-5.765219280,1.503856602
1734523577.798765659,4,-4.324148541,-0.405814337,1.504299892
1734523577.798765659,5,4.010423803,4.850111200,1.504268850
1734523577.798765659,6,-3.655310783,-4.480053487,1.503795549
1734523577.798765659,7,-3.999562922,4.898276861,1.504327407
1734523577.798765659,8,3.962980317,-4.766128036,1.503430185
1734523577.798765659,9,-9.481324042,-0.675603403,1.505633519
1734523577.858765841,0,0.361113532,-0.063684821,1.504493340
1734523577.858765841,1,5.139691744,-0.056909559,1.504402390
1734523577.858765841,2,0.020838870,5.440457818,1.503689176
1734523577.858765841,3,0.061731119,-5.765219280,1.503856602
1734523577.858765841,4,-4.324148541,-0.405814337,1.504299892
1734523577.858765841,5,4.010423803,4.850111200,1.504268850
1734523577.858765841,6,-3.655310783,-4.480053487,1.503795549
1734523577.858765841,7,-3.999562922,4.898276861,1.504327407
1734523577.858765841,8,3.962980317,-4.766128036,1.503430185
1734523577.858765841,9,-9.481324042,-0.675603403,1.505633519
1734523577.928765774,0,0.361113532,-0.063684821,1.504493340
1734523577.928765774,1,5.139691744,-0.056909559,1.504402390
1734523577.928765774,2,0.020838870,5.440457818,1.503689176
1734523577.928765774,3,0.061731119,-5.765219280,1.503856602
1734523577.928765774,4,-4.324148541,-0.405814337,1.504299892
1734523577.928765774,5,4.010423803,4.850111200,1.504268850
1734523577.928765774,6,-3.655310783,-4.480053487,1.503795549
1734523577.928765774,7,-3.999562922,4.898276861,1.504327407
1734523577.928765774,8,3.962980317,-4.766128036,1.503430185
1734523577.928765774,9,-9.481324042,-0.675603403,1.505633519
1734523577.988765717,0,0.361113532,-0.063684821,1.504493340
1734523577.988765717,1,5.139691744,-0.056909559,1.504402390
1734523577.988765717,2,0.020838870,5.440457818,1.503689176
1734523577.988765717,3,0.061731119,-5.765219280,1.503856602
1734523577.988765717,4,-4.324148541,-0.405814337,1.504299892
1734523577.988765717,5,4.010423803,4.850111200,1.504268850
1734523577.988765717,6,-3.655310783,-4.480053487,1.503795549
1734523577.988765717,7,-3.999562922,4.898276861,1.504327407
1734523577.988765717,8,3.962980317,-4.766128036,1.503430185
1734523577.988765717,9,-9.481324042,-0.675603403,1.505633519
1734523578.048765659,0,0.361113532,-0.063684821,1.504493340
1734523578.048765659,1,5.139691744,-0.056909559,1.504402390
1734523578.048765659,2,0.020838870,5.440457818,1.503689176
1734523578.048765659,3,0.061731119,-5.765219280,1.503856602
1734523578.048765659,4,-4.324148541,-0.405814337,1.504299892
1734523578.048765659,5,4.010423803,4.850111200,1.504268850
1734523578.048765659,6,-3.655310783,-4.480053487,1.503795549
1734523578.048765659,7,-3.999562922,4.898276861,1.504327407
1734523578.048765659,8,3.962980317,-4.766128036,1.503430185
1734523578.048765659,9,-9.481324042,-0.675603403,1.505633519
1734523578.118765831,0,0.361113532,-0.063684821,1.504493340
1734523578.118765831,1,5.139691744,-0.056909559,1.504402390
1734523578.118765831,2,0.020838870,5.440457818,1.503689176
1734523578.118765831,3,0.061731119,-5.765219280,1.503856602
1734523578.118765831,4,-4.324148541,-0.405814337,1.504299892
1734523578.118765831,5,4.010423803,4.850111200,1.504268850
1734523578.118765831,6,-3.655310783,-4.480053487,1.503795549
1734523578.118765831,7,-3.999562922,4.898276861,1.504327407
1734523578.118765831,8,3.962980317,-4.766128036,1.503430185
1734523578.118765831,9,-9.481324042,-0.675603403,1.505633519
1734523578.178765774,0,0.361113532,-0.063684821,1.504493340
1734523578.178765774,1,5.139691744,-0.056909559,1.504402390
1734523578.178765774,2,0.020838870,5.440457818,1.503689176
1734523578.178765774,3,0.061731119,-5.765219280,1.503856602
1734523578.178765774,4,-4.324148541,-0.405814337,1.504299892
1734523578.178765774,5,4.010423803,4.850111200,1.504268850
1734523578.178765774,6,-3.655310783,-4.480053487,1.503795549
1734523578.178765774,7,-3.999562922,4.898276861,1.504327407
1734523578.178765774,8,3.962980317,-4.766128036,1.503430185
1734523578.178765774,9,-9.481324042,-0.675603403,1.505633519
1734523578.238765717,0,0.361113532,-0.063684821,1.504493340
1734523578.238765717,1,5.139691744,-0.056909559,1.504402390
1734523578.238765717,2,0.020838870,5.440457818,1.503689176
1734523578.238765717,3,0.061731119,-5.765219280,1.503856602
1734523578.238765717,4,-4.324148541,-0.405814337,1.504299892
1734523578.238765717,5,4.010423803,4.850111200,1.504268850
1734523578.238765717,6,-3.655310783,-4.480053487,1.503795549
1734523578.238765717,7,-3.999562922,4.898276861,1.504327407
1734523578.238765717,8,3.962980317,-4.766128036,1.503430185
1734523578.238765717,9,-9.481324042,-0.675603403,1.505633519
1734523578.308765650,0,0.361113532,-0.063684821,1.504493340
1734523578.308765650,1,5.139691744,-0.056909559,1.504402390
1734523578.308765650,2,0.020838870,5.440457818,1.503689176
1734523578.308765650,3,0.061731119,-5.765219280,1.503856602
1734523578.308765650,4,-4.324148541,-0.405814337,1.504299892
1734523578.308765650,5,4.010423803,4.850111200,1.504268850
1734523578.308765650,6,-3.655310783,-4.480053487,1.503795549
1734523578.308765650,7,-3.999562922,4.898276861,1.504327407
1734523578.308765650,8,3.962980317,-4.766128036,1.503430185
1734523578.308765650,9,-9.481324042,-0.675603403,1.505633519
1734523578.368765831,0,0.361113532,-0.063684821,1.504493340
1734523578.368765831,1,5.139691744,-0.056909559,1.504402390
1734523578.368765831,2,0.020838870,5.440457818,1.503689176
1734523578.368765831,3,0.061731119,-5.765219280,1.503856602
1734523578.368765831,4,-4.324148541,-0.405814337,1.504299892
1734523578.368765831,5,4.010423803,4.850111200,1.504268850
1734523578.368765831,6,-3.655310783,-4.480053487,1.503795549
1734523578.368765831,7,-3.999562922,4.898276861,1.504327407
1734523578.368765831,8,3.962980317,-4.766128036,1.503430185
1734523578.368765831,9,-9.481324042,-0.675603403,1.505633519
1734523578.428765774,0,0.372556215,-0.064446043,1.504499018
1734523578.428765774,1,5.167087454,-0.057567205,1.504414945
1734523578.428765774,2,0.020845756,5.470638938,1.503736653
1734523578.428765774,3,0.063233513,-5.798677954,1.503891972
1734523578.428765774,4,-4.332633576,-0.415521697,1.504097161
1734523578.428765774,5,4.010863343,4.874999974,1.504129588
1734523578.428765774,6,-3.645785648,-4.492128787,1.503808090
1734523578.428765774,7,-3.999137402,4.932081778,1.504368502
1734523578.428765774,8,3.962647833,-4.788322087,1.503481110
1734523578.428765774,9,-9.531833823,-0.697900558,1.505538363
1734523578.488765717,0,0.372556215,-0.064446043,1.504499018
1734523578.488765717,1,5.167087454,-0.057567205,1.504414945
1734523578.488765717,2,0.020845756,5.470638938,1.503736653
1734523578.488765717,3,0.063233513,-5.798677954,1.503891972
1734523578.488765717,4,-4.332633576,-0.415521697,1.504097161
1734523578.488765717,5,4.010863343,4.874999974,1.504129588
1734523578.488765717,6,-3.645785648,-4.492128787,1.503808090
1734523578.488765717,7,-3.999137402,4.932081778,1.504368502
1734523578.488765717,8,3.962647833,-4.788322087,1.503481110
1734523578.488765717,9,-9.531833823,-0.697900558,1.505538363
1734523578.548765659,0,0.372556215,-0.064446043,1.504499018
1734523578.548765659,1,5.167087454,-0.057567205,1.504414945
1734523578.548765659,2,0.020845756,5.470638938,1.503736653
1734523578.548765659,3,0.063233513,-5.798677954,1.503891972
1734523578.548765659,4,-4.332633576,-0.415521697,1.504097161
1734523578.548765659,5,4.010863343,4.874999974,1.504129588
1734523578.548765659,6,-3.645785648,-4.492128787,1.503808090
1734523578.548765659,7,-3.999137402,4.932081778,1.504368502
1734523578.548765659,8,3.962647833,-4.788322087,1.503481110
1734523578.548765659,9,-9.531833823,-0.697900558,1.505538363
1734523578.608765841,0,0.372556215,-0.064446043,1.504499018
1734523578.608765841,1,5.167087454,-0.057567205,1.504414945
1734523578.608765841,2,0.020845756,5.470638938,1.503736653
1734523578.608765841,3,0.063233513,-5.798677954,1.503891972
1734523578.608765841,4,-4.332633576,-0.415521697,1.504097161
1734523578.608765841,5,4.010863343,4.874999974,1.504129588
1734523578.608765841,6,-3.645785648,-4.492128787,1.503808090
1734523578.608765841,7,-3.999137402,4.932081778,1.504368502
1734523578.608765841,8,3.962647833,-4.788322087,1.503481110
1734523578.608765841,9,-9.531833823,-0.697900558,1.505538363
1734523578.678765774,0,0.372556215,-0.064446043,1.504499018
1734523578.678765774,1,5.167087454,-0.057567205,1.504414945
1734523578.678765774,2,0.020845756,5.470638938,1.503736653
1734523578.678765774,3,0.063233513,-5.798677954,1.503891972
1734523578.678765774,4,-4.332633576,-0.415521697,1.504097161
1734523578.678765774,5,4.010863343,4.874999974,1.504129588
1734523578.678765774,6,-3.645785648,-4.492128787,1.503808090
1734523578.678765774,7,-3.999137402,4.932081778,1.504368502
1734523578.678765774,8,3.962647833,-4.788322087,1.503481110
1734523578.678765774,9,-9.531833823,-0.697900558,1.505538363
1734523578.738765717,0,0.372556215,-0.064446043,1.504499018
1734523578.738765717,1,5.167087454,-0.057567205,1.504414945
1734523578.738765717,2,0.020845756,5.470638938,1.503736653
1734523578.738765717,3,0.063233513,-5.798677954,1.503891972
1734523578.738765717,4,-4.332633576,-0.415521697,1.504097161
1734523578.738765717,5,4.010863343,4.874999974,1.504129588
1734523578.738765717,6,-3.645785648,-4.492128787,1.503808090
1734523578.738765717,7,-3.999137402,4.932081778,1.504368502
1734523578.738765717,8,3.962647833,-4.788322087,1.503481110
1734523578.738765717,9,-9.531833823,-0.697900558,1.505538363
1734523578.798765659,0,0.372556215,-0.064446043,1.504499018
1734523578.798765659,1,5.167087454,-0.057567205,1.504414945
1734523578.798765659,2,0.020845756,5.470638938,1.503736653
1734523578.798765659,3,0.063233513,-5.798677954,1.503891972
1734523578.798765659,4,-4.332633576,-0.415521697,1.504097161
1734523578.798765659,5,4.010863343,4.874999974,1.504129588
1734523578.798765659,6,-3.645785648,-4.492128787,1.503808090
1734523578.798765659,7,-3.999137402,4.932081778,1.504368502
1734523578.798765659,8,3.962647833,-4.788322087,1.503481110
1734523578.798765659,9,-9.531833823,-0.697900558,1.505538363
1734523578.868765831,0,0.372556215,-0.064446043,1.504499018
1734523578.868765831,1,5.167087454,-0.057567205,1.504414945
1734523578.868765831,2,0.020845756,5.470638938,1.503736653
1734523578.868765831,3,0.063233513,-5.798677954,1.503891972
1734523578.868765831,4,-4.332633576,-0.415521697,1.504097161
1734523578.868765831,5,4.010863343,4.874999974,1.504129588
1734523578.868765831,6,-3.645785648,-4.492128787,1.503808090
1734523578.868765831,7,-3.999137402,4.932081778,1.504368502
1734523578.868765831,8,3.962647833,-4.788322087,1.503481110
1734523578.868765831,9,-9.531833823,-0.697900558,1.505538363
1734523578.928765774,0,0.372556215,-0.064446043,1.504499018
1734523578.928765774,1,5.167087454,-0.057567205,1.504414945
1734523578.928765774,2,0.020845756,5.470638938,1.503736653
1734523578.928765774,3,0.063233513,-5.798677954,1.503891972
1734523578.928765774,4,-4.332633576,-0.415521697,1.504097161
1734523578.928765774,5,4.010863343,4.874999974,1.504129588
1734523578.928765774,6,-3.645785648,-4.492128787,1.503808090
1734523578.928765774,7,-3.999137402,4.932081778,1.504368502
1734523578.928765774,8,3.962647833,-4.788322087,1.503481110
1734523578.928765774,9,-9.531833823,-0.697900558,1.505538363
1734523578.998765707,0,0.372556215,-0.064446043,1.504499018
1734523578.998765707,1,5.167087454,-0.057567205,1.504414945
1734523578.998765707,2,0.020845756,5.470638938,1.503736653
1734523578.998765707,3,0.063233513,-5.798677954,1.503891972
1734523578.998765707,4,-4.332633576,-0.415521697,1.504097161
1734523578.998765707,5,4.010863343,4.874999974,1.504129588
1734523578.998765707,6,-3.645785648,-4.492128787,1.503808090
1734523578.998765707,7,-3.999137402,4.932081778,1.504368502
1734523578.998765707,8,3.962647833,-4.788322087,1.503481110
1734523578.998765707,9,-9.531833823,-0.697900558,1.505538363
1734523579.058765650,0,0.384394178,-0.065000785,1.504504585
1734523579.058765650,1,5.189644378,-0.058159282,1.504420801
1734523579.058765650,2,0.020867602,5.497938486,1.503770758
1734523579.058765650,3,0.064084202,-5.832874607,1.503924255
1734523579.058765650,4,-4.337293628,-0.420858454,1.504008862
1734523579.058765650,5,4.011612883,4.898017776,1.503982462
1734523579.058765650,6,-3.636052770,-4.504341073,1.503818751
1734523579.058765650,7,-3.998970336,4.943433519,1.504361074
1734523579.058765650,8,3.961264644,-4.805792883,1.503524323
1734523579.058765650,9,-9.548749209,-0.705363022,1.505498483
1734523579.128765821,0,0.384394178,-0.065000785,1.504504585
1734523579.128765821,1,5.189644378,-0.058159282,1.504420801
1734523579.128765821,2,0.020867602,5.497938486,1.503770758
1734523579.128765821,3,0.064084202,-5.832874607,1.503924255
1734523579.128765821,4,-4.337293628,-0.420858454,1.504008862
1734523579.128765821,5,4.011612883,4.898017776,1.503982462
1734523579.128765821,6,-3.636052770,-4.504341073,1.503818751
1734523579.128765821,7,-3.998970336,4.943433519,1.504361074
1734523579.128765821,8,3.961264644,-4.805792883,1.503524323
1734523579.128765821,9,-9.548749209,-0.705363022,1.505498483
1734523579.188765764,0,0.384394178,-0.065000785,1.504504585
1734523579.188765764,1,5.189644378,-0.058159282,1.504420801
1734523579.188765764,2,0.020867602,5.497938486,1.503770758
1734523579.188765764,3,0.064084202,-5.832874607,1.503924255
1734523579.188765764,4,-4.337293628,-0.420858454,1.504008862
1734523579.188765764,5,4.011612883,4.898017776,1.503982462
1734523579.188765764,6,-3.636052770,-4.504341073,1.503818751
1734523579.188765764,7,-3.998970336,4.943433519,1.504361074
1734523579.188765764,8,3.961264644,-4.805792883,1.503524323
1734523579.188765764,9,-9.548749209,-0.705363022,1.505498483
1734523579.258765697,0,0.384394178,-0.065000785,1.504504585
1734523579.258765697,1,5.189644378,-0.058159282,1.504420801
1734523579.258765697,2,0.020867602,5.497938486,1.503770758
1734523579.258765697,3,0.064084202,-5.832874607,1.503924255
1734523579.258765697,4,-4.337293628,-0.420858454,1.504008862
1734523579.258765697,5,4.011612883,4.898017776,1.503982462
1734523579.258765697,6,-3.636052770,-4.504341073,1.503818751
1734523579.258765697,7,-3.998970336,4.943433519,1.504361074
1734523579.258765697,8,3.961264644,-4.805792883,1.503524323
1734523579.258765697,9,-9.548749209,-0.705363022,1.505498483
1734523579.328765869,0,0.384394178,-0.065000785,1.504504585
1734523579.328765869,1,5.189644378,-0.058159282,1.504420801
1734523579.328765869,2,0.020867602,5.497938486,1.503770758
1734523579.328765869,3,0.064084202,-5.832874607,1.503924255
1734523579.328765869,4,-4.337293628,-0.420858454,1.504008862
1734523579.328765869,5,4.011612883,4.898017776,1.503982462
1734523579.328765869,6,-3.636052770,-4.504341073,1.503818751
1734523579.328765869,7,-3.998970336,4.943433519,1.504361074
1734523579.328765869,8,3.961264644,-4.805792883,1.503524323
1734523579.328765869,9,-9.548749209,-0.705363022,1.505498483
1734523579.388765812,0,0.384394178,-0.065000785,1.504504585
1734523579.388765812,1,5.189644378,-0.058159282,1.504420801
1734523579.388765812,2,0.020867602,5.497938486,1.503770758
1734523579.388765812,3,0.064084202,-5.832874607,1.503924255
1734523579.388765812,4,-4.337293628,-0.420858454,1.504008862
1734523579.388765812,5,4.011612883,4.898017776,1.503982462
1734523579.388765812,6,-3.636052770,-4.504341073,1.503818751
1734523579.388765812,7,-3.998970336,4.943433519,1.504361074
1734523579.388765812,8,3.961264644,-4.805792883,1.503524323
1734523579.388765812,9,-9.548749209,-0.705363022,1.505498483
1734523579.458765745,0,0.384394178,-0.065000785,1.504504585
1734523579.458765745,1,5.189644378,-0.058159282,1.504420801
1734523579.458765745,2,0.020867602,5.497938486,1.503770758
1734523579.458765745,3,0.064084202,-5.832874607,1.503924255
1734523579.458765745,4,-4.337293628,-0.420858454,1.504008862
1734523579.458765745,5,4.011612883,4.898017776,1.503982462
1734523579.458765745,6,-3.636052770,-4.504341073,1.503818751
1734523579.458765745,7,-3.998970336,4.943433519,1.504361074
1734523579.458765745,8,3.961264644,-4.805792883,1.503524323
1734523579.458765745,9,-9.548749209,-0.705363022,1.505498483
1734523579.518765688,0,0.384394178,-0.065000785,1.504504585
1734523579.518765688,1,5.189644378,-0.058159282,1.504420801
1734523579.518765688,2,0.020867602,5.497938486,1.503770758
1734523579.518765688,3,0.064084202,-5.832874607,1.503924255
1734523579.518765688,4,-4.337293628,-0.420858454,1.504008862
1734523579.518765688,5,4.011612883,4.898017776,1.503982462
1734523579.518765688,6,-3.636052770,-4.504341073,1.503818751
1734523579.518765688,7,-3.998970336,4.943433519,1.504361074
1734523579.518765688,8,3.961264644,-4.805792883,1.503524323
1734523579.518765688,9,-9.548749209,-0.705363022,1.505498483
1734523579.578765869,0,0.384394178,-0.065000785,1.504504585
1734523579.578765869,1,5.189644378,-0.058159282,1.504420801
1734523579.578765869,2,0.020867602,5.497938486,1.503770758
1734523579.578765869,3,0.064084202,-5.832874607,1.503924255
1734523579.578765869,4,-4.337293628,-0.420858454,1.504008862
1734523579.578765869,5,4.011612883,4.898017776,1.503982462
1734523579.578765869,6,-3.636052770,-4.504341073,1.503818751
1734523579.578765869,7,-3.998970336,4.943433519,1.504361074
1734523579.578765869,8,3.961264644,-4.805792883,1.503524323
1734523579.578765869,9,-9.548749209,-0.705363022,1.505498483
1734523579.638765812,0,0.384394178,-0.065000785,1.504504585
1734523579.638765812,1,5.189644378,-0.058159282,1.504420801
1734523579.638765812,2,0.020867602,5.497938486,1.503770758
1734523579.638765812,3,0.064084202,-5.832874607,1.503924255
1734523579.638765812,4,-4.337293628,-0.420858454,1.504008862
1734523579.638765812,5,4.011612883,4.898017776,1.503982462
1734523579.638765812,6,-3.636052770,-4.504341073,1.503818751
1734523579.638765812,7,-3.998801132,4.954817840,1.504337136
1734523579.638765812,8,3.960736591,-4.815893645,1.503541013
1734523579.638765812,9,-9.565701993,-0.712839007,1.505429196
1734523579.708765745,0,0.396073141,-0.065905753,1.504511039
1734523579.708765745,1,5.217949002,-0.058286056,1.504433953
1734523579.708765745,2,0.021551453,5.532096019,1.503809850
1734523579.708765745,3,0.065924005,-5.866159353,1.503960570
1734523579.708765745,4,-4.343091503,-0.427470597,1.503926505
1734523579.708765745,5,4.011955245,4.925881771,1.503784688
1734523579.708765745,6,-3.626223407,-4.516765968,1.503830001
1734523579.708765745,7,-3.998459909,4.977680548,1.504262645
1734523579.708765745,8,3.960250121,-4.825972926,1.503566742
1734523579.708765745,9,-9.582691821,-0.720328019,1.505363910
1734523579.768765688,0,0.396073141,-0.065905753,1.504511039
1734523579.768765688,1,5.217949002,-0.058286056,1.504433953
1734523579.768765688,2,0.021551453,5.532096019,1.503809850
1734523579.768765688,3,0.065924005,-5.866159353,1.503960570
1734523579.768765688,4,-4.343091503,-0.427470597,1.503926505
1734523579.768765688,5,4.011955245,4.925881771,1.503784688
1734523579.768765688,6,-3.626223407,-4.516765968,1.503830001
1734523579.768765688,7,-3.998459909,4.977680548,1.504262645
1734523579.768765688,8,3.960250121,-4.825972926,1.503566742
1734523579.768765688,9,-9.599721504,-0.727830588,1.505293028
1734523579.828765869,0,0.396073141,-0.065905753,1.504511039
1734523579.828765869,1,5.217949002,-0.058286056,1.504433953
1734523579.828765869,2,0.021551453,5.532096019,1.503809850
1734523579.828765869,3,0.065924005,-5.866159353,1.503960570
1734523579.828765869,4,-4.343091503,-0.427470597,1.503926505
1734523579.828765869,5,4.011955245,4.925881771,1.503784688
1734523579.828765869,6,-3.626223407,-4.516765968,1.503830001
1734523579.828765869,7,-3.998459909,4.977680548,1.504262645
1734523579.828765869,8,3.960250121,-4.825972926,1.503566742
1734523579.828765869,9,-9.599721504,-0.727830588,1.505293028
1734523579.888765812,0,0.396073141,-0.065905753,1.504511039
1734523579.888765812,1,5.217949002,-0.058286056,1.504433953
1734523579.888765812,2,0.021551453,5.532096019,1.503809850
1734523579.888765812,3,0.065924005,-5.866159353,1.503960570
1734523579.888765812,4,-4.343091503,-0.427470597,1.503926505
1734523579.888765812,5,4.011955245,4.925881771,1.503784688
1734523579.888765812,6,-3.626223407,-4.516765968,1.503830001
1734523579.888765812,7,-3.998459909,4.977680548,1.504262645
1734523579.888765812,8,3.960250121,-4.825972926,1.503566742
1734523579.888765812,9,-9.599721504,-0.727830588,1.505293028
1734523579.958765745,0,0.396073141,-0.065905753,1.504511039
1734523579.958765745,1,5.217949002,-0.058286056,1.504433953
1734523579.958765745,2,0.021551453,5.532096019,1.503809850
1734523579.958765745,3,0.065924005,-5.866159353,1.503960570
1734523579.958765745,4,-4.343091503,-0.427470597,1.503926505
1734523579.958765745,5,4.011955245,4.925881771,1.503784688
1734523579.958765745,6,-3.626223407,-4.516765968,1.503830001
1734523579.958765745,7,-3.998459909,4.977680548,1.504262645
1734523579.958765745,8,3.960250121,-4.825972926,1.503566742
1734523579.958765745,9,-9.599721504,-0.727830588,1.505293028
1734523580.018765688,0,0.396073141,-0.065905753,1.504511039
1734523580.018765688,1,5.217949002,-0.058286056,1.504433953
1734523580.018765688,2,0.021551453,5.532096019,1.503809850
1734523580.018765688,3,0.065924005,-5.866159353,1.503960570
1734523580.018765688,4,-4.343091503,-0.427470597,1.503926505
1734523580.018765688,5,4.011955245,4.925881771,1.503784688
1734523580.018765688,6,-3.626223407,-4.516765968,1.503830001
1734523580.018765688,7,-3.998459909,4.977680548,1.504262645
1734523580.018765688,8,3.960250121,-4.825972926,1.503566742
1734523580.018765688,9,-9.599721504,-0.727830588,1.505293028
1734523580.078765869,0,0.396073141,-0.065905753,1.504511039
1734523580.078765869,1,5.217949002,-0.058286056,1.504433953
1734523580.078765869,2,0.021551453,5.532096019,1.503809850
1734523580.078765869,3,0.065924005,-5.866159353,1.503960570
1734523580.078765869,4,-4.343091503,-0.427470597,1.503926505
1734523580.078765869,5,4.011955245,4.925881771,1.503784688
1734523580.078765869,6,-3.626223407,-4.516765968,1.503830001
1734523580.078765869,7,-3.998459909,4.977680548,1.504262645
1734523580.078765869,8,3.960250121,-4.825972926,1.503566742
1734523580.078765869,9,-9.599721504,-0.727830588,1.505293028
1734523580.138765812,0,0.396073141,-0.065905753,1.504511039
1734523580.138765812,1,5.217949002,-0.058286056,1.504433953
1734523580.138765812,2,0.021551453,5.532096019,1.503809850
1734523580.138765812,3,0.065924005,-5.866159353,1.503960570
1734523580.138765812,4,-4.343091503,-0.427470597,1.503926505
1734523580.138765812,5,4.011955245,4.925881771,1.503784688
1734523580.138765812,6,-3.626223407,-4.516765968,1.503830001
1734523580.138765812,7,-3.998459909,4.977680548,1.504262645
1734523580.138765812,8,3.960250121,-4.825972926,1.503566742
1734523580.138765812,9,-9.599721504,-0.727830588,1.505293028
1734523580.208765745,0,0.396073141,-0.065905753,1.504511039
1734523580.208765745,1,5.217949002,-0.058286056,1.504433953
1734523580.208765745,2,0.021551453,5.532096019,1.503809850
1734523580.208765745,3,0.065924005,-5.866159353,1.503960570
1734523580.208765745,4,-4.343091503,-0.427470597,1.503926505
1734523580.208765745,5,4.011955245,4.925881771,1.503784688
1734523580.208765745,6,-3.626223407,-4.516765968,1.503830001
1734523580.208765745,7,-3.998459909,4.977680548,1.504262645
1734523580.208765745,8,3.960250121,-4.825972926,1.503566742
1734523580.208765745,9,-9.599721504,-0.727830588,1.505293028
1734523580.268765688,0,0.396073141,-0.065905753,1.504511039
1734523580.268765688,1,5.217949002,-0.058286056,1.504433953
1734523580.268765688,2,0.021551453,5.532096019,1.503809850
1734523580.268765688,3,0.066643113,-5.883071383,1.503975142
1734523580.268765688,4,-4.343091503,-0.427470597,1.503926505
1734523580.268765688,5,4.011955245,4.925881771,1.503784688
1734523580.268765688,6,-3.621286634,-4.523076414,1.503835451
1734523580.268765688,7,-3.998459909,4.977680548,1.504262645
1734523580.268765688,8,3.960641368,-4.839803171,1.503586618
1734523580.268765688,9,-9.599721504,-0.727830588,1.505293028
1734523580.328765869,0,0.406373493,-0.067101939,1.504517302
1734523580.328765869,1,5.243236554,-0.059037952,1.504440752
1734523580.328765869,2,0.021329849,5.559433870,1.503853828
1734523580.328765869,3,0.068637123,-5.895171115,1.503989344
1734523580.328765869,4,-4.345626445,-0.430372233,1.503897708
1734523580.328765869,5,4.012088988,4.951363684,1.503613789
1734523580.328765869,6,-3.615246451,-4.530657441,1.503841449
1734523580.328765869,7,-3.998288940,4.989160318,1.504210886
1734523580.328765869,8,3.959284094,-4.848190407,1.503604967
1734523580.328765869,9,-9.617396341,-0.734751297,1.505154094
1734523580.398765802,0,0.406373493,-0.067101939,1.504517302
1734523580.398765802,1,5.243236554,-0.059037952,1.504440752
1734523580.398765802,2,0.021329849,5.559433870,1.503853828
1734523580.398765802,3,0.068637123,-5.895171115,1.503989344
1734523580.398765802,4,-4.347601847,-0.432639453,1.503878668
1734523580.398765802,5,4.012088988,4.951363684,1.503613789
1734523580.398765802,6,-3.615246451,-4.530657441,1.503841449
1734523580.398765802,7,-3.998288940,4.989160318,1.504210886
1734523580.398765802,8,3.959284094,-4.848190407,1.503604967
1734523580.398765802,9,-9.617396341,-0.734751297,1.505154094
1734523580.458765745,0,0.406373493,-0.067101939,1.504517302
1734523580.458765745,1,5.243236554,-0.059037952,1.504440752
1734523580.458765745,2,0.021329849,5.559433870,1.503853828
1734523580.458765745,3,0.068637123,-5.895171115,1.503989344
1734523580.458765745,4,-4.347601847,-0.432639453,1.503878668
1734523580.458765745,5,4.012088988,4.951363684,1.503613789
1734523580.458765745,6,-3.615246451,-4.530657441,1.503841449
1734523580.458765745,7,-3.998288940,4.989160318,1.504210886
1734523580.458765745,8,3.959284094,-4.848190407,1.503604967
1734523580.458765745,9,-9.617396341,-0.734751297,1.505154094
1734523580.518765688,0,0.406373493,-0.067101939,1.504517302
1734523580.518765688,1,5.243236554,-0.059037952,1.504440752
1734523580.518765688,2,0.021329849,5.559433870,1.503853828
1734523580.518765688,3,0.068637123,-5.895171115,1.503989344
1734523580.518765688,4,-4.347601847,-0.432639453,1.503878668
1734523580.518765688,5,4.012088988,4.951363684,1.503613789
1734523580.518765688,6,-3.615246451,-4.530657441,1.503841449
1734523580.518765688,7,-3.998288940,4.989160318,1.504210886
1734523580.518765688,8,3.959284094,-4.848190407,1.503604967
1734523580.518765688,9,-9.617396341,-0.734751297,1.505154094
1734523580.578765869,0,0.406373493,-0.067101939,1.504517302
1734523580.578765869,1,5.243236554,-0.059037952,1.504440752
1734523580.578765869,2,0.021329849,5.559433870,1.503853828
1734523580.578765869,3,0.068637123,-5.895171115,1.503989344
1734523580.578765869,4,-4.347601847,-0.432639453,1.503878668
1734523580.578765869,5,4.012088988,4.951363684,1.503613789
1734523580.578765869,6,-3.615246451,-4.530657441,1.503841449
1734523580.578765869,7,-3.998288940,4.989160318,1.504210886
1734523580.578765869,8,3.959284094,-4.848190407,1.503604967
1734523580.578765869,9,-9.617396341,-0.734751297,1.505154094
1734523580.638765812,0,0.406373493,-0.067101939,1.504517302
1734523580.638765812,1,5.243236554,-0.059037952,1.504440752
1734523580.638765812,2,0.021329849,5.559433870,1.503853828
1734523580.638765812,3,0.068637123,-5.895171115,1.503989344
1734523580.638765812,4,-4.347601847,-0.432639453,1.503878668
1734523580.638765812,5,4.012088988,4.951363684,1.503613789
1734523580.638765812,6,-3.615246451,-4.530657441,1.503841449
1734523580.638765812,7,-3.998288940,4.989160318,1.504210886
1734523580.638765812,8,3.959284094,-4.848190407,1.503604967
1734523580.638765812,9,-9.617396341,-0.734751297,1.505154094
1734523580.708765745,0,0.406373493,-0.067101939,1.504517302
1734523580.708765745,1,5.243236554,-0.059037952,1.504440752
1734523580.708765745,2,0.021329849,5.559433870,1.503853828
1734523580.708765745,3,0.068637123,-5.895171115,1.503989344
1734523580.708765745,4,-4.347601847,-0.432639453,1.503878668
1734523580.708765745,5,4.012088988,4.951363684,1.503613789
1734523580.708765745,6,-3.615246451,-4.530657441,1.503841449
1734523580.708765745,7,-3.998288940,4.989160318,1.504210886
1734523580.708765745,8,3.959284094,-4.848190407,1.503604967
1734523580.708765745,9,-9.617396341,-0.734751297,1.505154094
1734523580.778765678,0,0.406373493,-0.067101939,1.504517302
1734523580.778765678,1,5.243236554,-0.059037952,1.504440752
1734523580.778765678,2,0.021329849,5.559433870,1.503853828
1734523580.778765678,3,0.068637123,-5.895171115,1.503989344
1734523580.778765678,4,-4.347601847,-0.432639453,1.503878668
1734523580.778765678,5,4.012088988,4.951363684,1.503613789
1734523580.778765678,6,-3.615246451,-4.530657441,1.503841449
1734523580.778765678,7,-3.998288940,4.989160318,1.504210886
1734523580.778765678,8,3.959284094,-4.848190407,1.503604967
1734523580.778765678,9,-9.617396341,-0.734751297,1.505154094
1734523580.838765860,0,0.406373493,-0.067101939,1.504517302
1734523580.838765860,1,5.243236554,-0.059037952,1.504440752
1734523580.838765860,2,0.021329849,5.559433870,1.503853828
1734523580.838765860,3,0.068637123,-5.895171115,1.503989344
1734523580.838765860,4,-4.347601847,-0.432639453,1.503878668
1734523580.838765860,5,4.012088988,4.951363684,1.503613789
1734523580.838765860,6,-3.615246451,-4.530657441,1.503841449
1734523580.838765860,7,-3.998288940,4.989160318,1.504210886
1734523580.838765860,8,3.959284094,-4.848190407,1.503604967
1734523580.838765860,9,-9.617396341,-0.734751297,1.505154094
1734523580.898765802,0,0.406373493,-0.067101939,1.504517302
1734523580.898765802,1,5.243236554,-0.059037952,1.504440752
1734523580.898765802,2,0.021329849,5.559433870,1.503853828
1734523580.898765802,3,0.068637123,-5.895171115,1.503989344
1734523580.898765802,4,-4.347601847,-0.432639453,1.503878668
1734523580.898765802,5,4.012088988,4.951363684,1.503613789
1734523580.898765802,6,-3.615246451,-4.530657441,1.503841449
1734523580.898765802,7,-3.998288940,4.989160318,1.504210886
1734523580.898765802,8,3.959284094,-4.848190407,1.503604967
1734523580.898765802,9,-9.617396341,-0.734751297,1.505154094
1734523580.968765736,0,0.420341881,-0.067396605,1.504524463
1734523580.968765736,1,5.266875883,-0.058970297,1.504449840
1734523580.968765736,2,0.022384827,5.594283396,1.503868148
1734523580.968765736,3,0.069975549,-5.936912771,1.504018003
1734523580.968765736,4,-4.350177180,-0.435601987,1.503859996
1734523580.968765736,5,4.013075958,4.977993796,1.503409220
1734523580.968765736,6,-3.606077979,-4.542167810,1.503849939
1734523580.968765736,7,-3.997947137,5.012222232,1.504082885
1734523580.968765736,8,3.958417526,-4.866616972,1.503635681
1734523580.968765736,9,-9.651118335,-0.750455391,1.505056469
1734523581.028765678,0,0.420341881,-0.067396605,1.504524463
1734523581.028765678,1,5.266875883,-0.058970297,1.504449840
1734523581.028765678,2,0.022384827,5.594283396,1.503868148
1734523581.028765678,3,0.069975549,-5.936912771,1.504018003
1734523581.028765678,4,-4.350177180,-0.435601987,1.503859996
1734523581.028765678,5,4.013075958,4.977993796,1.503409220
1734523581.028765678,6,-3.606077979,-4.542167810,1.503849939
1734523581.028765678,7,-3.997947137,5.012222232,1.504082885
1734523581.028765678,8,3.958417526,-4.866616972,1.503635681
1734523581.028765678,9,-9.651118335,-0.750455391,1.505056469
1734523581.088765860,0,0.420341881,-0.067396605,1.504524463
1734523581.088765860,1,5.266875883,-0.058970297,1.504449840
1734523581.088765860,2,0.022384827,5.594283396,1.503868148
1734523581.088765860,3,0.069975549,-5.936912771,1.504018003
1734523581.088765860,4,-4.350177180,-0.435601987,1.503859996
1734523581.088765860,5,4.013075958,4.977993796,1.503409220
1734523581.088765860,6,-3.606077979,-4.542167810,1.503849939
1734523581.088765860,7,-3.997947137,5.012222232,1.504082885
1734523581.088765860,8,3.958417526,-4.866616972,1.503635681
1734523581.088765860,9,-9.651118335,-0.750455391,1.505056469
1734523581.158765793,0,0.420341881,-0.067396605,1.504524463
1734523581.158765793,1,5.266875883,-0.058970297,1.504449840
1734523581.158765793,2,0.022384827,5.594283396,1.503868148
1734523581.158765793,3,0.069975549,-5.936912771,1.504018003
1734523581.158765793,4,-4.350177180,-0.435601987,1.503859996
1734523581.158765793,5,4.013075958,4.977993796,1.503409220
1734523581.158765793,6,-3.606077979,-4.542167810,1.503849939
1734523581.158765793,7,-3.997947137,5.012222232,1.504082885
1734523581.158765793,8,3.958417526,-4.866616972,1.503635681
1734523581.158765793,9,-9.651118335,-0.750455391,1.505056469
1734523581.218765736,0,0.420341881,-0.067396605,1.504524463
1734523581.218765736,1,5.266875883,-0.058970297,1.504449840
1734523581.218765736,2,0.022384827,5.594283396,1.503868148
1734523581.218765736,3,0.069975549,-5.936912771,1.504018003
1734523581.218765736,4,-4.350177180,-0.435601987,1.503859996
1734523581.218765736,5,4.013075958,4.977993796,1.503409220
1734523581.218765736,6,-3.606077979,-4.542167810,1.503849939
1734523581.218765736,7,-3.997947137,5.012222232,1.504082885
1734523581.218765736,8,3.958417526,-4.866616972,1.503635681
1734523581.218765736,9,-9.651118335,-0.750455391,1.505056469
1734523581.278765678,0,0.420341881,-0.067396605,1.504524463
1734523581.278765678,1,5.266875883,-0.058970297,1.504449840
1734523581.278765678,2,0.022384827,5.594283396,1.503868148
1734523581.278765678,3,0.069975549,-5.936912771,1.504018003
1734523581.278765678,4,-4.350177180,-0.435601987,1.503859996
1734523581.278765678,5,4.013075958,4.977993796,1.503409220
1734523581.278765678,6,-3.606077979,-4.542167810,1.503849939
1734523581.278765678,7,-3.997947137,5.012222232,1.504082885
1734523581.278765678,8,3.958417526,-4.866616972,1.503635681
1734523581.278765678,9,-9.651118335,-0.750455391,1.505056469
1734523581.338765860,0,0.420341881,-0.067396605,1.504524463
1734523581.338765860,1,5.266875883,-0.058970297,1.504449840
1734523581.338765860,2,0.022384827,5.594283396,1.503868148
1734523581.338765860,3,0.069975549,-5.936912771,1.504018003
1734523581.338765860,4,-4.350177180,-0.435601987,1.503859996
1734523581.338765860,5,4.013075958,4.977993796,1.503409220
1734523581.338765860,6,-3.606077979,-4.542167810,1.503849939
1734523581.338765860,7,-3.997947137,5.012222232,1.504082885
1734523581.338765860,8,3.958417526,-4.866616972,1.503635681
1734523581.338765860,9,-9.651118335,-0.750455391,1.505056469
1734523581.398765802,0,0.420341881,-0.067396605,1.504524463
1734523581.398765802,1,5.266875883,-0.058970297,1.504449840
1734523581.398765802,2,0.022384827,5.594283396,1.503868148
1734523581.398765802,3,0.069975549,-5.936912771,1.504018003
1734523581.398765802,4,-4.350177180,-0.435601987,1.503859996
1734523581.398765802,5,4.013075958,4.977993796,1.503409220
1734523581.398765802,6,-3.606077979,-4.542167810,1.503849939
1734523581.398765802,7,-3.997947137,5.012222232,1.504082885
1734523581.398765802,8,3.958417526,-4.866616972,1.503635681
1734523581.398765802,9,-9.651118335,-0.750455391,1.505056469
1734523581.458765745,0,0.420341881,-0.067396605,1.504524463
1734523581.458765745,1,5.266875883,-0.058970297,1.504449840
1734523581.458765745,2,0.022384827,5.594283396,1.503868148
1734523581.458765745,3,0.069975549,-5.936912771,1.504018003
1734523581.458765745,4,-4.350177180,-0.435601987,1.503859996
1734523581.458765745,5,4.013075958,4.977993796,1.503409220
1734523581.458765745,6,-3.606077979,-4.542167810,1.503849939
1734523581.458765745,7,-3.997947137,5.012222232,1.504082885
1734523581.458765745,8,3.958417526,-4.866616972,1.503635681
1734523581.458765745,9,-9.651118335,-0.750455391,1.505056469
1734523581.528765678,0,0.420341881,-0.067396605,1.504524463
1734523581.528765678,1,5.266875883,-0.058970297,1.504449840
1734523581.528765678,2,0.022384827,5.594283396,1.503868148
1734523581.528765678,3,0.069975549,-5.936912771,1.504018003
1734523581.528765678,4,-4.350177180,-0.435601987,1.503859996
1734523581.528765678,5,4.013075958,4.977993796,1.503409220
1734523581.528765678,6,-3.606077979,-4.542167810,1.503849939
1734523581.528765678,7,-3.997947137,5.012222232,1.504082885
1734523581.528765678,8,3.958417526,-4.866616972,1.503635681
1734523581.528765678,9,-9.651118335,-0.750455391,1.505056469
1734523581.588765860,0,0.432703330,-0.068234836,1.504531184
1734523581.588765860,1,5.295136848,-0.059666621,1.504461516
1734523581.588765860,2,0.022374045,5.625179442,1.503893330
1734523581.588765860,3,0.069871127,-5.968114763,1.504033602
1734523581.588765860,4,-4.355896819,-0.442084624,1.503835810
1734523581.588765860,5,4.013483759,5.004341665,1.503231598
1734523581.588765860,6,-3.595759421,-4.555144543,1.503862112
1734523581.588765860,7,-3.997606032,5.035420606,1.503929588
1734523581.588765860,8,3.957502657,-4.889167712,1.503673200
1734523581.588765860,9,-9.703094114,-0.773341325,1.504806535
1734523581.648765802,0,0.432703330,-0.068234836,1.504531184
1734523581.648765802,1,5.295136848,-0.059666621,1.504461516
1734523581.648765802,2,0.022374045,5.625179442,1.503893330
1734523581.648765802,3,0.069871127,-5.968114763,1.504033602
1734523581.648765802,4,-4.358388516,-0.444931067,1.503831358
1734523581.648765802,5,4.013483759,5.004341665,1.503231598
1734523581.648765802,6,-3.595759421,-4.555144543,1.503862112
1734523581.648765802,7,-3.997436446,5.047071955,1.503846345
1734523581.648765802,8,3.957502657,-4.889167712,1.503673200
1734523581.648765802,9,-9.703094114,-0.773341325,1.504806535
1734523581.708765745,0,0.432703330,-0.068234836,1.504531184
1734523581.708765745,1,5.295136848,-0.059666621,1.504461516
1734523581.708765745,2,0.022374045,5.625179442,1.503893330
1734523581.708765745,3,0.069871127,-5.968114763,1.504033602
1734523581.708765745,4,-4.358388516,-0.444931067,1.503831358
1734523581.708765745,5,4.013483759,5.004341665,1.503231598
1734523581.708765745,6,-3.595759421,-4.555144543,1.503862112
1734523581.708765745,7,-3.997436446,5.047071955,1.503846345
1734523581.708765745,8,3.957502657,-4.889167712,1.503673200
1734523581.708765745,9,-9.703094114,-0.773341325,1.504806535
1734523581.768765688,0,0.432703330,-0.068234836,1.504531184
1734523581.768765688,1,5.295136848,-0.059666621,1.504461516
1734523581.768765688,2,0.022374045,5.625179442,1.503893330
1734523581.768765688,3,0.069871127,-5.968114763,1.504033602
1734523581.768765688,4,-4.358388516,-0.444931067,1.503831358
1734523581.768765688,5,4.013483759,5.004341665,1.503231598
1734523581.768765688,6,-3.595759421,-4.555144543,1.503862112
1734523581.768765688,7,-3.997436446,5.047071955,1.503846345
1734523581.768765688,8,3.957502657,-4.889167712,1.503673200
1734523581.768765688,9,-9.703094114,-0.773341325,1.504806535
1734523581.828765869,0,0.432703330,-0.068234836,1.504531184
1734523581.828765869,1,5.295136848,-0.059666621,1.504461516
1734523581.828765869,2,0.022374045,5.625179442,1.503893330
1734523581.828765869,3,0.069871127,-5.968114763,1.504033602
1734523581.828765869,4,-4.358388516,-0.444931067,1.503831358
1734523581.828765869,5,4.013483759,5.004341665,1.503231598
1734523581.828765869,6,-3.595759421,-4.555144543,1.503862112
1734523581.828765869,7,-3.997436446,5.047071955,1.503846345
1734523581.828765869,8,3.957502657,-4.889167712,1.503673200
1734523581.828765869,9,-9.703094114,-0.773341325,1.504806535
1734523581.898765802,0,0.432703330,-0.068234836,1.504531184
1734523581.898765802,1,5.295136848,-0.059666621,1.504461516
1734523581.898765802,2,0.022374045,5.625179442,1.503893330
1734523581.898765802,3,0.069871127,-5.968114763,1.504033602
1734523581.898765802,4,-4.358388516,-0.444931067,1.503831358
1734523581.898765802,5,4.013483759,5.004341665,1.503231598
1734523581.898765802,6,-3.595759421,-4.555144543,1.503862112
1734523581.898765802,7,-3.997436446,5.047071955,1.503846345
1734523581.898765802,8,3.957502657,-4.889167712,1.503673200
1734523581.898765802,9,-9.703094114,-0.773341325,1.504806535
1734523581.958765745,0,0.432703330,-0.068234836,1.504531184
1734523581.958765745,1,5.295136848,-0.059666621,1.504461516
1734523581.958765745,2,0.022374045,5.625179442,1.503893330
1734523581.958765745,3,0.069871127,-5.968114763,1.504033602
1734523581.958765745,4,-4.358388516,-0.444931067,1.503831358
1734523581.958765745,5,4.013483759,5.004341665,1.503231598
1734523581.958765745,6,-3.589518210,-4.563064044,1.503868239
1734523581.958765745,7,-3.997436446,5.047071955,1.503846345
1734523581.958765745,8,3.957502657,-4.889167712,1.503673200
1734523581.958765745,9,-9.703094114,-0.773341325,1.504806535
1734523582.018765688,0,0.432703330,-0.068234836,1.504531184
1734523582.018765688,1,5.295136848,-0.059666621,1.504461516
1734523582.018765688,2,0.022374045,5.625179442,1.503893330
1734523582.018765688,3,0.072034181,-5.980332609,1.504048399
1734523582.018765688,4,-4.358388516,-0.444931067,1.503831358
1734523582.018765688,5,4.013483759,5.004341665,1.503231598
1734523582.018765688,6,-3.589518210,-4.563064044,1.503868239
1734523582.018765688,7,-3.997436446,5.047071955,1.503846345
1734523582.018765688,8,3.957136692,-4.899472302,1.503687241
1734523582.018765688,9,-9.703094114,-0.773341325,1.504806535
1734523582.078765869,0,0.432703330,-0.068234836,1.504531184
1734523582.078765869,1,5.295136848,-0.059666621,1.504461516
1734523582.078765869,2,0.022374045,5.625179442,1.503893330
1734523582.078765869,3,0.072034181,-5.980332609,1.504048399
1734523582.078765869,4,-4.358388516,-0.444931067,1.503831358
1734523582.078765869,5,4.013483759,5.004341665,1.503231598
1734523582.078765869,6,-3.589518210,-4.563064044,1.503868239
1734523582.078765869,7,-3.997436446,5.047071955,1.503846345
1734523582.078765869,8,3.957136692,-4.899472302,1.503687241
1734523582.078765869,9,-9.703094114,-0.773341325,1.504806535
1734523582.138765812,0,0.432703330,-0.068234836,1.504531184
1734523582.138765812,1,5.295136848,-0.059666621,1.504461516
1734523582.138765812,2,0.022374045,5.625179442,1.503893330
1734523582.138765812,3,0.072034181,-5.980332609,1.504048399
1734523582.138765812,4,-4.358388516,-0.444931067,1.503831358
1734523582.138765812,5,4.013483759,5.004341665,1.503231598
1734523582.138765812,6,-3.589518210,-4.563064044,1.503868239
1734523582.138765812,7,-3.997436446,5.047071955,1.503846345
1734523582.138765812,8,3.957136692,-4.899472302,1.503687241
1734523582.138765812,9,-9.703094114,-0.773341325,1.504806535
1734523582.208765745,0,0.445504493,-0.068849299,1.504537876
1734523582.208765745,1,5.318390000,-0.060291548,1.504466548
1734523582.208765745,2,0.022083318,5.637295788,1.503909486
1734523582.208765745,3,0.070783372,-6.002745215,1.504057440
1734523582.208765745,4,-4.360329580,-0.447154428,1.503830494
1734523582.208765745,5,4.014288067,5.028765882,1.503087919
1734523582.208765745,6,-3.585290042,-4.568354138,1.503872435
1734523582.208765745,7,-3.997267737,5.058759349,1.503777903
1734523582.208765745,8,3.956524016,-4.908083413,1.503699683
1734523582.208765745,9,-9.720509349,-0.780965649,1.504740838
1734523582.268765688,0,0.445504493,-0.068849299,1.504537876
1734523582.268765688,1,5.318390000,-0.060291548,1.504466548
1734523582.268765688,2,0.022384050,5.653123154,1.503909360
1734523582.268765688,3,0.070783372,-6.002745215,1.504057440
1734523582.268765688,4,-4.362885260,-0.450060811,1.503833036
1734523582.268765688,5,4.014288067,5.028765882,1.503087919
1734523582.268765688,6,-3.585290042,-4.568354138,1.503872435
1734523582.268765688,7,-3.997267737,5.058759349,1.503777903
1734523582.268765688,8,3.956524016,-4.908083413,1.503699683
1734523582.268765688,9,-9.720509349,-0.780965649,1.504740838
1734523582.328765869,0,0.445504493,-0.068849299,1.504537876
1734523582.328765869,1,5.318390000,-0.060291548,1.504466548
1734523582.328765869,2,0.022384050,5.653123154,1.503909360
1734523582.328765869,3,0.070783372,-6.002745215,1.504057440
1734523582.328765869,4,-4.362885260,-0.450060811,1.503833036
1734523582.328765869,5,4.014288067,5.028765882,1.503087919
1734523582.328765869,6,-3.585290042,-4.568354138,1.503872435
1734523582.328765869,7,-3.997267737,5.058759349,1.503777903
1734523582.328765869,8,3.956524016,-4.908083413,1.503699683
1734523582.328765869,9,-9.720509349,-0.780965649,1.504740838
1734523582.388765812,0,0.445504493,-0.068849299,1.504537876
1734523582.388765812,1,5.318390000,-0.060291548,1.504466548
1734523582.388765812,2,0.022384050,5.653123154,1.503909360
1734523582.388765812,3,0.070783372,-6.002745215,1.504057440
1734523582.388765812,4,-4.362885260,-0.450060811,1.503833036
1734523582.388765812,5,4.014288067,5.028765882,1.503087919
1734523582.388765812,6,-3.585290042,-4.568354138,1.503872435
1734523582.388765812,7,-3.997267737,5.058759349,1.503777903
1734523582.388765812,8,3.956524016,-4.908083413,1.503699683
1734523582.388765812,9,-9.720509349,-0.780965649,1.504740838
1734523582.458765745,0,0.445504493,-0.068849299,1.504537876
1734523582.458765745,1,5.318390000,-0.060291548,1.504466548
1734523582.458765745,2,0.022384050,5.653123154,1.503909360
1734523582.458765745,3,0.070783372,-6.002745215,1.504057440
1734523582.458765745,4,-4.362885260,-0.450060811,1.503833036
1734523582.458765745,5,4.014288067,5.028765882,1.503087919
1734523582.458765745,6,-3.585290042,-4.568354138,1.503872435
1734523582.458765745,7,-3.997267737,5.058759349,1.503777903
1734523582.458765745,8,3.956524016,-4.908083413,1.503699683
1734523582.458765745,9,-9.720509349,-0.780965649,1.504740838
1734523582.528765678,0,0.445504493,-0.068849299,1.504537876
1734523582.528765678,1,5.318390000,-0.060291548,1.504466548
1734523582.528765678,2,0.022384050,5.653123154,1.503909360
1734523582.528765678,3,0.070783372,-6.002745215,1.504057440
1734523582.528765678,4,-4.362885260,-0.450060811,1.503833036
1734523582.528765678,5,4.014288067,5.028765882,1.503087919
1734523582.528765678,6,-3.585290042,-4.568354138,1.503872435
1734523582.528765678,7,-3.997267737,5.058759349,1.503777903
1734523582.528765678,8,3.956524016,-4.908083413,1.503699683
1734523582.528765678,9,-9.720509349,-0.780965649,1.504740838
1734523582.588765860,0,0.445504493,-0.068849299,1.504537876
1734523582.588765860,1,5.318390000,-0.060291548,1.504466548
1734523582.588765860,2,0.022384050,5.653123154,1.503909360
1734523582.588765860,3,0.070783372,-6.002745215,1.504057440
1734523582.588765860,4,-4.362885260,-0.450060811,1.503833036
1734523582.588765860,5,4.014288067,5.028765882,1.503087919
1734523582.588765860,6,-3.585290042,-4.568354138,1.503872435
1734523582.588765860,7,-3.997267737,5.058759349,1.503777903
1734523582.588765860,8,3.956524016,-4.908083413,1.503699683
1734523582.588765860,9,-9.720509349,-0.780965649,1.504740838
1734523582.658765793,0,0.445504493,-0.068849299,1.504537876
1734523582.658765793,1,5.318390000,-0.060291548,1.504466548
1734523582.658765793,2,0.022384050,5.653123154,1.503909360
1734523582.658765793,3,0.070783372,-6.002745215,1.504057440
1734523582.658765793,4,-4.362885260,-0.450060811,1.503833036
1734523582.658765793,5,4.014288067,5.028765882,1.503087919
1734523582.658765793,6,-3.585290042,-4.568354138,1.503872435
1734523582.658765793,7,-3.997267737,5.058759349,1.503777903
1734523582.658765793,8,3.956524016,-4.908083413,1.503699683
1734523582.658765793,9,-9.720509349,-0.780965649,1.504740838
1734523582.718765736,0,0.445504493,-0.068849299,1.504537876
1734523582.718765736,1,5.318390000,-0.060291548,1.504466548
1734523582.718765736,2,0.022384050,5.653123154,1.503909360
1734523582.718765736,3,0.070783372,-6.002745215,1.504057440
1734523582.718765736,4,-4.362885260,-0.450060811,1.503833036
1734523582.718765736,5,4.014288067,5.028765882,1.503087919
1734523582.718765736,6,-3.585290042,-4.568354138,1.503872435
1734523582.718765736,7,-3.997267737,5.058759349,1.503777903
1734523582.718765736,8,3.956524016,-4.908083413,1.503699683
1734523582.718765736,9,-9.720509349,-0.780965649,1.504740838
1734523582.778765678,0,0.445504493,-0.068849299,1.504537876
1734523582.778765678,1,5.318390000,-0.060291548,1.504466548
1734523582.778765678,2,0.022384050,5.653123154,1.503909360
1734523582.778765678,3,0.070783372,-6.002745215,1.504057440
1734523582.778765678,4,-4.362885260,-0.450060811,1.503833036
1734523582.778765678,5,4.014288067,5.028765882,1.503087919
1734523582.778765678,6,-3.585290042,-4.568354138,1.503872435
1734523582.778765678,7,-3.997267737,5.058759349,1.503777903
1734523582.778765678,8,3.956524016,-4.908083413,1.503699683
1734523582.778765678,9,-9.720509349,-0.780965649,1.504740838
1734523582.838765860,0,0.458162217,-0.069845637,1.504546199
1734523582.838765860,1,5.347569552,-0.060438519,1.504479195
1734523582.838765860,2,0.023497161,5.688508706,1.503928896
1734523582.838765860,3,0.072688559,-6.036528775,1.504077970
1734523582.838765860,4,-4.368468236,-0.456406411,1.503849331
1734523582.838765860,5,4.014479907,5.058118876,1.502934360
1734523582.838765860,6,-3.574668970,-4.581778510,1.503884129
1734523582.838765860,7,-3.996767635,5.094037652,1.503495219
1734523582.838765860,8,3.955457981,-4.929303924,1.503723455
1734523582.838765860,9,-9.755833918,-0.796554890,1.504565626
1734523582.908765793,0,0.458162217,-0.069845637,1.504546199
1734523582.908765793,1,5.347569552,-0.060438519,1.504479195
1734523582.908765793,2,0.023497161,5.688508706,1.503928896
1734523582.908765793,3,0.072688559,-6.036528775,1.504077970
1734523582.908765793,4,-4.368468236,-0.456406411,1.503849331
1734523582.908765793,5,4.014479907,5.058118876,1.502934360
1734523582.908765793,6,-3.574668970,-4.581778510,1.503884129
1734523582.908765793,7,-3.996767635,5.094037652,1.503495219
1734523582.908765793,8,3.955457981,-4.929303924,1.503723455
1734523582.908765793,9,-9.773431384,-0.804205177,1.504491053
1734523582.968765736,0,0.458162217,-0.069845637,1.504546199
1734523582.968765736,1,5.347569552,-0.060438519,1.504479195
1734523582.968765736,2,0.023497161,5.688508706,1.503928896
1734523582.968765736,3,0.072688559,-6.036528775,1.504077970
1734523582.968765736,4,-4.368468236,-0.456406411,1.503849331
1734523582.968765736,5,4.014479907,5.058118876,1.502934360
1734523582.968765736,6,-3.574668970,-4.581778510,1.503884129
1734523582.968765736,7,-3.996767635,5.094037652,1.503495219
1734523582.968765736,8,3.955457981,-4.929303924,1.503723455
1734523582.968765736,9,-9.773431384,-0.804205177,1.504491053
1734523583.028765678,0,0.458162217,-0.069845637,1.504546199
1734523583.028765678,1,5.347569552,-0.060438519,1.504479195
1734523583.028765678,2,0.023497161,5.688508706,1.503928896
1734523583.028765678,3,0.072688559,-6.036528775,1.504077970
1734523583.028765678,4,-4.368468236,-0.456406411,1.503849331
1734523583.028765678,5,4.014479907,5.058118876,1.502934360
1734523583.028765678,6,-3.574668970,-4.581778510,1.503884129
1734523583.028765678,7,-3.996767635,5.094037652,1.503495219
1734523583.028765678,8,3.955457981,-4.929303924,1.503723455
1734523583.028765678,9,-9.773431384,-0.804205177,1.504491053
1734523583.098765850,0,0.458162217,-0.069845637,1.504546199
1734523583.098765850,1,5.347569552,-0.060438519,1.504479195
1734523583.098765850,2,0.023497161,5.688508706,1.503928896
1734523583.098765850,3,0.072688559,-6.036528775,1.504077970
1734523583.098765850,4,-4.368468236,-0.456406411,1.503849331
1734523583.098765850,5,4.014479907,5.058118876,1.502934360
1734523583.098765850,6,-3.574668970,-4.581778510,1.503884129
1734523583.098765850,7,-3.996767635,5.094037652,1.503495219
1734523583.098765850,8,3.955457981,-4.929303924,1.503723455
1734523583.098765850,9,-9.773431384,-0.804205177,1.504491053
1734523583.158765793,0,0.458162217,-0.069845637,1.504546199
1734523583.158765793,1,5.347569552,-0.060438519,1.504479195
1734523583.158765793,2,0.023497161,5.688508706,1.503928896
1734523583.158765793,3,0.072688559,-6.036528775,1.504077970
1734523583.158765793,4,-4.368468236,-0.456406411,1.503849331
1734523583.158765793,5,4.014479907,5.058118876,1.502934360
1734523583.158765793,6,-3.574668970,-4.581778510,1.503884129
1734523583.158765793,7,-3.996767635,5.094037652,1.503495219
1734523583.158765793,8,3.955457981,-4.929303924,1.503723455
1734523583.158765793,9,-9.773431384,-0.804205177,1.504491053
1734523583.218765736,0,0.458162217,-0.069845637,1.504546199
1734523583.218765736,1,5.347569552,-0.060438519,1.504479195
1734523583.218765736,2,0.023497161,5.688508706,1.503928896
1734523583.218765736,3,0.072688559,-6.036528775,1.504077970
1734523583.218765736,4,-4.368468236,-0.456406411,1.503849331
1734523583.218765736,5,4.014479907,5.058118876,1.502934360
1734523583.218765736,6,-3.574668970,-4.581778510,1.503884129
1734523583.218765736,7,-3.996767635,5.094037652,1.503495219
1734523583.218765736,8,3.955457981,-4.929303924,1.503723455
1734523583.218765736,9,-9.773431384,-0.804205177,1.504491053
1734523583.278765678,0,0.458162217,-0.069845637,1.504546199
1734523583.278765678,1,5.347569552,-0.060438519,1.504479195
1734523583.278765678,2,0.023497161,5.688508706,1.503928896
1734523583.278765678,3,0.072688559,-6.036528775,1.504077970
1734523583.278765678,4,-4.368468236,-0.456406411,1.503849331
1734523583.278765678,5,4.014479907,5.058118876,1.502934360
1734523583.278765678,6,-3.574668970,-4.581778510,1.503884129
1734523583.278765678,7,-3.996767635,5.094037652,1.503495219
1734523583.278765678,8,3.955457981,-4.929303924,1.503723455
1734523583.278765678,9,-9.773431384,-0.804205177,1.504491053
1734523583.348765850,0,0.458162217,-0.069845637,1.504546199
1734523583.348765850,1,5.347569552,-0.060438519,1.504479195
1734523583.348765850,2,0.023497161,5.688508706,1.503928896
1734523583.348765850,3,0.072688559,-6.036528775,1.504077970
1734523583.348765850,4,-4.368468236,-0.456406411,1.503849331
1734523583.348765850,5,4.014479907,5.058118876,1.502934360
1734523583.348765850,6,-3.574668970,-4.581778510,1.503884129
1734523583.348765850,7,-3.996767635,5.094037652,1.503495219
1734523583.348765850,8,3.955457981,-4.929303924,1.503723455
1734523583.348765850,9,-9.773431384,-0.804205177,1.504491053
1734523583.408765793,0,0.458162217,-0.069845637,1.504546199
1734523583.408765793,1,5.347569552,-0.060438519,1.504479195
1734523583.408765793,2,0.023497161,5.688508706,1.503928896
1734523583.408765793,3,0.072688559,-6.036528775,1.504077970
1734523583.408765793,4,-4.368468236,-0.456406411,1.503849331
1734523583.408765793,5,4.014479907,5.058118876,1.502934360
1734523583.408765793,6,-3.574668970,-4.581778510,1.503884129
1734523583.408765793,7,-3.996767635,5.094037652,1.503495219
1734523583.408765793,8,3.955457981,-4.929303924,1.503723455
1734523583.408765793,9,-9.773431384,-0.804205177,1.504491053
1734523583.468765736,0,0.469377459,-0.071170421,1.504553944
1734523583.468765736,1,5.373646214,-0.061227657,1.504485103
1734523583.468765736,2,0.023189915,5.703862749,1.503934472
1734523583.468765736,3,0.075523822,-6.066021348,1.504094613
1734523583.468765736,4,-4.372816918,-0.461371889,1.503870560
1734523583.468765736,5,4.014540882,5.084978660,1.502828908
1734523583.468765736,6,-3.562805786,-4.596777179,1.503896517
1734523583.468765736,7,-3.996603696,5.105870228,1.503408492
1734523583.468765736,8,3.954778722,-4.952408905,1.503744298
1734523583.468765736,9,-9.791179222,-0.811950584,1.504420810
1734523583.538765669,0,0.469377459,-0.071170421,1.504553944
1734523583.538765669,1,5.373646214,-0.061227657,1.504485103
1734523583.538765669,2,0.022804250,5.716029222,1.503943107
1734523583.538765669,3,0.075523822,-6.066021348,1.504094613
1734523583.538765669,4,-4.372816918,-0.461371889,1.503870560
1734523583.538765669,5,4.014540882,5.084978660,1.502828908
1734523583.538765669,6,-3.562805786,-4.596777179,1.503896517
1734523583.538765669,7,-3.996603696,5.105870228,1.503408492
1734523583.538765669,8,3.954778722,-4.952408905,1.503744298
1734523583.538765669,9,-9.791179222,-0.811950584,1.504420810
1734523583.598765850,0,0.469377459,-0.071170421,1.504553944
1734523583.598765850,1,5.373646214,-0.061227657,1.504485103
1734523583.598765850,2,0.022804250,5.716029222,1.503943107
1734523583.598765850,3,0.075523822,-6.066021348,1.504094613
1734523583.598765850,4,-4.372816918,-0.461371889,1.503870560
1734523583.598765850,5,4.014540882,5.084978660,1.502828908
1734523583.598765850,6,-3.562805786,-4.596777179,1.503896517
1734523583.598765850,7,-3.996603696,5.105870228,1.503408492
1734523583.598765850,8,3.954778722,-4.952408905,1.503744298
1734523583.598765850,9,-9.791179222,-0.811950584,1.504420810
1734523583.658765793,0,0.469377459,-0.071170421,1.504553944
1734523583.658765793,1,5.373646214,-0.061227657,1.504485103
1734523583.658765793,2,0.022804250,5.716029222,1.503943107
1734523583.658765793,3,0.075523822,-6.066021348,1.504094613
1734523583.658765793,4,-4.372816918,-0.461371889,1.503870560
1734523583.658765793,5,4.014540882,5.084978660,1.502828908
1734523583.658765793,6,-3.562805786,-4.596777179,1.503896517
1734523583.658765793,7,-3.996603696,5.105870228,1.503408492
1734523583.658765793,8,3.954778722,-4.952408905,1.503744298
1734523583.658765793,9,-9.791179222,-0.811950584,1.504420810
1734523583.728765726,0,0.469377459,-0.071170421,1.504553944
1734523583.728765726,1,5.373646214,-0.061227657,1.504485103
1734523583.728765726,2,0.022804250,5.716029222,1.503943107
1734523583.728765726,3,0.075523822,-6.066021348,1.504094613
1734523583.728765726,4,-4.372816918,-0.461371889,1.503870560
1734523583.728765726,5,4.014540882,5.084978660,1.502828908
1734523583.728765726,6,-3.562805786,-4.596777179,1.503896517
1734523583.728765726,7,-3.996603696,5.105870228,1.503408492
1734523583.728765726,8,3.954778722,-4.952408905,1.503744298
1734523583.728765726,9,-9.791179222,-0.811950584,1.504420810
1734523583.788765669,0,0.469377459,-0.071170421,1.504553944
1734523583.788765669,1,5.373646214,-0.061227657,1.504485103
1734523583.788765669,2,0.022804250,5.716029222,1.503943107
1734523583.788765669,3,0.075523822,-6.066021348,1.504094613
1734523583.788765669,4,-4.372816918,-0.461371889,1.503870560
1734523583.788765669,5,4.014540882,5.084978660,1.502828908
1734523583.788765669,6,-3.562805786,-4.596777179,1.503896517
1734523583.788765669,7,-3.996603696,5.105870228,1.503408492
1734523583.788765669,8,3.954778722,-4.952408905,1.503744298
1734523583.788765669,9,-9.791179222,-0.811950584,1.504420810
1734523583.858765841,0,0.469377459,-0.071170421,1.504553944
1734523583.858765841,1,5.373646214,-0.061227657,1.504485103
1734523583.858765841,2,0.022804250,5.716029222,1.503943107
1734523583.858765841,3,0.075523822,-6.066021348,1.504094613
1734523583.858765841,4,-4.372816918,-0.461371889,1.503870560
1734523583.858765841,5,4.014540882,5.084978660,1.502828908
1734523583.858765841,6,-3.562805786,-4.596777179,1.503896517
1734523583.858765841,7,-3.996603696,5.105870228,1.503408492
1734523583.858765841,8,3.954778722,-4.952408905,1.503744298
1734523583.858765841,9,-9.791179222,-0.811950584,1.504420810
1734523583.918765783,0,0.469377459,-0.071170421,1.504553944
1734523583.918765783,1,5.373646214,-0.061227657,1.504485103
1734523583.918765783,2,0.022804250,5.716029222,1.503943107
1734523583.918765783,3,0.075523822,-6.066021348,1.504094613
1734523583.918765783,4,-4.372816918,-0.461371889,1.503870560
1734523583.918765783,5,4.014540882,5.084978660,1.502828908
1734523583.918765783,6,-3.562805786,-4.596777179,1.503896517
1734523583.918765783,7,-3.996603696,5.105870228,1.503408492
1734523583.918765783,8,3.954778722,-4.952408905,1.503744298
1734523583.918765783,9,-9.791179222,-0.811950584,1.504420810
1734523583.978765726,0,0.469377459,-0.071170421,1.504553944
1734523583.978765726,1,5.373646214,-0.061227657,1.504485103
1734523583.978765726,2,0.022804250,5.716029222,1.503943107
1734523583.978765726,3,0.075523822,-6.066021348,1.504094613
1734523583.978765726,4,-4.372816918,-0.461371889,1.503870560
1734523583.978765726,5,4.014540882,5.084978660,1.502828908
1734523583.978765726,6,-3.562805786,-4.596777179,1.503896517
1734523583.978765726,7,-3.996603696,5.105870228,1.503408492
1734523583.978765726,8,3.954778722,-4.952408905,1.503744298
1734523583.978765726,9,-9.791179222,-0.811950584,1.504420810
1734523584.038765669,0,0.469377459,-0.071170421,1.504553944
1734523584.038765669,1,5.373646214,-0.061227657,1.504485103
1734523584.038765669,2,0.022804250,5.716029222,1.503943107
1734523584.038765669,3,0.075523822,-6.066021348,1.504094613
1734523584.038765669,4,-4.372816918,-0.461371889,1.503870560
1734523584.038765669,5,4.014540882,5.084978660,1.502828908
1734523584.038765669,6,-3.562805786,-4.596777179,1.503896517
1734523584.038765669,7,-3.996603696,5.105870228,1.503408492
1734523584.038765669,8,3.954778722,-4.952408905,1.503744298
1734523584.038765669,9,-9.791179222,-0.811950584,1.504420810
1734523584.108765841,0,0.484557450,-0.071499743,1.504562134
1734523584.108765841,1,5.398037438,-0.061165720,1.504493115
1734523584.108765841,2,0.023071872,5.732005264,1.503943298
1734523584.108765841,3,0.075402013,-6.105541057,1.504110767
1734523584.108765841,4,-4.375318369,-0.464212675,1.503885100
1734523584.108765841,5,4.014310893,5.113470894,1.502731173
1734523584.108765841,6,-3.552905608,-4.609193017,1.503905660
1734523584.108765841,7,-3.996280773,5.129651897,1.503242673
1734523584.108765841,8,3.953663158,-4.972043017,1.503763698
1734523584.108765841,9,-9.827022463,-0.827619777,1.504294716
1734523584.168765783,0,0.484557450,-0.071499743,1.504562134
1734523584.168765783,1,5.398037438,-0.061165720,1.504493115
1734523584.168765783,2,0.023801138,5.751619094,1.503950830
1734523584.168765783,3,0.075402013,-6.105541057,1.504110767
1734523584.168765783,4,-4.375318369,-0.464212675,1.503885100
1734523584.168765783,5,4.014310893,5.113470894,1.502731173
1734523584.168765783,6,-3.552905608,-4.609193017,1.503905660
1734523584.168765783,7,-3.996280773,5.129651897,1.503242673
1734523584.168765783,8,3.953663158,-4.972043017,1.503763698
1734523584.168765783,9,-9.827022463,-0.827619777,1.504294716
1734523584.228765726,0,0.484557450,-0.071499743,1.504562134
1734523584.228765726,1,5.398037438,-0.061165720,1.504493115
1734523584.228765726,2,0.023801138,5.751619094,1.503950830
1734523584.228765726,3,0.075402013,-6.105541057,1.504110767
1734523584.228765726,4,-4.375318369,-0.464212675,1.503885100
1734523584.228765726,5,4.014310893,5.113470894,1.502731173
1734523584.228765726,6,-3.552905608,-4.609193017,1.503905660
1734523584.228765726,7,-3.996280773,5.129651897,1.503242673
1734523584.228765726,8,3.953663158,-4.972043017,1.503763698
1734523584.228765726,9,-9.827022463,-0.827619777,1.504294716
1734523584.298765659,0,0.484557450,-0.071499743,1.504562134
1734523584.298765659,1,5.398037438,-0.061165720,1.504493115
1734523584.298765659,2,0.023801138,5.751619094,1.503950830
1734523584.298765659,3,0.075402013,-6.105541057,1.504110767
1734523584.298765659,4,-4.375318369,-0.464212675,1.503885100
1734523584.298765659,5,4.014310893,5.113470894,1.502731173
1734523584.298765659,6,-3.552905608,-4.609193017,1.503905660
1734523584.298765659,7,-3.996280773,5.129651897,1.503242673
1734523584.298765659,8,3.953663158,-4.972043017,1.503763698
1734523584.298765659,9,-9.827022463,-0.827619777,1.504294716
1734523584.358765841,0,0.484557450,-0.071499743,1.504562134
1734523584.358765841,1,5.398037438,-0.061165720,1.504493115
1734523584.358765841,2,0.023801138,5.751619094,1.503950830
1734523584.358765841,3,0.075402013,-6.105541057,1.504110767
1734523584.358765841,4,-4.375318369,-0.464212675,1.503885100
1734523584.358765841,5,4.014310893,5.113470894,1.502731173
1734523584.358765841,6,-3.552905608,-4.609193017,1.503905660
1734523584.358765841,7,-3.996280773,5.129651897,1.503242673
1734523584.358765841,8,3.953663158,-4.972043017,1.503763698
1734523584.358765841,9,-9.827022463,-0.827619777,1.504294716
1734523584.428765774,0,0.484557450,-0.071499743,1.504562134
1734523584.428765774,1,5.398037438,-0.061165720,1.504493115
1734523584.428765774,2,0.023801138,5.751619094,1.503950830
1734523584.428765774,3,0.075402013,-6.105541057,1.504110767
1734523584.428765774,4,-4.375318369,-0.464212675,1.503885100
1734523584.428765774,5,4.014310893,5.113470894,1.502731173
1734523584.428765774,6,-3.552905608,-4.609193017,1.503905660
1734523584.428765774,7,-3.996280773,5.129651897,1.503242673
1734523584.428765774,8,3.953663158,-4.972043017,1.503763698
1734523584.428765774,9,-9.827022463,-0.827619777,1.504294716
1734523584.498765707,0,0.484557450,-0.071499743,1.504562134
1734523584.498765707,1,5.398037438,-0.061165720,1.504493115
1734523584.498765707,2,0.023801138,5.751619094,1.503950830
1734523584.498765707,3,0.075402013,-6.105541057,1.504110767
1734523584.498765707,4,-4.375318369,-0.464212675,1.503885100
1734523584.498765707,5,4.014310893,5.113470894,1.502731173
1734523584.498765707,6,-3.552905608,-4.609193017,1.503905660
1734523584.498765707,7,-3.996280773,5.129651897,1.503242673
1734523584.498765707,8,3.953663158,-4.972043017,1.503763698
1734523584.498765707,9,-9.827022463,-0.827619777,1.504294716
1734523584.558765650,0,0.484557450,-0.071499743,1.504562134
1734523584.558765650,1,5.398037438,-0.061165720,1.504493115
1734523584.558765650,2,0.023801138,5.751619094,1.503950830
1734523584.558765650,3,0.075402013,-6.105541057,1.504110767
1734523584.558765650,4,-4.375318369,-0.464212675,1.503885100
1734523584.558765650,5,4.014310893,5.113470894,1.502731173
1734523584.558765650,6,-3.552905608,-4.609193017,1.503905660
1734523584.558765650,7,-3.996280773,5.129651897,1.503242673
1734523584.558765650,8,3.953663158,-4.972043017,1.503763698
1734523584.558765650,9,-9.827022463,-0.827619777,1.504294716
1734523584.618765831,0,0.484557450,-0.071499743,1.504562134
1734523584.618765831,1,5.398037438,-0.061165720,1.504493115
1734523584.618765831,2,0.023801138,5.751619094,1.503950830
1734523584.618765831,3,0.075402013,-6.105541057,1.504110767
1734523584.618765831,4,-4.375318369,-0.464212675,1.503885100
1734523584.618765831,5,4.014310893,5.113470894,1.502731173
1734523584.618765831,6,-3.552905608,-4.609193017,1.503905660
1734523584.618765831,7,-3.996280773,5.129651897,1.503242673
1734523584.618765831,8,3.953663158,-4.972043017,1.503763698
1734523584.618765831,9,-9.827022463,-0.827619777,1.504294716
1734523584.688765764,0,0.484557450,-0.071499743,1.504562134
1734523584.688765764,1,5.398037438,-0.061165720,1.504493115
1734523584.688765764,2,0.023801138,5.751619094,1.503950830
1734523584.688765764,3,0.075402013,-6.105541057,1.504110767
1734523584.688765764,4,-4.375318369,-0.464212675,1.503885100
1734523584.688765764,5,4.014310893,5.113470894,1.502731173
1734523584.688765764,6,-3.552905608,-4.609193017,1.503905660
1734523584.688765764,7,-3.996280773,5.129651897,1.503242673
1734523584.688765764,8,3.953663158,-4.972043017,1.503763698
1734523584.688765764,9,-9.827022463,-0.827619777,1.504294716
1734523584.748765707,0,0.498038793,-0.072428629,1.504569037
1734523584.748765707,1,5.427199007,-0.061895986,1.504504590
1734523584.748765707,2,0.023798873,5.783251385,1.503963542
1734523584.748765707,3,0.076971694,-6.140071147,1.504119129
1734523584.748765707,4,-4.380779373,-0.470411468,1.503921464
1734523584.748765707,5,4.015799793,5.140496608,1.502667540
1734523584.748765707,6,-3.541838694,-4.623228963,1.503919180
1734523584.748765707,7,-3.995881900,5.165545500,1.503023939
1734523584.748765707,8,3.953649746,-4.996787364,1.503784740
1734523584.748765707,9,-9.881488659,-0.851414637,1.504144385
1734523584.818765879,0,0.498038793,-0.072428629,1.504569037
1734523584.818765879,1,5.427199007,-0.061895986,1.504504590
1734523584.818765879,2,0.023798873,5.783251385,1.503963542
1734523584.818765879,3,0.076971694,-6.140071147,1.504119129
1734523584.818765879,4,-4.383160893,-0.473125276,1.503938971
1734523584.818765879,5,4.015799793,5.140496608,1.502667540
1734523584.818765879,6,-3.541838694,-4.623228963,1.503919180
1734523584.818765879,7,-3.995881900,5.165545500,1.503023939
1734523584.818765879,8,3.953649746,-4.996787364,1.503784740
1734523584.818765879,9,-9.881488659,-0.851414637,1.504144385
1734523584.878765821,0,0.498038793,-0.072428629,1.504569037
1734523584.878765821,1,5.427199007,-0.061895986,1.504504590
1734523584.878765821,2,0.023798873,5.783251385,1.503963542
1734523584.878765821,3,0.076971694,-6.140071147,1.504119129
1734523584.878765821,4,-4.383160893,-0.473125276,1.503938971
1734523584.878765821,5,4.015799793,5.140496608,1.502667540
1734523584.878765821,6,-3.541838694,-4.623228963,1.503919180
1734523584.878765821,7,-3.995881900,5.165545500,1.503023939
1734523584.878765821,8,3.953649746,-4.996787364,1.503784740
1734523584.878765821,9,-9.881488659,-0.851414637,1.504144385
1734523584.938765764,0,0.498038793,-0.072428629,1.504569037
1734523584.938765764,1,5.427199007,-0.061895986,1.504504590
1734523584.938765764,2,0.023798873,5.783251385,1.503963542
1734523584.938765764,3,0.076971694,-6.140071147,1.504119129
1734523584.938765764,4,-4.383160893,-0.473125276,1.503938971
1734523584.938765764,5,4.015799793,5.140496608,1.502667540
1734523584.938765764,6,-3.541838694,-4.623228963,1.503919180
1734523584.938765764,7,-3.995881900,5.165545500,1.503023939
1734523584.938765764,8,3.953649746,-4.996787364,1.503784740
1734523584.938765764,9,-9.881488659,-0.851414637,1.504144385
1734523585.008765697,0,0.498038793,-0.072428629,1.504569037
1734523585.008765697,1,5.427199007,-0.061895986,1.504504590
1734523585.008765697,2,0.023798873,5.783251385,1.503963542
1734523585.008765697,3,0.076971694,-6.140071147,1.504119129
1734523585.008765697,4,-4.383160893,-0.473125276,1.503938971
1734523585.008765697,5,4.015799793,5.140496608,1.502667540
1734523585.008765697,6,-3.541838694,-4.623228963,1.503919180
1734523585.008765697,7,-3.995881900,5.165545500,1.503023939
1734523585.008765697,8,3.953649746,-4.996787364,1.503784740
1734523585.008765697,9,-9.881488659,-0.851414637,1.504144385
1734523585.068765879,0,0.498038793,-0.072428629,1.504569037
1734523585.068765879,1,5.427199007,-0.061895986,1.504504590
1734523585.068765879,2,0.023798873,5.783251385,1.503963542
1734523585.068765879,3,0.076971694,-6.140071147,1.504119129
1734523585.068765879,4,-4.383160893,-0.473125276,1.503938971
1734523585.068765879,5,4.015799793,5.140496608,1.502667540
1734523585.068765879,6,-3.541838694,-4.623228963,1.503919180
1734523585.068765879,7,-3.995881900,5.165545500,1.503023939
1734523585.068765879,8,3.953649746,-4.996787364,1.503784740
1734523585.068765879,9,-9.881488659,-0.851414637,1.504144385
1734523585.128765821,0,0.498038793,-0.072428629,1.504569037
1734523585.128765821,1,5.427199007,-0.061895986,1.504504590
1734523585.128765821,2,0.023798873,5.783251385,1.503963542
1734523585.128765821,3,0.076971694,-6.140071147,1.504119129
1734523585.128765821,4,-4.383160893,-0.473125276,1.503938971
1734523585.128765821,5,4.015799793,5.140496608,1.502667540
1734523585.128765821,6,-3.541838694,-4.623228963,1.503919180
1734523585.128765821,7,-3.995881900,5.165545500,1.503023939
1734523585.128765821,8,3.953649746,-4.996787364,1.503784740
1734523585.128765821,9,-9.881488659,-0.851414637,1.504144385
1734523585.198765755,0,0.498038793,-0.072428629,1.504569037
1734523585.198765755,1,5.427199007,-0.061895986,1.504504590
1734523585.198765755,2,0.023798873,5.783251385,1.503963542
1734523585.198765755,3,0.076971694,-6.140071147,1.504119129
1734523585.198765755,4,-4.383160893,-0.473125276,1.503938971
1734523585.198765755,5,4.015799793,5.140496608,1.502667540
1734523585.198765755,6,-3.541838694,-4.623228963,1.503919180
1734523585.198765755,7,-3.995881900,5.165545500,1.503023939
1734523585.198765755,8,3.953649746,-4.996787364,1.503784740
1734523585.198765755,9,-9.881488659,-0.851414637,1.504144385
1734523585.258765697,0,0.498038793,-0.072428629,1.504569037
1734523585.258765697,1,5.427199007,-0.061895986,1.504504590
1734523585.258765697,2,0.023798873,5.783251385,1.503963542
1734523585.258765697,3,0.076971694,-6.140071147,1.504119129
1734523585.258765697,4,-4.383160893,-0.473125276,1.503938971
1734523585.258765697,5,4.015799793,5.140496608,1.502667540
1734523585.258765697,6,-3.541838694,-4.623228963,1.503919180
1734523585.258765697,7,-3.995881900,5.165545500,1.503023939
1734523585.258765697,8,3.953649746,-4.996787364,1.503784740
1734523585.258765697,9,-9.881488659,-0.851414637,1.504144385
1734523585.318765879,0,0.498038793,-0.072428629,1.504569037
1734523585.318765879,1,5.427199007,-0.061895986,1.504504590
1734523585.318765879,2,0.023798873,5.783251385,1.503963542
1734523585.318765879,3,0.076971694,-6.140071147,1.504119129
1734523585.318765879,4,-4.383160893,-0.473125276,1.503938971
1734523585.318765879,5,4.015799793,5.140496608,1.502667540
1734523585.318765879,6,-3.541838694,-4.623228963,1.503919180
1734523585.318765879,7,-3.995881900,5.165545500,1.503023939
1734523585.318765879,8,3.953649746,-4.996787364,1.503784740
1734523585.318765879,9,-9.881488659,-0.851414637,1.504144385
1734523585.378765821,0,0.511983393,-0.073112292,1.504575998
1734523585.378765821,1,5.451192227,-0.062547847,1.504509718
1734523585.378765821,2,0.023831698,5.811875304,1.503970485
1734523585.378765821,3,0.077860094,-6.175391431,1.504129578
1734523585.378765821,4,-4.387450256,-0.478007661,1.503971195
1734523585.378765821,5,4.016545456,5.165919432,1.502635105
1734523585.378765821,6,-3.530515370,-4.637372825,1.503931295
1734523585.378765821,7,-3.995707807,5.177636385,1.502973876
1734523585.378765821,8,3.951710482,-5.015912304,1.503802825
1734523585.378765821,9,-9.899818457,-0.859413540,1.504112825
1734523585.448765755,0,0.511983393,-0.073112292,1.504575998
1734523585.448765755,1,5.451192227,-0.062547847,1.504509718
1734523585.448765755,2,0.023831698,5.811875304,1.503970485
1734523585.448765755,3,0.077860094,-6.175391431,1.504129578
1734523585.448765755,4,-4.387450256,-0.478007661,1.503971195
1734523585.448765755,5,4.016545456,5.165919432,1.502635105
1734523585.448765755,6,-3.530515370,-4.637372825,1.503931295
1734523585.448765755,7,-3.995707807,5.177636385,1.502973876
1734523585.448765755,8,3.951710482,-5.015912304,1.503802825
1734523585.448765755,9,-9.899818457,-0.859413540,1.504112825
1734523585.508765697,0,0.511983393,-0.073112292,1.504575998
1734523585.508765697,1,5.451192227,-0.062547847,1.504509718
1734523585.508765697,2,0.023831698,5.811875304,1.503970485
1734523585.508765697,3,0.077860094,-6.175391431,1.504129578
1734523585.508765697,4,-4.387450256,-0.478007661,1.503971195
1734523585.508765697,5,4.016545456,5.165919432,1.502635105
1734523585.508765697,6,-3.530515370,-4.637372825,1.503931295
1734523585.508765697,7,-3.995707807,5.177636385,1.502973876
1734523585.508765697,8,3.951710482,-5.015912304,1.503802825
1734523585.508765697,9,-9.899818457,-0.859413540,1.504112825
1734523585.578765869,0,0.511983393,-0.073112292,1.504575998
1734523585.578765869,1,5.451192227,-0.062547847,1.504509718
1734523585.578765869,2,0.023831698,5.811875304,1.503970485
1734523585.578765869,3,0.077860094,-6.175391431,1.504129578
1734523585.578765869,4,-4.387450256,-0.478007661,1.503971195
1734523585.578765869,5,4.016545456,5.165919432,1.502635105
1734523585.578765869,6,-3.530515370,-4.637372825,1.503931295
1734523585.578765869,7,-3.995707807,5.177636385,1.502973876
1734523585.578765869,8,3.951710482,-5.015912304,1.503802825
1734523585.578765869,9,-9.899818457,-0.859413540,1.504112825
1734523585.638765812,0,0.511983393,-0.073112292,1.504575998
1734523585.638765812,1,5.451192227,-0.062547847,1.504509718
1734523585.638765812,2,0.023831698,5.811875304,1.503970485
1734523585.638765812,3,0.077860094,-6.175391431,1.504129578
1734523585.638765812,4,-4.387450256,-0.478007661,1.503971195
1734523585.638765812,5,4.016545456,5.165919432,1.502635105
1734523585.638765812,6,-3.530515370,-4.637372825,1.503931295
1734523585.638765812,7,-3.995707807,5.177636385,1.502973876
1734523585.638765812,8,3.951710482,-5.015912304,1.503802825
1734523585.638765812,9,-9.899818457,-0.859413540,1.504112825
1734523585.698765755,0,0.511983393,-0.073112292,1.504575998
1734523585.698765755,1,5.451192227,-0.062547847,1.504509718
1734523585.698765755,2,0.023831698,5.811875304,1.503970485
1734523585.698765755,3,0.077860094,-6.175391431,1.504129578
1734523585.698765755,4,-4.387450256,-0.478007661,1.503971195
1734523585.698765755,5,4.016545456,5.165919432,1.502635105
1734523585.698765755,6,-3.530515370,-4.637372825,1.503931295
1734523585.698765755,7,-3.995707807,5.177636385,1.502973876
1734523585.698765755,8,3.951710482,-5.015912304,1.503802825
1734523585.698765755,9,-9.899818457,-0.859413540,1.504112825
1734523585.758765697,0,0.511983393,-0.073112292,1.504575998
1734523585.758765697,1,5.451192227,-0.062547847,1.504509718
1734523585.758765697,2,0.023831698,5.811875304,1.503970485
1734523585.758765697,3,0.077860094,-6.175391431,1.504129578
1734523585.758765697,4,-4.387450256,-0.478007661,1.503971195
1734523585.758765697,5,4.016545456,5.165919432,1.502635105
1734523585.758765697,6,-3.530515370,-4.637372825,1.503931295
1734523585.758765697,7,-3.995707807,5.177636385,1.502973876
1734523585.758765697,8,3.951710482,-5.015912304,1.503802825
1734523585.758765697,9,-9.899818457,-0.859413540,1.504112825
1734523585.818765879,0,0.511983393,-0.073112292,1.504575998
1734523585.818765879,1,5.451192227,-0.062547847,1.504509718
1734523585.818765879,2,0.023831698,5.811875304,1.503970485
1734523585.818765879,3,0.077860094,-6.175391431,1.504129578
1734523585.818765879,4,-4.387450256,-0.478007661,1.503971195
1734523585.818765879,5,4.016545456,5.165919432,1.502635105
1734523585.818765879,6,-3.530515370,-4.637372825,1.503931295
1734523585.818765879,7,-3.995707807,5.177636385,1.502973876
1734523585.818765879,8,3.951710482,-5.015912304,1.503802825
1734523585.818765879,9,-9.899818457,-0.859413540,1.504112825
1734523585.888765812,0,0.511983393,-0.073112292,1.504575998
1734523585.888765812,1,5.451192227,-0.062547847,1.504509718
1734523585.888765812,2,0.023831698,5.811875304,1.503970485
1734523585.888765812,3,0.077860094,-6.175391431,1.504129578
1734523585.888765812,4,-4.387450256,-0.478007661,1.503971195
1734523585.888765812,5,4.016545456,5.165919432,1.502635105
1734523585.888765812,6,-3.530515370,-4.637372825,1.503931295
1734523585.888765812,7,-3.995707807,5.177636385,1.502973876
1734523585.888765812,8,3.951710482,-5.015912304,1.503802825
1734523585.888765812,9,-9.899818457,-0.859413540,1.504112825
1734523585.948765755,0,0.511983393,-0.073112292,1.504575998
1734523585.948765755,1,5.451192227,-0.062547847,1.504509718
1734523585.948765755,2,0.023831698,5.811875304,1.503970485
1734523585.948765755,3,0.077860094,-6.175391431,1.504129578
1734523585.948765755,4,-4.387450256,-0.478007661,1.503971195
1734523585.948765755,5,4.016545456,5.165919432,1.502635105
1734523585.948765755,6,-3.530515370,-4.637372825,1.503931295
1734523585.948765755,7,-3.995707807,5.177636385,1.502973876
1734523585.948765755,8,3.951710482,-5.015912304,1.503802825
1734523585.948765755,9,-9.899818457,-0.859413540,1.504112825
1734523586.008765697,0,0.525743262,-0.074207782,1.504584058
1734523586.008765697,1,5.481304900,-0.062709464,1.504522005
1734523586.008765697,2,0.024522089,5.847649389,1.503982761
1734523586.008765697,3,0.079791136,-6.209843986,1.504138761
1734523586.008765697,4,-4.392765688,-0.484037705,1.504010788
1734523586.008765697,5,4.016790436,5.196503329,1.502619094
1734523586.008765697,6,-3.519100878,-4.651764931,1.503944847
1734523586.008765697,7,-3.995223368,5.214130476,1.502808680
1734523586.008765697,8,3.950546970,-5.038434416,1.503812123
1734523586.008765697,9,-9.955305774,-0.883600504,1.504019600
1734523586.078765869,0,0.525743262,-0.074207782,1.504584058
1734523586.078765869,1,5.481304900,-0.062709464,1.504522005
1734523586.078765869,2,0.024522089,5.847649389,1.503982761
1734523586.078765869,3,0.079791136,-6.209843986,1.504138761
1734523586.078765869,4,-4.392765688,-0.484037705,1.504010788
1734523586.078765869,5,4.016790436,5.196503329,1.502619094
1734523586.078765869,6,-3.519100878,-4.651764931,1.503944847
1734523586.078765869,7,-3.995223368,5.214130476,1.502808680
1734523586.078765869,8,3.950546970,-5.038434416,1.503812123
1734523586.078765869,9,-9.955305774,-0.883600504,1.504019600
1734523586.138765812,0,0.525743262,-0.074207782,1.504584058
1734523586.138765812,1,5.481304900,-0.062709464,1.504522005
1734523586.138765812,2,0.024522089,5.847649389,1.503982761
1734523586.138765812,3,0.079791136,-6.209843986,1.504138761
1734523586.138765812,4,-4.392765688,-0.484037705,1.504010788
1734523586.138765812,5,4.016790436,5.196503329,1.502619094
1734523586.138765812,6,-3.519100878,-4.651764931,1.503944847
1734523586.138765812,7,-3.995223368,5.214130476,1.502808680
1734523586.138765812,8,3.950546970,-5.038434416,1.503812123
1734523586.138765812,9,-9.955305774,-0.883600504,1.504019600
1734523586.198765755,0,0.525743262,-0.074207782,1.504584058
1734523586.198765755,1,5.481304900,-0.062709464,1.504522005
1734523586.198765755,2,0.024522089,5.847649389,1.503982761
1734523586.198765755,3,0.079791136,-6.209843986,1.504138761
1734523586.198765755,4,-4.392765688,-0.484037705,1.504010788
1734523586.198765755,5,4.016790436,5.196503329,1.502619094
1734523586.198765755,6,-3.519100878,-4.651764931,1.503944847
1734523586.198765755,7,-3.995223368,5.214130476,1.502808680
1734523586.198765755,8,3.950546970,-5.038434416,1.503812123
1734523586.198765755,9,-9.955305774,-0.883600504,1.504019600
1734523586.268765688,0,0.525743262,-0.074207782,1.504584058
1734523586.268765688,1,5.481304900,-0.062709464,1.504522005
1734523586.268765688,2,0.024522089,5.847649389,1.503982761
1734523586.268765688,3,0.079791136,-6.209843986,1.504138761
1734523586.268765688,4,-4.392765688,-0.484037705,1.504010788
1734523586.268765688,5,4.016790436,5.196503329,1.502619094
1734523586.268765688,6,-3.519100878,-4.651764931,1.503944847
1734523586.268765688,7,-3.995223368,5.214130476,1.502808680
1734523586.268765688,8,3.950546970,-5.038434416,1.503812123
1734523586.268765688,9,-9.955305774,-0.883600504,1.504019600
1734523586.328765869,0,0.525743262,-0.074207782,1.504584058
1734523586.328765869,1,5.481304900,-0.062709464,1.504522005
1734523586.328765869,2,0.024522089,5.847649389,1.503982761
1734523586.328765869,3,0.079791136,-6.209843986,1.504138761
1734523586.328765869,4,-4.392765688,-0.484037705,1.504010788
1734523586.328765869,5,4.016790436,5.196503329,1.502619094
1734523586.328765869,6,-3.519100878,-4.651764931,1.503944847
1734523586.328765869,7,-3.995223368,5.214130476,1.502808680
1734523586.328765869,8,3.950546970,-5.038434416,1.503812123
1734523586.328765869,9,-9.955305774,-0.883600504,1.504019600
1734523586.388765812,0,0.525743262,-0.074207782,1.504584058
1734523586.388765812,1,5.481304900,-0.062709464,1.504522005
1734523586.388765812,2,0.024522089,5.847649389,1.503982761
1734523586.388765812,3,0.079791136,-6.209843986,1.504138761
1734523586.388765812,4,-4.392765688,-0.484037705,1.504010788
1734523586.388765812,5,4.016790436,5.196503329,1.502619094
1734523586.388765812,6,-3.519100878,-4.651764931,1.503944847
1734523586.388765812,7,-3.995223368,5.214130476,1.502808680
1734523586.388765812,8,3.950546970,-5.038434416,1.503812123
1734523586.388765812,9,-9.955305774,-0.883600504,1.504019600
1734523586.458765745,0,0.525743262,-0.074207782,1.504584058
1734523586.458765745,1,5.481304900,-0.062709464,1.504522005
1734523586.458765745,2,0.024522089,5.847649389,1.503982761
1734523586.458765745,3,0.079791136,-6.209843986,1.504138761
1734523586.458765745,4,-4.392765688,-0.484037705,1.504010788
1734523586.458765745,5,4.016790436,5.196503329,1.502619094
1734523586.458765745,6,-3.519100878,-4.651764931,1.503944847
1734523586.458765745,7,-3.995223368,5.214130476,1.502808680
1734523586.458765745,8,3.950546970,-5.038434416,1.503812123
1734523586.458765745,9,-9.955305774,-0.883600504,1.504019600
1734523586.518765688,0,0.525743262,-0.074207782,1.504584058
1734523586.518765688,1,5.481304900,-0.062709464,1.504522005
1734523586.518765688,2,0.024522089,5.847649389,1.503982761
1734523586.518765688,3,0.079791136,-6.209843986,1.504138761
1734523586.518765688,4,-4.392765688,-0.484037705,1.504010788
1734523586.518765688,5,4.016790436,5.196503329,1.502619094
1734523586.518765688,6,-3.519100878,-4.651764931,1.503944847
1734523586.518765688,7,-3.995223368,5.214130476,1.502808680
1734523586.518765688,8,3.950546970,-5.038434416,1.503812123
1734523586.518765688,9,-9.955305774,-0.883600504,1.504019600
1734523586.578765869,0,0.525743262,-0.074207782,1.504584058
1734523586.578765869,1,5.481304900,-0.062709464,1.504522005
1734523586.578765869,2,0.024522089,5.847649389,1.503982761
1734523586.578765869,3,0.079791136,-6.209843986,1.504138761
1734523586.578765869,4,-4.392765688,-0.484037705,1.504010788
1734523586.578765869,5,4.016790436,5.196503329,1.502619094
1734523586.578765869,6,-3.519100878,-4.651764931,1.503944847
1734523586.578765869,7,-3.995223368,5.214130476,1.502808680
1734523586.578765869,8,3.950546970,-5.038434416,1.503812123
1734523586.578765869,9,-9.955305774,-0.883600504,1.504019600
1734523586.648765802,0,0.537865446,-0.075638837,1.504591669
1734523586.648765802,1,5.508221908,-0.063533711,1.504528663
1734523586.648765802,2,0.024299183,5.876316389,1.503987098
1734523586.648765802,3,0.082650779,-6.239956227,1.504147334
1734523586.648765802,4,-4.396879530,-0.488729923,1.504041360
1734523586.648765802,5,4.016812008,5.224323207,1.502620513
1734523586.648765802,6,-3.506387608,-4.667818312,1.503959307
1734523586.648765802,7,-3.995069199,5.226374687,1.502769971
1734523586.648765802,8,3.949645026,-5.063145157,1.503822744
1734523586.648765802,9,-9.973961733,-0.891723361,1.504001386
1734523586.708765745,0,0.537865446,-0.075638837,1.504591669
1734523586.708765745,1,5.508221908,-0.063533711,1.504528663
1734523586.708765745,2,0.024299183,5.876316389,1.503987098
1734523586.708765745,3,0.082650779,-6.239956227,1.504147334
1734523586.708765745,4,-4.396879530,-0.488729923,1.504041360
1734523586.708765745,5,4.016812008,5.224323207,1.502620513
1734523586.708765745,6,-3.506387608,-4.667818312,1.503959307
1734523586.708765745,7,-3.995069199,5.226374687,1.502769971
1734523586.708765745,8,3.949645026,-5.063145157,1.503822744
1734523586.708765745,9,-9.973961733,-0.891723361,1.504001386
1734523586.768765688,0,0.537865446,-0.075638837,1.504591669
1734523586.768765688,1,5.508221908,-0.063533711,1.504528663
1734523586.768765688,2,0.024299183,5.876316389,1.503987098
1734523586.768765688,3,0.082650779,-6.239956227,1.504147334
1734523586.768765688,4,-4.396879530,-0.488729923,1.504041360
1734523586.768765688,5,4.016812008,5.224323207,1.502620513
1734523586.768765688,6,-3.506387608,-4.667818312,1.503959307
1734523586.768765688,7,-3.995069199,5.226374687,1.502769971
1734523586.768765688,8,3.949645026,-5.063145157,1.503822744
1734523586.768765688,9,-9.973961733,-0.891723361,1.504001386
1734523586.828765869,0,0.537865446,-0.075638837,1.504591669
1734523586.828765869,1,5.508221908,-0.063533711,1.504528663
1734523586.828765869,2,0.024299183,5.876316389,1.503987098
1734523586.828765869,3,0.082650779,-6.239956227,1.504147334
1734523586.828765869,4,-4.396879530,-0.488729923,1.504041360
1734523586.828765869,5,4.016812008,5.224323207,1.502620513
1734523586.828765869,6,-3.506387608,-4.667818312,1.503959307
1734523586.828765869,7,-3.995069199,5.226374687,1.502769971
1734523586.828765869,8,3.949645026,-5.063145157,1.503822744
1734523586.828765869,9,-9.973961733,-0.891723361,1.504001386
1734523586.898765802,0,0.537865446,-0.075638837,1.504591669
1734523586.898765802,1,5.508221908,-0.063533711,1.504528663
1734523586.898765802,2,0.024299183,5.876316389,1.503987098
1734523586.898765802,3,0.082650779,-6.239956227,1.504147334
1734523586.898765802,4,-4.396879530,-0.488729923,1.504041360
1734523586.898765802,5,4.016812008,5.224323207,1.502620513
1734523586.898765802,6,-3.506387608,-4.667818312,1.503959307
1734523586.898765802,7,-3.995069199,5.226374687,1.502769971
1734523586.898765802,8,3.949645026,-5.063145157,1.503822744
1734523586.898765802,9,-9.973961733,-0.891723361,1.504001386
1734523586.958765745,0,0.537865446,-0.075638837,1.504591669
1734523586.958765745,1,5.508221908,-0.063533711,1.504528663
1734523586.958765745,2,0.024299183,5.876316389,1.503987098
1734523586.958765745,3,0.082650779,-6.239956227,1.504147334
1734523586.958765745,4,-4.396879530,-0.488729923,1.504041360
1734523586.958765745,5,4.016812008,5.224323207,1.502620513
1734523586.958765745,6,-3.506387608,-4.667818312,1.503959307
1734523586.958765745,7,-3.995069199,5.226374687,1.502769971
1734523586.958765745,8,3.949645026,-5.063145157,1.503822744
1734523586.958765745,9,-9.973961733,-0.891723361,1.504001386
1734523587.018765688,0,0.537865446,-0.075638837,1.504591669
1734523587.018765688,1,5.508221908,-0.063533711,1.504528663
1734523587.018765688,2,0.024299183,5.876316389,1.503987098
1734523587.018765688,3,0.082650779,-6.239956227,1.504147334
1734523587.018765688,4,-4.396879530,-0.488729923,1.504041360
1734523587.018765688,5,4.016812008,5.224323207,1.502620513
1734523587.018765688,6,-3.506387608,-4.667818312,1.503959307
1734523587.018765688,7,-3.995069199,5.226374687,1.502769971
1734523587.018765688,8,3.949645026,-5.063145157,1.503822744
1734523587.018765688,9,-9.973961733,-0.891723361,1.504001386
1734523587.088765860,0,0.537865446,-0.075638837,1.504591669
1734523587.088765860,1,5.508221908,-0.063533711,1.504528663
1734523587.088765860,2,0.024299183,5.876316389,1.503987098
1734523587.088765860,3,0.082650779,-6.239956227,1.504147334
1734523587.088765860,4,-4.396879530,-0.488729923,1.504041360
1734523587.088765860,5,4.016812008,5.224323207,1.502620513
1734523587.088765860,6,-3.506387608,-4.667818312,1.503959307
1734523587.088765860,7,-3.995069199,5.226374687,1.502769971
1734523587.088765860,8,3.949645026,-5.063145157,1.503822744
1734523587.088765860,9,-9.973961733,-0.891723361,1.504001386
1734523587.148765802,0,0.537865446,-0.075638837,1.504591669
1734523587.148765802,1,5.508221908,-0.063533711,1.504528663
1734523587.148765802,2,0.024299183,5.876316389,1.503987098
1734523587.148765802,3,0.082650779,-6.239956227,1.504147334
1734523587.148765802,4,-4.396879530,-0.488729923,1.504041360
1734523587.148765802,5,4.016812008,5.224323207,1.502620513
1734523587.148765802,6,-3.506387608,-4.667818312,1.503959307
1734523587.148765802,7,-3.995069199,5.226374687,1.502769971
1734523587.148765802,8,3.949645026,-5.063145157,1.503822744
1734523587.148765802,9,-9.973961733,-0.891723361,1.504001386
1734523587.208765745,0,0.537865446,-0.075638837,1.504591669
1734523587.208765745,1,5.508221908,-0.063533711,1.504528663
1734523587.208765745,2,0.024299183,5.876316389,1.503987098
1734523587.208765745,3,0.082650779,-6.239956227,1.504147334
1734523587.208765745,4,-4.396879530,-0.488729923,1.504041360
1734523587.208765745,5,4.016812008,5.224323207,1.502620513
1734523587.208765745,6,-3.506387608,-4.667818312,1.503959307
1734523587.208765745,7,-3.995069199,5.226374687,1.502769971
1734523587.208765745,8,3.949645026,-5.063145157,1.503822744
1734523587.208765745,9,-9.973961733,-0.891723361,1.504001386
1734523587.278765678,0,0.554234428,-0.076014758,1.504600032
1734523587.278765678,1,5.533410327,-0.063474430,1.504536849
1734523587.278765678,2,0.025380114,5.912836145,1.504001117
1734523587.278765678,3,0.082548452,-6.280323704,1.504154986
1734523587.278765678,4,-4.399212575,-0.491427222,1.504057664
1734523587.278765678,5,4.017737066,5.253233858,1.502643859
1734523587.278765678,6,-3.495799266,-4.681083895,1.503970690
1734523587.278765678,7,-3.994769573,5.250989483,1.502710901
1734523587.278765678,8,3.948480244,-5.084060762,1.503829291
1734523587.278765678,9,-10.011512028,-0.908058840,1.503978464
1734523587.338765860,0,0.554234428,-0.076014758,1.504600032
1734523587.338765860,1,5.533410327,-0.063474430,1.504536849
1734523587.338765860,2,0.025380114,5.912836145,1.504001117
1734523587.338765860,3,0.082548452,-6.280323704,1.504154986
1734523587.338765860,4,-4.399212575,-0.491427222,1.504057664
1734523587.338765860,5,4.017737066,5.253233858,1.502643859
1734523587.338765860,6,-3.495799266,-4.681083895,1.503970690
1734523587.338765860,7,-3.994769573,5.250989483,1.502710901
1734523587.338765860,8,3.948480244,-5.084060762,1.503829291
1734523587.338765860,9,-10.011512028,-0.908058840,1.503978464
1734523587.408765793,0,0.554234428,-0.076014758,1.504600032
1734523587.408765793,1,5.533410327,-0.063474430,1.504536849
1734523587.408765793,2,0.025380114,5.912836145,1.504001117
1734523587.408765793,3,0.082548452,-6.280323704,1.504154986
1734523587.408765793,4,-4.399212575,-0.491427222,1.504057664
1734523587.408765793,5,4.017737066,5.253233858,1.502643859
1734523587.408765793,6,-3.495799266,-4.681083895,1.503970690
1734523587.408765793,7,-3.994769573,5.250989483,1.502710901
1734523587.408765793,8,3.948480244,-5.084060762,1.503829291
1734523587.408765793,9,-10.011512028,-0.908058840,1.503978464
1734523587.468765736,0,0.554234428,-0.076014758,1.504600032
1734523587.468765736,1,5.533410327,-0.063474430,1.504536849
1734523587.468765736,2,0.025380114,5.912836145,1.504001117
1734523587.468765736,3,0.082548452,-6.280323704,1.504154986
1734523587.468765736,4,-4.399212575,-0.491427222,1.504057664
1734523587.468765736,5,4.017737066,5.253233858,1.502643859
1734523587.468765736,6,-3.495799266,-4.681083895,1.503970690
1734523587.468765736,7,-3.994769573,5.250989483,1.502710901
1734523587.468765736,8,3.948480244,-5.084060762,1.503829291
1734523587.468765736,9,-10.011512028,-0.908058840,1.503978464
1734523587.528765678,0,0.554234428,-0.076014758,1.504600032
1734523587.528765678,1,5.533410327,-0.063474430,1.504536849
1734523587.528765678,2,0.025380114,5.912836145,1.504001117
1734523587.528765678,3,0.082548452,-6.280323704,1.504154986
1734523587.528765678,4,-4.399212575,-0.491427222,1.504057664
1734523587.528765678,5,4.017737066,5.253233858,1.502643859
1734523587.528765678,6,-3.495799266,-4.681083895,1.503970690
1734523587.528765678,7,-3.994769573,5.250989483,1.502710901
1734523587.528765678,8,3.948480244,-5.084060762,1.503829291
1734523587.528765678,9,-10.011512028,-0.908058840,1.503978464
1734523587.598765850,0,0.554234428,-0.076014758,1.504600032
1734523587.598765850,1,5.533410327,-0.063474430,1.504536849
1734523587.598765850,2,0.025380114,5.912836145,1.504001117
1734523587.598765850,3,0.082548452,-6.280323704,1.504154986
1734523587.598765850,4,-4.399212575,-0.491427222,1.504057664
1734523587.598765850,5,4.017737066,5.253233858,1.502643859
1734523587.598765850,6,-3.495799266,-4.681083895,1.503970690
1734523587.598765850,7,-3.994769573,5.250989483,1.502710901
1734523587.598765850,8,3.948480244,-5.084060762,1.503829291
1734523587.598765850,9,-10.011512028,-0.908058840,1.503978464
1734523587.658765793,0,0.554234428,-0.076014758,1.504600032
1734523587.658765793,1,5.533410327,-0.063474430,1.504536849
1734523587.658765793,2,0.025380114,5.912836145,1.504001117
1734523587.658765793,3,0.082548452,-6.280323704,1.504154986
1734523587.658765793,4,-4.399212575,-0.491427222,1.504057664
1734523587.658765793,5,4.017737066,5.253233858,1.502643859
1734523587.658765793,6,-3.495799266,-4.681083895,1.503970690
1734523587.658765793,7,-3.994769573,5.250989483,1.502710901
1734523587.658765793,8,3.948480244,-5.084060762,1.503829291
1734523587.658765793,9,-10.011512028,-0.908058840,1.503978464
1734523587.718765736,0,0.554234428,-0.076014758,1.504600032
1734523587.718765736,1,5.533410327,-0.063474430,1.504536849
1734523587.718765736,2,0.025380114,5.912836145,1.504001117
1734523587.718765736,3,0.082548452,-6.280323704,1.504154986
1734523587.718765736,4,-4.399212575,-0.491427222,1.504057664
1734523587.718765736,5,4.017737066,5.253233858,1.502643859
1734523587.718765736,6,-3.495799266,-4.681083895,1.503970690
1734523587.718765736,7,-3.994769573,5.250989483,1.502710901
1734523587.718765736,8,3.948480244,-5.084060762,1.503829291
1734523587.718765736,9,-10.011512028,-0.908058840,1.503978464
1734523587.788765669,0,0.554234428,-0.076014758,1.504600032
1734523587.788765669,1,5.533410327,-0.063474430,1.504536849
1734523587.788765669,2,0.025380114,5.912836145,1.504001117
1734523587.788765669,3,0.082548452,-6.280323704,1.504154986
1734523587.788765669,4,-4.399212575,-0.491427222,1.504057664
1734523587.788765669,5,4.017737066,5.253233858,1.502643859
1734523587.788765669,6,-3.495799266,-4.681083895,1.503970690
1734523587.788765669,7,-3.994769573,5.250989483,1.502710901
1734523587.788765669,8,3.948480244,-5.084060762,1.503829291
1734523587.788765669,9,-10.011512028,-0.908058840,1.503978464
1734523587.848765850,0,0.554234428,-0.076014758,1.504600032
1734523587.848765850,1,5.533410327,-0.063474430,1.504536849
1734523587.848765850,2,0.025380114,5.912836145,1.504001117
1734523587.848765850,3,0.082548452,-6.280323704,1.504154986
1734523587.848765850,4,-4.399212575,-0.491427222,1.504057664
1734523587.848765850,5,4.017737066,5.253233858,1.502643859
1734523587.848765850,6,-3.495799266,-4.681083895,1.503970690
1734523587.848765850,7,-3.994769573,5.250989483,1.502710901
1734523587.848765850,8,3.948480244,-5.084060762,1.503829291
1734523587.848765850,9,-10.011512028,-0.908058840,1.503978464
1734523587.918765783,0,0.568664339,-0.077022120,1.504607446
1734523587.918765783,1,5.563538535,-0.064239662,1.504546843
1734523587.918765783,2,0.025365330,5.945248852,1.504002477
1734523587.918765783,3,0.084141116,-6.315622018,1.504158323
1734523587.918765783,4,-4.404421669,-0.497284125,1.504091004
1734523587.918765783,5,4.018031723,5.281710568,1.502675451
1734523587.918765783,6,-3.483982963,-4.696055972,1.503986533
1734523587.918765783,7,-3.994339678,5.288235099,1.502664928
1734523587.918765783,8,3.947438752,-5.109513485,1.503839891
1734523587.918765783,9,-10.068417984,-0.932781583,1.503975910
1734523587.978765726,0,0.568664339,-0.077022120,1.504607446
1734523587.978765726,1,5.563538535,-0.064239662,1.504546843
1734523587.978765726,2,0.025365330,5.945248852,1.504002477
1734523587.978765726,3,0.084141116,-6.315622018,1.504158323
1734523587.978765726,4,-4.406677788,-0.499852655,1.504104566
1734523587.978765726,5,4.018031723,5.281710568,1.502675451
1734523587.978765726,6,-3.483982963,-4.696055972,1.503986533
1734523587.978765726,7,-3.994339678,5.288235099,1.502664928
1734523587.978765726,8,3.947438752,-5.109513485,1.503839891
1734523587.978765726,9,-10.068417984,-0.932781583,1.503975910
1734523588.038765669,0,0.568664339,-0.077022120,1.504607446
1734523588.038765669,1,5.563538535,-0.064239662,1.504546843
1734523588.038765669,2,0.025365330,5.945248852,1.504002477
1734523588.038765669,3,0.084141116,-6.315622018,1.504158323
1734523588.038765669,4,-4.406677788,-0.499852655,1.504104566
1734523588.038765669,5,4.018031723,5.281710568,1.502675451
1734523588.038765669,6,-3.483982963,-4.696055972,1.503986533
1734523588.038765669,7,-3.994339678,5.288235099,1.502664928
1734523588.038765669,8,3.947438752,-5.109513485,1.503839891
1734523588.038765669,9,-10.068417984,-0.932781583,1.503975910
1734523588.098765850,0,0.568664339,-0.077022120,1.504607446
1734523588.098765850,1,5.563538535,-0.064239662,1.504546843
1734523588.098765850,2,0.025365330,5.945248852,1.504002477
1734523588.098765850,3,0.084141116,-6.315622018,1.504158323
1734523588.098765850,4,-4.406677788,-0.499852655,1.504104566
1734523588.098765850,5,4.018031723,5.281710568,1.502675451
1734523588.098765850,6,-3.483982963,-4.696055972,1.503986533
1734523588.098765850,7,-3.994339678,5.288235099,1.502664928
1734523588.098765850,8,3.947438752,-5.109513485,1.503839891
1734523588.098765850,9,-10.068417984,-0.932781583,1.503975910
1734523588.168765783,0,0.568664339,-0.077022120,1.504607446
1734523588.168765783,1,5.563538535,-0.064239662,1.504546843
1734523588.168765783,2,0.025365330,5.945248852,1.504002477
1734523588.168765783,3,0.084141116,-6.315622018,1.504158323
1734523588.168765783,4,-4.406677788,-0.499852655,1.504104566
1734523588.168765783,5,4.018031723,5.281710568,1.502675451
1734523588.168765783,6,-3.483982963,-4.696055972,1.503986533
1734523588.168765783,7,-3.994339678,5.288235099,1.502664928
1734523588.168765783,8,3.947438752,-5.109513485,1.503839891
1734523588.168765783,9,-10.068417984,-0.932781583,1.503975910
1734523588.228765726,0,0.568664339,-0.077022120,1.504607446
1734523588.228765726,1,5.563538535,-0.064239662,1.504546843
1734523588.228765726,2,0.025365330,5.945248852,1.504002477
1734523588.228765726,3,0.084141116,-6.315622018,1.504158323
1734523588.228765726,4,-4.406677788,-0.499852655,1.504104566
1734523588.228765726,5,4.018031723,5.281710568,1.502675451
1734523588.228765726,6,-3.483982963,-4.696055972,1.503986533
1734523588.228765726,7,-3.994339678,5.288235099,1.502664928
1734523588.228765726,8,3.947438752,-5.109513485,1.503839891
1734523588.228765726,9,-10.068417984,-0.932781583,1.503975910
1734523588.288765669,0,0.568664339,-0.077022120,1.504607446
1734523588.288765669,1,5.563538535,-0.064239662,1.504546843
1734523588.288765669,2,0.025365330,5.945248852,1.504002477
1734523588.288765669,3,0.084141116,-6.315622018,1.504158323
1734523588.288765669,4,-4.406677788,-0.499852655,1.504104566
1734523588.288765669,5,4.018031723,5.281710568,1.502675451
1734523588.288765669,6,-3.483982963,-4.696055972,1.503986533
1734523588.288765669,7,-3.994339678,5.288235099,1.502664928
1734523588.288765669,8,3.947438752,-5.109513485,1.503839891
1734523588.288765669,9,-10.068417984,-0.932781583,1.503975910
1734523588.358765841,0,0.568664339,-0.077022120,1.504607446
1734523588.358765841,1,5.563538535,-0.064239662,1.504546843
1734523588.358765841,2,0.025365330,5.945248852,1.504002477
1734523588.358765841,3,0.084141116,-6.315622018,1.504158323
1734523588.358765841,4,-4.406677788,-0.499852655,1.504104566
1734523588.358765841,5,4.018031723,5.281710568,1.502675451
1734523588.358765841,6,-3.483982963,-4.696055972,1.503986533
1734523588.358765841,7,-3.994339678,5.288235099,1.502664928
1734523588.358765841,8,3.947438752,-5.109513485,1.503839891
1734523588.358765841,9,-10.068417984,-0.932781583,1.503975910
1734523588.418765783,0,0.568664339,-0.077022120,1.504607446
1734523588.418765783,1,5.563538535,-0.064239662,1.504546843
1734523588.418765783,2,0.025365330,5.945248852,1.504002477
1734523588.418765783,3,0.084141116,-6.315622018,1.504158323
1734523588.418765783,4,-4.406677788,-0.499852655,1.504104566
1734523588.418765783,5,4.018031723,5.281710568,1.502675451
1734523588.418765783,6,-3.483982963,-4.696055972,1.503986533
1734523588.418765783,7,-3.994339678,5.288235099,1.502664928
1734523588.418765783,8,3.947438752,-5.109513485,1.503839891
1734523588.418765783,9,-10.068417984,-0.932781583,1.503975910
1734523588.478765726,0,0.568664339,-0.077022120,1.504607446
1734523588.478765726,1,5.563538535,-0.064239662,1.504546843
1734523588.478765726,2,0.025365330,5.945248852,1.504002477
1734523588.478765726,3,0.084141116,-6.315622018,1.504158323
1734523588.478765726,4,-4.406677788,-0.499852655,1.504104566
1734523588.478765726,5,4.018031723,5.281710568,1.502675451
1734523588.478765726,6,-3.483982963,-4.696055972,1.503986533
1734523588.478765726,7,-3.994339678,5.288235099,1.502664928
1734523588.478765726,8,3.947438752,-5.109513485,1.503839891
1734523588.478765726,9,-10.068417984,-0.932781583,1.503975910
1734523588.538765669,0,0.583532976,-0.077768202,1.504615060
1734523588.538765669,1,5.588346890,-0.064921557,1.504551288
1734523588.538765669,2,0.025377772,5.974586252,1.504007888
1734523588.538765669,3,0.085042917,-6.351746676,1.504166052
1734523588.538765669,4,-4.410738679,-0.504471456,1.504126754
1734523588.538765669,5,4.018684048,5.307925780,1.502713729
1734523588.538765669,6,-3.471914481,-4.711119057,1.503999645
1734523588.538765669,7,-3.994201486,5.300741795,1.502660710
1734523588.538765669,8,3.946449987,-5.130739311,1.503845714
1734523588.538765669,9,-10.087551862,-0.941084352,1.503981302
1734523588.608765841,0,0.583532976,-0.077768202,1.504615060
1734523588.608765841,1,5.588346890,-0.064921557,1.504551288
1734523588.608765841,2,0.025377772,5.974586252,1.504007888
1734523588.608765841,3,0.085042917,-6.351746676,1.504166052
1734523588.608765841,4,-4.410738679,-0.504471456,1.504126754
1734523588.608765841,5,4.018684048,5.307925780,1.502713729
1734523588.608765841,6,-3.471914481,-4.711119057,1.503999645
1734523588.608765841,7,-3.994201486,5.300741795,1.502660710
1734523588.608765841,8,3.946449987,-5.130739311,1.503845714
1734523588.608765841,9,-10.087551862,-0.941084352,1.503981302
1734523588.668765783,0,0.583532976,-0.077768202,1.504615060
1734523588.668765783,1,5.588346890,-0.064921557,1.504551288
1734523588.668765783,2,0.025377772,5.974586252,1.504007888
1734523588.668765783,3,0.085042917,-6.351746676,1.504166052
1734523588.668765783,4,-4.410738679,-0.504471456,1.504126754
1734523588.668765783,5,4.018684048,5.307925780,1.502713729
1734523588.668765783,6,-3.471914481,-4.711119057,1.503999645
1734523588.668765783,7,-3.994201486,5.300741795,1.502660710
1734523588.668765783,8,3.946449987,-5.130739311,1.503845714
1734523588.668765783,9,-10.087551862,-0.941084352,1.503981302
1734523588.728765726,0,0.583532976,-0.077768202,1.504615060
1734523588.728765726,1,5.588346890,-0.064921557,1.504551288
1734523588.728765726,2,0.025377772,5.974586252,1.504007888
1734523588.728765726,3,0.085042917,-6.351746676,1.504166052
1734523588.728765726,4,-4.410738679,-0.504471456,1.504126754
1734523588.728765726,5,4.018684048,5.307925780,1.502713729
1734523588.728765726,6,-3.471914481,-4.711119057,1.503999645
1734523588.728765726,7,-3.994201486,5.300741795,1.502660710
1734523588.728765726,8,3.946449987,-5.130739311,1.503845714
1734523588.728765726,9,-10.087551862,-0.941084352,1.503981302
1734523588.788765669,0,0.583532976,-0.077768202,1.504615060
1734523588.788765669,1,5.588346890,-0.064921557,1.504551288
1734523588.788765669,2,0.025377772,5.974586252,1.504007888
1734523588.788765669,3,0.085042917,-6.351746676,1.504166052
1734523588.788765669,4,-4.410738679,-0.504471456,1.504126754
1734523588.788765669,5,4.018684048,5.307925780,1.502713729
1734523588.788765669,6,-3.471914481,-4.711119057,1.503999645
1734523588.788765669,7,-3.994201486,5.300741795,1.502660710
1734523588.788765669,8,3.946449987,-5.130739311,1.503845714
1734523588.788765669,9,-10.087551862,-0.941084352,1.503981302
1734523588.848765850,0,0.583532976,-0.077768202,1.504615060
1734523588.848765850,1,5.588346890,-0.064921557,1.504551288
1734523588.848765850,2,0.025377772,5.974586252,1.504007888
1734523588.848765850,3,0.085042917,-6.351746676,1.504166052
1734523588.848765850,4,-4.410738679,-0.504471456,1.504126754
1734523588.848765850,5,4.018684048,5.307925780,1.502713729
1734523588.848765850,6,-3.471914481,-4.711119057,1.503999645
1734523588.848765850,7,-3.994201486,5.300741795,1.502660710
1734523588.848765850,8,3.946449987,-5.130739311,1.503845714
1734523588.848765850,9,-10.087551862,-0.941084352,1.503981302
1734523588.908765793,0,0.583532976,-0.077768202,1.504615060
1734523588.908765793,1,5.588346890,-0.064921557,1.504551288
1734523588.908765793,2,0.025377772,5.974586252,1.504007888
1734523588.908765793,3,0.085042917,-6.351746676,1.504166052
1734523588.908765793,4,-4.410738679,-0.504471456,1.504126754
1734523588.908765793,5,4.018684048,5.307925780,1.502713729
1734523588.908765793,6,-3.471914481,-4.711119057,1.503999645
1734523588.908765793,7,-3.994201486,5.300741795,1.502660710
1734523588.908765793,8,3.946449987,-5.130739311,1.503845714
1734523588.908765793,9,-10.087551862,-0.941084352,1.503981302
1734523588.978765726,0,0.583532976,-0.077768202,1.504615060
1734523588.978765726,1,5.588346890,-0.064921557,1.504551288
1734523588.978765726,2,0.025377772,5.974586252,1.504007888
1734523588.978765726,3,0.085042917,-6.351746676,1.504166052
1734523588.978765726,4,-4.410738679,-0.504471456,1.504126754
1734523588.978765726,5,4.018684048,5.307925780,1.502713729
1734523588.978765726,6,-3.471914481,-4.711119057,1.503999645
1734523588.978765726,7,-3.994201486,5.300741795,1.502660710
1734523588.978765726,8,3.946449987,-5.130739311,1.503845714
1734523588.978765726,9,-10.087551862,-0.941084352,1.503981302
1734523589.038765669,0,0.583532976,-0.077768202,1.504615060
1734523589.038765669,1,5.588346890,-0.064921557,1.504551288
1734523589.038765669,2,0.025377772,5.974586252,1.504007888
1734523589.038765669,3,0.085042917,-6.351746676,1.504166052
1734523589.038765669,4,-4.410738679,-0.504471456,1.504126754
1734523589.038765669,5,4.018684048,5.307925780,1.502713729
1734523589.038765669,6,-3.471914481,-4.711119057,1.503999645
1734523589.038765669,7,-3.994201486,5.300741795,1.502660710
1734523589.038765669,8,3.946449987,-5.130739311,1.503845714
1734523589.038765669,9,-10.087551862,-0.941084352,1.503981302
1734523589.108765841,0,0.583532976,-0.077768202,1.504615060
1734523589.108765841,1,5.588346890,-0.064921557,1.504551288
1734523589.108765841,2,0.025377772,5.974586252,1.504007888
1734523589.108765841,3,0.085042917,-6.351746676,1.504166052
1734523589.108765841,4,-4.410738679,-0.504471456,1.504126754
1734523589.108765841,5,4.018684048,5.307925780,1.502713729
1734523589.108765841,6,-3.471914481,-4.711119057,1.503999645
1734523589.108765841,7,-3.994201486,5.300741795,1.502660710
1734523589.108765841,8,3.946449987,-5.130739311,1.503845714
1734523589.108765841,9,-10.087551862,-0.941084352,1.503981302
1734523589.168765783,0,0.598134906,-0.078945741,1.504624162
1734523589.168765783,1,5.619491241,-0.065098746,1.504562643
1734523589.168765783,2,0.026075530,6.011288574,1.504019311
1734523589.168765783,3,0.087005592,-6.387006459,1.504176636
1734523589.168765783,4,-4.415770553,-0.510177294,1.504150306
1734523589.168765783,5,4.018839204,5.339543240,1.502768918
1734523589.168765783,6,-3.459768755,-4.726422138,1.504014386
1734523589.168765783,7,-3.993799172,5.338552358,1.502671212
1734523589.168765783,8,3.945605242,-5.156293562,1.503854089
1734523589.168765783,9,-10.145241638,-0.965901389,1.504017439
1734523589.238765717,0,0.598134906,-0.078945741,1.504624162
1734523589.238765717,1,5.619491241,-0.065098746,1.504562643
1734523589.238765717,2,0.026075530,6.011288574,1.504019311
1734523589.238765717,3,0.087005592,-6.387006459,1.504176636
1734523589.238765717,4,-4.415770553,-0.510177294,1.504150306
1734523589.238765717,5,4.018839204,5.339543240,1.502768918
1734523589.238765717,6,-3.459768755,-4.726422138,1.504014386
1734523589.238765717,7,-3.993799172,5.338552358,1.502671212
1734523589.238765717,8,3.945605242,-5.156293562,1.503854089
1734523589.238765717,9,-10.145241638,-0.965901389,1.504017439
1734523589.298765659,0,0.598134906,-0.078945741,1.504624162
1734523589.298765659,1,5.619491241,-0.065098746,1.504562643
1734523589.298765659,2,0.026075530,6.011288574,1.504019311
1734523589.298765659,3,0.087005592,-6.387006459,1.504176636
1734523589.298765659,4,-4.415770553,-0.510177294,1.504150306
1734523589.298765659,5,4.018839204,5.339543240,1.502768918
1734523589.298765659,6,-3.459768755,-4.726422138,1.504014386
1734523589.298765659,7,-3.993799172,5.338552358,1.502671212
1734523589.298765659,8,3.945605242,-5.156293562,1.503854089
1734523589.298765659,9,-10.145241638,-0.965901389,1.504017439
1734523589.358765841,0,0.598134906,-0.078945741,1.504624162
1734523589.358765841,1,5.619491241,-0.065098746,1.504562643
1734523589.358765841,2,0.026075530,6.011288574,1.504019311
1734523589.358765841,3,0.087005592,-6.387006459,1.504176636
1734523589.358765841,4,-4.415770553,-0.510177294,1.504150306
1734523589.358765841,5,4.018839204,5.339543240,1.502768918
1734523589.358765841,6,-3.459768755,-4.726422138,1.504014386
1734523589.358765841,7,-3.993799172,5.338552358,1.502671212
1734523589.358765841,8,3.945605242,-5.156293562,1.503854089
1734523589.358765841,9,-10.145241638,-0.965901389,1.504017439
1734523589.428765774,0,0.598134906,-0.078945741,1.504624162
1734523589.428765774,1,5.619491241,-0.065098746,1.504562643
1734523589.428765774,2,0.026075530,6.011288574,1.504019311
1734523589.428765774,3,0.087005592,-6.387006459,1.504176636
1734523589.428765774,4,-4.415770553,-0.510177294,1.504150306
1734523589.428765774,5,4.018839204,5.339543240,1.502768918
1734523589.428765774,6,-3.459768755,-4.726422138,1.504014386
1734523589.428765774,7,-3.993799172,5.338552358,1.502671212
1734523589.428765774,8,3.945605242,-5.156293562,1.503854089
1734523589.428765774,9,-10.145241638,-0.965901389,1.504017439
1734523589.488765717,0,0.598134906,-0.078945741,1.504624162
1734523589.488765717,1,5.619491241,-0.065098746,1.504562643
1734523589.488765717,2,0.026075530,6.011288574,1.504019311
1734523589.488765717,3,0.087005592,-6.387006459,1.504176636
1734523589.488765717,4,-4.415770553,-0.510177294,1.504150306
1734523589.488765717,5,4.018839204,5.339543240,1.502768918
1734523589.488765717,6,-3.459768755,-4.726422138,1.504014386
1734523589.488765717,7,-3.993799172,5.338552358,1.502671212
1734523589.488765717,8,3.945605242,-5.156293562,1.503854089
1734523589.488765717,9,-10.145241638,-0.965901389,1.504017439
1734523589.558765650,0,0.598134906,-0.078945741,1.504624162
1734523589.558765650,1,5.619491241,-0.065098746,1.504562643
1734523589.558765650,2,0.026075530,6.011288574,1.504019311
1734523589.558765650,3,0.087005592,-6.387006459,1.504176636
1734523589.558765650,4,-4.415770553,-0.510177294,1.504150306
1734523589.558765650,5,4.018839204,5.339543240,1.502768918
1734523589.558765650,6,-3.459768755,-4.726422138,1.504014386
1734523589.558765650,7,-3.993799172,5.338552358,1.502671212
1734523589.558765650,8,3.945605242,-5.156293562,1.503854089
1734523589.558765650,9,-10.145241638,-0.965901389,1.504017439
1734523589.628765821,0,0.598134906,-0.078945741,1.504624162
1734523589.628765821,1,5.619491241,-0.065098746,1.504562643
1734523589.628765821,2,0.026075530,6.011288574,1.504019311
1734523589.628765821,3,0.087005592,-6.387006459,1.504176636
1734523589.628765821,4,-4.415770553,-0.510177294,1.504150306
1734523589.628765821,5,4.018839204,5.339543240,1.502768918
1734523589.628765821,6,-3.459768755,-4.726422138,1.504014386
1734523589.628765821,7,-3.993799172,5.338552358,1.502671212
1734523589.628765821,8,3.945605242,-5.156293562,1.503854089
1734523589.628765821,9,-10.145241638,-0.965901389,1.504017439
1734523589.688765764,0,0.598134906,-0.078945741,1.504624162
1734523589.688765764,1,5.619491241,-0.065098746,1.504562643
1734523589.688765764,2,0.026075530,6.011288574,1.504019311
1734523589.688765764,3,0.087005592,-6.387006459,1.504176636
1734523589.688765764,4,-4.415770553,-0.510177294,1.504150306
1734523589.688765764,5,4.018839204,5.339543240,1.502768918
1734523589.688765764,6,-3.459768755,-4.726422138,1.504014386
1734523589.688765764,7,-3.993799172,5.338552358,1.502671212
1734523589.688765764,8,3.945605242,-5.156293562,1.503854089
1734523589.688765764,9,-10.145241638,-0.965901389,1.504017439
1734523589.748765707,0,0.598134906,-0.078945741,1.504624162
1734523589.748765707,1,5.619491241,-0.065098746,1.504562643
1734523589.748765707,2,0.026075530,6.011288574,1.504019311
1734523589.748765707,3,0.087005592,-6.387006459,1.504176636
1734523589.748765707,4,-4.415770553,-0.510177294,1.504150306
1734523589.748765707,5,4.018839204,5.339543240,1.502768918
1734523589.748765707,6,-3.459768755,-4.726422138,1.504014386
1734523589.748765707,7,-3.993799172,5.338552358,1.502671212
1734523589.748765707,8,3.945605242,-5.156293562,1.503854089
1734523589.748765707,9,-10.145241638,-0.965901389,1.504017439
1734523589.808765650,0,0.610956237,-0.080469378,1.504632198
1734523589.808765650,1,5.647334020,-0.065960429,1.504567774
1734523589.808765650,2,0.025827981,6.040704696,1.504024030
1734523589.808765650,3,0.089916505,-6.417835163,1.504185178
1734523589.808765650,4,-4.419670791,-0.514624174,1.504166141
1734523589.808765650,5,4.018778842,5.368340098,1.502813289
1734523589.808765650,6,-3.446263834,-4.743464255,1.504029597
1734523589.808765650,7,-3.993668809,5.351255505,1.502682286
1734523589.808765650,8,3.944242038,-5.180894176,1.503863585
1734523589.808765650,9,-10.165061803,-0.974619981,1.504033198
1734523589.868765831,0,0.610956237,-0.080469378,1.504632198
1734523589.868765831,1,5.647334020,-0.065960429,1.504567774
1734523589.868765831,2,0.025827981,6.040704696,1.504024030
1734523589.868765831,3,0.089916505,-6.417835163,1.504185178
1734523589.868765831,4,-4.419670791,-0.514624174,1.504166141
1734523589.868765831,5,4.018778842,5.368340098,1.502813289
1734523589.868765831,6,-3.446263834,-4.743464255,1.504029597
1734523589.868765831,7,-3.993668809,5.351255505,1.502682286
1734523589.868765831,8,3.944242038,-5.180894176,1.503863585
1734523589.868765831,9,-10.165061803,-0.974619981,1.504033198
1734523589.928765774,0,0.610956237,-0.080469378,1.504632198
1734523589.928765774,1,5.647334020,-0.065960429,1.504567774
1734523589.928765774,2,0.025827981,6.040704696,1.504024030
1734523589.928765774,3,0.089916505,-6.417835163,1.504185178
1734523589.928765774,4,-4.419670791,-0.514624174,1.504166141
1734523589.928765774,5,4.018778842,5.368340098,1.502813289
1734523589.928765774,6,-3.446263834,-4.743464255,1.504029597
1734523589.928765774,7,-3.993668809,5.351255505,1.502682286
1734523589.928765774,8,3.944242038,-5.180894176,1.503863585
1734523589.928765774,9,-10.165061803,-0.974619981,1.504033198
1734523589.988765717,0,0.610956237,-0.080469378,1.504632198
1734523589.988765717,1,5.647334020,-0.065960429,1.504567774
1734523589.988765717,2,0.025827981,6.040704696,1.504024030
1734523589.988765717,3,0.089916505,-6.417835163,1.504185178
1734523589.988765717,4,-4.419670791,-0.514624174,1.504166141
1734523589.988765717,5,4.018778842,5.368340098,1.502813289
1734523589.988765717,6,-3.446263834,-4.743464255,1.504029597
1734523589.988765717,7,-3.993668809,5.351255505,1.502682286
1734523589.988765717,8,3.944242038,-5.180894176,1.503863585
1734523589.988765717,9,-10.165061803,-0.974619981,1.504033198
1734523590.058765650,0,0.610956237,-0.080469378,1.504632198
1734523590.058765650,1,5.647334020,-0.065960429,1.504567774
1734523590.058765650,2,0.025827981,6.040704696,1.504024030
1734523590.058765650,3,0.089916505,-6.417835163,1.504185178
1734523590.058765650,4,-4.419670791,-0.514624174,1.504166141
1734523590.058765650,5,4.018778842,5.368340098,1.502813289
1734523590.058765650,6,-3.446263834,-4.743464255,1.504029597
1734523590.058765650,7,-3.993668809,5.351255505,1.502682286
1734523590.058765650,8,3.944242038,-5.180894176,1.503863585
1734523590.058765650,9,-10.165061803,-0.974619981,1.504033198
1734523590.118765831,0,0.610956237,-0.080469378,1.504632198
1734523590.118765831,1,5.647334020,-0.065960429,1.504567774
1734523590.118765831,2,0.025827981,6.040704696,1.504024030
1734523590.118765831,3,0.089916505,-6.417835163,1.504185178
1734523590.118765831,4,-4.419670791,-0.514624174,1.504166141
1734523590.118765831,5,4.018778842,5.368340098,1.502813289
1734523590.118765831,6,-3.446263834,-4.743464255,1.504029597
1734523590.118765831,7,-3.993668809,5.351255505,1.502682286
1734523590.118765831,8,3.944242038,-5.180894176,1.503863585
1734523590.118765831,9,-10.165061803,-0.974619981,1.504033198
1734523590.178765774,0,0.610956237,-0.080469378,1.504632198
1734523590.178765774,1,5.647334020,-0.065960429,1.504567774
1734523590.178765774,2,0.025827981,6.040704696,1.504024030
1734523590.178765774,3,0.089916505,-6.417835163,1.504185178
1734523590.178765774,4,-4.419670791,-0.514624174,1.504166141
1734523590.178765774,5,4.018778842,5.368340098,1.502813289
1734523590.178765774,6,-3.446263834,-4.743464255,1.504029597
1734523590.178765774,7,-3.993668809,5.351255505,1.502682286
1734523590.178765774,8,3.944242038,-5.180894176,1.503863585
1734523590.178765774,9,-10.165061803,-0.974619981,1.504033198
1734523590.238765717,0,0.610956237,-0.080469378,1.504632198
1734523590.238765717,1,5.647334020,-0.065960429,1.504567774
1734523590.238765717,2,0.025827981,6.040704696,1.504024030
1734523590.238765717,3,0.089916505,-6.417835163,1.504185178
1734523590.238765717,4,-4.419670791,-0.514624174,1.504166141
1734523590.238765717,5,4.018778842,5.368340098,1.502813289
1734523590.238765717,6,-3.446263834,-4.743464255,1.504029597
1734523590.238765717,7,-3.993668809,5.351255505,1.502682286
1734523590.238765717,8,3.944242038,-5.180894176,1.503863585
1734523590.238765717,9,-10.165061803,-0.974619981,1.504033198
1734523590.308765650,0,0.610956237,-0.080469378,1.504632198
1734523590.308765650,1,5.647334020,-0.065960429,1.504567774
1734523590.308765650,2,0.025827981,6.040704696,1.504024030
1734523590.308765650,3,0.089916505,-6.417835163,1.504185178
1734523590.308765650,4,-4.419670791,-0.514624174,1.504166141
1734523590.308765650,5,4.018778842,5.368340098,1.502813289
1734523590.308765650,6,-3.446263834,-4.743464255,1.504029597
1734523590.308765650,7,-3.993668809,5.351255505,1.502682286
1734523590.308765650,8,3.944242038,-5.180894176,1.503863585
1734523590.308765650,9,-10.165061803,-0.974619981,1.504033198
1734523590.368765831,0,0.610956237,-0.080469378,1.504632198
1734523590.368765831,1,5.647334020,-0.065960429,1.504567774
1734523590.368765831,2,0.025827981,6.040704696,1.504024030
1734523590.368765831,3,0.089916505,-6.417835163,1.504185178
1734523590.368765831,4,-4.419670791,-0.514624174,1.504166141
1734523590.368765831,5,4.018778842,5.368340098,1.502813289
1734523590.368765831,6,-3.446263834,-4.743464255,1.504029597
1734523590.368765831,7,-3.993668809,5.351255505,1.502682286
1734523590.368765831,8,3.944242038,-5.180894176,1.503863585
1734523590.368765831,9,-10.165061803,-0.974619981,1.504033198
1734523590.428765774,0,0.628319810,-0.080894474,1.504640683
1734523590.428765774,1,5.673338031,-0.065957765,1.504574673
1734523590.428765774,2,0.026922849,6.078206379,1.504035071
1734523590.428765774,3,0.089817922,-6.459165113,1.504196636
1734523590.428765774,4,-4.421915148,-0.517170196,1.504173985
1734523590.428765774,5,4.019667703,5.398308225,1.502871446
1734523590.428765774,6,-3.435032553,-4.757527405,1.504041248
1734523590.428765774,7,-3.993412950,5.376819368,1.502713012
1734523590.428765774,8,3.943118421,-5.202900549,1.503870775
1734523590.428765774,9,-10.204687456,-0.991794909,1.504065601
1734523590.488765717,0,0.628319810,-0.080894474,1.504640683
1734523590.488765717,1,5.673338031,-0.065957765,1.504574673
1734523590.488765717,2,0.026922849,6.078206379,1.504035071
1734523590.488765717,3,0.089817922,-6.459165113,1.504196636
1734523590.488765717,4,-4.421915148,-0.517170196,1.504173985
1734523590.488765717,5,4.019667703,5.398308225,1.502871446
1734523590.488765717,6,-3.435032553,-4.757527405,1.504041248
1734523590.488765717,7,-3.993412950,5.376819368,1.502713012
1734523590.488765717,8,3.943118421,-5.202900549,1.503870775
1734523590.488765717,9,-10.204687456,-0.991794909,1.504065601
1734523590.548765659,0,0.628319810,-0.080894474,1.504640683
1734523590.548765659,1,5.673338031,-0.065957765,1.504574673
1734523590.548765659,2,0.026922849,6.078206379,1.504035071
1734523590.548765659,3,0.089817922,-6.459165113,1.504196636
1734523590.548765659,4,-4.421915148,-0.517170196,1.504173985
1734523590.548765659,5,4.019667703,5.398308225,1.502871446
1734523590.548765659,6,-3.435032553,-4.757527405,1.504041248
1734523590.548765659,7,-3.993412950,5.376819368,1.502713012
1734523590.548765659,8,3.943118421,-5.202900549,1.503870775
1734523590.548765659,9,-10.204687456,-0.991794909,1.504065601
1734523590.618765831,0,0.628319810,-0.080894474,1.504640683
1734523590.618765831,1,5.673338031,-0.065957765,1.504574673
1734523590.618765831,2,0.026922849,6.078206379,1.504035071
1734523590.618765831,3,0.089817922,-6.459165113,1.504196636
1734523590.618765831,4,-4.421915148,-0.517170196,1.504173985
1734523590.618765831,5,4.019667703,5.398308225,1.502871446
1734523590.618765831,6,-3.435032553,-4.757527405,1.504041248
1734523590.618765831,7,-3.993412950,5.376819368,1.502713012
1734523590.618765831,8,3.943118421,-5.202900549,1.503870775
1734523590.618765831,9,-10.204687456,-0.991794909,1.504065601
1734523590.688765764,0,0.628319810,-0.080894474,1.504640683
1734523590.688765764,1,5.673338031,-0.065957765,1.504574673
1734523590.688765764,2,0.026922849,6.078206379,1.504035071
1734523590.688765764,3,0.089817922,-6.459165113,1.504196636
1734523590.688765764,4,-4.421915148,-0.517170196,1.504173985
1734523590.688765764,5,4.019667703,5.398308225,1.502871446
1734523590.688765764,6,-3.435032553,-4.757527405,1.504041248
1734523590.688765764,7,-3.993412950,5.376819368,1.502713012
1734523590.688765764,8,3.943118421,-5.202900549,1.503870775
1734523590.688765764,9,-10.204687456,-0.991794909,1.504065601
1734523590.748765707,0,0.628319810,-0.080894474,1.504640683
1734523590.748765707,1,5.673338031,-0.065957765,1.504574673
1734523590.748765707,2,0.026922849,6.078206379,1.504035071
1734523590.748765707,3,0.089817922,-6.459165113,1.504196636
1734523590.748765707,4,-4.421915148,-0.517170196,1.504173985
1734523590.748765707,5,4.019667703,5.398308225,1.502871446
1734523590.748765707,6,-3.435032553,-4.757527405,1.504041248
1734523590.748765707,7,-3.993412950,5.376819368,1.502713012
1734523590.748765707,8,3.943118421,-5.202900549,1.503870775
1734523590.748765707,9,-10.204687456,-0.991794909,1.504065601
1734523590.808765650,0,0.628319810,-0.080894474,1.504640683
1734523590.808765650,1,5.673338031,-0.065957765,1.504574673
1734523590.808765650,2,0.026922849,6.078206379,1.504035071
1734523590.808765650,3,0.089817922,-6.459165113,1.504196636
1734523590.808765650,4,-4.421915148,-0.517170196,1.504173985
1734523590.808765650,5,4.019667703,5.398308225,1.502871446
1734523590.808765650,6,-3.435032553,-4.757527405,1.504041248
1734523590.808765650,7,-3.993412950,5.376819368,1.502713012
1734523590.808765650,8,3.943118421,-5.202900549,1.503870775
1734523590.808765650,9,-10.204687456,-0.991794909,1.504065601
1734523590.868765831,0,0.628319810,-0.080894474,1.504640683
1734523590.868765831,1,5.673338031,-0.065957765,1.504574673
1734523590.868765831,2,0.026922849,6.078206379,1.504035071
1734523590.868765831,3,0.089817922,-6.459165113,1.504196636
1734523590.868765831,4,-4.421915148,-0.517170196,1.504173985
1734523590.868765831,5,4.019667703,5.398308225,1.502871446
1734523590.868765831,6,-3.435032553,-4.757527405,1.504041248
1734523590.868765831,7,-3.993412950,5.376819368,1.502713012
1734523590.868765831,8,3.943118421,-5.202900549,1.503870775
1734523590.868765831,9,-10.204687456,-0.991794909,1.504065601
1734523590.938765764,0,0.628319810,-0.080894474,1.504640683
1734523590.938765764,1,5.673338031,-0.065957765,1.504574673
1734523590.938765764,2,0.026922849,6.078206379,1.504035071
1734523590.938765764,3,0.089817922,-6.459165113,1.504196636
1734523590.938765764,4,-4.421915148,-0.517170196,1.504173985
1734523590.938765764,5,4.019667703,5.398308225,1.502871446
1734523590.938765764,6,-3.435032553,-4.757527405,1.504041248
1734523590.938765764,7,-3.993412950,5.376819368,1.502713012
1734523590.938765764,8,3.943118421,-5.202900549,1.503870775
1734523590.938765764,9,-10.204687456,-0.991794909,1.504065601
1734523590.998765707,0,0.628319810,-0.080894474,1.504640683
1734523590.998765707,1,5.673338031,-0.065957765,1.504574673
1734523590.998765707,2,0.026922849,6.078206379,1.504035071
1734523590.998765707,3,0.089817922,-6.459165113,1.504196636
1734523590.998765707,4,-4.421915148,-0.517170196,1.504173985
1734523590.998765707,5,4.019667703,5.398308225,1.502871446
1734523590.998765707,6,-3.435032553,-4.757527405,1.504041248
1734523590.998765707,7,-3.993412950,5.376819368,1.502713012
1734523590.998765707,8,3.943118421,-5.202900549,1.503870775
1734523590.998765707,9,-10.204687456,-0.991794909,1.504065601
1734523591.058765650,0,0.643593382,-0.081977583,1.504647602
1734523591.058765650,1,5.704527613,-0.066731264,1.504584286
1734523591.058765650,2,0.026889616,6.111504192,1.504046322
1734523591.058765650,3,0.091446245,-6.495302136,1.504205290
1734523591.058765650,4,-4.426815189,-0.522728509,1.504188698
1734523591.058765650,5,4.019914791,5.427857721,1.502921693
1734523591.058765650,6,-3.422513665,-4.773381111,1.504057531
1734523591.058765650,7,-3.993037889,5.415559740,1.502775103
1734523591.058765650,8,3.942052978,-5.229729609,1.503883549
1734523591.058765650,9,-10.265243858,-1.018013255,1.504130251
1734523591.118765831,0,0.643593382,-0.081977583,1.504647602
1734523591.118765831,1,5.704527613,-0.066731264,1.504584286
1734523591.118765831,2,0.026889616,6.111504192,1.504046322
1734523591.118765831,3,0.091446245,-6.495302136,1.504205290
1734523591.118765831,4,-4.428953499,-0.525164365,1.504194244
1734523591.118765831,5,4.019914791,5.427857721,1.502921693
1734523591.118765831,6,-3.422513665,-4.773381111,1.504057531
1734523591.118765831,7,-3.993037889,5.415559740,1.502775103
1734523591.118765831,8,3.942052978,-5.229729609,1.503883549
1734523591.118765831,9,-10.265243858,-1.018013255,1.504130251
1734523591.178765774,0,0.643593382,-0.081977583,1.504647602
1734523591.178765774,1,5.704527613,-0.066731264,1.504584286
1734523591.178765774,2,0.026889616,6.111504192,1.504046322
1734523591.178765774,3,0.091446245,-6.495302136,1.504205290
1734523591.178765774,4,-4.428953499,-0.525164365,1.504194244
1734523591.178765774,5,4.019914791,5.427857721,1.502921693
1734523591.178765774,6,-3.422513665,-4.773381111,1.504057531
1734523591.178765774,7,-3.993037889,5.415559740,1.502775103
1734523591.178765774,8,3.942052978,-5.229729609,1.503883549
1734523591.178765774,9,-10.265243858,-1.018013255,1.504130251
1734523591.248765707,0,0.643593382,-0.081977583,1.504647602
1734523591.248765707,1,5.704527613,-0.066731264,1.504584286
1734523591.248765707,2,0.026889616,6.111504192,1.504046322
1734523591.248765707,3,0.091446245,-6.495302136,1.504205290
1734523591.248765707,4,-4.428953499,-0.525164365,1.504194244
1734523591.248765707,5,4.019914791,5.427857721,1.502921693
1734523591.248765707,6,-3.422513665,-4.773381111,1.504057531
1734523591.248765707,7,-3.993037889,5.415559740,1.502775103
1734523591.248765707,8,3.942052978,-5.229729609,1.503883549
1734523591.248765707,9,-10.265243858,-1.018013255,1.504130251
1734523591.308765650,0,0.643593382,-0.081977583,1.504647602
1734523591.308765650,1,5.704527613,-0.066731264,1.504584286
1734523591.308765650,2,0.026889616,6.111504192,1.504046322
1734523591.308765650,3,0.091446245,-6.495302136,1.504205290
1734523591.308765650,4,-4.428953499,-0.525164365,1.504194244
1734523591.308765650,5,4.019914791,5.427857721,1.502921693
1734523591.308765650,6,-3.422513665,-4.773381111,1.504057531
1734523591.308765650,7,-3.993037889,5.415559740,1.502775103
1734523591.308765650,8,3.942052978,-5.229729609,1.503883549
1734523591.308765650,9,-10.265243858,-1.018013255,1.504130251
1734523591.368765831,0,0.643593382,-0.081977583,1.504647602
1734523591.368765831,1,5.704527613,-0.066731264,1.504584286
1734523591.368765831,2,0.026889616,6.111504192,1.504046322
1734523591.368765831,3,0.091446245,-6.495302136,1.504205290
1734523591.368765831,4,-4.428953499,-0.525164365,1.504194244
1734523591.368765831,5,4.019914791,5.427857721,1.502921693
1734523591.368765831,6,-3.422513665,-4.773381111,1.504057531
1734523591.368765831,7,-3.993037889,5.415559740,1.502775103
1734523591.368765831,8,3.942052978,-5.229729609,1.503883549
1734523591.368765831,9,-10.265243858,-1.018013255,1.504130251
1734523591.428765774,0,0.643593382,-0.081977583,1.504647602
1734523591.428765774,1,5.704527613,-0.066731264,1.504584286
1734523591.428765774,2,0.026889616,6.111504192,1.504046322
1734523591.428765774,3,0.091446245,-6.495302136,1.504205290
1734523591.428765774,4,-4.428953499,-0.525164365,1.504194244
1734523591.428765774,5,4.019914791,5.427857721,1.502921693
1734523591.428765774,6,-3.422513665,-4.773381111,1.504057531
1734523591.428765774,7,-3.993037889,5.415559740,1.502775103
1734523591.428765774,8,3.942052978,-5.229729609,1.503883549
1734523591.428765774,9,-10.265243858,-1.018013255,1.504130251
1734523591.488765717,0,0.643593382,-0.081977583,1.504647602
1734523591.488765717,1,5.704527613,-0.066731264,1.504584286
1734523591.488765717,2,0.026889616,6.111504192,1.504046322
1734523591.488765717,3,0.091446245,-6.495302136,1.504205290
1734523591.488765717,4,-4.428953499,-0.525164365,1.504194244
1734523591.488765717,5,4.019914791,5.427857721,1.502921693
1734523591.488765717,6,-3.422513665,-4.773381111,1.504057531
1734523591.488765717,7,-3.993037889,5.415559740,1.502775103
1734523591.488765717,8,3.942052978,-5.229729609,1.503883549
1734523591.488765717,9,-10.265243858,-1.018013255,1.504130251
1734523591.558765650,0,0.643593382,-0.081977583,1.504647602
1734523591.558765650,1,5.704527613,-0.066731264,1.504584286
1734523591.558765650,2,0.026889616,6.111504192,1.504046322
1734523591.558765650,3,0.091446245,-6.495302136,1.504205290
1734523591.558765650,4,-4.428953499,-0.525164365,1.504194244
1734523591.558765650,5,4.019914791,5.427857721,1.502921693
1734523591.558765650,6,-3.422513665,-4.773381111,1.504057531
1734523591.558765650,7,-3.993037889,5.415559740,1.502775103
1734523591.558765650,8,3.942052978,-5.229729609,1.503883549
1734523591.558765650,9,-10.265243858,-1.018013255,1.504130251
1734523591.618765831,0,0.643593382,-0.081977583,1.504647602
1734523591.618765831,1,5.704527613,-0.066731264,1.504584286
1734523591.618765831,2,0.026889616,6.111504192,1.504046322
1734523591.618765831,3,0.091446245,-6.495302136,1.504205290
1734523591.618765831,4,-4.428953499,-0.525164365,1.504194244
1734523591.618765831,5,4.019914791,5.427857721,1.502921693
1734523591.618765831,6,-3.422513665,-4.773381111,1.504057531
1734523591.618765831,7,-3.993037889,5.415559740,1.502775103
1734523591.618765831,8,3.942052978,-5.229729609,1.503883549
1734523591.618765831,9,-10.265243858,-1.018013255,1.504130251
1734523591.678765774,0,0.659330272,-0.082782908,1.504654981
1734523591.678765774,1,5.730197044,-0.067431756,1.504587337
1734523591.678765774,2,0.026886028,6.141657168,1.504054199
1734523591.678765774,3,0.092371012,-6.532275081,1.504214964
1734523591.678765774,4,-4.432808595,-0.529552241,1.504202943
1734523591.678765774,5,4.020550647,5.455081393,1.502966256
1734523591.678765774,6,-3.409742039,-4.789314822,1.504070964
1734523591.678765774,7,-3.992915162,5.428580261,1.502793643
1734523591.678765774,8,3.941718092,-5.252605124,1.503891666
1734523591.678765774,9,-10.285744331,-1.026885490,1.504129529
1734523591.738765717,0,0.659330272,-0.082782908,1.504654981
1734523591.738765717,1,5.730197044,-0.067431756,1.504587337
1734523591.738765717,2,0.026886028,6.141657168,1.504054199
1734523591.738765717,3,0.092371012,-6.532275081,1.504214964
1734523591.738765717,4,-4.432808595,-0.529552241,1.504202943
1734523591.738765717,5,4.020550647,5.455081393,1.502966256
1734523591.738765717,6,-3.409742039,-4.789314822,1.504070964
1734523591.738765717,7,-3.992915162,5.428580261,1.502793643
1734523591.738765717,8,3.941718092,-5.252605124,1.503891666
1734523591.738765717,9,-10.285744331,-1.026885490,1.504129529
1734523591.808765650,0,0.659330272,-0.082782908,1.504654981
1734523591.808765650,1,5.730197044,-0.067431756,1.504587337
1734523591.808765650,2,0.026886028,6.141657168,1.504054199
1734523591.808765650,3,0.092371012,-6.532275081,1.504214964
1734523591.808765650,4,-4.432808595,-0.529552241,1.504202943
1734523591.808765650,5,4.020550647,5.455081393,1.502966256
1734523591.808765650,6,-3.409742039,-4.789314822,1.504070964
1734523591.808765650,7,-3.992915162,5.428580261,1.502793643
1734523591.808765650,8,3.941718092,-5.252605124,1.503891666
1734523591.808765650,9,-10.285744331,-1.026885490,1.504129529
1734523591.868765831,0,0.659330272,-0.082782908,1.504654981
1734523591.868765831,1,5.730197044,-0.067431756,1.504587337
1734523591.868765831,2,0.026886028,6.141657168,1.504054199
1734523591.868765831,3,0.092371012,-6.532275081,1.504214964
1734523591.868765831,4,-4.432808595,-0.529552241,1.504202943
1734523591.868765831,5,4.020550647,5.455081393,1.502966256
1734523591.868765831,6,-3.409742039,-4.789314822,1.504070964
1734523591.868765831,7,-3.992915162,5.428580261,1.502793643
1734523591.868765831,8,3.941718092,-5.252605124,1.503891666
1734523591.868765831,9,-10.285744331,-1.026885490,1.504129529
1734523591.928765774,0,0.659330272,-0.082782908,1.504654981
1734523591.928765774,1,5.730197044,-0.067431756,1.504587337
1734523591.928765774,2,0.026886028,6.141657168,1.504054199
1734523591.928765774,3,0.092371012,-6.532275081,1.504214964
1734523591.928765774,4,-4.432808595,-0.529552241,1.504202943
1734523591.928765774,5,4.020550647,5.455081393,1.502966256
1734523591.928765774,6,-3.409742039,-4.789314822,1.504070964
1734523591.928765774,7,-3.992915162,5.428580261,1.502793643
1734523591.928765774,8,3.941718092,-5.252605124,1.503891666
1734523591.928765774,9,-10.285744331,-1.026885490,1.504129529
1734523591.988765717,0,0.659330272,-0.082782908,1.504654981
1734523591.988765717,1,5.730197044,-0.067431756,1.504587337
1734523591.988765717,2,0.026886028,6.141657168,1.504054199
1734523591.988765717,3,0.092371012,-6.532275081,1.504214964
1734523591.988765717,4,-4.432808595,-0.529552241,1.504202943
1734523591.988765717,5,4.020550647,5.455081393,1.502966256
1734523591.988765717,6,-3.409742039,-4.789314822,1.504070964
1734523591.988765717,7,-3.992915162,5.428580261,1.502793643
1734523591.988765717,8,3.941718092,-5.252605124,1.503891666
1734523591.988765717,9,-10.285744331,-1.026885490,1.504129529
1734523592.048765659,0,0.659330272,-0.082782908,1.504654981
1734523592.048765659,1,5.730197044,-0.067431756,1.504587337
1734523592.048765659,2,0.026886028,6.141657168,1.504054199
1734523592.048765659,3,0.092371012,-6.532275081,1.504214964
1734523592.048765659,4,-4.432808595,-0.529552241,1.504202943
1734523592.048765659,5,4.020550647,5.455081393,1.502966256
1734523592.048765659,6,-3.409742039,-4.789314822,1.504070964
1734523592.048765659,7,-3.992915162,5.428580261,1.502793643
1734523592.048765659,8,3.941718092,-5.252605124,1.503891666
1734523592.048765659,9,-10.285744331,-1.026885490,1.504129529
1734523592.108765841,0,0.659330272,-0.082782908,1.504654981
1734523592.108765841,1,5.730197044,-0.067431756,1.504587337
1734523592.108765841,2,0.026886028,6.141657168,1.504054199
1734523592.108765841,3,0.092371012,-6.532275081,1.504214964
1734523592.108765841,4,-4.432808595,-0.529552241,1.504202943
1734523592.108765841,5,4.020550647,5.455081393,1.502966256
1734523592.108765841,6,-3.409742039,-4.789314822,1.504070964
1734523592.108765841,7,-3.992915162,5.428580261,1.502793643
1734523592.108765841,8,3.941718092,-5.252605124,1.503891666
1734523592.108765841,9,-10.285744331,-1.026885490,1.504129529
1734523592.178765774,0,0.659330272,-0.082782908,1.504654981
1734523592.178765774,1,5.730197044,-0.067431756,1.504587337
1734523592.178765774,2,0.026886028,6.141657168,1.504054199
1734523592.178765774,3,0.092371012,-6.532275081,1.504214964
1734523592.178765774,4,-4.432808595,-0.529552241,1.504202943
1734523592.178765774,5,4.020550647,5.455081393,1.502966256
1734523592.178765774,6,-3.409742039,-4.789314822,1.504070964
1734523592.178765774,7,-3.992915162,5.428580261,1.502793643
1734523592.178765774,8,3.941718092,-5.252605124,1.503891666
1734523592.178765774,9,-10.285744331,-1.026885490,1.504129529
1734523592.238765717,0,0.659330272,-0.082782908,1.504654981
1734523592.238765717,1,5.730197044,-0.067431756,1.504587337
1734523592.238765717,2,0.026886028,6.141657168,1.504054199
1734523592.238765717,3,0.092371012,-6.532275081,1.504214964
1734523592.238765717,4,-4.432808595,-0.529552241,1.504202943
1734523592.238765717,5,4.020550647,5.455081393,1.502966256
1734523592.238765717,6,-3.409742039,-4.789314822,1.504070964
1734523592.238765717,7,-3.992793419,5.441655432,1.502822639
1734523592.238765717,8,3.941718092,-5.252605124,1.503891666
1734523592.238765717,9,-10.306397250,-1.035823355,1.504146600
1734523592.308765650,0,0.674785140,-0.084043466,1.504663882
1734523592.308765650,1,5.762834076,-0.067193307,1.504599350
1734523592.308765650,2,0.027583251,6.179398010,1.504070826
1734523592.308765650,3,0.094377273,-6.568336905,1.504226332
1734523592.308765650,4,-4.437595400,-0.534984481,1.504211831
1734523592.308765650,5,4.020662959,5.487919431,1.503018331
1734523592.308765650,6,-3.396898049,-4.805490804,1.504085352
1734523592.308765650,7,-3.992552014,5.467968131,1.502872607
1734523592.308765650,8,3.939857970,-5.277220983,1.503901915
1734523592.308765650,9,-10.348114682,-1.053877595,1.504172182
1734523592.368765831,0,0.674785140,-0.084043466,1.504663882
1734523592.368765831,1,5.762834076,-0.067193307,1.504599350
1734523592.368765831,2,0.027583251,6.179398010,1.504070826
1734523592.368765831,3,0.094377273,-6.568336905,1.504226332
1734523592.368765831,4,-4.437595400,-0.534984481,1.504211831
1734523592.368765831,5,4.020662959,5.487919431,1.503018331
1734523592.368765831,6,-3.396898049,-4.805490804,1.504085352
1734523592.368765831,7,-3.992552014,5.467968131,1.502872607
1734523592.368765831,8,3.939857970,-5.277220983,1.503901915
1734523592.368765831,9,-10.348114682,-1.053877595,1.504172182
1734523592.428765774,0,0.674785140,-0.084043466,1.504663882
1734523592.428765774,1,5.762834076,-0.067193307,1.504599350
1734523592.428765774,2,0.027583251,6.179398010,1.504070826
1734523592.428765774,3,0.094377273,-6.568336905,1.504226332
1734523592.428765774,4,-4.437595400,-0.534984481,1.504211831
1734523592.428765774,5,4.020662959,5.487919431,1.503018331
1734523592.428765774,6,-3.396898049,-4.805490804,1.504085352
1734523592.428765774,7,-3.992552014,5.467968131,1.502872607
1734523592.428765774,8,3.939857970,-5.277220983,1.503901915
1734523592.428765774,9,-10.348114682,-1.053877595,1.504172182
1734523592.488765717,0,0.674785140,-0.084043466,1.504663882
1734523592.488765717,1,5.762834076,-0.067193307,1.504599350
1734523592.488765717,2,0.027583251,6.179398010,1.504070826
1734523592.488765717,3,0.094377273,-6.568336905,1.504226332
1734523592.488765717,4,-4.437595400,-0.534984481,1.504211831
1734523592.488765717,5,4.020662959,5.487919431,1.503018331
1734523592.488765717,6,-3.396898049,-4.805490804,1.504085352
1734523592.488765717,7,-3.992552014,5.467968131,1.502872607
1734523592.488765717,8,3.939857970,-5.277220983,1.503901915
1734523592.488765717,9,-10.348114682,-1.053877595,1.504172182
1734523592.548765659,0,0.674785140,-0.084043466,1.504663882
1734523592.548765659,1,5.762834076,-0.067193307,1.504599350
1734523592.548765659,2,0.027583251,6.179398010,1.504070826
1734523592.548765659,3,0.094377273,-6.568336905,1.504226332
1734523592.548765659,4,-4.437595400,-0.534984481,1.504211831
1734523592.548765659,5,4.020662959,5.487919431,1.503018331
1734523592.548765659,6,-3.396898049,-4.805490804,1.504085352
1734523592.548765659,7,-3.992552014,5.467968131,1.502872607
1734523592.548765659,8,3.939857970,-5.277220983,1.503901915
1734523592.548765659,9,-10.348114682,-1.053877595,1.504172182
1734523592.618765831,0,0.674785140,-0.084043466,1.504663882
1734523592.618765831,1,5.762834076,-0.067193307,1.504599350
1734523592.618765831,2,0.027583251,6.179398010,1.504070826
1734523592.618765831,3,0.094377273,-6.568336905,1.504226332
1734523592.618765831,4,-4.437595400,-0.534984481,1.504211831
1734523592.618765831,5,4.020662959,5.487919431,1.503018331
1734523592.618765831,6,-3.396898049,-4.805490804,1.504085352
1734523592.618765831,7,-3.992552014,5.467968131,1.502872607
1734523592.618765831,8,3.939857970,-5.277220983,1.503901915
1734523592.618765831,9,-10.348114682,-1.053877595,1.504172182
1734523592.678765774,0,0.674785140,-0.084043466,1.504663882
1734523592.678765774,1,5.762834076,-0.067193307,1.504599350
1734523592.678765774,2,0.027583251,6.179398010,1.504070826
1734523592.678765774,3,0.094377273,-6.568336905,1.504226332
1734523592.678765774,4,-4.437595400,-0.534984481,1.504211831
1734523592.678765774,5,4.020662959,5.487919431,1.503018331
1734523592.678765774,6,-3.396898049,-4.805490804,1.504085352
1734523592.678765774,7,-3.992552014,5.467968131,1.502872607
1734523592.678765774,8,3.939857970,-5.277220983,1.503901915
1734523592.678765774,9,-10.348114682,-1.053877595,1.504172182
1734523592.738765717,0,0.674785140,-0.084043466,1.504663882
1734523592.738765717,1,5.762834076,-0.067193307,1.504599350
1734523592.738765717,2,0.027583251,6.179398010,1.504070826
1734523592.738765717,3,0.095162245,-6.586666682,1.504231093
1734523592.738765717,4,-4.437595400,-0.534984481,1.504211831
1734523592.738765717,5,4.020662959,5.487919431,1.503018331
1734523592.738765717,6,-3.390467989,-4.813680417,1.504092288
1734523592.738765717,7,-3.992552014,5.467968131,1.502872607
1734523592.738765717,8,3.939351483,-5.292209184,1.503907389
1734523592.738765717,9,-10.348114682,-1.053877595,1.504172182
1734523592.808765650,0,0.674785140,-0.084043466,1.504663882
1734523592.808765650,1,5.762834076,-0.067193307,1.504599350
1734523592.808765650,2,0.027583251,6.179398010,1.504070826
1734523592.808765650,3,0.095162245,-6.586666682,1.504231093
1734523592.808765650,4,-4.437595400,-0.534984481,1.504211831
1734523592.808765650,5,4.020662959,5.487919431,1.503018331
1734523592.808765650,6,-3.390467989,-4.813680417,1.504092288
1734523592.808765650,7,-3.992552014,5.467968131,1.502872607
1734523592.808765650,8,3.939351483,-5.292209184,1.503907389
1734523592.808765650,9,-10.348114682,-1.053877595,1.504172182
1734523592.868765831,0,0.674785140,-0.084043466,1.504663882
1734523592.868765831,1,5.762834076,-0.067193307,1.504599350
1734523592.868765831,2,0.027583251,6.179398010,1.504070826
1734523592.868765831,3,0.095162245,-6.586666682,1.504231093
1734523592.868765831,4,-4.437595400,-0.534984481,1.504211831
1734523592.868765831,5,4.020662959,5.487919431,1.503018331
1734523592.868765831,6,-3.390467989,-4.813680417,1.504092288
1734523592.868765831,7,-3.992552014,5.467968131,1.502872607
1734523592.868765831,8,3.939351483,-5.292209184,1.503907389
1734523592.868765831,9,-10.348114682,-1.053877595,1.504172182
1734523592.928765774,0,0.714775484,-0.086726173,1.504682878
1734523592.928765774,1,5.835719165,-0.068861232,1.504619999
1734523592.928765774,2,0.028318973,6.265267852,1.504102380
1734523592.928765774,3,0.102535051,-6.647470669,1.504251805
1734523592.928765774,4,-4.448141632,-0.546979616,1.504226747
1734523592.928765774,5,4.021747517,5.564447717,1.503113784
1734523592.928765774,6,-3.370750521,-4.838358644,1.504111185
1734523592.928765774,7,-3.992196019,5.507854890,1.502946918
1734523592.928765774,8,3.937719444,-5.328029782,1.503921097
1734523592.928765774,9,-10.411559532,-1.081327759,1.504206842
1734523592.988765717,0,0.714775484,-0.086726173,1.504682878
1734523592.988765717,1,5.835719165,-0.068861232,1.504619999
1734523592.988765717,2,0.028318973,6.265267852,1.504102380
1734523592.988765717,3,0.102535051,-6.647470669,1.504251805
1734523592.988765717,4,-4.448141632,-0.546979616,1.504226747
1734523592.988765717,5,4.021747517,5.564447717,1.503113784
1734523592.988765717,6,-3.370750521,-4.838358644,1.504111185
1734523592.988765717,7,-3.992196019,5.507854890,1.502946918
1734523592.988765717,8,3.937719444,-5.328029782,1.503921097
1734523592.988765717,9,-10.411559532,-1.081327759,1.504206842
1734523593.058765650,0,0.714775484,-0.086726173,1.504682878
1734523593.058765650,1,5.835719165,-0.068861232,1.504619999
1734523593.058765650,2,0.028318973,6.265267852,1.504102380
1734523593.058765650,3,0.102535051,-6.647470669,1.504251805
1734523593.058765650,4,-4.448141632,-0.546979616,1.504226747
1734523593.058765650,5,4.021747517,5.564447717,1.503113784
1734523593.058765650,6,-3.370750521,-4.838358644,1.504111185
1734523593.058765650,7,-3.992196019,5.507854890,1.502946918
1734523593.058765650,8,3.937719444,-5.328029782,1.503921097
1734523593.058765650,9,-10.411559532,-1.081327759,1.504206842
1734523593.118765831,0,0.714775484,-0.086726173,1.504682878
1734523593.118765831,1,5.835719165,-0.068861232,1.504619999
1734523593.118765831,2,0.028318973,6.265267852,1.504102380
1734523593.118765831,3,0.102535051,-6.647470669,1.504251805
1734523593.118765831,4,-4.448141632,-0.546979616,1.504226747
1734523593.118765831,5,4.021747517,5.564447717,1.503113784
1734523593.118765831,6,-3.370750521,-4.838358644,1.504111185
1734523593.118765831,7,-3.992196019,5.507854890,1.502946918
1734523593.118765831,8,3.937719444,-5.328029782,1.503921097
1734523593.118765831,9,-10.411559532,-1.081327759,1.504206842
1734523593.178765774,0,0.714775484,-0.086726173,1.504682878
1734523593.178765774,1,5.835719165,-0.068861232,1.504619999
1734523593.178765774,2,0.028318973,6.265267852,1.504102380
1734523593.178765774,3,0.102535051,-6.647470669,1.504251805
1734523593.178765774,4,-4.448141632,-0.546979616,1.504226747
1734523593.178765774,5,4.021747517,5.564447717,1.503113784
1734523593.178765774,6,-3.370750521,-4.838358644,1.504111185
1734523593.178765774,7,-3.992196019,5.507854890,1.502946918
1734523593.178765774,8,3.937719444,-5.328029782,1.503921097
1734523593.178765774,9,-10.411559532,-1.081327759,1.504206842
1734523593.248765707,0,0.714775484,-0.086726173,1.504682878
1734523593.248765707,1,5.835719165,-0.068861232,1.504619999
1734523593.248765707,2,0.028318973,6.265267852,1.504102380
1734523593.248765707,3,0.102535051,-6.647470669,1.504251805
1734523593.248765707,4,-4.448141632,-0.546979616,1.504226747
1734523593.248765707,5,4.021747517,5.564447717,1.503113784
1734523593.248765707,6,-3.370750521,-4.838358644,1.504111185
1734523593.248765707,7,-3.992196019,5.507854890,1.502946918
1734523593.248765707,8,3.937719444,-5.328029782,1.503921097
1734523593.248765707,9,-10.411559532,-1.081327759,1.504206842
1734523593.308765650,0,0.714775484,-0.086726173,1.504682878
1734523593.308765650,1,5.835719165,-0.068861232,1.504619999
1734523593.308765650,2,0.028318973,6.265267852,1.504102380
1734523593.308765650,3,0.102535051,-6.647470669,1.504251805
1734523593.308765650,4,-4.448141632,-0.546979616,1.504226747
1734523593.308765650,5,4.021747517,5.564447717,1.503113784
1734523593.308765650,6,-3.370750521,-4.838358644,1.504111185
1734523593.308765650,7,-3.992196019,5.507854890,1.502946918
1734523593.308765650,8,3.937719444,-5.328029782,1.503921097
1734523593.308765650,9,-10.411559532,-1.081327759,1.504206842
1734523593.368765831,0,0.714775484,-0.086726173,1.504682878
1734523593.368765831,1,5.835719165,-0.068861232,1.504619999
1734523593.368765831,2,0.028318973,6.265267852,1.504102380
1734523593.368765831,3,0.102535051,-6.647470669,1.504251805
1734523593.368765831,4,-4.448141632,-0.546979616,1.504226747
1734523593.368765831,5,4.021747517,5.564447717,1.503113784
1734523593.368765831,6,-3.370750521,-4.838358644,1.504111185
1734523593.368765831,7,-3.992196019,5.507854890,1.502946918
1734523593.368765831,8,3.937719444,-5.328029782,1.503921097
1734523593.368765831,9,-10.411559532,-1.081327759,1.504206842
1734523593.428765774,0,0.714775484,-0.086726173,1.504682878
1734523593.428765774,1,5.835719165,-0.068861232,1.504619999
1734523593.428765774,2,0.028318973,6.265267852,1.504102380
1734523593.428765774,3,0.102535051,-6.647470669,1.504251805
1734523593.428765774,4,-4.448141632,-0.546979616,1.504226747
1734523593.428765774,5,4.021747517,5.564447717,1.503113784
1734523593.428765774,6,-3.370750521,-4.838358644,1.504111185
1734523593.428765774,7,-3.992196019,5.507854890,1.502946918
1734523593.428765774,8,3.937719444,-5.328029782,1.503921097
1734523593.428765774,9,-10.411559532,-1.081327759,1.504206842
1734523593.498765707,0,0.714775484,-0.086726173,1.504682878
1734523593.498765707,1,5.835719165,-0.068861232,1.504619999
1734523593.498765707,2,0.028318973,6.265267852,1.504102380
1734523593.498765707,3,0.102535051,-6.647470669,1.504251805
1734523593.498765707,4,-4.448141632,-0.546979616,1.504226747
1734523593.498765707,5,4.021747517,5.564447717,1.503113784
1734523593.498765707,6,-3.370750521,-4.838358644,1.504111185
1734523593.498765707,7,-3.992196019,5.507854890,1.502946918
1734523593.498765707,8,3.937719444,-5.328029782,1.503921097
1734523593.498765707,9,-10.411559532,-1.081327759,1.504206842
1734523593.558765650,0,0.824320444,-0.093786759,1.504732067
1734523593.558765650,1,6.027880646,-0.072909327,1.504659853
1734523593.558765650,2,0.029430140,6.472117029,1.504184840
1734523593.558765650,3,0.107210573,-6.905242245,1.504378718
1734523593.558765650,4,-4.470866256,-0.572844327,1.504256641
1734523593.558765650,5,4.023271144,5.754809297,1.503258227
1734523593.558765650,6,-3.274500396,-4.959334940,1.504199650
1734523593.558765650,7,-3.990572973,5.700729951,1.503200637
1734523593.558765650,8,3.930052960,-5.514061949,1.504011189
1734523593.558765650,9,-10.716415488,-1.212909232,1.504314825
1734523593.618765831,0,0.824320444,-0.093786759,1.504732067
1734523593.618765831,1,6.027880646,-0.072909327,1.504659853
1734523593.618765831,2,0.029430140,6.472117029,1.504184840
1734523593.618765831,3,0.107210573,-6.905242245,1.504378718
1734523593.618765831,4,-4.470866256,-0.572844327,1.504256641
1734523593.618765831,5,4.023271144,5.754809297,1.503258227
1734523593.618765831,6,-3.274500396,-4.959334940,1.504199650
1734523593.618765831,7,-3.990572973,5.700729951,1.503200637
1734523593.618765831,8,3.930052960,-5.514061949,1.504011189
1734523593.618765831,9,-10.716415488,-1.212909232,1.504314825
1734523593.678765774,0,0.824320444,-0.093786759,1.504732067
1734523593.678765774,1,6.027880646,-0.072909327,1.504659853
1734523593.678765774,2,0.029430140,6.472117029,1.504184840
1734523593.678765774,3,0.107210573,-6.905242245,1.504378718
1734523593.678765774,4,-4.470866256,-0.572844327,1.504256641
1734523593.678765774,5,4.023271144,5.754809297,1.503258227
1734523593.678765774,6,-3.274500396,-4.959334940,1.504199650
1734523593.678765774,7,-3.990572973,5.700729951,1.503200637
1734523593.678765774,8,3.930052960,-5.514061949,1.504011189
1734523593.678765774,9,-10.716415488,-1.212909232,1.504314825
1734523593.738765717,0,0.824320444,-0.093786759,1.504732067
1734523593.738765717,1,6.027880646,-0.072909327,1.504659853
1734523593.738765717,2,0.029430140,6.472117029,1.504184840
1734523593.738765717,3,0.107210573,-6.905242245,1.504378718
1734523593.738765717,4,-4.470866256,-0.572844327,1.504256641
1734523593.738765717,5,4.023271144,5.754809297,1.503258227
1734523593.738765717,6,-3.274500396,-4.959334940,1.504199650
1734523593.738765717,7,-3.990572973,5.700729951,1.503200637
1734523593.738765717,8,3.930052960,-5.514061949,1.504011189
1734523593.738765717,9,-10.716415488,-1.212909232,1.504314825
1734523593.808765650,0,0.824320444,-0.093786759,1.504732067
1734523593.808765650,1,6.027880646,-0.072909327,1.504659853
1734523593.808765650,2,0.029430140,6.472117029,1.504184840
1734523593.808765650,3,0.107210573,-6.905242245,1.504378718
1734523593.808765650,4,-4.470866256,-0.572844327,1.504256641
1734523593.808765650,5,4.023271144,5.754809297,1.503258227
1734523593.808765650,6,-3.274500396,-4.959334940,1.504199650
1734523593.808765650,7,-3.990572973,5.700729951,1.503200637
1734523593.808765650,8,3.930052960,-5.514061949,1.504011189
1734523593.808765650,9,-10.716415488,-1.212909232,1.504314825
1734523593.868765831,0,0.824320444,-0.093786759,1.504732067
1734523593.868765831,1,6.027880646,-0.072909327,1.504659853
1734523593.868765831,2,0.029430140,6.472117029,1.504184840
1734523593.868765831,3,0.107210573,-6.905242245,1.504378718
1734523593.868765831,4,-4.470866256,-0.572844327,1.504256641
1734523593.868765831,5,4.023271144,5.754809297,1.503258227
1734523593.868765831,6,-3.274500396,-4.959334940,1.504199650
1734523593.868765831,7,-3.990572973,5.700729951,1.503200637
1734523593.868765831,8,3.930052960,-5.514061949,1.504011189
1734523593.868765831,9,-10.716415488,-1.212909232,1.504314825
1734523593.928765774,0,0.824320444,-0.093786759,1.504732067
1734523593.928765774,1,6.027880646,-0.072909327,1.504659853
1734523593.928765774,2,0.029430140,6.472117029,1.504184840
1734523593.928765774,3,0.107210573,-6.905242245,1.504378718
1734523593.928765774,4,-4.470866256,-0.572844327,1.504256641
1734523593.928765774,5,4.023271144,5.754809297,1.503258227
1734523593.928765774,6,-3.274500396,-4.959334940,1.504199650
1734523593.928765774,7,-3.990572973,5.700729951,1.503200637
1734523593.928765774,8,3.930052960,-5.514061949,1.504011189
1734523593.928765774,9,-10.716415488,-1.212909232,1.504314825
1734523593.988765717,0,0.824320444,-0.093786759,1.504732067
1734523593.988765717,1,6.027880646,-0.072909327,1.504659853
1734523593.988765717,2,0.029430140,6.472117029,1.504184840
1734523593.988765717,3,0.107210573,-6.905242245,1.504378718
1734523593.988765717,4,-4.470866256,-0.572844327,1.504256641
1734523593.988765717,5,4.023271144,5.754809297,1.503258227
1734523593.988765717,6,-3.274500396,-4.959334940,1.504199650
1734523593.988765717,7,-3.990572973,5.700729951,1.503200637
1734523593.988765717,8,3.930052960,-5.514061949,1.504011189
1734523593.988765717,9,-10.716415488,-1.212909232,1.504314825
1734523594.058765650,0,0.824320444,-0.093786759,1.504732067
1734523594.058765650,1,6.027880646,-0.072909327,1.504659853
1734523594.058765650,2,0.029430140,6.472117029,1.504184840
1734523594.058765650,3,0.107210573,-6.905242245,1.504378718
1734523594.058765650,4,-4.470866256,-0.572844327,1.504256641
1734523594.058765650,5,4.023271144,5.754809297,1.503258227
1734523594.058765650,6,-3.274500396,-4.959334940,1.504199650
1734523594.058765650,7,-3.990572973,5.700729951,1.503200637
1734523594.058765650,8,3.930052960,-5.514061949,1.504011189
1734523594.058765650,9,-10.716415488,-1.212909232,1.504314825
1734523594.118765831,0,0.824320444,-0.093786759,1.504732067
1734523594.118765831,1,6.027880646,-0.072909327,1.504659853
1734523594.118765831,2,0.029430140,6.472117029,1.504184840
1734523594.118765831,3,0.107210573,-6.905242245,1.504378718
1734523594.118765831,4,-4.470866256,-0.572844327,1.504256641
1734523594.118765831,5,4.023271144,5.754809297,1.503258227
1734523594.118765831,6,-3.274500396,-4.959334940,1.504199650
1734523594.118765831,7,-3.990572973,5.700729951,1.503200637
1734523594.118765831,8,3.930052960,-5.514061949,1.504011189
1734523594.118765831,9,-10.716415488,-1.212909232,1.504314825
1734523594.178765774,0,0.923358813,-0.100790896,1.504775843
1734523594.178765774,1,6.218347895,-0.076097492,1.504706712
1734523594.178765774,2,0.031728070,6.712020343,1.504272679
1734523594.178765774,3,0.117404035,-7.138118161,1.504420505
1734523594.178765774,4,-4.500227170,-0.606251011,1.504314534
1734523594.178765774,5,4.025702109,5.982584619,1.503390118
1734523594.178765774,6,-3.186037237,-5.070618843,1.504285860
1734523594.178765774,7,-3.989068424,5.889846145,1.503318670
1734523594.178765774,8,3.923180253,-5.683354808,1.504098059
1734523594.178765774,9,-11.021033310,-1.344180448,1.504357924
1734523594.248765707,0,0.923358813,-0.100790896,1.504775843
1734523594.248765707,1,6.218347895,-0.076097492,1.504706712
1734523594.248765707,2,0.031728070,6.712020343,1.504272679
1734523594.248765707,3,0.117404035,-7.138118161,1.504420505
1734523594.248765707,4,-4.502312506,-0.608629174,1.504319361
1734523594.248765707,5,4.025702109,5.982584619,1.503390118
1734523594.248765707,6,-3.186037237,-5.070618843,1.504285860
1734523594.248765707,7,-3.989068424,5.889846145,1.503318670
1734523594.248765707,8,3.923180253,-5.683354808,1.504098059
1734523594.248765707,9,-11.021033310,-1.344180448,1.504357924
1734523594.308765650,0,0.923358813,-0.100790896,1.504775843
1734523594.308765650,1,6.218347895,-0.076097492,1.504706712
1734523594.308765650,2,0.031728070,6.712020343,1.504272679
1734523594.308765650,3,0.117404035,-7.138118161,1.504420505
1734523594.308765650,4,-4.502312506,-0.608629174,1.504319361
1734523594.308765650,5,4.025702109,5.982584619,1.503390118
1734523594.308765650,6,-3.186037237,-5.070618843,1.504285860
1734523594.308765650,7,-3.989068424,5.889846145,1.503318670
1734523594.308765650,8,3.923180253,-5.683354808,1.504098059
1734523594.308765650,9,-11.021033310,-1.344180448,1.504357924
1734523594.368765831,0,0.923358813,-0.100790896,1.504775843
1734523594.368765831,1,6.218347895,-0.076097492,1.504706712
1734523594.368765831,2,0.031728070,6.712020343,1.504272679
1734523594.368765831,3,0.117404035,-7.138118161,1.504420505
1734523594.368765831,4,-4.502312506,-0.608629174,1.504319361
1734523594.368765831,5,4.025702109,5.982584619,1.503390118
1734523594.368765831,6,-3.186037237,-5.070618843,1.504285860
1734523594.368765831,7,-3.989068424,5.889846145,1.503318670
1734523594.368765831,8,3.923180253,-5.683354808,1.504098059
1734523594.368765831,9,-11.021033310,-1.344180448,1.504357924
1734523594.428765774,0,0.923358813,-0.100790896,1.504775843
1734523594.428765774,1,6.218347895,-0.076097492,1.504706712
1734523594.428765774,2,0.031728070,6.712020343,1.504272679
1734523594.428765774,3,0.117404035,-7.138118161,1.504420505
1734523594.428765774,4,-4.502312506,-0.608629174,1.504319361
1734523594.428765774,5,4.025702109,5.982584619,1.503390118
1734523594.428765774,6,-3.186037237,-5.070618843,1.504285860
1734523594.428765774,7,-3.989068424,5.889846145,1.503318670
1734523594.428765774,8,3.923180253,-5.683354808,1.504098059
1734523594.428765774,9,-11.021033310,-1.344180448,1.504357924
1734523594.488765717,0,0.923358813,-0.100790896,1.504775843
1734523594.488765717,1,6.218347895,-0.076097492,1.504706712
1734523594.488765717,2,0.031728070,6.712020343,1.504272679
1734523594.488765717,3,0.117404035,-7.138118161,1.504420505
1734523594.488765717,4,-4.502312506,-0.608629174,1.504319361
1734523594.488765717,5,4.025702109,5.982584619,1.503390118
1734523594.488765717,6,-3.186037237,-5.070618843,1.504285860
1734523594.488765717,7,-3.989068424,5.889846145,1.503318670
1734523594.488765717,8,3.923180253,-5.683354808,1.504098059
1734523594.488765717,9,-11.021033310,-1.344180448,1.504357924
1734523594.558765650,0,0.923358813,-0.100790896,1.504775843
1734523594.558765650,1,6.218347895,-0.076097492,1.504706712
1734523594.558765650,2,0.031728070,6.712020343,1.504272679
1734523594.558765650,3,0.117404035,-7.138118161,1.504420505
1734523594.558765650,4,-4.502312506,-0.608629174,1.504319361
1734523594.558765650,5,4.025702109,5.982584619,1.503390118
1734523594.558765650,6,-3.186037237,-5.070618843,1.504285860
1734523594.558765650,7,-3.989068424,5.889846145,1.503318670
1734523594.558765650,8,3.923180253,-5.683354808,1.504098059
1734523594.558765650,9,-11.021033310,-1.344180448,1.504357924
1734523594.628765821,0,0.923358813,-0.100790896,1.504775843
1734523594.628765821,1,6.218347895,-0.076097492,1.504706712
1734523594.628765821,2,0.031728070,6.712020343,1.504272679
1734523594.628765821,3,0.117404035,-7.138118161,1.504420505
1734523594.628765821,4,-4.502312506,-0.608629174,1.504319361
1734523594.628765821,5,4.025702109,5.982584619,1.503390118
1734523594.628765821,6,-3.186037237,-5.070618843,1.504285860
1734523594.628765821,7,-3.989068424,5.889846145,1.503318670
1734523594.628765821,8,3.923180253,-5.683354808,1.504098059
1734523594.628765821,9,-11.021033310,-1.344180448,1.504357924
1734523594.688765764,0,0.923358813,-0.100790896,1.504775843
1734523594.688765764,1,6.218347895,-0.076097492,1.504706712
1734523594.688765764,2,0.031728070,6.712020343,1.504272679
1734523594.688765764,3,0.117404035,-7.138118161,1.504420505
1734523594.688765764,4,-4.502312506,-0.608629174,1.504319361
1734523594.688765764,5,4.025702109,5.982584619,1.503390118
1734523594.688765764,6,-3.186037237,-5.070618843,1.504285860
1734523594.688765764,7,-3.989068424,5.889846145,1.503318670
1734523594.688765764,8,3.923180253,-5.683354808,1.504098059
1734523594.688765764,9,-11.021033310,-1.344180448,1.504357924
1734523594.748765707,0,0.923358813,-0.100790896,1.504775843
1734523594.748765707,1,6.218347895,-0.076097492,1.504706712
1734523594.748765707,2,0.031728070,6.712020343,1.504272679
1734523594.748765707,3,0.117404035,-7.138118161,1.504420505
1734523594.748765707,4,-4.502312506,-0.608629174,1.504319361
1734523594.748765707,5,4.025702109,5.982584619,1.503390118
1734523594.748765707,6,-3.099845199,-5.178951401,1.504348177
1734523594.748765707,7,-3.989068424,5.889846145,1.503318670
1734523594.748765707,8,3.916906401,-5.848645264,1.504175562
1734523594.748765707,9,-11.021033310,-1.344180448,1.504357924
1734523594.818765879,0,1.059676017,-0.109944495,1.504924541
1734523594.818765879,1,6.423983273,-0.080466852,1.504748064
1734523594.818765879,2,0.033126969,6.917980893,1.504331176
1734523594.818765879,3,0.127422218,-7.398994825,1.504483836
1734523594.818765879,4,-4.523702071,-0.632973884,1.504370790
1734523594.818765879,5,4.028726113,6.208679664,1.503473880
1734523594.818765879,6,-3.090119213,-5.191103285,1.504352785
1734523594.818765879,7,-3.987778742,6.057606003,1.503402230
1734523594.818765879,8,3.916471226,-5.863606487,1.504181515
1734523594.818765879,9,-11.299823308,-1.464322513,1.504387090
1734523594.878765821,0,1.059676017,-0.109944495,1.504924541
1734523594.878765821,1,6.423983273,-0.080466852,1.504748064
1734523594.878765821,2,0.033030831,6.952002030,1.504337592
1734523594.878765821,3,0.127422218,-7.398994825,1.504483836
1734523594.878765821,4,-4.523702071,-0.632973884,1.504370790
1734523594.878765821,5,4.028726113,6.208679664,1.503473880
1734523594.878765821,6,-3.090119213,-5.191103285,1.504352785
1734523594.878765821,7,-3.987778742,6.057606003,1.503402230
1734523594.878765821,8,3.916471226,-5.863606487,1.504181515
1734523594.878765821,9,-11.299823308,-1.464322513,1.504387090
1734523594.938765764,0,1.059676017,-0.109944495,1.504924541
1734523594.938765764,1,6.423983273,-0.080466852,1.504748064
1734523594.938765764,2,0.033030831,6.952002030,1.504337592
1734523594.938765764,3,0.127422218,-7.398994825,1.504483836
1734523594.938765764,4,-4.529875214,-0.639982691,1.504385469
1734523594.938765764,5,4.028726113,6.208679664,1.503473880
1734523594.938765764,6,-3.090119213,-5.191103285,1.504352785
1734523594.938765764,7,-3.987778742,6.057606003,1.503402230
1734523594.938765764,8,3.916471226,-5.863606487,1.504181515
1734523594.938765764,9,-11.299823308,-1.464322513,1.504387090
1734523594.998765707,0,1.059676017,-0.109944495,1.504924541
1734523594.998765707,1,6.423983273,-0.080466852,1.504748064
1734523594.998765707,2,0.033030831,6.952002030,1.504337592
1734523594.998765707,3,0.127422218,-7.398994825,1.504483836
1734523594.998765707,4,-4.529875214,-0.639982691,1.504385469
1734523594.998765707,5,4.028726113,6.208679664,1.503473880
1734523594.998765707,6,-3.090119213,-5.191103285,1.504352785
1734523594.998765707,7,-3.987778742,6.057606003,1.503402230
1734523594.998765707,8,3.916471226,-5.863606487,1.504181515
1734523594.998765707,9,-11.299823308,-1.464322513,1.504387090
1734523595.058765650,0,1.059676017,-0.109944495,1.504924541
1734523595.058765650,1,6.423983273,-0.080466852,1.504748064
1734523595.058765650,2,0.033030831,6.952002030,1.504337592
1734523595.058765650,3,0.127422218,-7.398994825,1.504483836
1734523595.058765650,4,-4.529875214,-0.639982691,1.504385469
1734523595.058765650,5,4.028726113,6.208679664,1.503473880
1734523595.058765650,6,-3.090119213,-5.191103285,1.504352785
1734523595.058765650,7,-3.987778742,6.057606003,1.503402230
1734523595.058765650,8,3.916471226,-5.863606487,1.504181515
1734523595.058765650,9,-11.299823308,-1.464322513,1.504387090
1734523595.118765831,0,1.059676017,-0.109944495,1.504924541
1734523595.118765831,1,6.423983273,-0.080466852,1.504748064
1734523595.118765831,2,0.033030831,6.952002030,1.504337592
1734523595.118765831,3,0.127422218,-7.398994825,1.504483836
1734523595.118765831,4,-4.529875214,-0.639982691,1.504385469
1734523595.118765831,5,4.028726113,6.208679664,1.503473880
1734523595.118765831,6,-3.090119213,-5.191103285,1.504352785
1734523595.118765831,7,-3.987778742,6.057606003,1.503402230
1734523595.118765831,8,3.916471226,-5.863606487,1.504181515
1734523595.118765831,9,-11.299823308,-1.464322513,1.504387090
1734523595.178765774,0,1.059676017,-0.109944495,1.504924541
1734523595.178765774,1,6.423983273,-0.080466852,1.504748064
1734523595.178765774,2,0.033030831,6.952002030,1.504337592
1734523595.178765774,3,0.127422218,-7.398994825,1.504483836
1734523595.178765774,4,-4.529875214,-0.639982691,1.504385469
1734523595.178765774,5,4.028726113,6.208679664,1.503473880
1734523595.178765774,6,-3.090119213,-5.191103285,1.504352785
1734523595.178765774,7,-3.987778742,6.057606003,1.503402230
1734523595.178765774,8,3.916471226,-5.863606487,1.504181515
1734523595.178765774,9,-11.299823308,-1.464322513,1.504387090
1734523595.248765707,0,1.059676017,-0.109944495,1.504924541
1734523595.248765707,1,6.423983273,-0.080466852,1.504748064
1734523595.248765707,2,0.033030831,6.952002030,1.504337592
1734523595.248765707,3,0.127422218,-7.398994825,1.504483836
1734523595.248765707,4,-4.529875214,-0.639982691,1.504385469
1734523595.248765707,5,4.028726113,6.208679664,1.503473880
1734523595.248765707,6,-3.090119213,-5.191103285,1.504352785
1734523595.248765707,7,-3.987778742,6.057606003,1.503402230
1734523595.248765707,8,3.916471226,-5.863606487,1.504181515
1734523595.248765707,9,-11.299823308,-1.464322513,1.504387090
1734523595.308765650,0,1.059676017,-0.109944495,1.504924541
1734523595.308765650,1,6.423983273,-0.080466852,1.504748064
1734523595.308765650,2,0.033030831,6.952002030,1.504337592
1734523595.308765650,3,0.127422218,-7.398994825,1.504483836
1734523595.308765650,4,-4.529875214,-0.639982691,1.504385469
1734523595.308765650,5,4.028726113,6.208679664,1.503473880
1734523595.308765650,6,-3.090119213,-5.191103285,1.504352785
1734523595.308765650,7,-3.987778742,6.057606003,1.503402230
1734523595.308765650,8,3.916471226,-5.863606487,1.504181515
1734523595.308765650,9,-11.299823308,-1.464322513,1.504387090
1734523595.368765831,0,1.059676017,-0.109944495,1.504924541
1734523595.368765831,1,6.423983273,-0.080466852,1.504748064
1734523595.368765831,2,0.033030831,6.952002030,1.504337592
1734523595.368765831,3,0.127422218,-7.398994825,1.504483836
1734523595.368765831,4,-4.529875214,-0.639982691,1.504385469
1734523595.368765831,5,4.028726113,6.208679664,1.503473880
1734523595.368765831,6,-3.090119213,-5.191103285,1.504352785
1734523595.368765831,7,-3.987778742,6.057606003,1.503402230
1734523595.368765831,8,3.916471226,-5.863606487,1.504181515
1734523595.368765831,9,-11.299823308,-1.464322513,1.504387090
1734523595.428765774,0,1.183565125,-0.119005967,1.504896260
1734523595.428765774,1,6.627231630,-0.083920863,1.504789188
1734523595.428765774,2,0.034823147,7.189687788,1.504399761
1734523595.428765774,3,0.138166632,-7.647579140,1.504530735
1734523595.428765774,4,-4.554171178,-0.667649714,1.504452122
1734523595.428765774,5,4.032237037,6.474955561,1.503604252
1734523595.428765774,6,-2.983201818,-5.325208389,1.504408029
1734523595.428765774,7,-3.986103520,6.282591879,1.503524526
1734523595.428765774,8,3.908711522,-6.061929514,1.504255856
1734523595.428765774,9,-11.684164447,-1.629668349,1.504450401
1734523595.488765717,0,1.183565125,-0.119005967,1.504896260
1734523595.488765717,1,6.627231630,-0.083920863,1.504789188
1734523595.488765717,2,0.034823147,7.189687788,1.504399761
1734523595.488765717,3,0.138166632,-7.647579140,1.504530735
1734523595.488765717,4,-4.554171178,-0.667649714,1.504452122
1734523595.488765717,5,4.032237037,6.474955561,1.503604252
1734523595.488765717,6,-2.983201818,-5.325208389,1.504408029
1734523595.488765717,7,-3.986103520,6.282591879,1.503524526
1734523595.488765717,8,3.908711522,-6.061929514,1.504255856
1734523595.488765717,9,-11.684164447,-1.629668349,1.504450401
1734523595.558765650,0,1.183565125,-0.119005967,1.504896260
1734523595.558765650,1,6.627231630,-0.083920863,1.504789188
1734523595.558765650,2,0.034823147,7.189687788,1.504399761
1734523595.558765650,3,0.138166632,-7.647579140,1.504530735
1734523595.558765650,4,-4.554171178,-0.667649714,1.504452122
1734523595.558765650,5,4.032237037,6.474955561,1.503604252
1734523595.558765650,6,-2.983201818,-5.325208389,1.504408029
1734523595.558765650,7,-3.986103520,6.282591879,1.503524526
1734523595.558765650,8,3.908711522,-6.061929514,1.504255856
1734523595.558765650,9,-11.684164447,-1.629668349,1.504450401
1734523595.618765831,0,1.183565125,-0.119005967,1.504896260
1734523595.618765831,1,6.627231630,-0.083920863,1.504789188
1734523595.618765831,2,0.034823147,7.189687788,1.504399761
1734523595.618765831,3,0.138166632,-7.647579140,1.504530735
1734523595.618765831,4,-4.554171178,-0.667649714,1.504452122
1734523595.618765831,5,4.032237037,6.474955561,1.503604252
1734523595.618765831,6,-2.983201818,-5.325208389,1.504408029
1734523595.618765831,7,-3.986103520,6.282591879,1.503524526
1734523595.618765831,8,3.908711522,-6.061929514,1.504255856
1734523595.618765831,9,-11.684164447,-1.629668349,1.504450401
1734523595.678765774,0,1.183565125,-0.119005967,1.504896260
1734523595.678765774,1,6.627231630,-0.083920863,1.504789188
1734523595.678765774,2,0.034823147,7.189687788,1.504399761
1734523595.678765774,3,0.138166632,-7.647579140,1.504530735
1734523595.678765774,4,-4.554171178,-0.667649714,1.504452122
1734523595.678765774,5,4.032237037,6.474955561,1.503604252
1734523595.678765774,6,-2.983201818,-5.325208389,1.504408029
1734523595.678765774,7,-3.986103520,6.282591879,1.503524526
1734523595.678765774,8,3.908711522,-6.061929514,1.504255856
1734523595.678765774,9,-11.684164447,-1.629668349,1.504450401
1734523595.738765717,0,1.183565125,-0.119005967,1.504896260
1734523595.738765717,1,6.627231630,-0.083920863,1.504789188
1734523595.738765717,2,0.034823147,7.189687788,1.504399761
1734523595.738765717,3,0.138166632,-7.647579140,1.504530735
1734523595.738765717,4,-4.554171178,-0.667649714,1.504452122
1734523595.738765717,5,4.032237037,6.474955561,1.503604252
1734523595.738765717,6,-2.983201818,-5.325208389,1.504408029
1734523595.738765717,7,-3.986103520,6.282591879,1.503524526
1734523595.738765717,8,3.908711522,-6.061929514,1.504255856
1734523595.738765717,9,-11.684164447,-1.629668349,1.504450401
1734523595.798765659,0,1.183565125,-0.119005967,1.504896260
1734523595.798765659,1,6.627231630,-0.083920863,1.504789188
1734523595.798765659,2,0.034823147,7.189687788,1.504399761
1734523595.798765659,3,0.138166632,-7.647579140,1.504530735
1734523595.798765659,4,-4.554171178,-0.667649714,1.504452122
1734523595.798765659,5,4.032237037,6.474955561,1.503604252
1734523595.798765659,6,-2.983201818,-5.325208389,1.504408029
1734523595.798765659,7,-3.986103520,6.282591879,1.503524526
1734523595.798765659,8,3.908711522,-6.061929514,1.504255856
1734523595.798765659,9,-11.684164447,-1.629668349,1.504450401
1734523595.868765831,0,1.183565125,-0.119005967,1.504896260
1734523595.868765831,1,6.627231630,-0.083920863,1.504789188
1734523595.868765831,2,0.034823147,7.189687788,1.504399761
1734523595.868765831,3,0.138166632,-7.647579140,1.504530735
1734523595.868765831,4,-4.554171178,-0.667649714,1.504452122
1734523595.868765831,5,4.032237037,6.474955561,1.503604252
1734523595.868765831,6,-2.983201818,-5.325208389,1.504408029
1734523595.868765831,7,-3.986103520,6.282591879,1.503524526
1734523595.868765831,8,3.908711522,-6.061929514,1.504255856
1734523595.868765831,9,-11.684164447,-1.629668349,1.504450401
1734523595.938765764,0,1.183565125,-0.119005967,1.504896260
1734523595.938765764,1,6.627231630,-0.083920863,1.504789188
1734523595.938765764,2,0.034823147,7.189687788,1.504399761
1734523595.938765764,3,0.138166632,-7.647579140,1.504530735
1734523595.938765764,4,-4.554171178,-0.667649714,1.504452122
1734523595.938765764,5,4.032237037,6.474955561,1.503604252
1734523595.938765764,6,-2.983201818,-5.325208389,1.504408029
1734523595.938765764,7,-3.986103520,6.282591879,1.503524526
1734523595.938765764,8,3.908711522,-6.061929514,1.504255856
1734523595.938765764,9,-11.684164447,-1.629668349,1.504450401
1734523595.998765707,0,1.183565125,-0.119005967,1.504896260
1734523595.998765707,1,6.627231630,-0.083920863,1.504789188
1734523595.998765707,2,0.034823147,7.189687788,1.504399761
1734523595.998765707,3,0.138166632,-7.647579140,1.504530735
1734523595.998765707,4,-4.554171178,-0.667649714,1.504452122
1734523595.998765707,5,4.032237037,6.474955561,1.503604252
1734523595.998765707,6,-2.886492467,-5.446606787,1.504459587
1734523595.998765707,7,-3.986103520,6.282591879,1.503524526
1734523595.998765707,8,3.908711522,-6.061929514,1.504255856
1734523595.998765707,9,-11.684164447,-1.629668349,1.504450401
1734523596.068765879,0,1.326692130,-0.128876823,1.504857687
1734523596.068765879,1,6.846551787,-0.088570508,1.504830993
1734523596.068765879,2,0.035310348,7.426365920,1.504457255
1734523596.068765879,3,0.149111633,-7.929475800,1.504576861
1734523596.068765879,4,-4.580164395,-0.697246515,1.504503136
1734523596.068765879,5,4.034361308,6.736488609,1.503723688
1734523596.068765879,6,-2.875597866,-5.460205261,1.504464180
1734523596.068765879,7,-3.984780454,6.468795526,1.503627012
1734523596.068765879,8,3.901194645,-6.271771927,1.504332563
1734523596.068765879,9,-12.012468715,-1.770762934,1.504491956
1734523596.128765821,0,1.326692130,-0.128876823,1.504857687
1734523596.128765821,1,6.846551787,-0.088570508,1.504830993
1734523596.128765821,2,0.035310348,7.426365920,1.504457255
1734523596.128765821,3,0.149111633,-7.929475800,1.504576861
1734523596.128765821,4,-4.580164395,-0.697246515,1.504503136
1734523596.128765821,5,4.034361308,6.736488609,1.503723688
1734523596.128765821,6,-2.875597866,-5.460205261,1.504464180
1734523596.128765821,7,-3.984780454,6.468795526,1.503627012
1734523596.128765821,8,3.901194645,-6.271771927,1.504332563
1734523596.128765821,9,-12.012468715,-1.770762934,1.504491956
1734523596.188765764,0,1.326692130,-0.128876823,1.504857687
1734523596.188765764,1,6.846551787,-0.088570508,1.504830993
1734523596.188765764,2,0.035310348,7.426365920,1.504457255
1734523596.188765764,3,0.149111633,-7.929475800,1.504576861
1734523596.188765764,4,-4.580164395,-0.697246515,1.504503136
1734523596.188765764,5,4.034361308,6.736488609,1.503723688
1734523596.188765764,6,-2.875597866,-5.460205261,1.504464180
1734523596.188765764,7,-3.984780454,6.468795526,1.503627012
1734523596.188765764,8,3.901194645,-6.271771927,1.504332563
1734523596.188765764,9,-12.012468715,-1.770762934,1.504491956
1734523596.258765697,0,1.326692130,-0.128876823,1.504857687
1734523596.258765697,1,6.846551787,-0.088570508,1.504830993
1734523596.258765697,2,0.035310348,7.426365920,1.504457255
1734523596.258765697,3,0.149111633,-7.929475800,1.504576861
1734523596.258765697,4,-4.580164395,-0.697246515,1.504503136
1734523596.258765697,5,4.034361308,6.736488609,1.503723688
1734523596.258765697,6,-2.875597866,-5.460205261,1.504464180
1734523596.258765697,7,-3.984780454,6.468795526,1.503627012
1734523596.258765697,8,3.901194645,-6.271771927,1.504332563
1734523596.258765697,9,-12.012468715,-1.770762934,1.504491956
1734523596.318765879,0,1.326692130,-0.128876823,1.504857687
1734523596.318765879,1,6.846551787,-0.088570508,1.504830993
1734523596.318765879,2,0.035310348,7.426365920,1.504457255
1734523596.318765879,3,0.149111633,-7.929475800,1.504576861
1734523596.318765879,4,-4.580164395,-0.697246515,1.504503136
1734523596.318765879,5,4.034361308,6.736488609,1.503723688
1734523596.318765879,6,-2.875597866,-5.460205261,1.504464180
1734523596.318765879,7,-3.984780454,6.468795526,1.503627012
1734523596.318765879,8,3.901194645,-6.271771927,1.504332563
1734523596.318765879,9,-12.012468715,-1.770762934,1.504491956
1734523596.388765812,0,1.326692130,-0.128876823,1.504857687
1734523596.388765812,1,6.846551787,-0.088570508,1.504830993
1734523596.388765812,2,0.035310348,7.426365920,1.504457255
1734523596.388765812,3,0.149111633,-7.929475800,1.504576861
1734523596.388765812,4,-4.580164395,-0.697246515,1.504503136
1734523596.388765812,5,4.034361308,6.736488609,1.503723688
1734523596.388765812,6,-2.875597866,-5.460205261,1.504464180
1734523596.388765812,7,-3.984780454,6.468795526,1.503627012
1734523596.388765812,8,3.901194645,-6.271771927,1.504332563
1734523596.388765812,9,-12.012468715,-1.770762934,1.504491956
1734523596.448765755,0,1.326692130,-0.128876823,1.504857687
1734523596.448765755,1,6.846551787,-0.088570508,1.504830993
1734523596.448765755,2,0.035310348,7.426365920,1.504457255
1734523596.448765755,3,0.149111633,-7.929475800,1.504576861
1734523596.448765755,4,-4.580164395,-0.697246515,1.504503136
1734523596.448765755,5,4.034361308,6.736488609,1.503723688
1734523596.448765755,6,-2.875597866,-5.460205261,1.504464180
1734523596.448765755,7,-3.984780454,6.468795526,1.503627012
1734523596.448765755,8,3.901194645,-6.271771927,1.504332563
1734523596.448765755,9,-12.012468715,-1.770762934,1.504491956
1734523596.508765697,0,1.326692130,-0.128876823,1.504857687
1734523596.508765697,1,6.846551787,-0.088570508,1.504830993
1734523596.508765697,2,0.035310348,7.426365920,1.504457255
1734523596.508765697,3,0.149111633,-7.929475800,1.504576861
1734523596.508765697,4,-4.580164395,-0.697246515,1.504503136
1734523596.508765697,5,4.034361308,6.736488609,1.503723688
1734523596.508765697,6,-2.875597866,-5.460205261,1.504464180
1734523596.508765697,7,-3.983290530,6.627724094,1.503711013
1734523596.508765697,8,3.901194645,-6.271771927,1.504332563
1734523596.508765697,9,-12.012468715,-1.770762934,1.504491956
1734523596.568765879,0,1.326692130,-0.128876823,1.504857687
1734523596.568765879,1,6.846551787,-0.088570508,1.504830993
1734523596.568765879,2,0.035310348,7.426365920,1.504457255
1734523596.568765879,3,0.149111633,-7.929475800,1.504576861
1734523596.568765879,4,-4.580164395,-0.697246515,1.504503136
1734523596.568765879,5,4.034361308,6.736488609,1.503723688
1734523596.568765879,6,-2.875597866,-5.460205261,1.504464180
1734523596.568765879,7,-3.983290530,6.627724094,1.503711013
1734523596.568765879,8,3.901194645,-6.271771927,1.504332563
1734523596.568765879,9,-12.012468715,-1.770762934,1.504491956
1734523596.638765812,0,1.326692130,-0.128876823,1.504857687
1734523596.638765812,1,6.846551787,-0.088570508,1.504830993
1734523596.638765812,2,0.035310348,7.426365920,1.504457255
1734523596.638765812,3,0.149111633,-7.929475800,1.504576861
1734523596.638765812,4,-4.580164395,-0.697246515,1.504503136
1734523596.638765812,5,4.034361308,6.736488609,1.503723688
1734523596.638765812,6,-2.875597866,-5.460205261,1.504464180
1734523596.638765812,7,-3.983290530,6.627724094,1.503711013
1734523596.638765812,8,3.901194645,-6.271771927,1.504332563
1734523596.638765812,9,-12.012468715,-1.770762934,1.504491956
1734523596.698765755,0,1.466645745,-0.139262012,1.504879583
1734523596.698765755,1,7.064583294,-0.093607667,1.504863535
1734523596.698765755,2,0.036912919,7.702283428,1.504523794
1734523596.698765755,3,0.161868976,-8.221487348,1.504775144
1734523596.698765755,4,-4.606937506,-0.727701104,1.504544326
1734523596.698765755,5,4.037840091,7.040148276,1.503832838
1734523596.698765755,6,-2.745989788,-5.622861387,1.504534493
1734523596.698765755,7,-3.983147313,6.699574275,1.503747040
1734523596.698765755,8,3.893197360,-6.495122486,1.504398425
1734523596.698765755,9,-12.460134953,-1.963020606,1.504553125
1734523596.758765697,0,1.466645745,-0.139262012,1.504879583
1734523596.758765697,1,7.064583294,-0.093607667,1.504863535
1734523596.758765697,2,0.036912919,7.702283428,1.504523794
1734523596.758765697,3,0.161868976,-8.221487348,1.504775144
1734523596.758765697,4,-4.606937506,-0.727701104,1.504544326
1734523596.758765697,5,4.037840091,7.040148276,1.503832838
1734523596.758765697,6,-2.745989788,-5.622861387,1.504534493
1734523596.758765697,7,-3.983147313,6.699574275,1.503747040
1734523596.758765697,8,3.893197360,-6.495122486,1.504398425
1734523596.758765697,9,-12.460134953,-1.963020606,1.504553125
1734523596.818765879,0,1.466645745,-0.139262012,1.504879583
1734523596.818765879,1,7.064583294,-0.093607667,1.504863535
1734523596.818765879,2,0.036912919,7.702283428,1.504523794
1734523596.818765879,3,0.161868976,-8.221487348,1.504775144
1734523596.818765879,4,-4.606937506,-0.727701104,1.504544326
1734523596.818765879,5,4.037840091,7.040148276,1.503832838
1734523596.818765879,6,-2.745989788,-5.622861387,1.504534493
1734523596.818765879,7,-3.983147313,6.699574275,1.503747040
1734523596.818765879,8,3.893197360,-6.495122486,1.504398425
1734523596.818765879,9,-12.460134953,-1.963020606,1.504553125
1734523596.888765812,0,1.466645745,-0.139262012,1.504879583
1734523596.888765812,1,7.064583294,-0.093607667,1.504863535
1734523596.888765812,2,0.036912919,7.702283428,1.504523794
1734523596.888765812,3,0.161868976,-8.221487348,1.504775144
1734523596.888765812,4,-4.606937506,-0.727701104,1.504544326
1734523596.888765812,5,4.037840091,7.040148276,1.503832838
1734523596.888765812,6,-2.745989788,-5.622861387,1.504534493
1734523596.888765812,7,-3.983147313,6.699574275,1.503747040
1734523596.888765812,8,3.893197360,-6.495122486,1.504398425
1734523596.888765812,9,-12.460134953,-1.963020606,1.504553125
1734523596.948765755,0,1.466645745,-0.139262012,1.504879583
1734523596.948765755,1,7.064583294,-0.093607667,1.504863535
1734523596.948765755,2,0.036912919,7.702283428,1.504523794
1734523596.948765755,3,0.161868976,-8.221487348,1.504775144
1734523596.948765755,4,-4.606937506,-0.727701104,1.504544326
1734523596.948765755,5,4.037840091,7.040148276,1.503832838
1734523596.948765755,6,-2.745989788,-5.622861387,1.504534493
1734523596.948765755,7,-3.983147313,6.699574275,1.503747040
1734523596.948765755,8,3.893197360,-6.495122486,1.504398425
1734523596.948765755,9,-12.460134953,-1.963020606,1.504553125
1734523597.008765697,0,1.466645745,-0.139262012,1.504879583
1734523597.008765697,1,7.064583294,-0.093607667,1.504863535
1734523597.008765697,2,0.036912919,7.702283428,1.504523794
1734523597.008765697,3,0.161868976,-8.221487348,1.504775144
1734523597.008765697,4,-4.606937506,-0.727701104,1.504544326
1734523597.008765697,5,4.037840091,7.040148276,1.503832838
1734523597.008765697,6,-2.745989788,-5.622861387,1.504534493
1734523597.008765697,7,-3.983147313,6.699574275,1.503747040
1734523597.008765697,8,3.893197360,-6.495122486,1.504398425
1734523597.008765697,9,-12.460134953,-1.963020606,1.504553125
1734523597.078765869,0,1.466645745,-0.139262012,1.504879583
1734523597.078765869,1,7.064583294,-0.093607667,1.504863535
1734523597.078765869,2,0.036912919,7.702283428,1.504523794
1734523597.078765869,3,0.161868976,-8.221487348,1.504775144
1734523597.078765869,4,-4.606937506,-0.727701104,1.504544326
1734523597.078765869,5,4.037840091,7.040148276,1.503832838
1734523597.078765869,6,-2.745989788,-5.622861387,1.504534493
1734523597.078765869,7,-3.983147313,6.699574275,1.503747040
1734523597.078765869,8,3.893197360,-6.495122486,1.504398425
1734523597.078765869,9,-12.460134953,-1.963020606,1.504553125
1734523597.138765812,0,1.466645745,-0.139262012,1.504879583
1734523597.138765812,1,7.064583294,-0.093607667,1.504863535
1734523597.138765812,2,0.036912919,7.702283428,1.504523794
1734523597.138765812,3,0.161868976,-8.221487348,1.504775144
1734523597.138765812,4,-4.606937506,-0.727701104,1.504544326
1734523597.138765812,5,4.037840091,7.040148276,1.503832838
1734523597.138765812,6,-2.745989788,-5.622861387,1.504534493
1734523597.138765812,7,-3.983147313,6.699574275,1.503747040
1734523597.138765812,8,3.893197360,-6.495122486,1.504398425
1734523597.138765812,9,-12.460134953,-1.963020606,1.504553125
1734523597.198765755,0,1.466645745,-0.139262012,1.504879583
1734523597.198765755,1,7.064583294,-0.093607667,1.504863535
1734523597.198765755,2,0.036912919,7.702283428,1.504523794
1734523597.198765755,3,0.161868976,-8.221487348,1.504775144
1734523597.198765755,4,-4.606937506,-0.727701104,1.504544326
1734523597.198765755,5,4.037840091,7.040148276,1.503832838
1734523597.198765755,6,-2.745989788,-5.622861387,1.504534493
1734523597.198765755,7,-3.983147313,6.699574275,1.503747040
1734523597.198765755,8,3.893197360,-6.495122486,1.504398425
1734523597.198765755,9,-12.460134953,-1.963020606,1.504553125
1734523597.258765697,0,1.466645745,-0.139262012,1.504879583
1734523597.258765697,1,7.064583294,-0.093607667,1.504863535
1734523597.258765697,2,0.036912919,7.702283428,1.504523794
1734523597.258765697,3,0.161868976,-8.221487348,1.504775144
1734523597.258765697,4,-4.606937506,-0.727701104,1.504544326
1734523597.258765697,5,4.037840091,7.040148276,1.503832838
1734523597.258765697,6,-2.745989788,-5.622861387,1.504534493
1734523597.258765697,7,-3.983147313,6.699574275,1.503747040
1734523597.258765697,8,3.893197360,-6.495122486,1.504398425
1734523597.258765697,9,-12.460134953,-1.963020606,1.504553125
1734523597.328765869,0,1.632050194,-0.155074269,1.505113958
1734523597.328765869,1,7.297381470,-0.097459339,1.504883233
1734523597.328765869,2,0.037273911,7.980781978,1.504573329
1734523597.328765869,3,0.172165047,-8.502275948,1.505417819
1734523597.328765869,4,-4.640781124,-0.766242193,1.504595492
1734523597.328765869,5,4.041069990,7.359310863,1.503920145
1734523597.328765869,6,-2.625842441,-5.773618335,1.504598227
1734523597.328765869,7,-3.981414769,6.960858168,1.503858426
1734523597.328765869,8,3.885911027,-6.703457991,1.504447581
1734523597.328765869,9,-12.935389767,-2.166731448,1.504622062
1734523597.388765812,0,1.632050194,-0.155074269,1.505113958
1734523597.388765812,1,7.297381470,-0.097459339,1.504883233
1734523597.388765812,2,0.037273911,7.980781978,1.504573329
1734523597.388765812,3,0.172165047,-8.502275948,1.505417819
1734523597.388765812,4,-4.640781124,-0.766242193,1.504595492
1734523597.388765812,5,4.041069990,7.359310863,1.503920145
1734523597.388765812,6,-2.625842441,-5.773618335,1.504598227
1734523597.388765812,7,-3.981414769,6.960858168,1.503858426
1734523597.388765812,8,3.885911027,-6.703457991,1.504447581
1734523597.388765812,9,-12.935389767,-2.166731448,1.504622062
1734523597.448765755,0,1.632050194,-0.155074269,1.505113958
1734523597.448765755,1,7.297381470,-0.097459339,1.504883233
1734523597.448765755,2,0.037273911,7.980781978,1.504573329
1734523597.448765755,3,0.172165047,-8.502275948,1.505417819
1734523597.448765755,4,-4.640781124,-0.766242193,1.504595492
1734523597.448765755,5,4.041069990,7.359310863,1.503920145
1734523597.448765755,6,-2.625842441,-5.773618335,1.504598227
1734523597.448765755,7,-3.981414769,6.960858168,1.503858426
1734523597.448765755,8,3.885911027,-6.703457991,1.504447581
1734523597.448765755,9,-12.935389767,-2.166731448,1.504622062
1734523597.508765697,0,1.632050194,-0.155074269,1.505113958
1734523597.508765697,1,7.297381470,-0.097459339,1.504883233
1734523597.508765697,2,0.037273911,7.980781978,1.504573329
1734523597.508765697,3,0.172165047,-8.502275948,1.505417819
1734523597.508765697,4,-4.640781124,-0.766242193,1.504595492
1734523597.508765697,5,4.041069990,7.359310863,1.503920145
1734523597.508765697,6,-2.625842441,-5.773618335,1.504598227
1734523597.508765697,7,-3.981414769,6.960858168,1.503858426
1734523597.508765697,8,3.885911027,-6.703457991,1.504447581
1734523597.508765697,9,-12.935389767,-2.166731448,1.504622062
1734523597.578765869,0,1.632050194,-0.155074269,1.505113958
1734523597.578765869,1,7.297381470,-0.097459339,1.504883233
1734523597.578765869,2,0.037273911,7.980781978,1.504573329
1734523597.578765869,3,0.172165047,-8.502275948,1.505417819
1734523597.578765869,4,-4.640781124,-0.766242193,1.504595492
1734523597.578765869,5,4.041069990,7.359310863,1.503920145
1734523597.578765869,6,-2.625842441,-5.773618335,1.504598227
1734523597.578765869,7,-3.981414769,6.960858168,1.503858426
1734523597.578765869,8,3.885911027,-6.703457991,1.504447581
1734523597.578765869,9,-12.935389767,-2.166731448,1.504622062
1734523597.638765812,0,1.632050194,-0.155074269,1.505113958
1734523597.638765812,1,7.297381470,-0.097459339,1.504883233
1734523597.638765812,2,0.037273911,7.980781978,1.504573329
1734523597.638765812,3,0.172165047,-8.502275948,1.505417819
1734523597.638765812,4,-4.640781124,-0.766242193,1.504595492
1734523597.638765812,5,4.041069990,7.359310863,1.503920145
1734523597.638765812,6,-2.625842441,-5.773618335,1.504598227
1734523597.638765812,7,-3.981414769,6.960858168,1.503858426
1734523597.638765812,8,3.885911027,-6.703457991,1.504447581
1734523597.638765812,9,-12.935389767,-2.166731448,1.504622062
1734523597.698765755,0,1.632050194,-0.155074269,1.505113958
1734523597.698765755,1,7.297381470,-0.097459339,1.504883233
1734523597.698765755,2,0.037273911,7.980781978,1.504573329
1734523597.698765755,3,0.172165047,-8.502275948,1.505417819
1734523597.698765755,4,-4.640781124,-0.766242193,1.504595492
1734523597.698765755,5,4.041069990,7.359310863,1.503920145
1734523597.698765755,6,-2.625842441,-5.773618335,1.504598227
1734523597.698765755,7,-3.981414769,6.960858168,1.503858426
1734523597.698765755,8,3.885911027,-6.703457991,1.504447581
1734523597.698765755,9,-12.935389767,-2.166731448,1.504622062
1734523597.758765697,0,1.632050194,-0.155074269,1.505113958
1734523597.758765697,1,7.297381470,-0.097459339,1.504883233
1734523597.758765697,2,0.037273911,7.980781978,1.504573329
1734523597.758765697,3,0.172165047,-8.502275948,1.505417819
1734523597.758765697,4,-4.640781124,-0.766242193,1.504595492
1734523597.758765697,5,4.041069990,7.359310863,1.503920145
1734523597.758765697,6,-2.625842441,-5.773618335,1.504598227
1734523597.758765697,7,-3.981414769,6.960858168,1.503858426
1734523597.758765697,8,3.885911027,-6.703457991,1.504447581
1734523597.758765697,9,-12.935389767,-2.166731448,1.504622062
1734523597.828765869,0,1.632050194,-0.155074269,1.505113958
1734523597.828765869,1,7.297381470,-0.097459339,1.504883233
1734523597.828765869,2,0.037273911,7.980781978,1.504573329
1734523597.828765869,3,0.172165047,-8.502275948,1.505417819
1734523597.828765869,4,-4.640781124,-0.766242193,1.504595492
1734523597.828765869,5,4.041069990,7.359310863,1.503920145
1734523597.828765869,6,-2.625842441,-5.773618335,1.504598227
1734523597.828765869,7,-3.981414769,6.960858168,1.503858426
1734523597.828765869,8,3.885911027,-6.703457991,1.504447581
1734523597.828765869,9,-12.935389767,-2.166731448,1.504622062
1734523597.888765812,0,1.632050194,-0.155074269,1.505113958
1734523597.888765812,1,7.297381470,-0.097459339,1.504883233
1734523597.888765812,2,0.037273911,7.980781978,1.504573329
1734523597.888765812,3,0.172165047,-8.502275948,1.505417819
1734523597.888765812,4,-4.640781124,-0.766242193,1.504595492
1734523597.888765812,5,4.041069990,7.359310863,1.503920145
1734523597.888765812,6,-2.625842441,-5.773618335,1.504598227
1734523597.888765812,7,-3.981414769,6.960858168,1.503858426
1734523597.888765812,8,3.885911027,-6.703457991,1.504447581
1734523597.888765812,9,-12.935389767,-2.166731448,1.504622062
1734523597.958765745,0,1.802490575,-0.163311674,1.505075356
1734523597.958765745,1,7.547494834,-0.102398433,1.504903688
1734523597.958765745,2,0.038337624,8.259337355,1.504624106
1734523597.958765745,3,0.185892800,-8.815715277,1.505076972
1734523597.958765745,4,-4.662658684,-0.791159053,1.504631177
1734523597.958765745,5,4.043371062,7.682665048,1.504023508
1734523597.958765745,6,-2.491272406,-5.942265707,1.504632700
1734523597.958765745,7,-3.980088959,7.175783336,1.503936446
1734523597.958765745,8,3.877660126,-6.945434931,1.504510296
1734523597.958765745,9,-13.294047647,-2.320309794,1.504651306
1734523598.018765688,0,1.802490575,-0.163311674,1.505075356
1734523598.018765688,1,7.547494834,-0.102398433,1.504903688
1734523598.018765688,2,0.038337624,8.259337355,1.504624106
1734523598.018765688,3,0.185892800,-8.815715277,1.505076972
1734523598.018765688,4,-4.665150969,-0.794009204,1.504635406
1734523598.018765688,5,4.043371062,7.682665048,1.504023508
1734523598.018765688,6,-2.491272406,-5.942265707,1.504632700
1734523598.018765688,7,-3.980088959,7.175783336,1.503936446
1734523598.018765688,8,3.877660126,-6.945434931,1.504510296
1734523598.018765688,9,-13.294047647,-2.320309794,1.504651306
1734523598.088765860,0,1.802490575,-0.163311674,1.505075356
1734523598.088765860,1,7.547494834,-0.102398433,1.504903688
1734523598.088765860,2,0.038337624,8.259337355,1.504624106
1734523598.088765860,3,0.185892800,-8.815715277,1.505076972
1734523598.088765860,4,-4.665150969,-0.794009204,1.504635406
1734523598.088765860,5,4.043371062,7.682665048,1.504023508
1734523598.088765860,6,-2.491272406,-5.942265707,1.504632700
1734523598.088765860,7,-3.980088959,7.175783336,1.503936446
1734523598.088765860,8,3.877660126,-6.945434931,1.504510296
1734523598.088765860,9,-13.294047647,-2.320309794,1.504651306
1734523598.148765802,0,1.802490575,-0.163311674,1.505075356
1734523598.148765802,1,7.547494834,-0.102398433,1.504903688
1734523598.148765802,2,0.038337624,8.259337355,1.504624106
1734523598.148765802,3,0.185892800,-8.815715277,1.505076972
1734523598.148765802,4,-4.665150969,-0.794009204,1.504635406
1734523598.148765802,5,4.043371062,7.682665048,1.504023508
1734523598.148765802,6,-2.491272406,-5.942265707,1.504632700
1734523598.148765802,7,-3.980088959,7.175783336,1.503936446
1734523598.148765802,8,3.877660126,-6.945434931,1.504510296
1734523598.148765802,9,-13.294047647,-2.320309794,1.504651306
1734523598.208765745,0,1.802490575,-0.163311674,1.505075356
1734523598.208765745,1,7.547494834,-0.102398433,1.504903688
1734523598.208765745,2,0.038337624,8.259337355,1.504624106
1734523598.208765745,3,0.185892800,-8.815715277,1.505076972
1734523598.208765745,4,-4.665150969,-0.794009204,1.504635406
1734523598.208765745,5,4.043371062,7.682665048,1.504023508
1734523598.208765745,6,-2.491272406,-5.942265707,1.504632700
1734523598.208765745,7,-3.980088959,7.175783336,1.503936446
1734523598.208765745,8,3.877660126,-6.945434931,1.504510296
1734523598.208765745,9,-13.294047647,-2.320309794,1.504651306
1734523598.268765688,0,1.802490575,-0.163311674,1.505075356
1734523598.268765688,1,7.547494834,-0.102398433,1.504903688
1734523598.268765688,2,0.038337624,8.259337355,1.504624106
1734523598.268765688,3,0.185892800,-8.815715277,1.505076972
1734523598.268765688,4,-4.665150969,-0.794009204,1.504635406
1734523598.268765688,5,4.043371062,7.682665048,1.504023508
1734523598.268765688,6,-2.491272406,-5.942265707,1.504632700
1734523598.268765688,7,-3.980088959,7.175783336,1.503936446
1734523598.268765688,8,3.877660126,-6.945434931,1.504510296
1734523598.268765688,9,-13.294047647,-2.320309794,1.504651306
1734523598.338765860,0,1.802490575,-0.163311674,1.505075356
1734523598.338765860,1,7.547494834,-0.102398433,1.504903688
1734523598.338765860,2,0.038337624,8.259337355,1.504624106
1734523598.338765860,3,0.185892800,-8.815715277,1.505076972
1734523598.338765860,4,-4.665150969,-0.794009204,1.504635406
1734523598.338765860,5,4.043371062,7.682665048,1.504023508
1734523598.338765860,6,-2.491272406,-5.942265707,1.504632700
1734523598.338765860,7,-3.980088959,7.175783336,1.503936446
1734523598.338765860,8,3.877660126,-6.945434931,1.504510296
1734523598.338765860,9,-13.294047647,-2.320309794,1.504651306
1734523598.398765802,0,1.802490575,-0.163311674,1.505075356
1734523598.398765802,1,7.547494834,-0.102398433,1.504903688
1734523598.398765802,2,0.038337624,8.259337355,1.504624106
1734523598.398765802,3,0.185892800,-8.815715277,1.505076972
1734523598.398765802,4,-4.665150969,-0.794009204,1.504635406
1734523598.398765802,5,4.043371062,7.682665048,1.504023508
1734523598.398765802,6,-2.491272406,-5.942265707,1.504632700
1734523598.398765802,7,-3.980088959,7.175783336,1.503936446
1734523598.398765802,8,3.877660126,-6.945434931,1.504510296
1734523598.398765802,9,-13.294047647,-2.320309794,1.504651306
1734523598.458765745,0,1.802490575,-0.163311674,1.505075356
1734523598.458765745,1,7.547494834,-0.102398433,1.504903688
1734523598.458765745,2,0.038337624,8.259337355,1.504624106
1734523598.458765745,3,0.185892800,-8.815715277,1.505076972
1734523598.458765745,4,-4.665150969,-0.794009204,1.504635406
1734523598.458765745,5,4.043371062,7.682665048,1.504023508
1734523598.458765745,6,-2.491272406,-5.942265707,1.504632700
1734523598.458765745,7,-3.980088959,7.175783336,1.503936446
1734523598.458765745,8,3.877660126,-6.945434931,1.504510296
1734523598.458765745,9,-13.294047647,-2.320309794,1.504651306
1734523598.518765688,0,1.802490575,-0.163311674,1.505075356
1734523598.518765688,1,7.547494834,-0.102398433,1.504903688
1734523598.518765688,2,0.038337624,8.259337355,1.504624106
1734523598.518765688,3,0.185892800,-8.815715277,1.505076972
1734523598.518765688,4,-4.665150969,-0.794009204,1.504635406
1734523598.518765688,5,4.043371062,7.682665048,1.504023508
1734523598.518765688,6,-2.491272406,-5.942265707,1.504632700
1734523598.518765688,7,-3.980088959,7.175783336,1.503936446
1734523598.518765688,8,3.877660126,-6.945434931,1.504510296
1734523598.518765688,9,-13.294047647,-2.320309794,1.504651306
1734523598.578765869,0,1.972140887,-0.175423001,1.504982775
1734523598.578765869,1,7.777170329,-0.107761416,1.504920445
1734523598.578765869,2,0.038124085,8.564483202,1.504668916
1734523598.578765869,3,0.197448661,-9.118026616,1.504759028
1734523598.578765869,4,-4.691974885,-0.824554784,1.504678979
1734523598.578765869,5,4.046629408,8.045371604,1.504114145
1734523598.578765869,6,-2.359151465,-6.107686611,1.504673229
1734523598.578765869,7,-3.978141924,7.483445848,1.504037737
1734523598.578765869,8,3.870359938,-7.169137819,1.504554609
1734523598.578765869,9,-13.862556076,-2.563708873,1.504689890
1734523598.638765812,0,1.972140887,-0.175423001,1.504982775
1734523598.638765812,1,7.777170329,-0.107761416,1.504920445
1734523598.638765812,2,0.038124085,8.564483202,1.504668916
1734523598.638765812,3,0.197448661,-9.118026616,1.504759028
1734523598.638765812,4,-4.691974885,-0.824554784,1.504678979
1734523598.638765812,5,4.046629408,8.045371604,1.504114145
1734523598.638765812,6,-2.359151465,-6.107686611,1.504673229
1734523598.638765812,7,-3.978141924,7.483445848,1.504037737
1734523598.638765812,8,3.870359938,-7.169137819,1.504554609
1734523598.638765812,9,-13.862556076,-2.563708873,1.504689890
1734523598.708765745,0,1.972140887,-0.175423001,1.504982775
1734523598.708765745,1,7.777170329,-0.107761416,1.504920445
1734523598.708765745,2,0.038124085,8.564483202,1.504668916
1734523598.708765745,3,0.197448661,-9.118026616,1.504759028
1734523598.708765745,4,-4.691974885,-0.824554784,1.504678979
1734523598.708765745,5,4.046629408,8.045371604,1.504114145
1734523598.708765745,6,-2.359151465,-6.107686611,1.504673229
1734523598.708765745,7,-3.978141924,7.483445848,1.504037737
1734523598.708765745,8,3.870359938,-7.169137819,1.504554609
1734523598.708765745,9,-13.862556076,-2.563708873,1.504689890
1734523598.768765688,0,1.972140887,-0.175423001,1.504982775
1734523598.768765688,1,7.777170329,-0.107761416,1.504920445
1734523598.768765688,2,0.038124085,8.564483202,1.504668916
1734523598.768765688,3,0.197448661,-9.118026616,1.504759028
1734523598.768765688,4,-4.691974885,-0.824554784,1.504678979
1734523598.768765688,5,4.046629408,8.045371604,1.504114145
1734523598.768765688,6,-2.359151465,-6.107686611,1.504673229
1734523598.768765688,7,-3.978141924,7.483445848,1.504037737
1734523598.768765688,8,3.870359938,-7.169137819,1.504554609
1734523598.768765688,9,-13.862556076,-2.563708873,1.504689890
1734523598.828765869,0,1.972140887,-0.175423001,1.504982775
1734523598.828765869,1,7.777170329,-0.107761416,1.504920445
1734523598.828765869,2,0.038124085,8.564483202,1.504668916
1734523598.828765869,3,0.197448661,-9.118026616,1.504759028
1734523598.828765869,4,-4.691974885,-0.824554784,1.504678979
1734523598.828765869,5,4.046629408,8.045371604,1.504114145
1734523598.828765869,6,-2.359151465,-6.107686611,1.504673229
1734523598.828765869,7,-3.978141924,7.483445848,1.504037737
1734523598.828765869,8,3.870359938,-7.169137819,1.504554609
1734523598.828765869,9,-13.862556076,-2.563708873,1.504689890
1734523598.888765812,0,1.972140887,-0.175423001,1.504982775
1734523598.888765812,1,7.777170329,-0.107761416,1.504920445
1734523598.888765812,2,0.038124085,8.564483202,1.504668916
1734523598.888765812,3,0.197448661,-9.118026616,1.504759028
1734523598.888765812,4,-4.691974885,-0.824554784,1.504678979
1734523598.888765812,5,4.046629408,8.045371604,1.504114145
1734523598.888765812,6,-2.359151465,-6.107686611,1.504673229
1734523598.888765812,7,-3.978141924,7.483445848,1.504037737
1734523598.888765812,8,3.870359938,-7.169137819,1.504554609
1734523598.888765812,9,-13.862556076,-2.563708873,1.504689890
1734523598.948765755,0,1.972140887,-0.175423001,1.504982775
1734523598.948765755,1,7.777170329,-0.107761416,1.504920445
1734523598.948765755,2,0.038124085,8.564483202,1.504668916
1734523598.948765755,3,0.197448661,-9.118026616,1.504759028
1734523598.948765755,4,-4.691974885,-0.824554784,1.504678979
1734523598.948765755,5,4.046629408,8.045371604,1.504114145
1734523598.948765755,6,-2.359151465,-6.107686611,1.504673229
1734523598.948765755,7,-3.978141924,7.483445848,1.504037737
1734523598.948765755,8,3.870359938,-7.169137819,1.504554609
1734523598.948765755,9,-13.862556076,-2.563708873,1.504689890
1734523599.008765697,0,1.972140887,-0.175423001,1.504982775
1734523599.008765697,1,7.777170329,-0.107761416,1.504920445
1734523599.008765697,2,0.038124085,8.564483202,1.504668916
1734523599.008765697,3,0.197448661,-9.118026616,1.504759028
1734523599.008765697,4,-4.691974885,-0.824554784,1.504678979
1734523599.008765697,5,4.046629408,8.045371604,1.504114145
1734523599.008765697,6,-2.359151465,-6.107686611,1.504673229
1734523599.008765697,7,-3.978141924,7.483445848,1.504037737
1734523599.008765697,8,3.870359938,-7.169137819,1.504554609
1734523599.008765697,9,-13.862556076,-2.563708873,1.504689890
1734523599.078765869,0,1.972140887,-0.175423001,1.504982775
1734523599.078765869,1,7.777170329,-0.107761416,1.504920445
1734523599.078765869,2,0.038124085,8.564483202,1.504668916
1734523599.078765869,3,0.197448661,-9.118026616,1.504759028
1734523599.078765869,4,-4.691974885,-0.824554784,1.504678979
1734523599.078765869,5,4.046629408,8.045371604,1.504114145
1734523599.078765869,6,-2.359151465,-6.107686611,1.504673229
1734523599.078765869,7,-3.978141924,7.483445848,1.504037737
1734523599.078765869,8,3.870359938,-7.169137819,1.504554609
1734523599.078765869,9,-13.862556076,-2.563708873,1.504689890
1734523599.138765812,0,1.972140887,-0.175423001,1.504982775
1734523599.138765812,1,7.777170329,-0.107761416,1.504920445
1734523599.138765812,2,0.038124085,8.564483202,1.504668916
1734523599.138765812,3,0.197448661,-9.118026616,1.504759028
1734523599.138765812,4,-4.691974885,-0.824554784,1.504678979
1734523599.138765812,5,4.046629408,8.045371604,1.504114145
1734523599.138765812,6,-2.359151465,-6.107686611,1.504673229
1734523599.138765812,7,-3.978141924,7.483445848,1.504037737
1734523599.138765812,8,3.870359938,-7.169137819,1.504554609
1734523599.138765812,9,-13.862556076,-2.563708873,1.504689890
1734523599.198765755,0,2.150571290,-0.189195045,1.504959642
1734523599.198765755,1,8.022027840,-0.112396000,1.504967132
1734523599.198765755,2,0.038991144,8.844870561,1.504714863
1734523599.198765755,3,0.212220504,-9.458227353,1.504686019
1734523599.198765755,4,-4.714328179,-0.849963416,1.504713847
1734523599.198765755,5,4.048762649,8.411272683,1.504211276
1734523599.198765755,6,-2.208815091,-6.296369197,1.504730368
1734523599.198765755,7,-3.977010822,7.698095115,1.504102205
1734523599.198765755,8,3.862302961,-7.426939365,1.504607876
1734523599.198765755,9,-14.263690406,-2.732915304,1.504725514
1734523599.258765697,0,2.150571290,-0.189195045,1.504959642
1734523599.258765697,1,8.022027840,-0.112396000,1.504967132
1734523599.258765697,2,0.038615197,8.870004996,1.504724442
1734523599.258765697,3,0.212220504,-9.458227353,1.504686019
1734523599.258765697,4,-4.716637593,-0.852600776,1.504717459
1734523599.258765697,5,4.048762649,8.411272683,1.504211276
1734523599.258765697,6,-2.208815091,-6.296369197,1.504730368
1734523599.258765697,7,-3.977010822,7.698095115,1.504102205
1734523599.258765697,8,3.862302961,-7.426939365,1.504607876
1734523599.258765697,9,-14.263690406,-2.732915304,1.504725514
1734523599.318765879,0,2.150571290,-0.189195045,1.504959642
1734523599.318765879,1,8.022027840,-0.112396000,1.504967132
1734523599.318765879,2,0.038615197,8.870004996,1.504724442
1734523599.318765879,3,0.212220504,-9.458227353,1.504686019
1734523599.318765879,4,-4.716637593,-0.852600776,1.504717459
1734523599.318765879,5,4.048762649,8.411272683,1.504211276
1734523599.318765879,6,-2.208815091,-6.296369197,1.504730368
1734523599.318765879,7,-3.977010822,7.698095115,1.504102205
1734523599.318765879,8,3.862302961,-7.426939365,1.504607876
1734523599.318765879,9,-14.263690406,-2.732915304,1.504725514
1734523599.378765821,0,2.150571290,-0.189195045,1.504959642
1734523599.378765821,1,8.022027840,-0.112396000,1.504967132
1734523599.378765821,2,0.038615197,8.870004996,1.504724442
1734523599.378765821,3,0.212220504,-9.458227353,1.504686019
1734523599.378765821,4,-4.716637593,-0.852600776,1.504717459
1734523599.378765821,5,4.048762649,8.411272683,1.504211276
1734523599.378765821,6,-2.208815091,-6.296369197,1.504730368
1734523599.378765821,7,-3.977010822,7.698095115,1.504102205
1734523599.378765821,8,3.862302961,-7.426939365,1.504607876
1734523599.378765821,9,-14.263690406,-2.732915304,1.504725514
1734523599.448765755,0,2.150571290,-0.189195045,1.504959642
1734523599.448765755,1,8.022027840,-0.112396000,1.504967132
1734523599.448765755,2,0.038615197,8.870004996,1.504724442
1734523599.448765755,3,0.212220504,-9.458227353,1.504686019
1734523599.448765755,4,-4.716637593,-0.852600776,1.504717459
1734523599.448765755,5,4.048762649,8.411272683,1.504211276
1734523599.448765755,6,-2.208815091,-6.296369197,1.504730368
1734523599.448765755,7,-3.977010822,7.698095115,1.504102205
1734523599.448765755,8,3.862302961,-7.426939365,1.504607876
1734523599.448765755,9,-14.263690406,-2.732915304,1.504725514
1734523599.508765697,0,2.150571290,-0.189195045,1.504959642
1734523599.508765697,1,8.022027840,-0.112396000,1.504967132
1734523599.508765697,2,0.038615197,8.870004996,1.504724442
1734523599.508765697,3,0.212220504,-9.458227353,1.504686019
1734523599.508765697,4,-4.716637593,-0.852600776,1.504717459
1734523599.508765697,5,4.048762649,8.411272683,1.504211276
1734523599.508765697,6,-2.208815091,-6.296369197,1.504730368
1734523599.508765697,7,-3.977010822,7.698095115,1.504102205
1734523599.508765697,8,3.862302961,-7.426939365,1.504607876
1734523599.508765697,9,-14.263690406,-2.732915304,1.504725514
1734523599.568765879,0,2.150571290,-0.189195045,1.504959642
1734523599.568765879,1,8.022027840,-0.112396000,1.504967132
1734523599.568765879,2,0.038615197,8.870004996,1.504724442
1734523599.568765879,3,0.212220504,-9.458227353,1.504686019
1734523599.568765879,4,-4.716637593,-0.852600776,1.504717459
1734523599.568765879,5,4.048762649,8.411272683,1.504211276
1734523599.568765879,6,-2.208815091,-6.296369197,1.504730368
1734523599.568765879,7,-3.977010822,7.698095115,1.504102205
1734523599.568765879,8,3.862302961,-7.426939365,1.504607876
1734523599.568765879,9,-14.263690406,-2.732915304,1.504725514
1734523599.628765821,0,2.150571290,-0.189195045,1.504959642
1734523599.628765821,1,8.022027840,-0.112396000,1.504967132
1734523599.628765821,2,0.038615197,8.870004996,1.504724442
1734523599.628765821,3,0.212220504,-9.458227353,1.504686019
1734523599.628765821,4,-4.716637593,-0.852600776,1.504717459
1734523599.628765821,5,4.048762649,8.411272683,1.504211276
1734523599.628765821,6,-2.208815091,-6.296369197,1.504730368
1734523599.628765821,7,-3.977010822,7.698095115,1.504102205
1734523599.628765821,8,3.862302961,-7.426939365,1.504607876
1734523599.628765821,9,-14.263690406,-2.732915304,1.504725514
1734523599.698765755,0,2.150571290,-0.189195045,1.504959642
1734523599.698765755,1,8.022027840,-0.112396000,1.504967132
1734523599.698765755,2,0.038615197,8.870004996,1.504724442
1734523599.698765755,3,0.212220504,-9.458227353,1.504686019
1734523599.698765755,4,-4.716637593,-0.852600776,1.504717459
1734523599.698765755,5,4.048762649,8.411272683,1.504211276
1734523599.698765755,6,-2.208815091,-6.296369197,1.504730368
1734523599.698765755,7,-3.977010822,7.698095115,1.504102205
1734523599.698765755,8,3.862302961,-7.426939365,1.504607876
1734523599.698765755,9,-14.263690406,-2.732915304,1.504725514
1734523599.758765697,0,2.150571290,-0.189195045,1.504959642
1734523599.758765697,1,8.022027840,-0.112396000,1.504967132
1734523599.758765697,2,0.038615197,8.870004996,1.504724442
1734523599.758765697,3,0.212220504,-9.458227353,1.504686019
1734523599.758765697,4,-4.716637593,-0.852600776,1.504717459
1734523599.758765697,5,4.048762649,8.411272683,1.504211276
1734523599.758765697,6,-2.208815091,-6.296369197,1.504730368
1734523599.758765697,7,-3.977010822,7.698095115,1.504102205
1734523599.758765697,8,3.862302961,-7.426939365,1.504607876
1734523599.758765697,9,-14.263690406,-2.732915304,1.504725514
1734523599.828765869,0,2.356840882,-0.205657845,1.505176195
1734523599.828765869,1,8.285010989,-0.118543835,1.505015229
1734523599.828765869,2,0.037593793,9.203665232,1.504768379
1734523599.828765869,3,0.226333528,-9.789625817,1.504795914
1734523599.828765869,4,-4.739919085,-0.879077227,1.504751373
1734523599.828765869,5,4.052514216,8.814229722,1.504350540
1734523599.828765869,6,-2.062785102,-6.479137551,1.504765772
1734523599.828765869,7,-3.975016134,8.012036623,1.504186839
1734523599.828765869,8,3.854928963,-7.665321868,1.504645855
1734523599.828765869,9,-14.848564422,-2.985121263,1.504772771
1734523599.888765812,0,2.356840882,-0.205657845,1.505176195
1734523599.888765812,1,8.285010989,-0.118543835,1.505015229
1734523599.888765812,2,0.037593793,9.203665232,1.504768379
1734523599.888765812,3,0.226333528,-9.789625817,1.504795914
1734523599.888765812,4,-4.739919085,-0.879077227,1.504751373
1734523599.888765812,5,4.052514216,8.814229722,1.504350540
1734523599.888765812,6,-2.062785102,-6.479137551,1.504765772
1734523599.888765812,7,-3.975016134,8.012036623,1.504186839
1734523599.888765812,8,3.854928963,-7.665321868,1.504645855
1734523599.888765812,9,-14.848564422,-2.985121263,1.504772771
1734523599.958765745,0,2.356840882,-0.205657845,1.505176195
1734523599.958765745,1,8.285010989,-0.118543835,1.505015229
1734523599.958765745,2,0.037593793,9.203665232,1.504768379
1734523599.958765745,3,0.226333528,-9.789625817,1.504795914
1734523599.958765745,4,-4.739919085,-0.879077227,1.504751373
1734523599.958765745,5,4.052514216,8.814229722,1.504350540
1734523599.958765745,6,-2.062785102,-6.479137551,1.504765772
1734523599.958765745,7,-3.975016134,8.012036623,1.504186839
1734523599.958765745,8,3.854928963,-7.665321868,1.504645855
1734523599.958765745,9,-14.848564422,-2.985121263,1.504772771
1734523600.018765688,0,2.356840882,-0.205657845,1.505176195
1734523600.018765688,1,8.285010989,-0.118543835,1.505015229
1734523600.018765688,2,0.037593793,9.203665232,1.504768379
1734523600.018765688,3,0.226333528,-9.789625817,1.504795914
1734523600.018765688,4,-4.739919085,-0.879077227,1.504751373
1734523600.018765688,5,4.052514216,8.814229722,1.504350540
1734523600.018765688,6,-2.062785102,-6.479137551,1.504765772
1734523600.018765688,7,-3.975016134,8.012036623,1.504186839
1734523600.018765688,8,3.854928963,-7.665321868,1.504645855
1734523600.018765688,9,-14.848564422,-2.985121263,1.504772771
1734523600.078765869,0,2.356840882,-0.205657845,1.505176195
1734523600.078765869,1,8.285010989,-0.118543835,1.505015229
1734523600.078765869,2,0.037593793,9.203665232,1.504768379
1734523600.078765869,3,0.226333528,-9.789625817,1.504795914
1734523600.078765869,4,-4.739919085,-0.879077227,1.504751373
1734523600.078765869,5,4.052514216,8.814229722,1.504350540
1734523600.078765869,6,-2.062785102,-6.479137551,1.504765772
1734523600.078765869,7,-3.975016134,8.012036623,1.504186839
1734523600.078765869,8,3.854928963,-7.665321868,1.504645855
1734523600.078765869,9,-14.848564422,-2.985121263,1.504772771
1734523600.148765802,0,2.356840882,-0.205657845,1.505176195
1734523600.148765802,1,8.285010989,-0.118543835,1.505015229
1734523600.148765802,2,0.037593793,9.203665232,1.504768379
1734523600.148765802,3,0.226333528,-9.789625817,1.504795914
1734523600.148765802,4,-4.739919085,-0.879077227,1.504751373
1734523600.148765802,5,4.052514216,8.814229722,1.504350540
1734523600.148765802,6,-2.062785102,-6.479137551,1.504765772
1734523600.148765802,7,-3.975016134,8.012036623,1.504186839
1734523600.148765802,8,3.854928963,-7.665321868,1.504645855
1734523600.148765802,9,-14.848564422,-2.985121263,1.504772771
1734523600.208765745,0,2.356840882,-0.205657845,1.505176195
1734523600.208765745,1,8.285010989,-0.118543835,1.505015229
1734523600.208765745,2,0.037593793,9.203665232,1.504768379
1734523600.208765745,3,0.226333528,-9.789625817,1.504795914
1734523600.208765745,4,-4.739919085,-0.879077227,1.504751373
1734523600.208765745,5,4.052514216,8.814229722,1.504350540
1734523600.208765745,6,-2.062785102,-6.479137551,1.504765772
1734523600.208765745,7,-3.975016134,8.012036623,1.504186839
1734523600.208765745,8,3.854928963,-7.665321868,1.504645855
1734523600.208765745,9,-14.848564422,-2.985121263,1.504772771
1734523600.268765688,0,2.356840882,-0.205657845,1.505176195
1734523600.268765688,1,8.285010989,-0.118543835,1.505015229
1734523600.268765688,2,0.037593793,9.203665232,1.504768379
1734523600.268765688,3,0.226333528,-9.789625817,1.504795914
1734523600.268765688,4,-4.739919085,-0.879077227,1.504751373
1734523600.268765688,5,4.052514216,8.814229722,1.504350540
1734523600.268765688,6,-2.062785102,-6.479137551,1.504765772
1734523600.268765688,7,-3.975016134,8.012036623,1.504186839
1734523600.268765688,8,3.854928963,-7.665321868,1.504645855
1734523600.268765688,9,-14.848564422,-2.985121263,1.504772771
1734523600.328765869,0,2.356840882,-0.205657845,1.505176195
1734523600.328765869,1,8.285010989,-0.118543835,1.505015229
1734523600.328765869,2,0.037593793,9.203665232,1.504768379
1734523600.328765869,3,0.226333528,-9.789625817,1.504795914
1734523600.328765869,4,-4.739919085,-0.879077227,1.504751373
1734523600.328765869,5,4.052514216,8.814229722,1.504350540
1734523600.328765869,6,-2.062785102,-6.479137551,1.504765772
1734523600.328765869,7,-3.975016134,8.012036623,1.504186839
1734523600.328765869,8,3.854928963,-7.665321868,1.504645855
1734523600.328765869,9,-14.848564422,-2.985121263,1.504772771
1734523600.388765812,0,2.356840882,-0.205657845,1.505176195
1734523600.388765812,1,8.285010989,-0.118543835,1.505015229
1734523600.388765812,2,0.037593793,9.203665232,1.504768379
1734523600.388765812,3,0.226333528,-9.789625817,1.504795914
1734523600.388765812,4,-4.739919085,-0.879077227,1.504751373
1734523600.388765812,5,4.052514216,8.814229722,1.504350540
1734523600.388765812,6,-2.062785102,-6.479137551,1.504765772
1734523600.388765812,7,-3.975016134,8.012036623,1.504186839
1734523600.388765812,8,3.854928963,-7.665321868,1.504645855
1734523600.388765812,9,-14.848564422,-2.985121263,1.504772771
1734523600.448765755,0,2.555351505,-0.219877779,1.505158362
1734523600.448765755,1,8.545769420,-0.124713896,1.505025202
1734523600.448765755,2,0.037270380,9.537236094,1.504826590
1734523600.448765755,3,0.240826615,-10.156428584,1.504952013
1734523600.448765755,4,-4.767639600,-0.910560030,1.504789724
1734523600.448765755,5,4.054749543,9.220484086,1.504401359
1734523600.448765755,6,-1.898029519,-6.685764019,1.504809675
1734523600.448765755,7,-3.973638334,8.316014010,1.504260279
1734523600.448765755,8,3.846499470,-7.940102745,1.504716234
1734523600.448765755,9,-15.430844569,-3.231816211,1.504801985
1734523600.518765688,0,2.555351505,-0.219877779,1.505158362
1734523600.518765688,1,8.545769420,-0.124713896,1.505025202
1734523600.518765688,2,0.037270380,9.537236094,1.504826590
1734523600.518765688,3,0.240826615,-10.156428584,1.504952013
1734523600.518765688,4,-4.767639600,-0.910560030,1.504789724
1734523600.518765688,5,4.054749543,9.220484086,1.504401359
1734523600.518765688,6,-1.898029519,-6.685764019,1.504809675
1734523600.518765688,7,-3.973638334,8.316014010,1.504260279
1734523600.518765688,8,3.846499470,-7.940102745,1.504716234
1734523600.518765688,9,-15.430844569,-3.231816211,1.504801985
1734523600.578765869,0,2.555351505,-0.219877779,1.505158362
1734523600.578765869,1,8.545769420,-0.124713896,1.505025202
1734523600.578765869,2,0.037270380,9.537236094,1.504826590
1734523600.578765869,3,0.240826615,-10.156428584,1.504952013
1734523600.578765869,4,-4.767639600,-0.910560030,1.504789724
1734523600.578765869,5,4.054749543,9.220484086,1.504401359
1734523600.578765869,6,-1.898029519,-6.685764019,1.504809675
1734523600.578765869,7,-3.973638334,8.316014010,1.504260279
1734523600.578765869,8,3.846499470,-7.940102745,1.504716234
1734523600.578765869,9,-15.430844569,-3.231816211,1.504801985
1734523600.638765812,0,2.555351505,-0.219877779,1.505158362
1734523600.638765812,1,8.545769420,-0.124713896,1.505025202
1734523600.638765812,2,0.037270380,9.537236094,1.504826590
1734523600.638765812,3,0.240826615,-10.156428584,1.504952013
1734523600.638765812,4,-4.767639600,-0.910560030,1.504789724
1734523600.638765812,5,4.054749543,9.220484086,1.504401359
1734523600.638765812,6,-1.898029519,-6.685764019,1.504809675
1734523600.638765812,7,-3.973638334,8.316014010,1.504260279
1734523600.638765812,8,3.846499470,-7.940102745,1.504716234
1734523600.638765812,9,-15.430844569,-3.231816211,1.504801985
1734523600.698765755,0,2.555351505,-0.219877779,1.505158362
1734523600.698765755,1,8.545769420,-0.124713896,1.505025202
1734523600.698765755,2,0.037270380,9.537236094,1.504826590
1734523600.698765755,3,0.240826615,-10.156428584,1.504952013
1734523600.698765755,4,-4.767639600,-0.910560030,1.504789724
1734523600.698765755,5,4.054749543,9.220484086,1.504401359
1734523600.698765755,6,-1.898029519,-6.685764019,1.504809675
1734523600.698765755,7,-3.973638334,8.316014010,1.504260279
1734523600.698765755,8,3.846499470,-7.940102745,1.504716234
1734523600.698765755,9,-15.430844569,-3.231816211,1.504801985
1734523600.768765688,0,2.555351505,-0.219877779,1.505158362
1734523600.768765688,1,8.545769420,-0.124713896,1.505025202
1734523600.768765688,2,0.037270380,9.537236094,1.504826590
1734523600.768765688,3,0.240826615,-10.156428584,1.504952013
1734523600.768765688,4,-4.767639600,-0.910560030,1.504789724
1734523600.768765688,5,4.054749543,9.220484086,1.504401359
1734523600.768765688,6,-1.898029519,-6.685764019,1.504809675
1734523600.768765688,7,-3.973638334,8.316014010,1.504260279
1734523600.768765688,8,3.846499470,-7.940102745,1.504716234
1734523600.768765688,9,-15.430844569,-3.231816211,1.504801985
1734523600.828765869,0,2.555351505,-0.219877779,1.505158362
1734523600.828765869,1,8.545769420,-0.124713896,1.505025202
1734523600.828765869,2,0.037270380,9.537236094,1.504826590
1734523600.828765869,3,0.240826615,-10.156428584,1.504952013
1734523600.828765869,4,-4.767639600,-0.910560030,1.504789724
1734523600.828765869,5,4.054749543,9.220484086,1.504401359
1734523600.828765869,6,-1.898029519,-6.685764019,1.504809675
1734523600.828765869,7,-3.973638334,8.316014010,1.504260279
1734523600.828765869,8,3.846499470,-7.940102745,1.504716234
1734523600.828765869,9,-15.430844569,-3.231816211,1.504801985
1734523600.888765812,0,2.555351505,-0.219877779,1.505158362
1734523600.888765812,1,8.545769420,-0.124713896,1.505025202
1734523600.888765812,2,0.037270380,9.537236094,1.504826590
1734523600.888765812,3,0.240826615,-10.156428584,1.504952013
1734523600.888765812,4,-4.767639600,-0.910560030,1.504789724
1734523600.888765812,5,4.054749543,9.220484086,1.504401359
1734523600.888765812,6,-1.898029519,-6.685764019,1.504809675
1734523600.888765812,7,-3.973638334,8.316014010,1.504260279
1734523600.888765812,8,3.846499470,-7.940102745,1.504716234
1734523600.888765812,9,-15.430844569,-3.231816211,1.504801985
1734523600.948765755,0,2.555351505,-0.219877779,1.505158362
1734523600.948765755,1,8.545769420,-0.124713896,1.505025202
1734523600.948765755,2,0.037270380,9.537236094,1.504826590
1734523600.948765755,3,0.240826615,-10.156428584,1.504952013
1734523600.948765755,4,-4.767639600,-0.910560030,1.504789724
1734523600.948765755,5,4.054749543,9.220484086,1.504401359
1734523600.948765755,6,-1.898029519,-6.685764019,1.504809675
1734523600.948765755,7,-3.973638334,8.316014010,1.504260279
1734523600.948765755,8,3.846499470,-7.940102745,1.504716234
1734523600.948765755,9,-15.430844569,-3.231816211,1.504801985
1734523601.018765688,0,2.555351505,-0.219877779,1.505158362
1734523601.018765688,1,8.545769420,-0.124713896,1.505025202
1734523601.018765688,2,0.037270380,9.537236094,1.504826590
1734523601.018765688,3,0.240826615,-10.156428584,1.504952013
1734523601.018765688,4,-4.767639600,-0.910560030,1.504789724
1734523601.018765688,5,4.054749543,9.220484086,1.504401359
1734523601.018765688,6,-1.898029519,-6.685764019,1.504809675
1734523601.018765688,7,-3.973638334,8.316014010,1.504260279
1734523601.018765688,8,3.846499470,-7.940102745,1.504716234
1734523601.018765688,9,-15.430844569,-3.231816211,1.504801985
1734523601.078765869,0,2.786106657,-0.237058045,1.505073309
1734523601.078765869,1,8.822690127,-0.130435567,1.505025587
1734523601.078765869,2,0.035567340,9.903491169,1.504853277
1734523601.078765869,3,0.254018475,-10.513294681,1.505163357
1734523601.078765869,4,-4.790120074,-0.936085927,1.504819554
1734523601.078765869,5,4.058143519,9.673579610,1.504419587
1734523601.078765869,6,-1.739560166,-6.883450825,1.504839192
1734523601.078765869,7,-3.972294574,8.582683090,1.504318320
1734523601.078765869,8,3.838600539,-8.195285073,1.504766598
1734523601.078765869,9,-15.935853921,-3.449564984,1.504858287
1734523601.138765812,0,2.786106657,-0.237058045,1.505073309
1734523601.138765812,1,8.822690127,-0.130435567,1.505025587
1734523601.138765812,2,0.035567340,9.903491169,1.504853277
1734523601.138765812,3,0.254018475,-10.513294681,1.505163357
1734523601.138765812,4,-4.790120074,-0.936085927,1.504819554
1734523601.138765812,5,4.058143519,9.673579610,1.504419587
1734523601.138765812,6,-1.739560166,-6.883450825,1.504839192
1734523601.138765812,7,-3.972294574,8.582683090,1.504318320
1734523601.138765812,8,3.838600539,-8.195285073,1.504766598
1734523601.138765812,9,-15.935853921,-3.449564984,1.504858287
1734523601.198765755,0,2.786106657,-0.237058045,1.505073309
1734523601.198765755,1,8.822690127,-0.130435567,1.505025587
1734523601.198765755,2,0.035567340,9.903491169,1.504853277
1734523601.198765755,3,0.254018475,-10.513294681,1.505163357
1734523601.198765755,4,-4.790120074,-0.936085927,1.504819554
1734523601.198765755,5,4.058143519,9.673579610,1.504419587
1734523601.198765755,6,-1.739560166,-6.883450825,1.504839192
1734523601.198765755,7,-3.972294574,8.582683090,1.504318320
1734523601.198765755,8,3.838600539,-8.195285073,1.504766598
1734523601.198765755,9,-15.935853921,-3.449564984,1.504858287
1734523601.258765697,0,2.786106657,-0.237058045,1.505073309
1734523601.258765697,1,8.822690127,-0.130435567,1.505025587
1734523601.258765697,2,0.035567340,9.903491169,1.504853277
1734523601.258765697,3,0.254018475,-10.513294681,1.505163357
1734523601.258765697,4,-4.790120074,-0.936085927,1.504819554
1734523601.258765697,5,4.058143519,9.673579610,1.504419587
1734523601.258765697,6,-1.739560166,-6.883450825,1.504839192
1734523601.258765697,7,-3.972294574,8.582683090,1.504318320
1734523601.258765697,8,3.838600539,-8.195285073,1.504766598
1734523601.258765697,9,-15.935853921,-3.449564984,1.504858287
1734523601.328765869,0,2.786106657,-0.237058045,1.505073309
1734523601.328765869,1,8.822690127,-0.130435567,1.505025587
1734523601.328765869,2,0.035567340,9.903491169,1.504853277
1734523601.328765869,3,0.254018475,-10.513294681,1.505163357
1734523601.328765869,4,-4.790120074,-0.936085927,1.504819554
1734523601.328765869,5,4.058143519,9.673579610,1.504419587
1734523601.328765869,6,-1.739560166,-6.883450825,1.504839192
1734523601.328765869,7,-3.972294574,8.582683090,1.504318320
1734523601.328765869,8,3.838600539,-8.195285073,1.504766598
1734523601.328765869,9,-15.935853921,-3.449564984,1.504858287
1734523601.388765812,0,2.786106657,-0.237058045,1.505073309
1734523601.388765812,1,8.822690127,-0.130435567,1.505025587
1734523601.388765812,2,0.035567340,9.903491169,1.504853277
1734523601.388765812,3,0.254018475,-10.513294681,1.505163357
1734523601.388765812,4,-4.790120074,-0.936085927,1.504819554
1734523601.388765812,5,4.058143519,9.673579610,1.504419587
1734523601.388765812,6,-1.739560166,-6.883450825,1.504839192
1734523601.388765812,7,-3.972294574,8.582683090,1.504318320
1734523601.388765812,8,3.838600539,-8.195285073,1.504766598
1734523601.388765812,9,-15.935853921,-3.449564984,1.504858287
1734523601.448765755,0,2.786106657,-0.237058045,1.505073309
1734523601.448765755,1,8.822690127,-0.130435567,1.505025587
1734523601.448765755,2,0.035567340,9.903491169,1.504853277
1734523601.448765755,3,0.254018475,-10.513294681,1.505163357
1734523601.448765755,4,-4.790120074,-0.936085927,1.504819554
1734523601.448765755,5,4.058143519,9.673579610,1.504419587
1734523601.448765755,6,-1.739560166,-6.883450825,1.504839192
1734523601.448765755,7,-3.972294574,8.582683090,1.504318320
1734523601.448765755,8,3.838600539,-8.195285073,1.504766598
1734523601.448765755,9,-15.935853921,-3.449564984,1.504858287
1734523601.508765697,0,2.786106657,-0.237058045,1.505073309
1734523601.508765697,1,8.822690127,-0.130435567,1.505025587
1734523601.508765697,2,0.035567340,9.903491169,1.504853277
1734523601.508765697,3,0.254018475,-10.513294681,1.505163357
1734523601.508765697,4,-4.790120074,-0.936085927,1.504819554
1734523601.508765697,5,4.058143519,9.673579610,1.504419587
1734523601.508765697,6,-1.739560166,-6.883450825,1.504839192
1734523601.508765697,7,-3.972294574,8.582683090,1.504318320
1734523601.508765697,8,3.838600539,-8.195285073,1.504766598
1734523601.508765697,9,-15.935853921,-3.449564984,1.504858287
1734523601.578765869,0,2.786106657,-0.237058045,1.505073309
1734523601.578765869,1,8.822690127,-0.130435567,1.505025587
1734523601.578765869,2,0.035567340,9.903491169,1.504853277
1734523601.578765869,3,0.254018475,-10.513294681,1.505163357
1734523601.578765869,4,-4.790120074,-0.936085927,1.504819554
1734523601.578765869,5,4.058143519,9.673579610,1.504419587
1734523601.578765869,6,-1.739560166,-6.883450825,1.504839192
1734523601.578765869,7,-3.971177997,8.807230036,1.504365833
1734523601.578765869,8,3.838600539,-8.195285073,1.504766598
1734523601.578765869,9,-15.935853921,-3.449564984,1.504858287
1734523601.638765812,0,2.786106657,-0.237058045,1.505073309
1734523601.638765812,1,8.822690127,-0.130435567,1.505025587
1734523601.638765812,2,0.035567340,9.903491169,1.504853277
1734523601.638765812,3,0.254018475,-10.513294681,1.505163357
1734523601.638765812,4,-4.790120074,-0.936085927,1.504819554
1734523601.638765812,5,4.058143519,9.673579610,1.504419587
1734523601.638765812,6,-1.739560166,-6.883450825,1.504839192
1734523601.638765812,7,-3.971177997,8.807230036,1.504365833
1734523601.638765812,8,3.838600539,-8.195285073,1.504766598
1734523601.638765812,9,-15.935853921,-3.449564984,1.504858287
1734523601.698765755,0,3.008754581,-0.254876908,1.505061678
1734523601.698765755,1,9.097292039,-0.136253805,1.505037486
1734523601.698765755,2,0.034634694,10.270860550,1.504910150
1734523601.698765755,3,0.271334002,-10.915603200,1.505129809
1734523601.698765755,4,-4.812980826,-0.962018512,1.504848699
1734523601.698765755,5,4.059899581,10.126533834,1.504485277
1734523601.698765755,6,-1.561903552,-7.106546350,1.504884728
1734523601.698765755,7,-3.970680748,8.908913122,1.504385262
1734523601.698765755,8,3.829450371,-8.497391596,1.504795725
1734523601.698765755,9,-16.616687184,-3.739819506,1.504862666
1734523601.758765697,0,3.008754581,-0.254876908,1.505061678
1734523601.758765697,1,9.097292039,-0.136253805,1.505037486
1734523601.758765697,2,0.034634694,10.270860550,1.504910150
1734523601.758765697,3,0.271334002,-10.915603200,1.505129809
1734523601.758765697,4,-4.812980826,-0.962018512,1.504848699
1734523601.758765697,5,4.059899581,10.126533834,1.504485277
1734523601.758765697,6,-1.561903552,-7.106546350,1.504884728
1734523601.758765697,7,-3.970680748,8.908913122,1.504385262
1734523601.758765697,8,3.829450371,-8.497391596,1.504795725
1734523601.758765697,9,-16.616687184,-3.739819506,1.504862666
1734523601.818765879,0,3.008754581,-0.254876908,1.505061678
1734523601.818765879,1,9.097292039,-0.136253805,1.505037486
1734523601.818765879,2,0.034634694,10.270860550,1.504910150
1734523601.818765879,3,0.271334002,-10.915603200,1.505129809
1734523601.818765879,4,-4.812980826,-0.962018512,1.504848699
1734523601.818765879,5,4.059899581,10.126533834,1.504485277
1734523601.818765879,6,-1.561903552,-7.106546350,1.504884728
1734523601.818765879,7,-3.970680748,8.908913122,1.504385262
1734523601.818765879,8,3.829450371,-8.497391596,1.504795725
1734523601.818765879,9,-16.616687184,-3.739819506,1.504862666
1734523601.888765812,0,3.008754581,-0.254876908,1.505061678
1734523601.888765812,1,9.097292039,-0.136253805,1.505037486
1734523601.888765812,2,0.034634694,10.270860550,1.504910150
1734523601.888765812,3,0.271334002,-10.915603200,1.505129809
1734523601.888765812,4,-4.812980826,-0.962018512,1.504848699
1734523601.888765812,5,4.059899581,10.126533834,1.504485277
1734523601.888765812,6,-1.561903552,-7.106546350,1.504884728
1734523601.888765812,7,-3.970680748,8.908913122,1.504385262
1734523601.888765812,8,3.829450371,-8.497391596,1.504795725
1734523601.888765812,9,-16.616687184,-3.739819506,1.504862666
1734523601.948765755,0,3.008754581,-0.254876908,1.505061678
1734523601.948765755,1,9.097292039,-0.136253805,1.505037486
1734523601.948765755,2,0.034634694,10.270860550,1.504910150
1734523601.948765755,3,0.271334002,-10.915603200,1.505129809
1734523601.948765755,4,-4.812980826,-0.962018512,1.504848699
1734523601.948765755,5,4.059899581,10.126533834,1.504485277
1734523601.948765755,6,-1.561903552,-7.106546350,1.504884728
1734523601.948765755,7,-3.970680748,8.908913122,1.504385262
1734523601.948765755,8,3.829450371,-8.497391596,1.504795725
1734523601.948765755,9,-16.616687184,-3.739819506,1.504862666
1734523602.008765697,0,3.008754581,-0.254876908,1.505061678
1734523602.008765697,1,9.097292039,-0.136253805,1.505037486
1734523602.008765697,2,0.034634694,10.270860550,1.504910150
1734523602.008765697,3,0.271334002,-10.915603200,1.505129809
1734523602.008765697,4,-4.812980826,-0.962018512,1.504848699
1734523602.008765697,5,4.059899581,10.126533834,1.504485277
1734523602.008765697,6,-1.561903552,-7.106546350,1.504884728
1734523602.008765697,7,-3.970680748,8.908913122,1.504385262
1734523602.008765697,8,3.829450371,-8.497391596,1.504795725
1734523602.008765697,9,-16.616687184,-3.739819506,1.504862666
1734523602.078765869,0,3.008754581,-0.254876908,1.505061678
1734523602.078765869,1,9.097292039,-0.136253805,1.505037486
1734523602.078765869,2,0.034634694,10.270860550,1.504910150
1734523602.078765869,3,0.271334002,-10.915603200,1.505129809
1734523602.078765869,4,-4.812980826,-0.962018512,1.504848699
1734523602.078765869,5,4.059899581,10.126533834,1.504485277
1734523602.078765869,6,-1.561903552,-7.106546350,1.504884728
1734523602.078765869,7,-3.970680748,8.908913122,1.504385262
1734523602.078765869,8,3.829450371,-8.497391596,1.504795725
1734523602.078765869,9,-16.616687184,-3.739819506,1.504862666
1734523602.138765812,0,3.008754581,-0.254876908,1.505061678
1734523602.138765812,1,9.097292039,-0.136253805,1.505037486
1734523602.138765812,2,0.034634694,10.270860550,1.504910150
1734523602.138765812,3,0.271334002,-10.915603200,1.505129809
1734523602.138765812,4,-4.812980826,-0.962018512,1.504848699
1734523602.138765812,5,4.059899581,10.126533834,1.504485277
1734523602.138765812,6,-1.561903552,-7.106546350,1.504884728
1734523602.138765812,7,-3.970680748,8.908913122,1.504385262
1734523602.138765812,8,3.829450371,-8.497391596,1.504795725
1734523602.138765812,9,-16.616687184,-3.739819506,1.504862666
1734523602.198765755,0,3.008754581,-0.254876908,1.505061678
1734523602.198765755,1,9.097292039,-0.136253805,1.505037486
1734523602.198765755,2,0.034634694,10.270860550,1.504910150
1734523602.198765755,3,0.271334002,-10.915603200,1.505129809
1734523602.198765755,4,-4.812980826,-0.962018512,1.504848699
1734523602.198765755,5,4.059899581,10.126533834,1.504485277
1734523602.198765755,6,-1.561903552,-7.106546350,1.504884728
1734523602.198765755,7,-3.970680748,8.908913122,1.504385262
1734523602.198765755,8,3.829450371,-8.497391596,1.504795725
1734523602.198765755,9,-16.616687184,-3.739819506,1.504862666
1734523602.258765697,0,3.008754581,-0.254876908,1.505061678
1734523602.258765697,1,9.097292039,-0.136253805,1.505037486
1734523602.258765697,2,0.034634694,10.270860550,1.504910150
1734523602.258765697,3,0.271334002,-10.915603200,1.505129809
1734523602.258765697,4,-4.812980826,-0.962018512,1.504848699
1734523602.258765697,5,4.059899581,10.126533834,1.504485277
1734523602.258765697,6,-1.561903552,-7.106546350,1.504884728
1734523602.258765697,7,-3.970680748,8.908913122,1.504385262
1734523602.258765697,8,3.829450371,-8.497391596,1.504795725
1734523602.258765697,9,-16.616687184,-3.739819506,1.504862666
1734523602.318765879,0,3.263338285,-0.273808822,1.505116674
1734523602.318765879,1,9.392670205,-0.143660612,1.505065132
1734523602.318765879,2,0.031643067,10.673155914,1.504938033
1734523602.318765879,3,0.286045877,-11.305205141,1.505041599
1734523602.318765879,4,-4.834203881,-0.986098822,1.504874807
1734523602.318765879,5,4.063255477,10.627492018,1.504568092
1734523602.318765879,6,-1.392444632,-7.321047852,1.504942303
1734523602.318765879,7,-3.969410824,9.194615012,1.504436445
1734523602.318765879,8,3.824639591,-8.781092776,1.504814960
1734523602.318765879,9,-17.119585441,-3.956308831,1.504842408
1734523602.378765821,0,3.263338285,-0.273808822,1.505116674
1734523602.378765821,1,9.392670205,-0.143660612,1.505065132
1734523602.378765821,2,0.031643067,10.673155914,1.504938033
1734523602.378765821,3,0.286045877,-11.305205141,1.505041599
1734523602.378765821,4,-4.834203881,-0.986098822,1.504874807
1734523602.378765821,5,4.063255477,10.627492018,1.504568092
1734523602.378765821,6,-1.392444632,-7.321047852,1.504942303
1734523602.378765821,7,-3.969410824,9.194615012,1.504436445
1734523602.378765821,8,3.824639591,-8.781092776,1.504814960
1734523602.378765821,9,-17.119585441,-3.956308831,1.504842408
1734523602.448765755,0,3.263338285,-0.273808822,1.505116674
1734523602.448765755,1,9.392670205,-0.143660612,1.505065132
1734523602.448765755,2,0.031643067,10.673155914,1.504938033
1734523602.448765755,3,0.286045877,-11.305205141,1.505041599
1734523602.448765755,4,-4.834203881,-0.986098822,1.504874807
1734523602.448765755,5,4.063255477,10.627492018,1.504568092
1734523602.448765755,6,-1.392444632,-7.321047852,1.504942303
1734523602.448765755,7,-3.969410824,9.194615012,1.504436445
1734523602.448765755,8,3.824639591,-8.781092776,1.504814960
1734523602.448765755,9,-17.119585441,-3.956308831,1.504842408
1734523602.508765697,0,3.263338285,-0.273808822,1.505116674
1734523602.508765697,1,9.392670205,-0.143660612,1.505065132
1734523602.508765697,2,0.031643067,10.673155914,1.504938033
1734523602.508765697,3,0.286045877,-11.305205141,1.505041599
1734523602.508765697,4,-4.834203881,-0.986098822,1.504874807
1734523602.508765697,5,4.063255477,10.627492018,1.504568092
1734523602.508765697,6,-1.392444632,-7.321047852,1.504942303
1734523602.508765697,7,-3.969410824,9.194615012,1.504436445
1734523602.508765697,8,3.824639591,-8.781092776,1.504814960
1734523602.508765697,9,-17.119585441,-3.956308831,1.504842408
1734523602.568765879,0,3.263338285,-0.273808822,1.505116674
1734523602.568765879,1,9.392670205,-0.143660612,1.505065132
1734523602.568765879,2,0.031643067,10.673155914,1.504938033
1734523602.568765879,3,0.286045877,-11.305205141,1.505041599
1734523602.568765879,4,-4.834203881,-0.986098822,1.504874807
1734523602.568765879,5,4.063255477,10.627492018,1.504568092
1734523602.568765879,6,-1.392444632,-7.321047852,1.504942303
1734523602.568765879,7,-3.969410824,9.194615012,1.504436445
1734523602.568765879,8,3.824639591,-8.781092776,1.504814960
1734523602.568765879,9,-17.119585441,-3.956308831,1.504842408
1734523602.638765812,0,3.263338285,-0.273808822,1.505116674
1734523602.638765812,1,9.392670205,-0.143660612,1.505065132
1734523602.638765812,2,0.031643067,10.673155914,1.504938033
1734523602.638765812,3,0.286045877,-11.305205141,1.505041599
1734523602.638765812,4,-4.834203881,-0.986098822,1.504874807
1734523602.638765812,5,4.063255477,10.627492018,1.504568092
1734523602.638765812,6,-1.392444632,-7.321047852,1.504942303
1734523602.638765812,7,-3.969410824,9.194615012,1.504436445
1734523602.638765812,8,3.824639591,-8.781092776,1.504814960
1734523602.638765812,9,-17.119585441,-3.956308831,1.504842408
1734523602.698765755,0,3.263338285,-0.273808822,1.505116674
1734523602.698765755,1,9.392670205,-0.143660612,1.505065132
1734523602.698765755,2,0.031643067,10.673155914,1.504938033
1734523602.698765755,3,0.286045877,-11.305205141,1.505041599
1734523602.698765755,4,-4.834203881,-0.986098822,1.504874807
1734523602.698765755,5,4.063255477,10.627492018,1.504568092
1734523602.698765755,6,-1.392444632,-7.321047852,1.504942303
1734523602.698765755,7,-3.969410824,9.194615012,1.504436445
1734523602.698765755,8,3.824639591,-8.781092776,1.504814960
1734523602.698765755,9,-17.119585441,-3.956308831,1.504842408
1734523602.758765697,0,3.263338285,-0.273808822,1.505116674
1734523602.758765697,1,9.392670205,-0.143660612,1.505065132
1734523602.758765697,2,0.031643067,10.673155914,1.504938033
1734523602.758765697,3,0.286045877,-11.305205141,1.505041599
1734523602.758765697,4,-4.834203881,-0.986098822,1.504874807
1734523602.758765697,5,4.063255477,10.627492018,1.504568092
1734523602.758765697,6,-1.392444632,-7.321047852,1.504942303
1734523602.758765697,7,-3.969410824,9.194615012,1.504436445
1734523602.758765697,8,3.824639591,-8.781092776,1.504814960
1734523602.758765697,9,-17.119585441,-3.956308831,1.504842408
1734523602.818765879,0,3.263338285,-0.273808822,1.505116674
1734523602.818765879,1,9.392670205,-0.143660612,1.505065132
1734523602.818765879,2,0.031643067,10.673155914,1.504938033
1734523602.818765879,3,0.286045877,-11.305205141,1.505041599
1734523602.818765879,4,-4.834203881,-0.986098822,1.504874807
1734523602.818765879,5,4.063255477,10.627492018,1.504568092
1734523602.818765879,6,-1.392444632,-7.321047852,1.504942303
1734523602.818765879,7,-3.969410824,9.194615012,1.504436445
1734523602.818765879,8,3.824639591,-8.781092776,1.504814960
1734523602.818765879,9,-17.119585441,-3.956308831,1.504842408
1734523602.888765812,0,3.263338285,-0.273808822,1.505116674
1734523602.888765812,1,9.392670205,-0.143660612,1.505065132
1734523602.888765812,2,0.031643067,10.673155914,1.504938033
1734523602.888765812,3,0.286045877,-11.305205141,1.505041599
1734523602.888765812,4,-4.834203881,-0.986098822,1.504874807
1734523602.888765812,5,4.063255477,10.627492018,1.504568092
1734523602.888765812,6,-1.392444632,-7.321047852,1.504942303
1734523602.888765812,7,-3.969410824,9.194615012,1.504436445
1734523602.888765812,8,3.824639591,-8.781092776,1.504814960
1734523602.888765812,9,-17.119585441,-3.956308831,1.504842408
1734523602.948765755,0,3.510941257,-0.294113053,1.505440845
1734523602.948765755,1,9.683285911,-0.149843770,1.505100506
1734523602.948765755,2,0.030495969,11.043631820,1.504973721
1734523602.948765755,3,0.305129432,-11.743355545,1.505226160
1734523602.948765755,4,-4.855103480,-1.009762994,1.504907999
1734523602.948765755,5,4.065180070,11.127722481,1.504649366
1734523602.948765755,6,-1.199342444,-7.560605480,1.504958837
1734523602.948765755,7,-3.967454281,9.572211861,1.504506460
1734523602.948765755,8,3.811340455,-9.103400561,1.504895930
1734523602.948765755,9,-17.821434043,-4.272904928,1.504907942
1734523603.008765697,0,3.510941257,-0.294113053,1.505440845
1734523603.008765697,1,9.683285911,-0.149843770,1.505100506
1734523603.008765697,2,0.029780501,11.076920560,1.504981862
1734523603.008765697,3,0.305129432,-11.743355545,1.505226160
1734523603.008765697,4,-4.855103480,-1.009762994,1.504907999
1734523603.008765697,5,4.065180070,11.127722481,1.504649366
1734523603.008765697,6,-1.199342444,-7.560605480,1.504958837
1734523603.008765697,7,-3.967454281,9.572211861,1.504506460
1734523603.008765697,8,3.811340455,-9.103400561,1.504895930
1734523603.008765697,9,-17.821434043,-4.272904928,1.504907942
1734523603.068765879,0,3.510941257,-0.294113053,1.505440845
1734523603.068765879,1,9.683285911,-0.149843770,1.505100506
1734523603.068765879,2,0.029780501,11.076920560,1.504981862
1734523603.068765879,3,0.305129432,-11.743355545,1.505226160
1734523603.068765879,4,-4.855103480,-1.009762994,1.504907999
1734523603.068765879,5,4.065180070,11.127722481,1.504649366
1734523603.068765879,6,-1.199342444,-7.560605480,1.504958837
1734523603.068765879,7,-3.967454281,9.572211861,1.504506460
1734523603.068765879,8,3.811340455,-9.103400561,1.504895930
1734523603.068765879,9,-17.821434043,-4.272904928,1.504907942
1734523603.128765821,0,3.510941257,-0.294113053,1.505440845
1734523603.128765821,1,9.683285911,-0.149843770,1.505100506
1734523603.128765821,2,0.029780501,11.076920560,1.504981862
1734523603.128765821,3,0.305129432,-11.743355545,1.505226160
1734523603.128765821,4,-4.855103480,-1.009762994,1.504907999
1734523603.128765821,5,4.065180070,11.127722481,1.504649366
1734523603.128765821,6,-1.199342444,-7.560605480,1.504958837
1734523603.128765821,7,-3.967454281,9.572211861,1.504506460
1734523603.128765821,8,3.811340455,-9.103400561,1.504895930
1734523603.128765821,9,-17.821434043,-4.272904928,1.504907942
1734523603.198765755,0,3.510941257,-0.294113053,1.505440845
1734523603.198765755,1,9.683285911,-0.149843770,1.505100506
1734523603.198765755,2,0.029780501,11.076920560,1.504981862
1734523603.198765755,3,0.305129432,-11.743355545,1.505226160
1734523603.198765755,4,-4.855103480,-1.009762994,1.504907999
1734523603.198765755,5,4.065180070,11.127722481,1.504649366
1734523603.198765755,6,-1.199342444,-7.560605480,1.504958837
1734523603.198765755,7,-3.967454281,9.572211861,1.504506460
1734523603.198765755,8,3.811340455,-9.103400561,1.504895930
1734523603.198765755,9,-17.821434043,-4.272904928,1.504907942
1734523603.258765697,0,3.510941257,-0.294113053,1.505440845
1734523603.258765697,1,9.683285911,-0.149843770,1.505100506
1734523603.258765697,2,0.029780501,11.076920560,1.504981862
1734523603.258765697,3,0.305129432,-11.743355545,1.505226160
1734523603.258765697,4,-4.855103480,-1.009762994,1.504907999
1734523603.258765697,5,4.065180070,11.127722481,1.504649366
1734523603.258765697,6,-1.199342444,-7.560605480,1.504958837
1734523603.258765697,7,-3.967454281,9.572211861,1.504506460
1734523603.258765697,8,3.811340455,-9.103400561,1.504895930
1734523603.258765697,9,-17.821434043,-4.272904928,1.504907942
1734523603.318765879,0,3.510941257,-0.294113053,1.505440845
1734523603.318765879,1,9.683285911,-0.149843770,1.505100506
1734523603.318765879,2,0.029780501,11.076920560,1.504981862
1734523603.318765879,3,0.305129432,-11.743355545,1.505226160
1734523603.318765879,4,-4.855103480,-1.009762994,1.504907999
1734523603.318765879,5,4.065180070,11.127722481,1.504649366
1734523603.318765879,6,-1.199342444,-7.560605480,1.504958837
1734523603.318765879,7,-3.967454281,9.572211861,1.504506460
1734523603.318765879,8,3.811340455,-9.103400561,1.504895930
1734523603.318765879,9,-17.821434043,-4.272904928,1.504907942
1734523603.378765821,0,3.510941257,-0.294113053,1.505440845
1734523603.378765821,1,9.683285911,-0.149843770,1.505100506
1734523603.378765821,2,0.029780501,11.076920560,1.504981862
1734523603.378765821,3,0.305129432,-11.743355545,1.505226160
1734523603.378765821,4,-4.855103480,-1.009762994,1.504907999
1734523603.378765821,5,4.065180070,11.127722481,1.504649366
1734523603.378765821,6,-1.199342444,-7.560605480,1.504958837
1734523603.378765821,7,-3.967454281,9.572211861,1.504506460
1734523603.378765821,8,3.811340455,-9.103400561,1.504895930
1734523603.378765821,9,-17.821434043,-4.272904928,1.504907942
1734523603.438765764,0,3.510941257,-0.294113053,1.505440845
1734523603.438765764,1,9.683285911,-0.149843770,1.505100506
1734523603.438765764,2,0.029780501,11.076920560,1.504981862
1734523603.438765764,3,0.305129432,-11.743355545,1.505226160
1734523603.438765764,4,-4.855103480,-1.009762994,1.504907999
1734523603.438765764,5,4.065180070,11.127722481,1.504649366
1734523603.438765764,6,-1.199342444,-7.560605480,1.504958837
1734523603.438765764,7,-3.967454281,9.572211861,1.504506460
1734523603.438765764,8,3.811340455,-9.103400561,1.504895930
1734523603.438765764,9,-17.821434043,-4.272904928,1.504907942
1734523603.508765697,0,3.510941257,-0.294113053,1.505440845
1734523603.508765697,1,9.683285911,-0.149843770,1.505100506
1734523603.508765697,2,0.029780501,11.076920560,1.504981862
1734523603.508765697,3,0.305129432,-11.743355545,1.505226160
1734523603.508765697,4,-4.855103480,-1.009762994,1.504907999
1734523603.508765697,5,4.065180070,11.127722481,1.504649366
1734523603.508765697,6,-1.199342444,-7.560605480,1.504958837
1734523603.508765697,7,-3.967454281,9.572211861,1.504506460
1734523603.508765697,8,3.811340455,-9.103400561,1.504895930
1734523603.508765697,9,-17.821434043,-4.272904928,1.504907942
1734523603.568765879,0,3.794842402,-0.316126013,1.505607539
1734523603.568765879,1,9.993939944,-0.158229936,1.505095218
1734523603.568765879,2,0.025552284,11.484487587,1.504995428
1734523603.568765879,3,0.321112595,-12.169223434,1.506778197
1734523603.568765879,4,-4.878803733,-1.036608147,1.504930728
1734523603.568765879,5,4.069202025,11.680447375,1.504685264
1734523603.568765879,6,-1.013984868,-7.792187387,1.504970132
1734523603.568765879,7,-3.965764151,9.940792993,1.504549529
1734523603.568765879,8,3.802661746,-9.402352680,1.504921068
1734523603.568765879,9,-18.466839138,-4.579581188,1.504954497
1734523603.628765821,0,3.794842402,-0.316126013,1.505607539
1734523603.628765821,1,9.993939944,-0.158229936,1.505095218
1734523603.628765821,2,0.025552284,11.484487587,1.504995428
1734523603.628765821,3,0.321112595,-12.169223434,1.506778197
1734523603.628765821,4,-4.878803733,-1.036608147,1.504930728
1734523603.628765821,5,4.069202025,11.680447375,1.504685264
1734523603.628765821,6,-1.013984868,-7.792187387,1.504970132
1734523603.628765821,7,-3.965764151,9.940792993,1.504549529
1734523603.628765821,8,3.802661746,-9.402352680,1.504921068
1734523603.628765821,9,-18.466839138,-4.579581188,1.504954497
1734523603.688765764,0,3.794842402,-0.316126013,1.505607539
1734523603.688765764,1,9.993939944,-0.158229936,1.505095218
1734523603.688765764,2,0.025552284,11.484487587,1.504995428
1734523603.688765764,3,0.321112595,-12.169223434,1.506778197
1734523603.688765764,4,-4.878803733,-1.036608147,1.504930728
1734523603.688765764,5,4.069202025,11.680447375,1.504685264
1734523603.688765764,6,-1.013984868,-7.792187387,1.504970132
1734523603.688765764,7,-3.965764151,9.940792993,1.504549529
1734523603.688765764,8,3.802661746,-9.402352680,1.504921068
1734523603.688765764,9,-18.466839138,-4.579581188,1.504954497
1734523603.748765707,0,3.794842402,-0.316126013,1.505607539
1734523603.748765707,1,9.993939944,-0.158229936,1.505095218
1734523603.748765707,2,0.025552284,11.484487587,1.504995428
1734523603.748765707,3,0.321112595,-12.169223434,1.506778197
1734523603.748765707,4,-4.878803733,-1.036608147,1.504930728
1734523603.748765707,5,4.069202025,11.680447375,1.504685264
1734523603.748765707,6,-1.013984868,-7.792187387,1.504970132
1734523603.748765707,7,-3.965764151,9.940792993,1.504549529
1734523603.748765707,8,3.802661746,-9.402352680,1.504921068
1734523603.748765707,9,-18.466839138,-4.579581188,1.504954497
1734523603.818765879,0,3.794842402,-0.316126013,1.505607539
1734523603.818765879,1,9.993939944,-0.158229936,1.505095218
1734523603.818765879,2,0.025552284,11.484487587,1.504995428
1734523603.818765879,3,0.321112595,-12.169223434,1.506778197
1734523603.818765879,4,-4.878803733,-1.036608147,1.504930728
1734523603.818765879,5,4.069202025,11.680447375,1.504685264
1734523603.818765879,6,-1.013984868,-7.792187387,1.504970132
1734523603.818765879,7,-3.965764151,9.940792993,1.504549529
1734523603.818765879,8,3.802661746,-9.402352680,1.504921068
1734523603.818765879,9,-18.466839138,-4.579581188,1.504954497
1734523603.878765821,0,3.794842402,-0.316126013,1.505607539
1734523603.878765821,1,9.993939944,-0.158229936,1.505095218
1734523603.878765821,2,0.025552284,11.484487587,1.504995428
1734523603.878765821,3,0.321112595,-12.169223434,1.506778197
1734523603.878765821,4,-4.878803733,-1.036608147,1.504930728
1734523603.878765821,5,4.069202025,11.680447375,1.504685264
1734523603.878765821,6,-1.013984868,-7.792187387,1.504970132
1734523603.878765821,7,-3.965764151,9.940792993,1.504549529
1734523603.878765821,8,3.802661746,-9.402352680,1.504921068
1734523603.878765821,9,-18.466839138,-4.579581188,1.504954497
1734523603.938765764,0,3.794842402,-0.316126013,1.505607539
1734523603.938765764,1,9.993939944,-0.158229936,1.505095218
1734523603.938765764,2,0.025552284,11.484487587,1.504995428
1734523603.938765764,3,0.321112595,-12.169223434,1.506778197
1734523603.938765764,4,-4.878803733,-1.036608147,1.504930728
1734523603.938765764,5,4.069202025,11.680447375,1.504685264
1734523603.938765764,6,-1.013984868,-7.792187387,1.504970132
1734523603.938765764,7,-3.965764151,9.940792993,1.504549529
1734523603.938765764,8,3.802661746,-9.402352680,1.504921068
1734523603.938765764,9,-18.466839138,-4.579581188,1.504954497
1734523603.998765707,0,3.794842402,-0.316126013,1.505607539
1734523603.998765707,1,9.993939944,-0.158229936,1.505095218
1734523603.998765707,2,0.025552284,11.484487587,1.504995428
1734523603.998765707,3,0.321112595,-12.169223434,1.506778197
1734523603.998765707,4,-4.878803733,-1.036608147,1.504930728
1734523603.998765707,5,4.069202025,11.680447375,1.504685264
1734523603.998765707,6,-1.013984868,-7.792187387,1.504970132
1734523603.998765707,7,-3.965764151,9.940792993,1.504549529
1734523603.998765707,8,3.802661746,-9.402352680,1.504921068
1734523603.998765707,9,-18.466839138,-4.579581188,1.504954497
1734523604.058765650,0,3.794842402,-0.316126013,1.505607539
1734523604.058765650,1,9.993939944,-0.158229936,1.505095218
1734523604.058765650,2,0.025552284,11.484487587,1.504995428
1734523604.058765650,3,0.321112595,-12.169223434,1.506778197
1734523604.058765650,4,-4.878803733,-1.036608147,1.504930728
1734523604.058765650,5,4.069202025,11.680447375,1.504685264
1734523604.058765650,6,-1.013984868,-7.792187387,1.504970132
1734523604.058765650,7,-3.965764151,9.940792993,1.504549529
1734523604.058765650,8,3.802661746,-9.402352680,1.504921068
1734523604.058765650,9,-18.466839138,-4.579581188,1.504954497
1734523604.128765821,0,3.794842402,-0.316126013,1.505607539
1734523604.128765821,1,9.993939944,-0.158229936,1.505095218
1734523604.128765821,2,0.025552284,11.484487587,1.504995428
1734523604.128765821,3,0.321112595,-12.169223434,1.506778197
1734523604.128765821,4,-4.878803733,-1.036608147,1.504930728
1734523604.128765821,5,4.069202025,11.680447375,1.504685264
1734523604.128765821,6,-1.013984868,-7.792187387,1.504970132
1734523604.128765821,7,-3.965764151,9.940792993,1.504549529
1734523604.128765821,8,3.802661746,-9.402352680,1.504921068
1734523604.128765821,9,-18.466839138,-4.579581188,1.504954497
1734523604.188765764,0,4.066410194,-0.338583928,1.505341329
1734523604.188765764,1,10.299084799,-0.164307535,1.505116282
1734523604.188765764,2,0.022446646,11.965524659,1.505085357
1734523604.188765764,3,0.339735659,-12.610519249,1.506639503
1734523604.188765764,4,-4.898655312,-1.059032365,1.504948308
1734523604.188765764,5,4.071730690,12.231007983,1.504749890
1734523604.188765764,6,-0.804569531,-8.054591935,1.504996548
1734523604.188765764,7,-3.964463943,10.264844052,1.504587115
1734523604.188765764,8,3.792605727,-9.752894064,1.504959640
1734523604.188765764,9,-19.016215409,-4.851899964,1.504955045
1734523604.248765707,0,4.066410194,-0.338583928,1.505341329
1734523604.248765707,1,10.299084799,-0.164307535,1.505116282
1734523604.248765707,2,0.022446646,11.965524659,1.505085357
1734523604.248765707,3,0.339735659,-12.610519249,1.506639503
1734523604.248765707,4,-4.898655312,-1.059032365,1.504948308
1734523604.248765707,5,4.071730690,12.231007983,1.504749890
1734523604.248765707,6,-0.804569531,-8.054591935,1.504996548
1734523604.248765707,7,-3.964463943,10.264844052,1.504587115
1734523604.248765707,8,3.792605727,-9.752894064,1.504959640
1734523604.248765707,9,-19.016215409,-4.851899964,1.504955045
1734523604.308765650,0,4.066410194,-0.338583928,1.505341329
1734523604.308765650,1,10.299084799,-0.164307535,1.505116282
1734523604.308765650,2,0.022446646,11.965524659,1.505085357
1734523604.308765650,3,0.339735659,-12.610519249,1.506639503
1734523604.308765650,4,-4.902617879,-1.063525088,1.504954177
1734523604.308765650,5,4.071730690,12.231007983,1.504749890
1734523604.308765650,6,-0.804569531,-8.054591935,1.504996548
1734523604.308765650,7,-3.964463943,10.264844052,1.504587115
1734523604.308765650,8,3.792605727,-9.752894064,1.504959640
1734523604.308765650,9,-19.016215409,-4.851899964,1.504955045
1734523604.368765831,0,4.066410194,-0.338583928,1.505341329
1734523604.368765831,1,10.299084799,-0.164307535,1.505116282
1734523604.368765831,2,0.022446646,11.965524659,1.505085357
1734523604.368765831,3,0.339735659,-12.610519249,1.506639503
1734523604.368765831,4,-4.902617879,-1.063525088,1.504954177
1734523604.368765831,5,4.071730690,12.231007983,1.504749890
1734523604.368765831,6,-0.804569531,-8.054591935,1.504996548
1734523604.368765831,7,-3.964463943,10.264844052,1.504587115
1734523604.368765831,8,3.792605727,-9.752894064,1.504959640
1734523604.368765831,9,-19.016215409,-4.851899964,1.504955045
1734523604.428765774,0,4.066410194,-0.338583928,1.505341329
1734523604.428765774,1,10.299084799,-0.164307535,1.505116282
1734523604.428765774,2,0.022446646,11.965524659,1.505085357
1734523604.428765774,3,0.339735659,-12.610519249,1.506639503
1734523604.428765774,4,-4.902617879,-1.063525088,1.504954177
1734523604.428765774,5,4.071730690,12.231007983,1.504749890
1734523604.428765774,6,-0.804569531,-8.054591935,1.504996548
1734523604.428765774,7,-3.964463943,10.264844052,1.504587115
1734523604.428765774,8,3.792605727,-9.752894064,1.504959640
1734523604.428765774,9,-19.016215409,-4.851899964,1.504955045
1734523604.498765707,0,4.066410194,-0.338583928,1.505341329
1734523604.498765707,1,10.299084799,-0.164307535,1.505116282
1734523604.498765707,2,0.022446646,11.965524659,1.505085357
1734523604.498765707,3,0.339735659,-12.610519249,1.506639503
1734523604.498765707,4,-4.902617879,-1.063525088,1.504954177
1734523604.498765707,5,4.071730690,12.231007983,1.504749890
1734523604.498765707,6,-0.804569531,-8.054591935,1.504996548
1734523604.498765707,7,-3.964463943,10.264844052,1.504587115
1734523604.498765707,8,3.792605727,-9.752894064,1.504959640
1734523604.498765707,9,-19.016215409,-4.851899964,1.504955045
1734523604.558765650,0,4.066410194,-0.338583928,1.505341329
1734523604.558765650,1,10.299084799,-0.164307535,1.505116282
1734523604.558765650,2,0.022446646,11.965524659,1.505085357
1734523604.558765650,3,0.339735659,-12.610519249,1.506639503
1734523604.558765650,4,-4.902617879,-1.063525088,1.504954177
1734523604.558765650,5,4.071730690,12.231007983,1.504749890
1734523604.558765650,6,-0.804569531,-8.054591935,1.504996548
1734523604.558765650,7,-3.964463943,10.264844052,1.504587115
1734523604.558765650,8,3.792605727,-9.752894064,1.504959640
1734523604.558765650,9,-19.016215409,-4.851899964,1.504955045
1734523604.618765831,0,4.066410194,-0.338583928,1.505341329
1734523604.618765831,1,10.299084799,-0.164307535,1.505116282
1734523604.618765831,2,0.022446646,11.965524659,1.505085357
1734523604.618765831,3,0.339735659,-12.610519249,1.506639503
1734523604.618765831,4,-4.902617879,-1.063525088,1.504954177
1734523604.618765831,5,4.071730690,12.231007983,1.504749890
1734523604.618765831,6,-0.804569531,-8.054591935,1.504996548
1734523604.618765831,7,-3.964463943,10.264844052,1.504587115
1734523604.618765831,8,3.792605727,-9.752894064,1.504959640
1734523604.618765831,9,-19.016215409,-4.851899964,1.504955045
1734523604.678765774,0,4.066410194,-0.338583928,1.505341329
1734523604.678765774,1,10.299084799,-0.164307535,1.505116282
1734523604.678765774,2,0.022446646,11.965524659,1.505085357
1734523604.678765774,3,0.339735659,-12.610519249,1.506639503
1734523604.678765774,4,-4.902617879,-1.063525088,1.504954177
1734523604.678765774,5,4.071730690,12.231007983,1.504749890
1734523604.678765774,6,-0.671308476,-8.221007938,1.505055766
1734523604.678765774,7,-3.963541638,10.537305576,1.504619569
1734523604.678765774,8,3.785947468,-9.969961384,1.504963551
1734523604.678765774,9,-19.016215409,-4.851899964,1.504955045
1734523604.738765717,0,4.066410194,-0.338583928,1.505341329
1734523604.738765717,1,10.299084799,-0.164307535,1.505116282
1734523604.738765717,2,0.022446646,11.965524659,1.505085357
1734523604.738765717,3,0.339735659,-12.610519249,1.506639503
1734523604.738765717,4,-4.902617879,-1.063525088,1.504954177
1734523604.738765717,5,4.071730690,12.231007983,1.504749890
1734523604.738765717,6,-0.671308476,-8.221007938,1.505055766
1734523604.738765717,7,-3.963541638,10.537305576,1.504619569
1734523604.738765717,8,3.785947468,-9.969961384,1.504963551
1734523604.738765717,9,-19.567186744,-5.135381066,1.504960825
1734523604.808765650,0,4.375379048,-0.362845417,1.505137455
1734523604.808765650,1,10.626357738,-0.175445245,1.505137827
1734523604.808765650,2,0.017113543,12.416244618,1.505084806
1734523604.808765650,3,0.358854942,-13.110780238,1.505472665
1734523604.808765650,4,-4.921847797,-1.085250987,1.504973947
1734523604.808765650,5,4.065839911,12.798527499,1.504786793
1734523604.808765650,6,-0.617739316,-8.288617913,1.505155756
1734523604.808765650,7,-3.963245267,10.629587609,1.504630912
1734523604.808765650,8,3.783935652,-10.059832016,1.504982595
1734523604.808765650,9,-19.617280711,-5.161705932,1.504964577
1734523604.868765831,0,4.375379048,-0.362845417,1.505137455
1734523604.868765831,1,10.626357738,-0.175445245,1.505137827
1734523604.868765831,2,0.017113543,12.416244618,1.505084806
1734523604.868765831,3,0.358854942,-13.110780238,1.505472665
1734523604.868765831,4,-4.921847797,-1.085250987,1.504973947
1734523604.868765831,5,4.065839911,12.798527499,1.504786793
1734523604.868765831,6,-0.617739316,-8.288617913,1.505155756
1734523604.868765831,7,-3.963147206,10.660502893,1.504633519
1734523604.868765831,8,3.783935652,-10.059832016,1.504982595
1734523604.868765831,9,-19.667374730,-5.188126987,1.504963494
1734523604.938765764,0,4.375379048,-0.362845417,1.505137455
1734523604.938765764,1,10.626357738,-0.175445245,1.505137827
1734523604.938765764,2,0.017113543,12.416244618,1.505084806
1734523604.938765764,3,0.358854942,-13.110780238,1.505472665
1734523604.938765764,4,-4.921847797,-1.085250987,1.504973947
1734523604.938765764,5,4.065839911,12.798527499,1.504786793
1734523604.938765764,6,-0.617739316,-8.288617913,1.505155756
1734523604.938765764,7,-3.963147206,10.660502893,1.504633519
1734523604.938765764,8,3.783935652,-10.059832016,1.504982595
1734523604.938765764,9,-19.667374730,-5.188126987,1.504963494
1734523604.998765707,0,4.375379048,-0.362845417,1.505137455
1734523604.998765707,1,10.626357738,-0.175445245,1.505137827
1734523604.998765707,2,0.017113543,12.416244618,1.505084806
1734523604.998765707,3,0.358854942,-13.110780238,1.505472665
1734523604.998765707,4,-4.929843367,-1.094277101,1.504979759
1734523604.998765707,5,4.065839911,12.798527499,1.504786793
1734523604.998765707,6,-0.617739316,-8.288617913,1.505155756
1734523604.998765707,7,-3.963147206,10.660502893,1.504633519
1734523604.998765707,8,3.783935652,-10.059832016,1.504982595
1734523604.998765707,9,-19.667374730,-5.188126987,1.504963494
1734523605.068765879,0,4.375379048,-0.362845417,1.505137455
1734523605.068765879,1,10.626357738,-0.175445245,1.505137827
1734523605.068765879,2,0.017113543,12.416244618,1.505084806
1734523605.068765879,3,0.358854942,-13.110780238,1.505472665
1734523605.068765879,4,-4.929843367,-1.094277101,1.504979759
1734523605.068765879,5,4.065839911,12.798527499,1.504786793
1734523605.068765879,6,-0.617739316,-8.288617913,1.505155756
1734523605.068765879,7,-3.963147206,10.660502893,1.504633519
1734523605.068765879,8,3.783935652,-10.059832016,1.504982595
1734523605.068765879,9,-19.667374730,-5.188126987,1.504963494
1734523605.128765821,0,4.375379048,-0.362845417,1.505137455
1734523605.128765821,1,10.626357738,-0.175445245,1.505137827
1734523605.128765821,2,0.017113543,12.416244618,1.505084806
1734523605.128765821,3,0.358854942,-13.110780238,1.505472665
1734523605.128765821,4,-4.929843367,-1.094277101,1.504979759
1734523605.128765821,5,4.065839911,12.798527499,1.504786793
1734523605.128765821,6,-0.617739316,-8.288617913,1.505155756
1734523605.128765821,7,-3.963147206,10.660502893,1.504633519
1734523605.128765821,8,3.783935652,-10.059832016,1.504982595
1734523605.128765821,9,-19.667374730,-5.188126987,1.504963494
1734523605.198765755,0,4.375379048,-0.362845417,1.505137455
1734523605.198765755,1,10.626357738,-0.175445245,1.505137827
1734523605.198765755,2,0.017113543,12.416244618,1.505084806
1734523605.198765755,3,0.358854942,-13.110780238,1.505472665
1734523605.198765755,4,-4.929843367,-1.094277101,1.504979759
1734523605.198765755,5,4.065839911,12.798527499,1.504786793
1734523605.198765755,6,-0.617739316,-8.288617913,1.505155756
1734523605.198765755,7,-3.963147206,10.660502893,1.504633519
1734523605.198765755,8,3.783935652,-10.059832016,1.504982595
1734523605.198765755,9,-19.667374730,-5.188126987,1.504963494
1734523605.258765697,0,4.375379048,-0.362845417,1.505137455
1734523605.258765697,1,10.626357738,-0.175445245,1.505137827
1734523605.258765697,2,0.017113543,12.416244618,1.505084806
1734523605.258765697,3,0.358854942,-13.110780238,1.505472665
1734523605.258765697,4,-4.929843367,-1.094277101,1.504979759
1734523605.258765697,5,4.065839911,12.798527499,1.504786793
1734523605.258765697,6,-0.617739316,-8.288617913,1.505155756
1734523605.258765697,7,-3.963147206,10.660502893,1.504633519
1734523605.258765697,8,3.783935652,-10.059832016,1.504982595
1734523605.258765697,9,-19.667374730,-5.188126987,1.504963494
1734523605.318765879,0,4.375379048,-0.362845417,1.505137455
1734523605.318765879,1,10.626357738,-0.175445245,1.505137827
1734523605.318765879,2,0.017113543,12.416244618,1.505084806
1734523605.318765879,3,0.358854942,-13.110780238,1.505472665
1734523605.318765879,4,-4.929843367,-1.094277101,1.504979759
1734523605.318765879,5,4.065839911,12.798527499,1.504786793
1734523605.318765879,6,-0.617739316,-8.288617913,1.505155756
1734523605.318765879,7,-3.963147206,10.660502893,1.504633519
1734523605.318765879,8,3.783935652,-10.059832016,1.504982595
1734523605.318765879,9,-19.667374730,-5.188126987,1.504963494
1734523605.378765821,0,4.375379048,-0.362845417,1.505137455
1734523605.378765821,1,10.626357738,-0.175445245,1.505137827
1734523605.378765821,2,0.017113543,12.416244618,1.505084806
1734523605.378765821,3,0.358854942,-13.110780238,1.505472665
1734523605.378765821,4,-4.929843367,-1.094277101,1.504979759
1734523605.378765821,5,4.065839911,12.798527499,1.504786793
1734523605.378765821,6,-0.617739316,-8.288617913,1.505155756
1734523605.378765821,7,-3.963147206,10.660502893,1.504633519
1734523605.378765821,8,3.783935652,-10.059832016,1.504982595
1734523605.378765821,9,-19.667374730,-5.188126987,1.504963494
1734523605.438765764,0,4.673393515,-0.387911951,1.505856026
1734523605.438765764,1,10.942976172,-0.180007437,1.505136006
1734523605.438765764,2,0.012668030,12.949680780,1.505149313
1734523605.438765764,3,0.379577400,-13.590169896,1.504931982
1734523605.438765764,4,-4.950446763,-1.117535815,1.504992243
1734523605.438765764,5,4.081297735,13.432248229,1.505038341
1734523605.438765764,6,-0.379218655,-8.588114003,1.505228802
1734523605.438765764,7,-3.961960557,11.037229238,1.504679765
1734523605.438765764,8,3.772175430,-10.470268493,1.504992097
1734523605.438765764,9,-20.268514799,-5.513155670,1.504963784
1734523605.508765697,0,4.673393515,-0.387911951,1.505856026
1734523605.508765697,1,10.942976172,-0.180007437,1.505136006
1734523605.508765697,2,0.012668030,12.949680780,1.505149313
1734523605.508765697,3,0.379577400,-13.590169896,1.504931982
1734523605.508765697,4,-4.950446763,-1.117535815,1.504992243
1734523605.508765697,5,4.081297735,13.432248229,1.505038341
1734523605.508765697,6,-0.379218655,-8.588114003,1.505228802
1734523605.508765697,7,-3.961960557,11.037229238,1.504679765
1734523605.508765697,8,3.772175430,-10.470268493,1.504992097
1734523605.508765697,9,-20.268514799,-5.513155670,1.504963784
1734523605.568765879,0,4.673393515,-0.387911951,1.505856026
1734523605.568765879,1,10.942976172,-0.180007437,1.505136006
1734523605.568765879,2,0.012668030,12.949680780,1.505149313
1734523605.568765879,3,0.379577400,-13.590169896,1.504931982
1734523605.568765879,4,-4.950446763,-1.117535815,1.504992243
1734523605.568765879,5,4.081297735,13.432248229,1.505038341
1734523605.568765879,6,-0.379218655,-8.588114003,1.505228802
1734523605.568765879,7,-3.961960557,11.037229238,1.504679765
1734523605.568765879,8,3.772175430,-10.470268493,1.504992097
1734523605.568765879,9,-20.268514799,-5.513155670,1.504963784
1734523605.628765821,0,4.673393515,-0.387911951,1.505856026
1734523605.628765821,1,10.942976172,-0.180007437,1.505136006
1734523605.628765821,2,0.012668030,12.949680780,1.505149313
1734523605.628765821,3,0.379577400,-13.590169896,1.504931982
1734523605.628765821,4,-4.950446763,-1.117535815,1.504992243
1734523605.628765821,5,4.081297735,13.432248229,1.505038341
1734523605.628765821,6,-0.379218655,-8.588114003,1.505228802
1734523605.628765821,7,-3.961960557,11.037229238,1.504679765
1734523605.628765821,8,3.772175430,-10.470268493,1.504992097
1734523605.628765821,9,-20.268514799,-5.513155670,1.504963784
1734523605.698765755,0,4.673393515,-0.387911951,1.505856026
1734523605.698765755,1,10.942976172,-0.180007437,1.505136006
1734523605.698765755,2,0.012668030,12.949680780,1.505149313
1734523605.698765755,3,0.379577400,-13.590169896,1.504931982
1734523605.698765755,4,-4.950446763,-1.117535815,1.504992243
1734523605.698765755,5,4.081297735,13.432248229,1.505038341
1734523605.698765755,6,-0.379218655,-8.588114003,1.505228802
1734523605.698765755,7,-3.961960557,11.037229238,1.504679765
1734523605.698765755,8,3.772175430,-10.470268493,1.504992097
1734523605.698765755,9,-20.268514799,-5.513155670,1.504963784
1734523605.758765697,0,4.673393515,-0.387911951,1.505856026
1734523605.758765697,1,10.942976172,-0.180007437,1.505136006
1734523605.758765697,2,0.012668030,12.949680780,1.505149313
1734523605.758765697,3,0.379577400,-13.590169896,1.504931982
1734523605.758765697,4,-4.950446763,-1.117535815,1.504992243
1734523605.758765697,5,4.081297735,13.432248229,1.505038341
1734523605.758765697,6,-0.379218655,-8.588114003,1.505228802
1734523605.758765697,7,-3.961960557,11.037229238,1.504679765
1734523605.758765697,8,3.772175430,-10.470268493,1.504992097
1734523605.758765697,9,-20.268514799,-5.513155670,1.504963784
1734523605.828765869,0,4.673393515,-0.387911951,1.505856026
1734523605.828765869,1,10.942976172,-0.180007437,1.505136006
1734523605.828765869,2,0.012668030,12.949680780,1.505149313
1734523605.828765869,3,0.379577400,-13.590169896,1.504931982
1734523605.828765869,4,-4.950446763,-1.117535815,1.504992243
1734523605.828765869,5,4.081297735,13.432248229,1.505038341
1734523605.828765869,6,-0.379218655,-8.588114003,1.505228802
1734523605.828765869,7,-3.961960557,11.037229238,1.504679765
1734523605.828765869,8,3.772175430,-10.470268493,1.504992097
1734523605.828765869,9,-20.268514799,-5.513155670,1.504963784
1734523605.888765812,0,4.673393515,-0.387911951,1.505856026
1734523605.888765812,1,10.942976172,-0.180007437,1.505136006
1734523605.888765812,2,0.012668030,12.949680780,1.505149313
1734523605.888765812,3,0.379577400,-13.590169896,1.504931982
1734523605.888765812,4,-4.950446763,-1.117535815,1.504992243
1734523605.888765812,5,4.081297735,13.432248229,1.505038341
1734523605.888765812,6,-0.379218655,-8.588114003,1.505228802
1734523605.888765812,7,-3.961960557,11.037229238,1.504679765
1734523605.888765812,8,3.772175430,-10.470268493,1.504992097
1734523605.888765812,9,-20.268514799,-5.513155670,1.504963784
1734523605.948765755,0,4.673393515,-0.387911951,1.505856026
1734523605.948765755,1,10.942976172,-0.180007437,1.505136006
1734523605.948765755,2,0.012668030,12.949680780,1.505149313
1734523605.948765755,3,0.379577400,-13.590169896,1.504931982
1734523605.948765755,4,-4.950446763,-1.117535815,1.504992243
1734523605.948765755,5,4.081297735,13.432248229,1.505038341
1734523605.948765755,6,-0.379218655,-8.588114003,1.505228802
1734523605.948765755,7,-3.961960557,11.037229238,1.504679765
1734523605.948765755,8,3.772175430,-10.470268493,1.504992097
1734523605.948765755,9,-20.268514799,-5.513155670,1.504963784
1734523606.018765688,0,4.673393515,-0.387911951,1.505856026
1734523606.018765688,1,10.942976172,-0.180007437,1.505136006
1734523606.018765688,2,0.012668030,12.949680780,1.505149313
1734523606.018765688,3,0.379577400,-13.590169896,1.504931982
1734523606.018765688,4,-4.950446763,-1.117535815,1.504992243
1734523606.018765688,5,4.081297735,13.432248229,1.505038341
1734523606.018765688,6,-0.379218655,-8.588114003,1.505228802
1734523606.018765688,7,-3.961960557,11.037229238,1.504679765
1734523606.018765688,8,3.772175430,-10.470268493,1.504992097
1734523606.018765688,9,-20.268514799,-5.513155670,1.504963784
1734523606.078765869,0,5.010135348,-0.414047107,1.505845248
1734523606.078765869,1,11.283379701,-0.189067738,1.505147834
1734523606.078765869,2,0.005058698,13.492473759,1.505170588
1734523606.078765869,3,0.400223519,-14.141262148,1.506253241
1734523606.078765869,4,-4.976301589,-1.146714329,1.505014875
1734523606.078765869,5,4.089117931,14.074734782,1.505330705
1734523606.078765869,6,-0.160944143,-8.857376439,1.505260020
1734523606.078765869,7,-3.960680869,11.490178024,1.504730042
1734523606.078765869,8,3.761976285,-10.836741166,1.504978871
1734523606.078765869,9,-20.967509316,-5.909452239,1.505041676
1734523606.138765812,0,5.010135348,-0.414047107,1.505845248
1734523606.138765812,1,11.283379701,-0.189067738,1.505147834
1734523606.138765812,2,0.005058698,13.492473759,1.505170588
1734523606.138765812,3,0.400223519,-14.141262148,1.506253241
1734523606.138765812,4,-4.976301589,-1.146714329,1.505014875
1734523606.138765812,5,4.089117931,14.074734782,1.505330705
1734523606.138765812,6,-0.160944143,-8.857376439,1.505260020
1734523606.138765812,7,-3.960680869,11.490178024,1.504730042
1734523606.138765812,8,3.761976285,-10.836741166,1.504978871
1734523606.138765812,9,-20.967509316,-5.909452239,1.505041676
1734523606.198765755,0,5.010135348,-0.414047107,1.505845248
1734523606.198765755,1,11.283379701,-0.189067738,1.505147834
1734523606.198765755,2,0.005058698,13.492473759,1.505170588
1734523606.198765755,3,0.400223519,-14.141262148,1.506253241
1734523606.198765755,4,-4.976301589,-1.146714329,1.505014875
1734523606.198765755,5,4.089117931,14.074734782,1.505330705
1734523606.198765755,6,-0.160944143,-8.857376439,1.505260020
1734523606.198765755,7,-3.960680869,11.490178024,1.504730042
1734523606.198765755,8,3.761976285,-10.836741166,1.504978871
1734523606.198765755,9,-20.967509316,-5.909452239,1.505041676
1734523606.268765688,0,5.010135348,-0.414047107,1.505845248
1734523606.268765688,1,11.283379701,-0.189067738,1.505147834
1734523606.268765688,2,0.005058698,13.492473759,1.505170588
1734523606.268765688,3,0.400223519,-14.141262148,1.506253241
1734523606.268765688,4,-4.976301589,-1.146714329,1.505014875
1734523606.268765688,5,4.089117931,14.074734782,1.505330705
1734523606.268765688,6,-0.160944143,-8.857376439,1.505260020
1734523606.268765688,7,-3.960680869,11.490178024,1.504730042
1734523606.268765688,8,3.761976285,-10.836741166,1.504978871
1734523606.268765688,9,-20.967509316,-5.909452239,1.505041676
1734523606.328765869,0,5.010135348,-0.414047107,1.505845248
1734523606.328765869,1,11.283379701,-0.189067738,1.505147834
1734523606.328765869,2,0.005058698,13.492473759,1.505170588
1734523606.328765869,3,0.400223519,-14.141262148,1.506253241
1734523606.328765869,4,-4.976301589,-1.146714329,1.505014875
1734523606.328765869,5,4.089117931,14.074734782,1.505330705
1734523606.328765869,6,-0.160944143,-8.857376439,1.505260020
1734523606.328765869,7,-3.960680869,11.490178024,1.504730042
1734523606.328765869,8,3.761976285,-10.836741166,1.504978871
1734523606.328765869,9,-20.967509316,-5.909452239,1.505041676
1734523606.398765802,0,5.010135348,-0.414047107,1.505845248
1734523606.398765802,1,11.283379701,-0.189067738,1.505147834
1734523606.398765802,2,0.005058698,13.492473759,1.505170588
1734523606.398765802,3,0.400223519,-14.141262148,1.506253241
1734523606.398765802,4,-4.976301589,-1.146714329,1.505014875
1734523606.398765802,5,4.089117931,14.074734782,1.505330705
1734523606.398765802,6,-0.160944143,-8.857376439,1.505260020
1734523606.398765802,7,-3.960680869,11.490178024,1.504730042
1734523606.398765802,8,3.761976285,-10.836741166,1.504978871
1734523606.398765802,9,-20.967509316,-5.909452239,1.505041676
1734523606.458765745,0,5.010135348,-0.414047107,1.505845248
1734523606.458765745,1,11.283379701,-0.189067738,1.505147834
1734523606.458765745,2,0.005058698,13.492473759,1.505170588
1734523606.458765745,3,0.400223519,-14.141262148,1.506253241
1734523606.458765745,4,-4.976301589,-1.146714329,1.505014875
1734523606.458765745,5,4.089117931,14.074734782,1.505330705
1734523606.458765745,6,-0.160944143,-8.857376439,1.505260020
1734523606.458765745,7,-3.960680869,11.490178024,1.504730042
1734523606.458765745,8,3.761976285,-10.836741166,1.504978871
1734523606.458765745,9,-20.967509316,-5.909452239,1.505041676
1734523606.518765688,0,5.010135348,-0.414047107,1.505845248
1734523606.518765688,1,11.283379701,-0.189067738,1.505147834
1734523606.518765688,2,0.005058698,13.492473759,1.505170588
1734523606.518765688,3,0.400223519,-14.141262148,1.506253241
1734523606.518765688,4,-4.976301589,-1.146714329,1.505014875
1734523606.518765688,5,4.089117931,14.074734782,1.505330705
1734523606.518765688,6,-0.160944143,-8.857376439,1.505260020
1734523606.518765688,7,-3.960680869,11.490178024,1.504730042
1734523606.518765688,8,3.761976285,-10.836741166,1.504978871
1734523606.518765688,9,-20.967509316,-5.909452239,1.505041676
1734523606.578765869,0,5.010135348,-0.414047107,1.505845248
1734523606.578765869,1,11.283379701,-0.189067738,1.505147834
1734523606.578765869,2,0.005058698,13.492473759,1.505170588
1734523606.578765869,3,0.400223519,-14.141262148,1.506253241
1734523606.578765869,4,-4.976301589,-1.146714329,1.505014875
1734523606.578765869,5,4.089117931,14.074734782,1.505330705
1734523606.578765869,6,-0.160944143,-8.857376439,1.505260020
1734523606.578765869,7,-3.960680869,11.490178024,1.504730042
1734523606.578765869,8,3.761976285,-10.836741166,1.504978871
1734523606.578765869,9,-20.967509316,-5.909452239,1.505041676
1734523606.648765802,0,5.010135348,-0.414047107,1.505845248
1734523606.648765802,1,11.283379701,-0.189067738,1.505147834
1734523606.648765802,2,0.005058698,13.492473759,1.505170588
1734523606.648765802,3,0.400223519,-14.141262148,1.506253241
1734523606.648765802,4,-4.976301589,-1.146714329,1.505014875
1734523606.648765802,5,4.089117931,14.074734782,1.505330705
1734523606.648765802,6,0.042016973,-9.116318941,1.505548673
1734523606.648765802,7,-3.960680869,11.490178024,1.504730042
1734523606.648765802,8,3.761976285,-10.836741166,1.504978871
1734523606.648765802,9,-20.967509316,-5.909452239,1.505041676
1734523606.708765745,0,5.362483028,-0.443742052,1.506379063
1734523606.708765745,1,11.645184126,-0.197512737,1.505167630
1734523606.708765745,2,-0.001206395,14.037489377,1.505218145
1734523606.708765745,3,0.425336398,-14.713207069,1.506151087
1734523606.708765745,4,-5.010505828,-1.185269219,1.505049487
1734523606.708765745,5,4.094115107,14.684627703,1.505186577
1734523606.708765745,6,0.061001198,-9.140133845,1.505557255
1734523606.708765745,7,-3.959610754,11.923541753,1.504765148
1734523606.708765745,8,3.750319471,-11.268878263,1.505014094
1734523606.708765745,9,-21.568095038,-6.266694038,1.505042857
1734523606.768765688,0,5.362483028,-0.443742052,1.506379063
1734523606.768765688,1,11.645184126,-0.197512737,1.505167630
1734523606.768765688,2,-0.001206395,14.037489377,1.505218145
1734523606.768765688,3,0.425336398,-14.713207069,1.506151087
1734523606.768765688,4,-5.010505828,-1.185269219,1.505049487
1734523606.768765688,5,4.094115107,14.684627703,1.505186577
1734523606.768765688,6,0.061001198,-9.140133845,1.505557255
1734523606.768765688,7,-3.959610754,11.923541753,1.504765148
1734523606.768765688,8,3.750319471,-11.268878263,1.505014094
1734523606.768765688,9,-21.618131679,-6.297151294,1.505043672
1734523606.828765869,0,5.362483028,-0.443742052,1.506379063
1734523606.828765869,1,11.645184126,-0.197512737,1.505167630
1734523606.828765869,2,-0.001206395,14.037489377,1.505218145
1734523606.828765869,3,0.425336398,-14.713207069,1.506151087
1734523606.828765869,4,-5.010505828,-1.185269219,1.505049487
1734523606.828765869,5,4.094115107,14.684627703,1.505186577
1734523606.828765869,6,0.061001198,-9.140133845,1.505557255
1734523606.828765869,7,-3.959610754,11.923541753,1.504765148
1734523606.828765869,8,3.750319471,-11.268878263,1.505014094
1734523606.828765869,9,-21.618131679,-6.297151294,1.505043672
1734523606.898765802,0,5.362483028,-0.443742052,1.506379063
1734523606.898765802,1,11.645184126,-0.197512737,1.505167630
1734523606.898765802,2,-0.001206395,14.037489377,1.505218145
1734523606.898765802,3,0.425336398,-14.713207069,1.506151087
1734523606.898765802,4,-5.010505828,-1.185269219,1.505049487
1734523606.898765802,5,4.094115107,14.684627703,1.505186577
1734523606.898765802,6,0.061001198,-9.140133845,1.505557255
1734523606.898765802,7,-3.959610754,11.923541753,1.504765148
1734523606.898765802,8,3.750319471,-11.268878263,1.505014094
1734523606.898765802,9,-21.618131679,-6.297151294,1.505043672
1734523606.958765745,0,5.362483028,-0.443742052,1.506379063
1734523606.958765745,1,11.645184126,-0.197512737,1.505167630
1734523606.958765745,2,-0.001206395,14.037489377,1.505218145
1734523606.958765745,3,0.425336398,-14.713207069,1.506151087
1734523606.958765745,4,-5.010505828,-1.185269219,1.505049487
1734523606.958765745,5,4.094115107,14.684627703,1.505186577
1734523606.958765745,6,0.061001198,-9.140133845,1.505557255
1734523606.958765745,7,-3.959610754,11.923541753,1.504765148
1734523606.958765745,8,3.750319471,-11.268878263,1.505014094
1734523606.958765745,9,-21.618131679,-6.297151294,1.505043672
1734523607.018765688,0,5.362483028,-0.443742052,1.506379063
1734523607.018765688,1,11.645184126,-0.197512737,1.505167630
1734523607.018765688,2,-0.001206395,14.037489377,1.505218145
1734523607.018765688,3,0.425336398,-14.713207069,1.506151087
1734523607.018765688,4,-5.010505828,-1.185269219,1.505049487
1734523607.018765688,5,4.094115107,14.684627703,1.505186577
1734523607.018765688,6,0.061001198,-9.140133845,1.505557255
1734523607.018765688,7,-3.959610754,11.923541753,1.504765148
1734523607.018765688,8,3.750319471,-11.268878263,1.505014094
1734523607.018765688,9,-21.618131679,-6.297151294,1.505043672
1734523607.088765860,0,5.362483028,-0.443742052,1.506379063
1734523607.088765860,1,11.645184126,-0.197512737,1.505167630
1734523607.088765860,2,-0.001206395,14.037489377,1.505218145
1734523607.088765860,3,0.425336398,-14.713207069,1.506151087
1734523607.088765860,4,-5.010505828,-1.185269219,1.505049487
1734523607.088765860,5,4.094115107,14.684627703,1.505186577
1734523607.088765860,6,0.061001198,-9.140133845,1.505557255
1734523607.088765860,7,-3.959610754,11.923541753,1.504765148
1734523607.088765860,8,3.750319471,-11.268878263,1.505014094
1734523607.088765860,9,-21.618131679,-6.297151294,1.505043672
1734523607.148765802,0,5.362483028,-0.443742052,1.506379063
1734523607.148765802,1,11.645184126,-0.197512737,1.505167630
1734523607.148765802,2,-0.001206395,14.037489377,1.505218145
1734523607.148765802,3,0.425336398,-14.713207069,1.506151087
1734523607.148765802,4,-5.010505828,-1.185269219,1.505049487
1734523607.148765802,5,4.094115107,14.684627703,1.505186577
1734523607.148765802,6,0.061001198,-9.140133845,1.505557255
1734523607.148765802,7,-3.959610754,11.923541753,1.504765148
1734523607.148765802,8,3.750319471,-11.268878263,1.505014094
1734523607.148765802,9,-21.618131679,-6.297151294,1.505043672
1734523607.218765736,0,5.362483028,-0.443742052,1.506379063
1734523607.218765736,1,11.645184126,-0.197512737,1.505167630
1734523607.218765736,2,-0.001206395,14.037489377,1.505218145
1734523607.218765736,3,0.425336398,-14.713207069,1.506151087
1734523607.218765736,4,-5.010505828,-1.185269219,1.505049487
1734523607.218765736,5,4.094115107,14.684627703,1.505186577
1734523607.218765736,6,0.263222981,-9.387683881,1.505381682
1734523607.218765736,7,-3.959610754,11.923541753,1.504765148
1734523607.218765736,8,3.741892505,-11.569838108,1.505032348
1734523607.218765736,9,-21.618131679,-6.297151294,1.505043672
1734523607.278765678,0,5.362483028,-0.443742052,1.506379063
1734523607.278765678,1,11.645184126,-0.197512737,1.505167630
1734523607.278765678,2,-0.001206395,14.037489377,1.505218145
1734523607.278765678,3,0.425336398,-14.713207069,1.506151087
1734523607.278765678,4,-5.010505828,-1.185269219,1.505049487
1734523607.278765678,5,4.094115107,14.684627703,1.505186577
1734523607.278765678,6,0.263222981,-9.387683881,1.505381682
1734523607.278765678,7,-3.959610754,11.923541753,1.504765148
1734523607.278765678,8,3.741892505,-11.569838108,1.505032348
1734523607.278765678,9,-21.618131679,-6.297151294,1.505043672
1734523607.338765860,0,5.702700390,-0.471589835,1.506249057
1734523607.338765860,1,11.976482609,-0.206351022,1.505151050
1734523607.338765860,2,-0.009888014,14.587967866,1.505256968
1734523607.338765860,3,0.449479011,-15.310107458,1.505370779
1734523607.338765860,4,-5.038711178,-1.217059597,1.505054798
1734523607.338765860,5,4.098801543,15.281510350,1.505021569
1734523607.338765860,6,0.313192835,-9.456163100,1.505376221
1734523607.338765860,7,-3.958862239,12.299094524,1.504790421
1734523607.338765860,8,3.740888713,-11.678483607,1.505035471
1734523607.338765860,9,-22.168006790,-6.639317294,1.505074046
1734523607.408765793,0,5.702700390,-0.471589835,1.506249057
1734523607.408765793,1,11.976482609,-0.206351022,1.505151050
1734523607.408765793,2,-0.013494910,14.639921543,1.505259642
1734523607.408765793,3,0.449479011,-15.310107458,1.505370779
1734523607.408765793,4,-5.041489459,-1.220183790,1.505054886
1734523607.408765793,5,4.101652192,15.323861752,1.505010536
1734523607.408765793,6,0.313192835,-9.456163100,1.505376221
1734523607.408765793,7,-3.958862239,12.299094524,1.504790421
1734523607.408765793,8,3.740888713,-11.678483607,1.505035471
1734523607.408765793,9,-22.168006790,-6.639317294,1.505074046
1734523607.468765736,0,5.702700390,-0.471589835,1.506249057
1734523607.468765736,1,11.976482609,-0.206351022,1.505151050
1734523607.468765736,2,-0.013494910,14.639921543,1.505259642
1734523607.468765736,3,0.449479011,-15.310107458,1.505370779
1734523607.468765736,4,-5.041489459,-1.220183790,1.505054886
1734523607.468765736,5,4.101652192,15.323861752,1.505010536
1734523607.468765736,6,0.313192835,-9.456163100,1.505376221
1734523607.468765736,7,-3.958862239,12.299094524,1.504790421
1734523607.468765736,8,3.740888713,-11.678483607,1.505035471
1734523607.468765736,9,-22.168006790,-6.639317294,1.505074046
1734523607.528765678,0,5.702700390,-0.471589835,1.506249057
1734523607.528765678,1,11.976482609,-0.206351022,1.505151050
1734523607.528765678,2,-0.013494910,14.639921543,1.505259642
1734523607.528765678,3,0.449479011,-15.310107458,1.505370779
1734523607.528765678,4,-5.041489459,-1.220183790,1.505054886
1734523607.528765678,5,4.101652192,15.323861752,1.505010536
1734523607.528765678,6,0.313192835,-9.456163100,1.505376221
1734523607.528765678,7,-3.958862239,12.299094524,1.504790421
1734523607.528765678,8,3.740888713,-11.678483607,1.505035471
1734523607.528765678,9,-22.168006790,-6.639317294,1.505074046
1734523607.588765860,0,5.702700390,-0.471589835,1.506249057
1734523607.588765860,1,11.976482609,-0.206351022,1.505151050
1734523607.588765860,2,-0.013494910,14.639921543,1.505259642
1734523607.588765860,3,0.449479011,-15.310107458,1.505370779
1734523607.588765860,4,-5.041489459,-1.220183790,1.505054886
1734523607.588765860,5,4.101652192,15.323861752,1.505010536
1734523607.588765860,6,0.313192835,-9.456163100,1.505376221
1734523607.588765860,7,-3.958862239,12.299094524,1.504790421
1734523607.588765860,8,3.740888713,-11.678483607,1.505035471
1734523607.588765860,9,-22.168006790,-6.639317294,1.505074046
1734523607.658765793,0,5.702700390,-0.471589835,1.506249057
1734523607.658765793,1,11.976482609,-0.206351022,1.505151050
1734523607.658765793,2,-0.013494910,14.639921543,1.505259642
1734523607.658765793,3,0.449479011,-15.310107458,1.505370779
1734523607.658765793,4,-5.041489459,-1.220183790,1.505054886
1734523607.658765793,5,4.101652192,15.323861752,1.505010536
1734523607.658765793,6,0.313192835,-9.456163100,1.505376221
1734523607.658765793,7,-3.958862239,12.299094524,1.504790421
1734523607.658765793,8,3.740888713,-11.678483607,1.505035471
1734523607.658765793,9,-22.168006790,-6.639317294,1.505074046
1734523607.718765736,0,5.702700390,-0.471589835,1.506249057
1734523607.718765736,1,11.976482609,-0.206351022,1.505151050
1734523607.718765736,2,-0.013494910,14.639921543,1.505259642
1734523607.718765736,3,0.449479011,-15.310107458,1.505370779
1734523607.718765736,4,-5.041489459,-1.220183790,1.505054886
1734523607.718765736,5,4.101652192,15.323861752,1.505010536
1734523607.718765736,6,0.313192835,-9.456163100,1.505376221
1734523607.718765736,7,-3.958862239,12.299094524,1.504790421
1734523607.718765736,8,3.740888713,-11.678483607,1.505035471
1734523607.718765736,9,-22.168006790,-6.639317294,1.505074046
1734523607.788765669,0,5.702700390,-0.471589835,1.506249057
1734523607.788765669,1,11.976482609,-0.206351022,1.505151050
1734523607.788765669,2,-0.013494910,14.639921543,1.505259642
1734523607.788765669,3,0.449479011,-15.310107458,1.505370779
1734523607.788765669,4,-5.041489459,-1.220183790,1.505054886
1734523607.788765669,5,4.101652192,15.323861752,1.505010536
1734523607.788765669,6,0.313192835,-9.456163100,1.505376221
1734523607.788765669,7,-3.958862239,12.299094524,1.504790421
1734523607.788765669,8,3.740888713,-11.678483607,1.505035471
1734523607.788765669,9,-22.168006790,-6.639317294,1.505074046
1734523607.848765850,0,5.702700390,-0.471589835,1.506249057
1734523607.848765850,1,11.976482609,-0.206351022,1.505151050
1734523607.848765850,2,-0.013494910,14.639921543,1.505259642
1734523607.848765850,3,0.449479011,-15.310107458,1.505370779
1734523607.848765850,4,-5.041489459,-1.220183790,1.505054886
1734523607.848765850,5,4.101652192,15.323861752,1.505010536
1734523607.848765850,6,0.313192835,-9.456163100,1.505376221
1734523607.848765850,7,-3.958862239,12.299094524,1.504790421
1734523607.848765850,8,3.740888713,-11.678483607,1.505035471
1734523607.848765850,9,-22.168006790,-6.639317294,1.505074046
1734523607.908765793,0,5.702700390,-0.471589835,1.506249057
1734523607.908765793,1,11.976482609,-0.206351022,1.505151050
1734523607.908765793,2,-0.013494910,14.639921543,1.505259642
1734523607.908765793,3,0.449479011,-15.310107458,1.505370779
1734523607.908765793,4,-5.041489459,-1.220183790,1.505054886
1734523607.908765793,5,4.101652192,15.323861752,1.505010536
1734523607.908765793,6,0.313192835,-9.456163100,1.505376221
1734523607.908765793,7,-3.958862239,12.299094524,1.504790421
1734523607.908765793,8,3.740888713,-11.678483607,1.505035471
1734523607.908765793,9,-22.168006790,-6.639317294,1.505074046
1734523607.968765736,0,6.085184244,-0.504872297,1.505440429
1734523607.968765736,1,12.357643391,-0.215628131,1.505169315
1734523607.968765736,2,-0.018755828,15.234714832,1.505326091
1734523607.968765736,3,0.471202224,-15.836468463,1.505132770
1734523607.968765736,4,-5.076799137,-1.259917687,1.505056928
1734523607.968765736,5,4.107651866,15.932609150,1.504919924
1734523607.968765736,6,0.573193534,-9.783835440,1.505269344
1734523607.968765736,7,-3.958135288,12.789379091,1.504824623
1734523607.968765736,8,3.727072499,-12.148876758,1.505071343
1734523607.968765736,9,-22.867956335,-7.094585320,1.505074372
1734523608.028765678,0,6.085184244,-0.504872297,1.505440429
1734523608.028765678,1,12.357643391,-0.215628131,1.505169315
1734523608.028765678,2,-0.018755828,15.234714832,1.505326091
1734523608.028765678,3,0.471202224,-15.836468463,1.505132770
1734523608.028765678,4,-5.076799137,-1.259917687,1.505056928
1734523608.028765678,5,4.107651866,15.932609150,1.504919924
1734523608.028765678,6,0.573193534,-9.783835440,1.505269344
1734523608.028765678,7,-3.958135288,12.789379091,1.504824623
1734523608.028765678,8,3.727072499,-12.148876758,1.505071343
1734523608.028765678,9,-22.867956335,-7.094585320,1.505074372
1734523608.098765850,0,6.085184244,-0.504872297,1.505440429
1734523608.098765850,1,12.357643391,-0.215628131,1.505169315
1734523608.098765850,2,-0.018755828,15.234714832,1.505326091
1734523608.098765850,3,0.471202224,-15.836468463,1.505132770
1734523608.098765850,4,-5.076799137,-1.259917687,1.505056928
1734523608.098765850,5,4.107651866,15.932609150,1.504919924
1734523608.098765850,6,0.573193534,-9.783835440,1.505269344
1734523608.098765850,7,-3.958135288,12.789379091,1.504824623
1734523608.098765850,8,3.727072499,-12.148876758,1.505071343
1734523608.098765850,9,-22.867956335,-7.094585320,1.505074372
1734523608.158765793,0,6.085184244,-0.504872297,1.505440429
1734523608.158765793,1,12.357643391,-0.215628131,1.505169315
1734523608.158765793,2,-0.018755828,15.234714832,1.505326091
1734523608.158765793,3,0.471202224,-15.836468463,1.505132770
1734523608.158765793,4,-5.076799137,-1.259917687,1.505056928
1734523608.158765793,5,4.107651866,15.932609150,1.504919924
1734523608.158765793,6,0.573193534,-9.783835440,1.505269344
1734523608.158765793,7,-3.958135288,12.789379091,1.504824623
1734523608.158765793,8,3.727072499,-12.148876758,1.505071343
1734523608.158765793,9,-22.867956335,-7.094585320,1.505074372
1734523608.218765736,0,6.085184244,-0.504872297,1.505440429
1734523608.218765736,1,12.357643391,-0.215628131,1.505169315
1734523608.218765736,2,-0.018755828,15.234714832,1.505326091
1734523608.218765736,3,0.471202224,-15.836468463,1.505132770
1734523608.218765736,4,-5.076799137,-1.259917687,1.505056928
1734523608.218765736,5,4.107651866,15.932609150,1.504919924
1734523608.218765736,6,0.573193534,-9.783835440,1.505269344
1734523608.218765736,7,-3.958135288,12.789379091,1.504824623
1734523608.218765736,8,3.727072499,-12.148876758,1.505071343
1734523608.218765736,9,-22.867956335,-7.094585320,1.505074372
1734523608.278765678,0,6.085184244,-0.504872297,1.505440429
1734523608.278765678,1,12.357643391,-0.215628131,1.505169315
1734523608.278765678,2,-0.018755828,15.234714832,1.505326091
1734523608.278765678,3,0.471202224,-15.836468463,1.505132770
1734523608.278765678,4,-5.076799137,-1.259917687,1.505056928
1734523608.278765678,5,4.107651866,15.932609150,1.504919924
1734523608.278765678,6,0.573193534,-9.783835440,1.505269344
1734523608.278765678,7,-3.958135288,12.789379091,1.504824623
1734523608.278765678,8,3.727072499,-12.148876758,1.505071343
1734523608.278765678,9,-22.867956335,-7.094585320,1.505074372
1734523608.348765850,0,6.085184244,-0.504872297,1.505440429
1734523608.348765850,1,12.357643391,-0.215628131,1.505169315
1734523608.348765850,2,-0.018755828,15.234714832,1.505326091
1734523608.348765850,3,0.471202224,-15.836468463,1.505132770
1734523608.348765850,4,-5.076799137,-1.259917687,1.505056928
1734523608.348765850,5,4.107651866,15.932609150,1.504919924
1734523608.348765850,6,0.573193534,-9.783835440,1.505269344
1734523608.348765850,7,-3.958135288,12.789379091,1.504824623
1734523608.348765850,8,3.727072499,-12.148876758,1.505071343
1734523608.348765850,9,-22.867956335,-7.094585320,1.505074372
1734523608.408765793,0,6.085184244,-0.504872297,1.505440429
1734523608.408765793,1,12.357643391,-0.215628131,1.505169315
1734523608.408765793,2,-0.018755828,15.234714832,1.505326091
1734523608.408765793,3,0.471202224,-15.836468463,1.505132770
1734523608.408765793,4,-5.076799137,-1.259917687,1.505056928
1734523608.408765793,5,4.107651866,15.932609150,1.504919924
1734523608.408765793,6,0.573193534,-9.783835440,1.505269344
1734523608.408765793,7,-3.958135288,12.789379091,1.504824623
1734523608.408765793,8,3.727072499,-12.148876758,1.505071343
1734523608.408765793,9,-22.867956335,-7.094585320,1.505074372
1734523608.468765736,0,6.085184244,-0.504872297,1.505440429
1734523608.468765736,1,12.357643391,-0.215628131,1.505169315
1734523608.468765736,2,-0.018755828,15.234714832,1.505326091
1734523608.468765736,3,0.491265551,-16.335755250,1.506389659
1734523608.468765736,4,-5.076799137,-1.259917687,1.505056928
1734523608.468765736,5,4.107651866,15.932609150,1.504919924
1734523608.468765736,6,0.573193534,-9.783835440,1.505269344
1734523608.468765736,7,-3.958135288,12.789379091,1.504824623
1734523608.468765736,8,3.727072499,-12.148876758,1.505071343
1734523608.468765736,9,-22.867956335,-7.094585320,1.505074372
1734523608.538765669,0,6.085184244,-0.504872297,1.505440429
1734523608.538765669,1,12.357643391,-0.215628131,1.505169315
1734523608.538765669,2,-0.018755828,15.234714832,1.505326091
1734523608.538765669,3,0.491265551,-16.335755250,1.506389659
1734523608.538765669,4,-5.076799137,-1.259917687,1.505056928
1734523608.538765669,5,4.107651866,15.932609150,1.504919924
1734523608.538765669,6,0.573193534,-9.783835440,1.505269344
1734523608.538765669,7,-3.958135288,12.789379091,1.504824623
1734523608.538765669,8,3.727072499,-12.148876758,1.505071343
1734523608.538765669,9,-22.867956335,-7.094585320,1.505074372
1734523608.598765850,0,6.485185787,-0.537852033,1.505759851
1734523608.598765850,1,12.736817477,-0.224871121,1.505180246
1734523608.598765850,2,-0.029937276,15.827722684,1.505233165
1734523608.598765850,3,0.496568887,-16.488783085,1.506510459
1734523608.598765850,4,-5.113986583,-1.301758636,1.505066917
1734523608.598765850,5,4.116814324,16.574369458,1.504893169
1734523608.598765850,6,0.845772234,-10.125286301,1.505087426
1734523608.598765850,7,-3.957530909,13.185151628,1.504851747
1734523608.598765850,8,3.714105604,-12.632460923,1.505079162
1734523608.598765850,9,-23.418269605,-7.468393736,1.505067866
1734523608.658765793,0,6.485185787,-0.537852033,1.505759851
1734523608.658765793,1,12.736817477,-0.224871121,1.505180246
1734523608.658765793,2,-0.030350810,15.878513463,1.505235134
1734523608.658765793,3,0.496568887,-16.488783085,1.506510459
1734523608.658765793,4,-5.117362129,-1.305546865,1.505068163
1734523608.658765793,5,4.116814324,16.574369458,1.504893169
1734523608.658765793,6,0.845772234,-10.125286301,1.505087426
1734523608.658765793,7,-3.957530909,13.185151628,1.504851747
1734523608.658765793,8,3.714105604,-12.632460923,1.505079162
1734523608.658765793,9,-23.418269605,-7.468393736,1.505067866
1734523608.718765736,0,6.485185787,-0.537852033,1.505759851
1734523608.718765736,1,12.736817477,-0.224871121,1.505180246
1734523608.718765736,2,-0.030350810,15.878513463,1.505235134
1734523608.718765736,3,0.496568887,-16.488783085,1.506510459
1734523608.718765736,4,-5.117362129,-1.305546865,1.505068163
1734523608.718765736,5,4.116814324,16.574369458,1.504893169
1734523608.718765736,6,0.845772234,-10.125286301,1.505087426
1734523608.718765736,7,-3.957530909,13.185151628,1.504851747
1734523608.718765736,8,3.714105604,-12.632460923,1.505079162
1734523608.718765736,9,-23.418269605,-7.468393736,1.505067866
1734523608.788765669,0,6.485185787,-0.537852033,1.505759851
1734523608.788765669,1,12.736817477,-0.224871121,1.505180246
1734523608.788765669,2,-0.030350810,15.878513463,1.505235134
1734523608.788765669,3,0.496568887,-16.488783085,1.506510459
1734523608.788765669,4,-5.117362129,-1.305546865,1.505068163
1734523608.788765669,5,4.116814324,16.574369458,1.504893169
1734523608.788765669,6,0.845772234,-10.125286301,1.505087426
1734523608.788765669,7,-3.957530909,13.185151628,1.504851747
1734523608.788765669,8,3.714105604,-12.632460923,1.505079162
1734523608.788765669,9,-23.418269605,-7.468393736,1.505067866
1734523608.848765850,0,6.485185787,-0.537852033,1.505759851
1734523608.848765850,1,12.736817477,-0.224871121,1.505180246
1734523608.848765850,2,-0.030350810,15.878513463,1.505235134
1734523608.848765850,3,0.496568887,-16.488783085,1.506510459
1734523608.848765850,4,-5.117362129,-1.305546865,1.505068163
1734523608.848765850,5,4.116814324,16.574369458,1.504893169
1734523608.848765850,6,0.845772234,-10.125286301,1.505087426
1734523608.848765850,7,-3.957530909,13.185151628,1.504851747
1734523608.848765850,8,3.714105604,-12.632460923,1.505079162
1734523608.848765850,9,-23.418269605,-7.468393736,1.505067866
1734523608.908765793,0,6.485185787,-0.537852033,1.505759851
1734523608.908765793,1,12.736817477,-0.224871121,1.505180246
1734523608.908765793,2,-0.030350810,15.878513463,1.505235134
1734523608.908765793,3,0.496568887,-16.488783085,1.506510459
1734523608.908765793,4,-5.117362129,-1.305546865,1.505068163
1734523608.908765793,5,4.116814324,16.574369458,1.504893169
1734523608.908765793,6,0.845772234,-10.125286301,1.505087426
1734523608.908765793,7,-3.957530909,13.185151628,1.504851747
1734523608.908765793,8,3.714105604,-12.632460923,1.505079162
1734523608.908765793,9,-23.418269605,-7.468393736,1.505067866
1734523608.978765726,0,6.485185787,-0.537852033,1.505759851
1734523608.978765726,1,12.736817477,-0.224871121,1.505180246
1734523608.978765726,2,-0.030350810,15.878513463,1.505235134
1734523608.978765726,3,0.496568887,-16.488783085,1.506510459
1734523608.978765726,4,-5.117362129,-1.305546865,1.505068163
1734523608.978765726,5,4.116814324,16.574369458,1.504893169
1734523608.978765726,6,0.845772234,-10.125286301,1.505087426
1734523608.978765726,7,-3.957530909,13.185151628,1.504851747
1734523608.978765726,8,3.714105604,-12.632460923,1.505079162
1734523608.978765726,9,-23.418269605,-7.468393736,1.505067866
1734523609.038765669,0,6.485185787,-0.537852033,1.505759851
1734523609.038765669,1,12.736817477,-0.224871121,1.505180246
1734523609.038765669,2,-0.030350810,15.878513463,1.505235134
1734523609.038765669,3,0.496568887,-16.488783085,1.506510459
1734523609.038765669,4,-5.117362129,-1.305546865,1.505068163
1734523609.038765669,5,4.116814324,16.574369458,1.504893169
1734523609.038765669,6,0.845772234,-10.125286301,1.505087426
1734523609.038765669,7,-3.957530909,13.185151628,1.504851747
1734523609.038765669,8,3.714105604,-12.632460923,1.505079162
1734523609.038765669,9,-23.418269605,-7.468393736,1.505067866
1734523609.098765850,0,6.485185787,-0.537852033,1.505759851
1734523609.098765850,1,12.736817477,-0.224871121,1.505180246
1734523609.098765850,2,-0.030350810,15.878513463,1.505235134
1734523609.098765850,3,0.496568887,-16.488783085,1.506510459
1734523609.098765850,4,-5.117362129,-1.305546865,1.505068163
1734523609.098765850,5,4.116814324,16.574369458,1.504893169
1734523609.098765850,6,0.845772234,-10.125286301,1.505087426
1734523609.098765850,7,-3.957530909,13.185151628,1.504851747
1734523609.098765850,8,3.714105604,-12.632460923,1.505079162
1734523609.098765850,9,-23.418269605,-7.468393736,1.505067866
1734523609.158765793,0,6.485185787,-0.537852033,1.505759851
1734523609.158765793,1,12.736817477,-0.224871121,1.505180246
1734523609.158765793,2,-0.030350810,15.878513463,1.505235134
1734523609.158765793,3,0.496568887,-16.488783085,1.506510459
1734523609.158765793,4,-5.117362129,-1.305546865,1.505068163
1734523609.158765793,5,4.116814324,16.574369458,1.504893169
1734523609.158765793,6,0.845772234,-10.125286301,1.505087426
1734523609.158765793,7,-3.957530909,13.185151628,1.504851747
1734523609.158765793,8,3.714105604,-12.632460923,1.505079162
1734523609.158765793,9,-23.418269605,-7.468393736,1.505067866
1734523609.228765726,0,6.870116477,-0.570188132,1.506409234
1734523609.228765726,1,13.105984017,-0.235381415,1.505210831
1734523609.228765726,2,-0.041226233,16.489110335,1.505355659
1734523609.228765726,3,0.526202286,-17.138687435,1.506049539
1734523609.228765726,4,-5.155991532,-1.348908554,1.505082038
1734523609.228765726,5,4.124615846,17.183891729,1.504950889
1734523609.228765726,6,1.106919622,-10.453264886,1.505079446
1734523609.228765726,7,-3.957106393,13.665743787,1.504882177
1734523609.228765726,8,3.701961436,-13.114184973,1.505120999
1734523609.228765726,9,-24.068736020,-7.928911677,1.505075134
1734523609.288765669,0,6.870116477,-0.570188132,1.506409234
1734523609.288765669,1,13.105984017,-0.235381415,1.505210831
1734523609.288765669,2,-0.042179622,16.538945767,1.505339077
1734523609.288765669,3,0.526202286,-17.138687435,1.506049539
1734523609.288765669,4,-5.155991532,-1.348908554,1.505082038
1734523609.288765669,5,4.125267250,17.233801688,1.504923845
1734523609.288765669,6,1.106919622,-10.453264886,1.505079446
1734523609.288765669,7,-3.957106393,13.665743787,1.504882177
1734523609.288765669,8,3.701961436,-13.114184973,1.505120999
1734523609.288765669,9,-24.068736020,-7.928911677,1.505075134
1734523609.348765850,0,6.870116477,-0.570188132,1.506409234
1734523609.348765850,1,13.105984017,-0.235381415,1.505210831
1734523609.348765850,2,-0.042179622,16.538945767,1.505339077
1734523609.348765850,3,0.526202286,-17.138687435,1.506049539
1734523609.348765850,4,-5.155991532,-1.348908554,1.505082038
1734523609.348765850,5,4.125267250,17.233801688,1.504923845
1734523609.348765850,6,1.106919622,-10.453264886,1.505079446
1734523609.348765850,7,-3.957106393,13.665743787,1.504882177
1734523609.348765850,8,3.701961436,-13.114184973,1.505120999
1734523609.348765850,9,-24.068736020,-7.928911677,1.505075134
1734523609.418765783,0,6.870116477,-0.570188132,1.506409234
1734523609.418765783,1,13.105984017,-0.235381415,1.505210831
1734523609.418765783,2,-0.042179622,16.538945767,1.505339077
1734523609.418765783,3,0.526202286,-17.138687435,1.506049539
1734523609.418765783,4,-5.155991532,-1.348908554,1.505082038
1734523609.418765783,5,4.125267250,17.233801688,1.504923845
1734523609.418765783,6,1.106919622,-10.453264886,1.505079446
1734523609.418765783,7,-3.957106393,13.665743787,1.504882177
1734523609.418765783,8,3.701961436,-13.114184973,1.505120999
1734523609.418765783,9,-24.068736020,-7.928911677,1.505075134
1734523609.478765726,0,6.870116477,-0.570188132,1.506409234
1734523609.478765726,1,13.105984017,-0.235381415,1.505210831
1734523609.478765726,2,-0.042179622,16.538945767,1.505339077
1734523609.478765726,3,0.526202286,-17.138687435,1.506049539
1734523609.478765726,4,-5.155991532,-1.348908554,1.505082038
1734523609.478765726,5,4.125267250,17.233801688,1.504923845
1734523609.478765726,6,1.106919622,-10.453264886,1.505079446
1734523609.478765726,7,-3.957106393,13.665743787,1.504882177
1734523609.478765726,8,3.701961436,-13.114184973,1.505120999
1734523609.478765726,9,-24.068736020,-7.928911677,1.505075134
1734523609.538765669,0,6.870116477,-0.570188132,1.506409234
1734523609.538765669,1,13.105984017,-0.235381415,1.505210831
1734523609.538765669,2,-0.042179622,16.538945767,1.505339077
1734523609.538765669,3,0.526202286,-17.138687435,1.506049539
1734523609.538765669,4,-5.155991532,-1.348908554,1.505082038
1734523609.538765669,5,4.125267250,17.233801688,1.504923845
1734523609.538765669,6,1.106919622,-10.453264886,1.505079446
1734523609.538765669,7,-3.957106393,13.665743787,1.504882177
1734523609.538765669,8,3.701961436,-13.114184973,1.505120999
1734523609.538765669,9,-24.068736020,-7.928911677,1.505075134
1734523609.608765841,0,6.870116477,-0.570188132,1.506409234
1734523609.608765841,1,13.105984017,-0.235381415,1.505210831
1734523609.608765841,2,-0.042179622,16.538945767,1.505339077
1734523609.608765841,3,0.526202286,-17.138687435,1.506049539
1734523609.608765841,4,-5.155991532,-1.348908554,1.505082038
1734523609.608765841,5,4.125267250,17.233801688,1.504923845
1734523609.608765841,6,1.106919622,-10.453264886,1.505079446
1734523609.608765841,7,-3.957106393,13.665743787,1.504882177
1734523609.608765841,8,3.701961436,-13.114184973,1.505120999
1734523609.608765841,9,-24.068736020,-7.928911677,1.505075134
1734523609.668765783,0,6.870116477,-0.570188132,1.506409234
1734523609.668765783,1,13.105984017,-0.235381415,1.505210831
1734523609.668765783,2,-0.042179622,16.538945767,1.505339077
1734523609.668765783,3,0.526202286,-17.138687435,1.506049539
1734523609.668765783,4,-5.155991532,-1.348908554,1.505082038
1734523609.668765783,5,4.125267250,17.233801688,1.504923845
1734523609.668765783,6,1.106919622,-10.453264886,1.505079446
1734523609.668765783,7,-3.957106393,13.665743787,1.504882177
1734523609.668765783,8,3.701961436,-13.114184973,1.505120999
1734523609.668765783,9,-24.068736020,-7.928911677,1.505075134
1734523609.738765717,0,6.870116477,-0.570188132,1.506409234
1734523609.738765717,1,13.105984017,-0.235381415,1.505210831
1734523609.738765717,2,-0.042179622,16.538945767,1.505339077
1734523609.738765717,3,0.526202286,-17.138687435,1.506049539
1734523609.738765717,4,-5.155991532,-1.348908554,1.505082038
1734523609.738765717,5,4.125267250,17.233801688,1.504923845
1734523609.738765717,6,1.106919622,-10.453264886,1.505079446
1734523609.738765717,7,-3.957106393,13.665743787,1.504882177
1734523609.738765717,8,3.701961436,-13.114184973,1.505120999
1734523609.738765717,9,-24.068736020,-7.928911677,1.505075134
1734523609.798765659,0,6.870116477,-0.570188132,1.506409234
1734523609.798765659,1,13.105984017,-0.235381415,1.505210831
1734523609.798765659,2,-0.042179622,16.538945767,1.505339077
1734523609.798765659,3,0.526202286,-17.138687435,1.506049539
1734523609.798765659,4,-5.155991532,-1.348908554,1.505082038
1734523609.798765659,5,4.125267250,17.233801688,1.504923845
1734523609.798765659,6,1.106919622,-10.453264886,1.505079446
1734523609.798765659,7,-3.957106393,13.665743787,1.504882177
1734523609.798765659,8,3.701961436,-13.114184973,1.505120999
1734523609.798765659,9,-24.068736020,-7.928911677,1.505075134
1734523609.858765841,0,7.302810518,-0.606376868,1.505567944
1734523609.858765841,1,13.503967823,-0.245387667,1.505210296
1734523609.858765841,2,-0.055308496,17.124787048,1.505335549
1734523609.858765841,3,0.555197350,-17.783076380,1.505420866
1734523609.858765841,4,-5.208967349,-1.408403384,1.505098922
1734523609.858765841,5,4.135660092,17.824944013,1.504983322
1734523609.858765841,6,1.400910108,-10.820885923,1.505109039
1734523609.858765841,7,-3.957000862,14.200256273,1.504907982
1734523609.858765841,8,3.688064132,-13.642641725,1.505137975
1734523609.858765841,9,-24.718763012,-8.409792975,1.505092453
1734523609.928765774,0,7.302810518,-0.606376868,1.505567944
1734523609.928765774,1,13.503967823,-0.245387667,1.505210296
1734523609.928765774,2,-0.055308496,17.124787048,1.505335549
1734523609.928765774,3,0.555197350,-17.783076380,1.505420866
1734523609.928765774,4,-5.213271247,-1.413193729,1.505100411
1734523609.928765774,5,4.135660092,17.824944013,1.504983322
1734523609.928765774,6,1.400910108,-10.820885923,1.505109039
1734523609.928765774,7,-3.957000862,14.200256273,1.504907982
1734523609.928765774,8,3.688064132,-13.642641725,1.505137975
1734523609.928765774,9,-24.768753639,-8.447677311,1.505093867
1734523609.998765707,0,7.302810518,-0.606376868,1.505567944
1734523609.998765707,1,13.503967823,-0.245387667,1.505210296
1734523609.998765707,2,-0.055308496,17.124787048,1.505335549
1734523609.998765707,3,0.555197350,-17.783076380,1.505420866
1734523609.998765707,4,-5.213271247,-1.413193729,1.505100411
1734523609.998765707,5,4.135660092,17.824944013,1.504983322
1734523609.998765707,6,1.400910108,-10.820885923,1.505109039
1734523609.998765707,7,-3.957000862,14.200256273,1.504907982
1734523609.998765707,8,3.688064132,-13.642641725,1.505137975
1734523609.998765707,9,-24.768753639,-8.447677311,1.505093867
1734523610.058765650,0,7.302810518,-0.606376868,1.505567944
1734523610.058765650,1,13.503967823,-0.245387667,1.505210296
1734523610.058765650,2,-0.055308496,17.124787048,1.505335549
1734523610.058765650,3,0.555197350,-17.783076380,1.505420866
1734523610.058765650,4,-5.213271247,-1.413193729,1.505100411
1734523610.058765650,5,4.135660092,17.824944013,1.504983322
1734523610.058765650,6,1.400910108,-10.820885923,1.505109039
1734523610.058765650,7,-3.957000862,14.200256273,1.504907982
1734523610.058765650,8,3.688064132,-13.642641725,1.505137975
1734523610.058765650,9,-24.768753639,-8.447677311,1.505093867
1734523610.118765831,0,7.302810518,-0.606376868,1.505567944
1734523610.118765831,1,13.503967823,-0.245387667,1.505210296
1734523610.118765831,2,-0.055308496,17.124787048,1.505335549
1734523610.118765831,3,0.555197350,-17.783076380,1.505420866
1734523610.118765831,4,-5.213271247,-1.413193729,1.505100411
1734523610.118765831,5,4.135660092,17.824944013,1.504983322
1734523610.118765831,6,1.400910108,-10.820885923,1.505109039
1734523610.118765831,7,-3.957000862,14.200256273,1.504907982
1734523610.118765831,8,3.688064132,-13.642641725,1.505137975
1734523610.118765831,9,-24.768753639,-8.447677311,1.505093867
1734523610.188765764,0,7.302810518,-0.606376868,1.505567944
1734523610.188765764,1,13.503967823,-0.245387667,1.505210296
1734523610.188765764,2,-0.055308496,17.124787048,1.505335549
1734523610.188765764,3,0.555197350,-17.783076380,1.505420866
1734523610.188765764,4,-5.213271247,-1.413193729,1.505100411
1734523610.188765764,5,4.135660092,17.824944013,1.504983322
1734523610.188765764,6,1.400910108,-10.820885923,1.505109039
1734523610.188765764,7,-3.957000862,14.200256273,1.504907982
1734523610.188765764,8,3.688064132,-13.642641725,1.505137975
1734523610.188765764,9,-24.768753639,-8.447677311,1.505093867
1734523610.248765707,0,7.302810518,-0.606376868,1.505567944
1734523610.248765707,1,13.503967823,-0.245387667,1.505210296
1734523610.248765707,2,-0.055308496,17.124787048,1.505335549
1734523610.248765707,3,0.555197350,-17.783076380,1.505420866
1734523610.248765707,4,-5.213271247,-1.413193729,1.505100411
1734523610.248765707,5,4.135660092,17.824944013,1.504983322
1734523610.248765707,6,1.400910108,-10.820885923,1.505109039
1734523610.248765707,7,-3.957000862,14.200256273,1.504907982
1734523610.248765707,8,3.688064132,-13.642641725,1.505137975
1734523610.248765707,9,-24.768753639,-8.447677311,1.505093867
1734523610.308765650,0,7.302810518,-0.606376868,1.505567944
1734523610.308765650,1,13.503967823,-0.245387667,1.505210296
1734523610.308765650,2,-0.055308496,17.124787048,1.505335549
1734523610.308765650,3,0.555197350,-17.783076380,1.505420866
1734523610.308765650,4,-5.213271247,-1.413193729,1.505100411
1734523610.308765650,5,4.135660092,17.824944013,1.504983322
1734523610.308765650,6,1.400910108,-10.820885923,1.505109039
1734523610.308765650,7,-3.957000862,14.200256273,1.504907982
1734523610.308765650,8,3.688064132,-13.642641725,1.505137975
1734523610.308765650,9,-24.768753639,-8.447677311,1.505093867
1734523610.368765831,0,7.302810518,-0.606376868,1.505567944
1734523610.368765831,1,13.503967823,-0.245387667,1.505210296
1734523610.368765831,2,-0.055308496,17.124787048,1.505335549
1734523610.368765831,3,0.555197350,-17.783076380,1.505420866
1734523610.368765831,4,-5.213271247,-1.413193729,1.505100411
1734523610.368765831,5,4.135660092,17.824944013,1.504983322
1734523610.368765831,6,1.400910108,-10.820885923,1.505109039
1734523610.368765831,7,-3.957000862,14.200256273,1.504907982
1734523610.368765831,8,3.688064132,-13.642641725,1.505137975
1734523610.368765831,9,-24.768753639,-8.447677311,1.505093867
1734523610.428765774,0,7.302810518,-0.606376868,1.505567944
1734523610.428765774,1,13.503967823,-0.245387667,1.505210296
1734523610.428765774,2,-0.055308496,17.124787048,1.505335549
1734523610.428765774,3,0.555197350,-17.783076380,1.505420866
1734523610.428765774,4,-5.213271247,-1.413193729,1.505100411
1734523610.428765774,5,4.135660092,17.824944013,1.504983322
1734523610.428765774,6,1.400910108,-10.820885923,1.505109039
1734523610.428765774,7,-3.957000862,14.200256273,1.504907982
1734523610.428765774,8,3.688064132,-13.642641725,1.505137975
1734523610.428765774,9,-24.768753639,-8.447677311,1.505093867
1734523610.488765717,0,7.717921350,-0.642117715,1.505000703
1734523610.488765717,1,13.891663629,-0.256272197,1.505227217
1734523610.488765717,2,-0.068978331,17.784715204,1.505330995
1734523610.488765717,3,0.582489510,-18.381097541,1.505149336
1734523610.488765717,4,-5.264170881,-1.470290525,1.505113236
1734523610.488765717,5,4.145991738,18.483874571,1.504999468
1734523610.488765717,6,1.709924643,-11.210284854,1.505179166
1734523610.488765717,7,-3.957165741,14.632950546,1.504930727
1734523610.488765717,8,3.675366075,-14.166851494,1.505245741
1734523610.488765717,9,-25.318617810,-8.873064536,1.505112747
1734523610.548765659,0,7.717921350,-0.642117715,1.505000703
1734523610.548765659,1,13.891663629,-0.256272197,1.505227217
1734523610.548765659,2,-0.068978331,17.784715204,1.505330995
1734523610.548765659,3,0.582489510,-18.381097541,1.505149336
1734523610.548765659,4,-5.264170881,-1.470290525,1.505113236
1734523610.548765659,5,4.145991738,18.483874571,1.504999468
1734523610.548765659,6,1.709924643,-11.210284854,1.505179166
1734523610.548765659,7,-3.957165741,14.632950546,1.504930727
1734523610.548765659,8,3.675366075,-14.166851494,1.505245741
1734523610.548765659,9,-25.318617810,-8.873064536,1.505112747
1734523610.608765841,0,7.717921350,-0.642117715,1.505000703
1734523610.608765841,1,13.891663629,-0.256272197,1.505227217
1734523610.608765841,2,-0.068978331,17.784715204,1.505330995
1734523610.608765841,3,0.582489510,-18.381097541,1.505149336
1734523610.608765841,4,-5.264170881,-1.470290525,1.505113236
1734523610.608765841,5,4.145991738,18.483874571,1.504999468
1734523610.608765841,6,1.709924643,-11.210284854,1.505179166
1734523610.608765841,7,-3.957165741,14.632950546,1.504930727
1734523610.608765841,8,3.675366075,-14.166851494,1.505245741
1734523610.608765841,9,-25.318617810,-8.873064536,1.505112747
1734523610.678765774,0,7.717921350,-0.642117715,1.505000703
1734523610.678765774,1,13.891663629,-0.256272197,1.505227217
1734523610.678765774,2,-0.068978331,17.784715204,1.505330995
1734523610.678765774,3,0.582489510,-18.381097541,1.505149336
1734523610.678765774,4,-5.264170881,-1.470290525,1.505113236
1734523610.678765774,5,4.145991738,18.483874571,1.504999468
1734523610.678765774,6,1.709924643,-11.210284854,1.505179166
1734523610.678765774,7,-3.957165741,14.632950546,1.504930727
1734523610.678765774,8,3.675366075,-14.166851494,1.505245741
1734523610.678765774,9,-25.318617810,-8.873064536,1.505112747
1734523610.738765717,0,7.717921350,-0.642117715,1.505000703
1734523610.738765717,1,13.891663629,-0.256272197,1.505227217
1734523610.738765717,2,-0.068978331,17.784715204,1.505330995
1734523610.738765717,3,0.582489510,-18.381097541,1.505149336
1734523610.738765717,4,-5.264170881,-1.470290525,1.505113236
1734523610.738765717,5,4.145991738,18.483874571,1.504999468
1734523610.738765717,6,1.709924643,-11.210284854,1.505179166
1734523610.738765717,7,-3.957165741,14.632950546,1.504930727
1734523610.738765717,8,3.675366075,-14.166851494,1.505245741
1734523610.738765717,9,-25.318617810,-8.873064536,1.505112747
1734523610.808765650,0,7.717921350,-0.642117715,1.505000703
1734523610.808765650,1,13.891663629,-0.256272197,1.505227217
1734523610.808765650,2,-0.068978331,17.784715204,1.505330995
1734523610.808765650,3,0.582489510,-18.381097541,1.505149336
1734523610.808765650,4,-5.264170881,-1.470290525,1.505113236
1734523610.808765650,5,4.145991738,18.483874571,1.504999468
1734523610.808765650,6,1.709924643,-11.210284854,1.505179166
1734523610.808765650,7,-3.957165741,14.632950546,1.504930727
1734523610.808765650,8,3.675366075,-14.166851494,1.505245741
1734523610.808765650,9,-25.318617810,-8.873064536,1.505112747
1734523610.868765831,0,7.717921350,-0.642117715,1.505000703
1734523610.868765831,1,13.891663629,-0.256272197,1.505227217
1734523610.868765831,2,-0.068978331,17.784715204,1.505330995
1734523610.868765831,3,0.582489510,-18.381097541,1.505149336
1734523610.868765831,4,-5.264170881,-1.470290525,1.505113236
1734523610.868765831,5,4.145991738,18.483874571,1.504999468
1734523610.868765831,6,1.709924643,-11.210284854,1.505179166
1734523610.868765831,7,-3.957165741,14.632950546,1.504930727
1734523610.868765831,8,3.675366075,-14.166851494,1.505245741
1734523610.868765831,9,-25.318617810,-8.873064536,1.505112747
1734523610.928765774,0,7.717921350,-0.642117715,1.505000703
1734523610.928765774,1,13.891663629,-0.256272197,1.505227217
1734523610.928765774,2,-0.068978331,17.784715204,1.505330995
1734523610.928765774,3,0.582489510,-18.381097541,1.505149336
1734523610.928765774,4,-5.264170881,-1.470290525,1.505113236
1734523610.928765774,5,4.145991738,18.483874571,1.504999468
1734523610.928765774,6,1.709924643,-11.210284854,1.505179166
1734523610.928765774,7,-3.957165741,14.632950546,1.504930727
1734523610.928765774,8,3.675366075,-14.166851494,1.505245741
1734523610.928765774,9,-25.318617810,-8.873064536,1.505112747
1734523610.988765717,0,7.717921350,-0.642117715,1.505000703
1734523610.988765717,1,13.891663629,-0.256272197,1.505227217
1734523610.988765717,2,-0.068978331,17.784715204,1.505330995
1734523610.988765717,3,0.582489510,-18.381097541,1.505149336
1734523610.988765717,4,-5.264170881,-1.470290525,1.505113236
1734523610.988765717,5,4.145991738,18.483874571,1.504999468
1734523610.988765717,6,1.709924643,-11.210284854,1.505179166
1734523610.988765717,7,-3.957165741,14.632950546,1.504930727
1734523610.988765717,8,3.675366075,-14.166851494,1.505245741
1734523610.988765717,9,-25.318617810,-8.873064536,1.505112747
1734523611.058765650,0,7.717921350,-0.642117715,1.505000703
1734523611.058765650,1,13.891663629,-0.256272197,1.505227217
1734523611.058765650,2,-0.068978331,17.784715204,1.505330995
1734523611.058765650,3,0.582489510,-18.381097541,1.505149336
1734523611.058765650,4,-5.264170881,-1.470290525,1.505113236
1734523611.058765650,5,4.145991738,18.483874571,1.504999468
1734523611.058765650,6,1.709924643,-11.210284854,1.505179166
1734523611.058765650,7,-3.957165741,14.632950546,1.504930727
1734523611.058765650,8,3.675366075,-14.166851494,1.505245741
1734523611.058765650,9,-25.318617810,-8.873064536,1.505112747
1734523611.118765831,0,8.149149790,-0.678839445,1.504943957
1734523611.118765831,1,14.309638595,-0.266995899,1.505232145
1734523611.118765831,2,-0.083199465,18.375291015,1.505351034
1734523611.118765831,3,0.612005391,-19.032833858,1.505242141
1734523611.118765831,4,-5.318349093,-1.530976704,1.505124302
1734523611.118765831,5,4.158545935,19.134455949,1.505012316
1734523611.118765831,6,1.997416756,-11.569646508,1.505197431
1734523611.118765831,7,-3.957754615,15.200495069,1.504956674
1734523611.118765831,8,3.660616614,-14.741567851,1.505304373
1734523611.118765831,9,-26.016695249,-9.436302127,1.505121396
1734523611.178765774,0,8.149149790,-0.678839445,1.504943957
1734523611.178765774,1,14.309638595,-0.266995899,1.505232145
1734523611.178765774,2,-0.083199465,18.375291015,1.505351034
1734523611.178765774,3,0.612005391,-19.032833858,1.505242141
1734523611.178765774,4,-5.318349093,-1.530976704,1.505124302
1734523611.178765774,5,4.158545935,19.134455949,1.505012316
1734523611.178765774,6,1.997416756,-11.569646508,1.505197431
1734523611.178765774,7,-3.957754615,15.200495069,1.504956674
1734523611.178765774,8,3.660616614,-14.741567851,1.505304373
1734523611.178765774,9,-26.016695249,-9.436302127,1.505121396
1734523611.238765717,0,8.149149790,-0.678839445,1.504943957
1734523611.238765717,1,14.309638595,-0.266995899,1.505232145
1734523611.238765717,2,-0.083199465,18.375291015,1.505351034
1734523611.238765717,3,0.612005391,-19.032833858,1.505242141
1734523611.238765717,4,-5.318349093,-1.530976704,1.505124302
1734523611.238765717,5,4.158545935,19.134455949,1.505012316
1734523611.238765717,6,1.997416756,-11.569646508,1.505197431
1734523611.238765717,7,-3.957754615,15.200495069,1.504956674
1734523611.238765717,8,3.660616614,-14.741567851,1.505304373
1734523611.238765717,9,-26.016695249,-9.436302127,1.505121396
1734523611.298765659,0,8.149149790,-0.678839445,1.504943957
1734523611.298765659,1,14.309638595,-0.266995899,1.505232145
1734523611.298765659,2,-0.083199465,18.375291015,1.505351034
1734523611.298765659,3,0.612005391,-19.032833858,1.505242141
1734523611.298765659,4,-5.318349093,-1.530976704,1.505124302
1734523611.298765659,5,4.158545935,19.134455949,1.505012316
1734523611.298765659,6,1.997416756,-11.569646508,1.505197431
1734523611.298765659,7,-3.957754615,15.200495069,1.504956674
1734523611.298765659,8,3.660616614,-14.741567851,1.505304373
1734523611.298765659,9,-26.016695249,-9.436302127,1.505121396
1734523611.358765841,0,8.149149790,-0.678839445,1.504943957
1734523611.358765841,1,14.309638595,-0.266995899,1.505232145
1734523611.358765841,2,-0.083199465,18.375291015,1.505351034
1734523611.358765841,3,0.612005391,-19.032833858,1.505242141
1734523611.358765841,4,-5.318349093,-1.530976704,1.505124302
1734523611.358765841,5,4.158545935,19.134455949,1.505012316
1734523611.358765841,6,1.997416756,-11.569646508,1.505197431
1734523611.358765841,7,-3.957754615,15.200495069,1.504956674
1734523611.358765841,8,3.660616614,-14.741567851,1.505304373
1734523611.358765841,9,-26.016695249,-9.436302127,1.505121396
1734523611.428765774,0,8.149149790,-0.678839445,1.504943957
1734523611.428765774,1,14.309638595,-0.266995899,1.505232145
1734523611.428765774,2,-0.083199465,18.375291015,1.505351034
1734523611.428765774,3,0.612005391,-19.032833858,1.505242141
1734523611.428765774,4,-5.318349093,-1.530976704,1.505124302
1734523611.428765774,5,4.158545935,19.134455949,1.505012316
1734523611.428765774,6,1.997416756,-11.569646508,1.505197431
1734523611.428765774,7,-3.957754615,15.200495069,1.504956674
1734523611.428765774,8,3.660616614,-14.741567851,1.505304373
1734523611.428765774,9,-26.016695249,-9.436302127,1.505121396
1734523611.488765717,0,8.149149790,-0.678839445,1.504943957
1734523611.488765717,1,14.309638595,-0.266995899,1.505232145
1734523611.488765717,2,-0.083199465,18.375291015,1.505351034
1734523611.488765717,3,0.612005391,-19.032833858,1.505242141
1734523611.488765717,4,-5.318349093,-1.530976704,1.505124302
1734523611.488765717,5,4.158545935,19.134455949,1.505012316
1734523611.488765717,6,1.997416756,-11.569646508,1.505197431
1734523611.488765717,7,-3.957754615,15.200495069,1.504956674
1734523611.488765717,8,3.660616614,-14.741567851,1.505304373
1734523611.488765717,9,-26.016695249,-9.436302127,1.505121396
1734523611.548765659,0,8.149149790,-0.678839445,1.504943957
1734523611.548765659,1,14.309638595,-0.266995899,1.505232145
1734523611.548765659,2,-0.083199465,18.375291015,1.505351034
1734523611.548765659,3,0.612005391,-19.032833858,1.505242141
1734523611.548765659,4,-5.318349093,-1.530976704,1.505124302
1734523611.548765659,5,4.158545935,19.134455949,1.505012316
1734523611.548765659,6,1.997416756,-11.569646508,1.505197431
1734523611.548765659,7,-3.957754615,15.200495069,1.504956674
1734523611.548765659,8,3.660616614,-14.741567851,1.505304373
1734523611.548765659,9,-26.016695249,-9.436302127,1.505121396
1734523611.618765831,0,8.149149790,-0.678839445,1.504943957
1734523611.618765831,1,14.309638595,-0.266995899,1.505232145
1734523611.618765831,2,-0.083199465,18.375291015,1.505351034
1734523611.618765831,3,0.612005391,-19.032833858,1.505242141
1734523611.618765831,4,-5.318349093,-1.530976704,1.505124302
1734523611.618765831,5,4.158545935,19.134455949,1.505012316
1734523611.618765831,6,1.997416756,-11.569646508,1.505197431
1734523611.618765831,7,-3.957754615,15.200495069,1.504956674
1734523611.618765831,8,3.660616614,-14.741567851,1.505304373
1734523611.618765831,9,-26.016695249,-9.436302127,1.505121396
1734523611.678765774,0,8.149149790,-0.678839445,1.504943957
1734523611.678765774,1,14.309638595,-0.266995899,1.505232145
1734523611.678765774,2,-0.083199465,18.375291015,1.505351034
1734523611.678765774,3,0.612005391,-19.032833858,1.505242141
1734523611.678765774,4,-5.318349093,-1.530976704,1.505124302
1734523611.678765774,5,4.158545935,19.134455949,1.505012316
1734523611.678765774,6,1.997416756,-11.569646508,1.505197431
1734523611.678765774,7,-3.957754615,15.200495069,1.504956674
1734523611.678765774,8,3.660616614,-14.741567851,1.505304373
1734523611.678765774,9,-26.016695249,-9.436302127,1.505121396
1734523611.748765707,0,8.635375643,-0.721384008,1.507983964
1734523611.748765707,1,14.716464309,-0.278733861,1.505250412
1734523611.748765707,2,-0.098700321,19.036916861,1.505336400
1734523611.748765707,3,0.641901975,-19.634243137,1.505264399
1734523611.748765707,4,-5.384964805,-1.605494404,1.505134804
1734523611.748765707,5,4.170120075,19.734205497,1.505028637
1734523611.748765707,6,2.328843042,-11.985998206,1.505582029
1734523611.748765707,7,-3.958507358,15.660413856,1.504972578
1734523611.748765707,8,3.646154078,-15.361184464,1.505282418
1734523611.748765707,9,-26.568970358,-9.902003453,1.505133099
1734523611.808765650,0,8.635375643,-0.721384008,1.507983964
1734523611.808765650,1,14.716464309,-0.278733861,1.505250412
1734523611.808765650,2,-0.098700321,19.036916861,1.505336400
1734523611.808765650,3,0.641901975,-19.634243137,1.505264399
1734523611.808765650,4,-5.384964805,-1.605494404,1.505134804
1734523611.808765650,5,4.170120075,19.734205497,1.505028637
1734523611.808765650,6,2.328843042,-11.985998206,1.505582029
1734523611.808765650,7,-3.958507358,15.660413856,1.504972578
1734523611.808765650,8,3.646154078,-15.361184464,1.505282418
1734523611.808765650,9,-26.568970358,-9.902003453,1.505133099
1734523611.868765831,0,8.635375643,-0.721384008,1.507983964
1734523611.868765831,1,14.716464309,-0.278733861,1.505250412
1734523611.868765831,2,-0.098700321,19.036916861,1.505336400
1734523611.868765831,3,0.641901975,-19.634243137,1.505264399
1734523611.868765831,4,-5.384964805,-1.605494404,1.505134804
1734523611.868765831,5,4.170120075,19.734205497,1.505028637
1734523611.868765831,6,2.328843042,-11.985998206,1.505582029
1734523611.868765831,7,-3.958507358,15.660413856,1.504972578
1734523611.868765831,8,3.646154078,-15.361184464,1.505282418
1734523611.868765831,9,-26.568970358,-9.902003453,1.505133099
1734523611.928765774,0,8.635375643,-0.721384008,1.507983964
1734523611.928765774,1,14.716464309,-0.278733861,1.505250412
1734523611.928765774,2,-0.098700321,19.036916861,1.505336400
1734523611.928765774,3,0.641901975,-19.634243137,1.505264399
1734523611.928765774,4,-5.384964805,-1.605494404,1.505134804
1734523611.928765774,5,4.170120075,19.734205497,1.505028637
1734523611.928765774,6,2.328843042,-11.985998206,1.505582029
1734523611.928765774,7,-3.958507358,15.660413856,1.504972578
1734523611.928765774,8,3.646154078,-15.361184464,1.505282418
1734523611.928765774,9,-26.568970358,-9.902003453,1.505133099
1734523611.998765707,0,8.635375643,-0.721384008,1.507983964
1734523611.998765707,1,14.716464309,-0.278733861,1.505250412
1734523611.998765707,2,-0.098700321,19.036916861,1.505336400
1734523611.998765707,3,0.641901975,-19.634243137,1.505264399
1734523611.998765707,4,-5.384964805,-1.605494404,1.505134804
1734523611.998765707,5,4.170120075,19.734205497,1.505028637
1734523611.998765707,6,2.328843042,-11.985998206,1.505582029
1734523611.998765707,7,-3.958507358,15.660413856,1.504972578
1734523611.998765707,8,3.646154078,-15.361184464,1.505282418
1734523611.998765707,9,-26.568970358,-9.902003453,1.505133099
1734523612.058765650,0,8.635375643,-0.721384008,1.507983964
1734523612.058765650,1,14.716464309,-0.278733861,1.505250412
1734523612.058765650,2,-0.098700321,19.036916861,1.505336400
1734523612.058765650,3,0.641901975,-19.634243137,1.505264399
1734523612.058765650,4,-5.384964805,-1.605494404,1.505134804
1734523612.058765650,5,4.170120075,19.734205497,1.505028637
1734523612.058765650,6,2.328843042,-11.985998206,1.505582029
1734523612.058765650,7,-3.958507358,15.660413856,1.504972578
1734523612.058765650,8,3.646154078,-15.361184464,1.505282418
1734523612.058765650,9,-26.568970358,-9.902003453,1.505133099
1734523612.128765821,0,8.635375643,-0.721384008,1.507983964
1734523612.128765821,1,14.716464309,-0.278733861,1.505250412
1734523612.128765821,2,-0.098700321,19.036916861,1.505336400
1734523612.128765821,3,0.641901975,-19.634243137,1.505264399
1734523612.128765821,4,-5.384964805,-1.605494404,1.505134804
1734523612.128765821,5,4.170120075,19.734205497,1.505028637
1734523612.128765821,6,2.328843042,-11.985998206,1.505582029
1734523612.128765821,7,-3.958507358,15.660413856,1.504972578
1734523612.128765821,8,3.646154078,-15.361184464,1.505282418
1734523612.128765821,9,-26.568970358,-9.902003453,1.505133099
1734523612.188765764,0,8.635375643,-0.721384008,1.507983964
1734523612.188765764,1,14.716464309,-0.278733861,1.505250412
1734523612.188765764,2,-0.098700321,19.036916861,1.505336400
1734523612.188765764,3,0.641901975,-19.634243137,1.505264399
1734523612.188765764,4,-5.384964805,-1.605494404,1.505134804
1734523612.188765764,5,4.170120075,19.734205497,1.505028637
1734523612.188765764,6,2.328843042,-11.985998206,1.505582029
1734523612.188765764,7,-3.958507358,15.660413856,1.504972578
1734523612.188765764,8,3.646154078,-15.361184464,1.505282418
1734523612.188765764,9,-26.568970358,-9.902003453,1.505133099
1734523612.248765707,0,8.635375643,-0.721384008,1.507983964
1734523612.248765707,1,14.716464309,-0.278733861,1.505250412
1734523612.248765707,2,-0.098700321,19.036916861,1.505336400
1734523612.248765707,3,0.641901975,-19.634243137,1.505264399
1734523612.248765707,4,-5.384964805,-1.605494404,1.505134804
1734523612.248765707,5,4.170120075,19.734205497,1.505028637
1734523612.248765707,6,2.328843042,-11.985998206,1.505582029
1734523612.248765707,7,-3.958507358,15.660413856,1.504972578
1734523612.248765707,8,3.646154078,-15.361184464,1.505282418
1734523612.248765707,9,-26.568970358,-9.902003453,1.505133099
1734523612.308765650,0,8.635375643,-0.721384008,1.507983964
1734523612.308765650,1,14.716464309,-0.278733861,1.505250412
1734523612.308765650,2,-0.098700321,19.036916861,1.505336400
1734523612.308765650,3,0.641901975,-19.634243137,1.505264399
1734523612.308765650,4,-5.384964805,-1.605494404,1.505134804
1734523612.308765650,5,4.170120075,19.734205497,1.505028637
1734523612.308765650,6,2.328843042,-11.985998206,1.505582029
1734523612.308765650,7,-3.958507358,15.660413856,1.504972578
1734523612.308765650,8,3.646154078,-15.361184464,1.505282418
1734523612.308765650,9,-26.568970358,-9.902003453,1.505133099
1734523612.368765831,0,9.139474327,-0.765084643,1.506845657
1734523612.368765831,1,15.154129177,-0.290068146,1.505259907
1734523612.368765831,2,-0.115208740,19.626050337,1.505266147
1734523612.368765831,3,0.674421213,-20.285001634,1.505254004
1734523612.368765831,4,-5.443492488,-1.670912590,1.505144498
1734523612.368765831,5,4.184202402,20.384769913,1.505056892
1734523612.368765831,6,2.635708488,-12.371466079,1.505396460
1734523612.368765831,7,-3.960162635,16.219420238,1.504995862
1734523612.368765831,8,3.631390540,-15.941241855,1.505190611
1734523612.368765831,9,-27.218895721,-10.472299717,1.505139093
1734523612.438765764,0,9.139474327,-0.765084643,1.506845657
1734523612.438765764,1,15.154129177,-0.290068146,1.505259907
1734523612.438765764,2,-0.115208740,19.626050337,1.505266147
1734523612.438765764,3,0.674421213,-20.285001634,1.505254004
1734523612.438765764,4,-5.443492488,-1.670912590,1.505144498
1734523612.438765764,5,4.184202402,20.384769913,1.505056892
1734523612.438765764,6,2.635708488,-12.371466079,1.505396460
1734523612.438765764,7,-3.960162635,16.219420238,1.504995862
1734523612.438765764,8,3.631390540,-15.941241855,1.505190611
1734523612.438765764,9,-27.218895721,-10.472299717,1.505139093
1734523612.498765707,0,9.139474327,-0.765084643,1.506845657
1734523612.498765707,1,15.154129177,-0.290068146,1.505259907
1734523612.498765707,2,-0.115208740,19.626050337,1.505266147
1734523612.498765707,3,0.674421213,-20.285001634,1.505254004
1734523612.498765707,4,-5.443492488,-1.670912590,1.505144498
1734523612.498765707,5,4.184202402,20.384769913,1.505056892
1734523612.498765707,6,2.635708488,-12.371466079,1.505396460
1734523612.498765707,7,-3.960162635,16.219420238,1.504995862
1734523612.498765707,8,3.631390540,-15.941241855,1.505190611
1734523612.498765707,9,-27.218895721,-10.472299717,1.505139093
1734523612.558765650,0,9.139474327,-0.765084643,1.506845657
1734523612.558765650,1,15.154129177,-0.290068146,1.505259907
1734523612.558765650,2,-0.115208740,19.626050337,1.505266147
1734523612.558765650,3,0.674421213,-20.285001634,1.505254004
1734523612.558765650,4,-5.443492488,-1.670912590,1.505144498
1734523612.558765650,5,4.184202402,20.384769913,1.505056892
1734523612.558765650,6,2.635708488,-12.371466079,1.505396460
1734523612.558765650,7,-3.960162635,16.219420238,1.504995862
1734523612.558765650,8,3.631390540,-15.941241855,1.505190611
1734523612.558765650,9,-27.218895721,-10.472299717,1.505139093
1734523612.618765831,0,9.139474327,-0.765084643,1.506845657
1734523612.618765831,1,15.154129177,-0.290068146,1.505259907
1734523612.618765831,2,-0.115208740,19.626050337,1.505266147
1734523612.618765831,3,0.674421213,-20.285001634,1.505254004
1734523612.618765831,4,-5.443492488,-1.670912590,1.505144498
1734523612.618765831,5,4.184202402,20.384769913,1.505056892
1734523612.618765831,6,2.635708488,-12.371466079,1.505396460
1734523612.618765831,7,-3.960162635,16.219420238,1.504995862
1734523612.618765831,8,3.631390540,-15.941241855,1.505190611
1734523612.618765831,9,-27.218895721,-10.472299717,1.505139093
1734523612.688765764,0,9.139474327,-0.765084643,1.506845657
1734523612.688765764,1,15.154129177,-0.290068146,1.505259907
1734523612.688765764,2,-0.115208740,19.626050337,1.505266147
1734523612.688765764,3,0.674421213,-20.285001634,1.505254004
1734523612.688765764,4,-5.443492488,-1.670912590,1.505144498
1734523612.688765764,5,4.184202402,20.384769913,1.505056892
1734523612.688765764,6,2.635708488,-12.371466079,1.505396460
1734523612.688765764,7,-3.960162635,16.219420238,1.504995862
1734523612.688765764,8,3.631390540,-15.941241855,1.505190611
1734523612.688765764,9,-27.218895721,-10.472299717,1.505139093
1734523612.748765707,0,9.139474327,-0.765084643,1.506845657
1734523612.748765707,1,15.154129177,-0.290068146,1.505259907
1734523612.748765707,2,-0.115208740,19.626050337,1.505266147
1734523612.748765707,3,0.674421213,-20.285001634,1.505254004
1734523612.748765707,4,-5.443492488,-1.670912590,1.505144498
1734523612.748765707,5,4.184202402,20.384769913,1.505056892
1734523612.748765707,6,2.635708488,-12.371466079,1.505396460
1734523612.748765707,7,-3.960162635,16.219420238,1.504995862
1734523612.748765707,8,3.631390540,-15.941241855,1.505190611
1734523612.748765707,9,-27.218895721,-10.472299717,1.505139093
1734523612.818765879,0,9.139474327,-0.765084643,1.506845657
1734523612.818765879,1,15.154129177,-0.290068146,1.505259907
1734523612.818765879,2,-0.115208740,19.626050337,1.505266147
1734523612.818765879,3,0.674421213,-20.285001634,1.505254004
1734523612.818765879,4,-5.443492488,-1.670912590,1.505144498
1734523612.818765879,5,4.184202402,20.384769913,1.505056892
1734523612.818765879,6,2.635708488,-12.371466079,1.505396460
1734523612.818765879,7,-3.960162635,16.219420238,1.504995862
1734523612.818765879,8,3.631390540,-15.941241855,1.505190611
1734523612.818765879,9,-27.218895721,-10.472299717,1.505139093
1734523612.878765821,0,9.139474327,-0.765084643,1.506845657
1734523612.878765821,1,15.154129177,-0.290068146,1.505259907
1734523612.878765821,2,-0.115208740,19.626050337,1.505266147
1734523612.878765821,3,0.674421213,-20.285001634,1.505254004
1734523612.878765821,4,-5.443492488,-1.670912590,1.505144498
1734523612.878765821,5,4.184202402,20.384769913,1.505056892
1734523612.878765821,6,2.635708488,-12.371466079,1.505396460
1734523612.878765821,7,-3.960162635,16.219420238,1.504995862
1734523612.878765821,8,3.631390540,-15.941241855,1.505190611
1734523612.878765821,9,-27.218895721,-10.472299717,1.505139093
1734523612.948765755,0,9.139474327,-0.765084643,1.506845657
1734523612.948765755,1,15.154129177,-0.290068146,1.505259907
1734523612.948765755,2,-0.115208740,19.626050337,1.505266147
1734523612.948765755,3,0.674421213,-20.285001634,1.505254004
1734523612.948765755,4,-5.443492488,-1.670912590,1.505144498
1734523612.948765755,5,4.184202402,20.384769913,1.505056892
1734523612.948765755,6,2.930544153,-12.742374401,1.505282747
1734523612.948765755,7,-3.960162635,16.219420238,1.504995862
1734523612.948765755,8,3.631390540,-15.941241855,1.505190611
1734523612.948765755,9,-27.218895721,-10.472299717,1.505139093
1734523613.008765697,0,9.650107054,-0.813823121,1.505801474
1734523613.008765697,1,15.614597027,-0.304111115,1.505256314
1734523613.008765697,2,-0.133089534,20.286780389,1.505291631
1734523613.008765697,3,0.712185704,-20.919556451,1.505358859
1734523613.008765697,4,-5.527373707,-1.764492193,1.505156855
1734523613.008765697,5,4.197037011,20.984392844,1.505068431
1734523613.008765697,6,2.957556755,-12.776802412,1.505278600
1734523613.008765697,7,-3.961628114,16.842152461,1.505017882
1734523613.008765697,8,3.616185500,-16.604439807,1.505331288
1734523613.008765697,9,-27.918712109,-11.114908642,1.505160834
1734523613.068765879,0,9.650107054,-0.813823121,1.505801474
1734523613.068765879,1,15.614597027,-0.304111115,1.505256314
1734523613.068765879,2,-0.133089534,20.286780389,1.505291631
1734523613.068765879,3,0.712185704,-20.919556451,1.505358859
1734523613.068765879,4,-5.532134591,-1.769826163,1.505156763
1734523613.068765879,5,4.197037011,20.984392844,1.505068431
1734523613.068765879,6,2.957556755,-12.776802412,1.505278600
1734523613.068765879,7,-3.961628114,16.842152461,1.505017882
1734523613.068765879,8,3.616185500,-16.604439807,1.505331288
1734523613.068765879,9,-27.918712109,-11.114908642,1.505160834
1734523613.138765812,0,9.650107054,-0.813823121,1.505801474
1734523613.138765812,1,15.614597027,-0.304111115,1.505256314
1734523613.138765812,2,-0.133089534,20.286780389,1.505291631
1734523613.138765812,3,0.712185704,-20.919556451,1.505358859
1734523613.138765812,4,-5.532134591,-1.769826163,1.505156763
1734523613.138765812,5,4.197037011,20.984392844,1.505068431
1734523613.138765812,6,2.957556755,-12.776802412,1.505278600
1734523613.138765812,7,-3.961628114,16.842152461,1.505017882
1734523613.138765812,8,3.616185500,-16.604439807,1.505331288
1734523613.138765812,9,-27.918712109,-11.114908642,1.505160834
1734523613.198765755,0,9.650107054,-0.813823121,1.505801474
1734523613.198765755,1,15.614597027,-0.304111115,1.505256314
1734523613.198765755,2,-0.133089534,20.286780389,1.505291631
1734523613.198765755,3,0.712185704,-20.919556451,1.505358859
1734523613.198765755,4,-5.532134591,-1.769826163,1.505156763
1734523613.198765755,5,4.197037011,20.984392844,1.505068431
1734523613.198765755,6,2.957556755,-12.776802412,1.505278600
1734523613.198765755,7,-3.961628114,16.842152461,1.505017882
1734523613.198765755,8,3.616185500,-16.604439807,1.505331288
1734523613.198765755,9,-27.918712109,-11.114908642,1.505160834
1734523613.258765697,0,9.650107054,-0.813823121,1.505801474
1734523613.258765697,1,15.614597027,-0.304111115,1.505256314
1734523613.258765697,2,-0.133089534,20.286780389,1.505291631
1734523613.258765697,3,0.712185704,-20.919556451,1.505358859
1734523613.258765697,4,-5.532134591,-1.769826163,1.505156763
1734523613.258765697,5,4.197037011,20.984392844,1.505068431
1734523613.258765697,6,2.957556755,-12.776802412,1.505278600
1734523613.258765697,7,-3.961628114,16.842152461,1.505017882
1734523613.258765697,8,3.616185500,-16.604439807,1.505331288
1734523613.258765697,9,-27.918712109,-11.114908642,1.505160834
1734523613.328765869,0,9.650107054,-0.813823121,1.505801474
1734523613.328765869,1,15.614597027,-0.304111115,1.505256314
1734523613.328765869,2,-0.133089534,20.286780389,1.505291631
1734523613.328765869,3,0.712185704,-20.919556451,1.505358859
1734523613.328765869,4,-5.532134591,-1.769826163,1.505156763
1734523613.328765869,5,4.197037011,20.984392844,1.505068431
1734523613.328765869,6,2.957556755,-12.776802412,1.505278600
1734523613.328765869,7,-3.961628114,16.842152461,1.505017882
1734523613.328765869,8,3.616185500,-16.604439807,1.505331288
1734523613.328765869,9,-27.918712109,-11.114908642,1.505160834
1734523613.388765812,0,9.650107054,-0.813823121,1.505801474
1734523613.388765812,1,15.614597027,-0.304111115,1.505256314
1734523613.388765812,2,-0.133089534,20.286780389,1.505291631
1734523613.388765812,3,0.712185704,-20.919556451,1.505358859
1734523613.388765812,4,-5.532134591,-1.769826163,1.505156763
1734523613.388765812,5,4.197037011,20.984392844,1.505068431
1734523613.388765812,6,2.957556755,-12.776802412,1.505278600
1734523613.388765812,7,-3.961628114,16.842152461,1.505017882
1734523613.388765812,8,3.616185500,-16.604439807,1.505331288
1734523613.388765812,9,-27.918712109,-11.114908642,1.505160834
1734523613.458765745,0,9.650107054,-0.813823121,1.505801474
1734523613.458765745,1,15.614597027,-0.304111115,1.505256314
1734523613.458765745,2,-0.133089534,20.286780389,1.505291631
1734523613.458765745,3,0.712185704,-20.919556451,1.505358859
1734523613.458765745,4,-5.532134591,-1.769826163,1.505156763
1734523613.458765745,5,4.197037011,20.984392844,1.505068431
1734523613.458765745,6,2.957556755,-12.776802412,1.505278600
1734523613.458765745,7,-3.961628114,16.842152461,1.505017882
1734523613.458765745,8,3.616185500,-16.604439807,1.505331288
1734523613.458765745,9,-27.918712109,-11.114908642,1.505160834
1734523613.518765688,0,9.650107054,-0.813823121,1.505801474
1734523613.518765688,1,15.614597027,-0.304111115,1.505256314
1734523613.518765688,2,-0.133089534,20.286780389,1.505291631
1734523613.518765688,3,0.712185704,-20.919556451,1.505358859
1734523613.518765688,4,-5.532134591,-1.769826163,1.505156763
1734523613.518765688,5,4.197037011,20.984392844,1.505068431
1734523613.518765688,6,2.957556755,-12.776802412,1.505278600
1734523613.518765688,7,-3.961628114,16.842152461,1.505017882
1734523613.518765688,8,3.616185500,-16.604439807,1.505331288
1734523613.518765688,9,-27.918712109,-11.114908642,1.505160834
1734523613.578765869,0,9.650107054,-0.813823121,1.505801474
1734523613.578765869,1,15.614597027,-0.304111115,1.505256314
1734523613.578765869,2,-0.133089534,20.286780389,1.505291631
1734523613.578765869,3,0.712185704,-20.919556451,1.505358859
1734523613.578765869,4,-5.532134591,-1.769826163,1.505156763
1734523613.578765869,5,4.197037011,20.984392844,1.505068431
1734523613.578765869,6,2.957556755,-12.776802412,1.505278600
1734523613.578765869,7,-3.961628114,16.842152461,1.505017882
1734523613.578765869,8,3.616185500,-16.604439807,1.505331288
1734523613.578765869,9,-27.918712109,-11.114908642,1.505160834
1734523613.648765802,0,10.163769928,-0.854932138,1.508443254
1734523613.648765802,1,16.080936412,-0.316263291,1.505269834
1734523613.648765802,2,-0.151813129,20.937873803,1.505343701
1734523613.648765802,3,0.743491987,-21.583608583,1.505335377
1734523613.648765802,4,-5.610222573,-1.856833129,1.505166346
1734523613.648765802,5,4.212462515,21.634860250,1.505069784
1734523613.648765802,6,3.346013972,-13.264823021,1.505219588
1734523613.648765802,7,-3.963374730,17.345836358,1.505038270
1734523613.648765802,8,3.599749979,-17.245180039,1.505425992
1734523613.648765802,9,-28.469058758,-11.642056803,1.505158333
1734523613.708765745,0,10.163769928,-0.854932138,1.508443254
1734523613.708765745,1,16.080936412,-0.316263291,1.505269834
1734523613.708765745,2,-0.151813129,20.937873803,1.505343701
1734523613.708765745,3,0.743491987,-21.583608583,1.505335377
1734523613.708765745,4,-5.610222573,-1.856833129,1.505166346
1734523613.708765745,5,4.212462515,21.634860250,1.505069784
1734523613.708765745,6,3.346013972,-13.264823021,1.505219588
1734523613.708765745,7,-3.963374730,17.345836358,1.505038270
1734523613.708765745,8,3.599749979,-17.245180039,1.505425992
1734523613.708765745,9,-28.469058758,-11.642056803,1.505158333
1734523613.768765688,0,10.163769928,-0.854932138,1.508443254
1734523613.768765688,1,16.080936412,-0.316263291,1.505269834
1734523613.768765688,2,-0.151813129,20.937873803,1.505343701
1734523613.768765688,3,0.743491987,-21.583608583,1.505335377
1734523613.768765688,4,-5.610222573,-1.856833129,1.505166346
1734523613.768765688,5,4.212462515,21.634860250,1.505069784
1734523613.768765688,6,3.346013972,-13.264823021,1.505219588
1734523613.768765688,7,-3.963374730,17.345836358,1.505038270
1734523613.768765688,8,3.599749979,-17.245180039,1.505425992
1734523613.768765688,9,-28.469058758,-11.642056803,1.505158333
1734523613.838765860,0,10.163769928,-0.854932138,1.508443254
1734523613.838765860,1,16.080936412,-0.316263291,1.505269834
1734523613.838765860,2,-0.151813129,20.937873803,1.505343701
1734523613.838765860,3,0.743491987,-21.583608583,1.505335377
1734523613.838765860,4,-5.610222573,-1.856833129,1.505166346
1734523613.838765860,5,4.212462515,21.634860250,1.505069784
1734523613.838765860,6,3.346013972,-13.264823021,1.505219588
1734523613.838765860,7,-3.963374730,17.345836358,1.505038270
1734523613.838765860,8,3.599749979,-17.245180039,1.505425992
1734523613.838765860,9,-28.469058758,-11.642056803,1.505158333
1734523613.898765802,0,10.163769928,-0.854932138,1.508443254
1734523613.898765802,1,16.080936412,-0.316263291,1.505269834
1734523613.898765802,2,-0.151813129,20.937873803,1.505343701
1734523613.898765802,3,0.743491987,-21.583608583,1.505335377
1734523613.898765802,4,-5.610222573,-1.856833129,1.505166346
1734523613.898765802,5,4.212462515,21.634860250,1.505069784
1734523613.898765802,6,3.346013972,-13.264823021,1.505219588
1734523613.898765802,7,-3.963374730,17.345836358,1.505038270
1734523613.898765802,8,3.599749979,-17.245180039,1.505425992
1734523613.898765802,9,-28.469058758,-11.642056803,1.505158333
1734523613.958765745,0,10.163769928,-0.854932138,1.508443254
1734523613.958765745,1,16.080936412,-0.316263291,1.505269834
1734523613.958765745,2,-0.151813129,20.937873803,1.505343701
1734523613.958765745,3,0.743491987,-21.583608583,1.505335377
1734523613.958765745,4,-5.610222573,-1.856833129,1.505166346
1734523613.958765745,5,4.212462515,21.634860250,1.505069784
1734523613.958765745,6,3.346013972,-13.264823021,1.505219588
1734523613.958765745,7,-3.963374730,17.345836358,1.505038270
1734523613.958765745,8,3.599749979,-17.245180039,1.505425992
1734523613.958765745,9,-28.469058758,-11.642056803,1.505158333
1734523614.018765688,0,10.163769928,-0.854932138,1.508443254
1734523614.018765688,1,16.080936412,-0.316263291,1.505269834
1734523614.018765688,2,-0.151813129,20.937873803,1.505343701
1734523614.018765688,3,0.743491987,-21.583608583,1.505335377
1734523614.018765688,4,-5.610222573,-1.856833129,1.505166346
1734523614.018765688,5,4.212462515,21.634860250,1.505069784
1734523614.018765688,6,3.346013972,-13.264823021,1.505219588
1734523614.018765688,7,-3.963374730,17.345836358,1.505038270
1734523614.018765688,8,3.599749979,-17.245180039,1.505425992
1734523614.018765688,9,-28.469058758,-11.642056803,1.505158333
1734523614.088765860,0,10.163769928,-0.854932138,1.508443254
1734523614.088765860,1,16.080936412,-0.316263291,1.505269834
1734523614.088765860,2,-0.151813129,20.937873803,1.505343701
1734523614.088765860,3,0.743491987,-21.583608583,1.505335377
1734523614.088765860,4,-5.610222573,-1.856833129,1.505166346
1734523614.088765860,5,4.212462515,21.634860250,1.505069784
1734523614.088765860,6,3.346013972,-13.264823021,1.505219588
1734523614.088765860,7,-3.963374730,17.345836358,1.505038270
1734523614.088765860,8,3.599749979,-17.245180039,1.505425992
1734523614.088765860,9,-28.469058758,-11.642056803,1.505158333
1734523614.148765802,0,10.163769928,-0.854932138,1.508443254
1734523614.148765802,1,16.080936412,-0.316263291,1.505269834
1734523614.148765802,2,-0.151813129,20.937873803,1.505343701
1734523614.148765802,3,0.743491987,-21.583608583,1.505335377
1734523614.148765802,4,-5.610222573,-1.856833129,1.505166346
1734523614.148765802,5,4.212462515,21.634860250,1.505069784
1734523614.148765802,6,3.346013972,-13.264823021,1.505219588
1734523614.148765802,7,-3.963374730,17.345836358,1.505038270
1734523614.148765802,8,3.599749979,-17.245180039,1.505425992
1734523614.148765802,9,-28.469058758,-11.642056803,1.505158333
1734523614.208765745,0,10.163769928,-0.854932138,1.508443254
1734523614.208765745,1,16.080936412,-0.316263291,1.505269834
1734523614.208765745,2,-0.151813129,20.937873803,1.505343701
1734523614.208765745,3,0.743491987,-21.583608583,1.505335377
1734523614.208765745,4,-5.610222573,-1.856833129,1.505166346
1734523614.208765745,5,4.212462515,21.634860250,1.505069784
1734523614.208765745,6,3.346013972,-13.264823021,1.505219588
1734523614.208765745,7,-3.963374730,17.345836358,1.505038270
1734523614.208765745,8,3.599749979,-17.245180039,1.505425992
1734523614.208765745,9,-28.469058758,-11.642056803,1.505158333
1734523614.278765678,0,10.711304869,-0.907987162,1.506326996
1734523614.278765678,1,16.518792869,-0.329743814,1.505264988
1734523614.278765678,2,-0.172230466,21.537083473,1.505307993
1734523614.278765678,3,0.780060495,-22.170704406,1.505194899
1734523614.278765678,4,-5.694896645,-1.951454154,1.505175272
1734523614.278765678,5,4.226567495,22.234632495,1.505081724
1734523614.278765678,6,3.694741774,-13.703291405,1.505269798
1734523614.278765678,7,-3.966106892,18.004895814,1.505056373
1734523614.278765678,8,3.585314309,-17.851479452,1.505359394
1734523614.278765678,9,-29.169118053,-12.338778606,1.505114245
1734523614.338765860,0,10.711304869,-0.907987162,1.506326996
1734523614.338765860,1,16.518792869,-0.329743814,1.505264988
1734523614.338765860,2,-0.172230466,21.537083473,1.505307993
1734523614.338765860,3,0.780060495,-22.170704406,1.505194899
1734523614.338765860,4,-5.694896645,-1.951454154,1.505175272
1734523614.338765860,5,4.226567495,22.234632495,1.505081724
1734523614.338765860,6,3.694741774,-13.703291405,1.505269798
1734523614.338765860,7,-3.966106892,18.004895814,1.505056373
1734523614.338765860,8,3.585314309,-17.851479452,1.505359394
1734523614.338765860,9,-29.169118053,-12.338778606,1.505114245
1734523614.398765802,0,10.711304869,-0.907987162,1.506326996
1734523614.398765802,1,16.518792869,-0.329743814,1.505264988
1734523614.398765802,2,-0.172230466,21.537083473,1.505307993
1734523614.398765802,3,0.780060495,-22.170704406,1.505194899
1734523614.398765802,4,-5.694896645,-1.951454154,1.505175272
1734523614.398765802,5,4.226567495,22.234632495,1.505081724
1734523614.398765802,6,3.694741774,-13.703291405,1.505269798
1734523614.398765802,7,-3.966106892,18.004895814,1.505056373
1734523614.398765802,8,3.585314309,-17.851479452,1.505359394
1734523614.398765802,9,-29.169118053,-12.338778606,1.505114245
1734523614.468765736,0,10.711304869,-0.907987162,1.506326996
1734523614.468765736,1,16.518792869,-0.329743814,1.505264988
1734523614.468765736,2,-0.172230466,21.537083473,1.505307993
1734523614.468765736,3,0.780060495,-22.170704406,1.505194899
1734523614.468765736,4,-5.694896645,-1.951454154,1.505175272
1734523614.468765736,5,4.226567495,22.234632495,1.505081724
1734523614.468765736,6,3.694741774,-13.703291405,1.505269798
1734523614.468765736,7,-3.966106892,18.004895814,1.505056373
1734523614.468765736,8,3.585314309,-17.851479452,1.505359394
1734523614.468765736,9,-29.169118053,-12.338778606,1.505114245
1734523614.528765678,0,10.711304869,-0.907987162,1.506326996
1734523614.528765678,1,16.518792869,-0.329743814,1.505264988
1734523614.528765678,2,-0.172230466,21.537083473,1.505307993
1734523614.528765678,3,0.780060495,-22.170704406,1.505194899
1734523614.528765678,4,-5.694896645,-1.951454154,1.505175272
1734523614.528765678,5,4.226567495,22.234632495,1.505081724
1734523614.528765678,6,3.694741774,-13.703291405,1.505269798
1734523614.528765678,7,-3.966106892,18.004895814,1.505056373
1734523614.528765678,8,3.585314309,-17.851479452,1.505359394
1734523614.528765678,9,-29.169118053,-12.338778606,1.505114245
1734523614.588765860,0,10.711304869,-0.907987162,1.506326996
1734523614.588765860,1,16.518792869,-0.329743814,1.505264988
1734523614.588765860,2,-0.172230466,21.537083473,1.505307993
1734523614.588765860,3,0.780060495,-22.170704406,1.505194899
1734523614.588765860,4,-5.694896645,-1.951454154,1.505175272
1734523614.588765860,5,4.226567495,22.234632495,1.505081724
1734523614.588765860,6,3.694741774,-13.703291405,1.505269798
1734523614.588765860,7,-3.966106892,18.004895814,1.505056373
1734523614.588765860,8,3.585314309,-17.851479452,1.505359394
1734523614.588765860,9,-29.169118053,-12.338778606,1.505114245
1734523614.658765793,0,10.711304869,-0.907987162,1.506326996
1734523614.658765793,1,16.518792869,-0.329743814,1.505264988
1734523614.658765793,2,-0.172230466,21.537083473,1.505307993
1734523614.658765793,3,0.780060495,-22.170704406,1.505194899
1734523614.658765793,4,-5.694896645,-1.951454154,1.505175272
1734523614.658765793,5,4.226567495,22.234632495,1.505081724
1734523614.658765793,6,3.694741774,-13.703291405,1.505269798
1734523614.658765793,7,-3.966106892,18.004895814,1.505056373
1734523614.658765793,8,3.585314309,-17.851479452,1.505359394
1734523614.658765793,9,-29.169118053,-12.338778606,1.505114245
1734523614.718765736,0,10.711304869,-0.907987162,1.506326996
1734523614.718765736,1,16.518792869,-0.329743814,1.505264988
1734523614.718765736,2,-0.172230466,21.537083473,1.505307993
1734523614.718765736,3,0.780060495,-22.170704406,1.505194899
1734523614.718765736,4,-5.694896645,-1.951454154,1.505175272
1734523614.718765736,5,4.226567495,22.234632495,1.505081724
1734523614.718765736,6,3.694741774,-13.703291405,1.505269798
1734523614.718765736,7,-3.966106892,18.004895814,1.505056373
1734523614.718765736,8,3.585314309,-17.851479452,1.505359394
1734523614.718765736,9,-29.169118053,-12.338778606,1.505114245
1734523614.778765678,0,10.711304869,-0.907987162,1.506326996
1734523614.778765678,1,16.518792869,-0.329743814,1.505264988
1734523614.778765678,2,-0.172230466,21.537083473,1.505307993
1734523614.778765678,3,0.780060495,-22.170704406,1.505194899
1734523614.778765678,4,-5.694896645,-1.951454154,1.505175272
1734523614.778765678,5,4.226567495,22.234632495,1.505081724
1734523614.778765678,6,3.694741774,-13.703291405,1.505269798
1734523614.778765678,7,-3.966106892,18.004895814,1.505056373
1734523614.778765678,8,3.585314309,-17.851479452,1.505359394
1734523614.778765678,9,-29.169118053,-12.338778606,1.505114245
1734523614.848765850,0,10.711304869,-0.907987162,1.506326996
1734523614.848765850,1,16.518792869,-0.329743814,1.505264988
1734523614.848765850,2,-0.172230466,21.537083473,1.505307993
1734523614.848765850,3,0.780060495,-22.170704406,1.505194899
1734523614.848765850,4,-5.694896645,-1.951454154,1.505175272
1734523614.848765850,5,4.226567495,22.234632495,1.505081724
1734523614.848765850,6,3.694741774,-13.703291405,1.505269798
1734523614.848765850,7,-3.966106892,18.004895814,1.505056373
1734523614.848765850,8,3.585314309,-17.851479452,1.505359394
1734523614.848765850,9,-29.169118053,-12.338778606,1.505114245
1734523614.908765793,0,11.304847581,-0.955909345,1.504830541
1734523614.908765793,1,17.005518540,-0.342618976,1.505288254
1734523614.908765793,2,-0.193117997,22.126495771,1.505297041
1734523614.908765793,3,0.813321877,-22.835043545,1.505581125
1734523614.908765793,4,-5.784746166,-2.051150072,1.505185456
1734523614.908765793,5,4.243210045,22.885211746,1.505095327
1734523614.908765793,6,4.072136132,-14.177702718,1.505345936
1734523614.908765793,7,-3.968603041,18.537139958,1.505066010
1734523614.908765793,8,3.567327561,-18.491945258,1.505254184
1734523614.908765793,9,-29.718669863,-12.891059868,1.505119054
1734523614.978765726,0,11.304847581,-0.955909345,1.504830541
1734523614.978765726,1,17.005518540,-0.342618976,1.505288254
1734523614.978765726,2,-0.193117997,22.126495771,1.505297041
1734523614.978765726,3,0.813321877,-22.835043545,1.505581125
1734523614.978765726,4,-5.793318798,-2.060610520,1.505188177
1734523614.978765726,5,4.243210045,22.885211746,1.505095327
1734523614.978765726,6,4.072136132,-14.177702718,1.505345936
1734523614.978765726,7,-3.968603041,18.537139958,1.505066010
1734523614.978765726,8,3.567327561,-18.491945258,1.505254184
1734523614.978765726,9,-29.718669863,-12.891059868,1.505119054
1734523615.048765659,0,11.304847581,-0.955909345,1.504830541
1734523615.048765659,1,17.005518540,-0.342618976,1.505288254
1734523615.048765659,2,-0.198170458,22.287065266,1.505309761
1734523615.048765659,3,0.813321877,-22.835043545,1.505581125
1734523615.048765659,4,-5.793318798,-2.060610520,1.505188177
1734523615.048765659,5,4.243210045,22.885211746,1.505095327
1734523615.048765659,6,4.072136132,-14.177702718,1.505345936
1734523615.048765659,7,-3.968603041,18.537139958,1.505066010
1734523615.048765659,8,3.567327561,-18.491945258,1.505254184
1734523615.048765659,9,-29.718669863,-12.891059868,1.505119054
1734523615.108765841,0,11.304847581,-0.955909345,1.504830541
1734523615.108765841,1,17.005518540,-0.342618976,1.505288254
1734523615.108765841,2,-0.198170458,22.287065266,1.505309761
1734523615.108765841,3,0.813321877,-22.835043545,1.505581125
1734523615.108765841,4,-5.793318798,-2.060610520,1.505188177
1734523615.108765841,5,4.243210045,22.885211746,1.505095327
1734523615.108765841,6,4.072136132,-14.177702718,1.505345936
1734523615.108765841,7,-3.968603041,18.537139958,1.505066010
1734523615.108765841,8,3.567327561,-18.491945258,1.505254184
1734523615.108765841,9,-29.718669863,-12.891059868,1.505119054
1734523615.168765783,0,11.304847581,-0.955909345,1.504830541
1734523615.168765783,1,17.005518540,-0.342618976,1.505288254
1734523615.168765783,2,-0.198170458,22.287065266,1.505309761
1734523615.168765783,3,0.813321877,-22.835043545,1.505581125
1734523615.168765783,4,-5.793318798,-2.060610520,1.505188177
1734523615.168765783,5,4.243210045,22.885211746,1.505095327
1734523615.168765783,6,4.072136132,-14.177702718,1.505345936
1734523615.168765783,7,-3.968603041,18.537139958,1.505066010
1734523615.168765783,8,3.567327561,-18.491945258,1.505254184
1734523615.168765783,9,-29.718669863,-12.891059868,1.505119054
1734523615.228765726,0,11.304847581,-0.955909345,1.504830541
1734523615.228765726,1,17.005518540,-0.342618976,1.505288254
1734523615.228765726,2,-0.198170458,22.287065266,1.505309761
1734523615.228765726,3,0.813321877,-22.835043545,1.505581125
1734523615.228765726,4,-5.793318798,-2.060610520,1.505188177
1734523615.228765726,5,4.243210045,22.885211746,1.505095327
1734523615.228765726,6,4.072136132,-14.177702718,1.505345936
1734523615.228765726,7,-3.968603041,18.537139958,1.505066010
1734523615.228765726,8,3.567327561,-18.491945258,1.505254184
1734523615.228765726,9,-29.718669863,-12.891059868,1.505119054
1734523615.298765659,0,11.304847581,-0.955909345,1.504830541
1734523615.298765659,1,17.005518540,-0.342618976,1.505288254
1734523615.298765659,2,-0.198170458,22.287065266,1.505309761
1734523615.298765659,3,0.813321877,-22.835043545,1.505581125
1734523615.298765659,4,-5.793318798,-2.060610520,1.505188177
1734523615.298765659,5,4.243210045,22.885211746,1.505095327
1734523615.298765659,6,4.072136132,-14.177702718,1.505345936
1734523615.298765659,7,-3.968603041,18.537139958,1.505066010
1734523615.298765659,8,3.567327561,-18.491945258,1.505254184
1734523615.298765659,9,-29.718669863,-12.891059868,1.505119054
1734523615.358765841,0,11.304847581,-0.955909345,1.504830541
1734523615.358765841,1,17.005518540,-0.342618976,1.505288254
1734523615.358765841,2,-0.198170458,22.287065266,1.505309761
1734523615.358765841,3,0.813321877,-22.835043545,1.505581125
1734523615.358765841,4,-5.793318798,-2.060610520,1.505188177
1734523615.358765841,5,4.243210045,22.885211746,1.505095327
1734523615.358765841,6,4.072136132,-14.177702718,1.505345936
1734523615.358765841,7,-3.968603041,18.537139958,1.505066010
1734523615.358765841,8,3.567327561,-18.491945258,1.505254184
1734523615.358765841,9,-29.718669863,-12.891059868,1.505119054
1734523615.418765783,0,11.304847581,-0.955909345,1.504830541
1734523615.418765783,1,17.005518540,-0.342618976,1.505288254
1734523615.418765783,2,-0.198170458,22.287065266,1.505309761
1734523615.418765783,3,0.813321877,-22.835043545,1.505581125
1734523615.418765783,4,-5.793318798,-2.060610520,1.505188177
1734523615.418765783,5,4.243210045,22.885211746,1.505095327
1734523615.418765783,6,4.072136132,-14.177702718,1.505345936
1734523615.418765783,7,-3.968603041,18.537139958,1.505066010
1734523615.418765783,8,3.567327561,-18.491945258,1.505254184
1734523615.418765783,9,-29.718669863,-12.891059868,1.505119054
1734523615.478765726,0,11.304847581,-0.955909345,1.504830541
1734523615.478765726,1,17.005518540,-0.342618976,1.505288254
1734523615.478765726,2,-0.198170458,22.287065266,1.505309761
1734523615.478765726,3,0.813321877,-22.835043545,1.505581125
1734523615.478765726,4,-5.793318798,-2.060610520,1.505188177
1734523615.478765726,5,4.243210045,22.885211746,1.505095327
1734523615.478765726,6,4.072136132,-14.177702718,1.505345936
1734523615.478765726,7,-3.968603041,18.537139958,1.505066010
1734523615.478765726,8,3.567327561,-18.491945258,1.505254184
1734523615.478765726,9,-29.718669863,-12.891059868,1.505119054
1734523615.538765669,0,11.847880114,-1.008810132,1.504627414
1734523615.538765669,1,17.463361929,-0.356772618,1.505270602
1734523615.538765669,2,-0.216416409,22.787270764,1.505246538
1734523615.538765669,3,0.852875299,-23.420572243,1.505389657
1734523615.538765669,4,-5.894494447,-2.173115062,1.505195736
1734523615.538765669,5,4.258224210,23.533465351,1.505113986
1734523615.538765669,6,4.443217854,-14.644285456,1.505377954
1734523615.538765669,7,-3.972374996,19.232884296,1.505054320
1734523615.538765669,8,3.551360209,-19.101669354,1.505239436
1734523615.538765669,9,-30.416674312,-13.586694492,1.505185314
1734523615.608765841,0,11.847880114,-1.008810132,1.504627414
1734523615.608765841,1,17.463361929,-0.356772618,1.505270602
1734523615.608765841,2,-0.219162037,22.826083456,1.505220175
1734523615.608765841,3,0.852875299,-23.420572243,1.505389657
1734523615.608765841,4,-5.894494447,-2.173115062,1.505195736
1734523615.608765841,5,4.258224210,23.533465351,1.505113986
1734523615.608765841,6,4.443217854,-14.644285456,1.505377954
1734523615.608765841,7,-3.972374996,19.232884296,1.505054320
1734523615.608765841,8,3.551360209,-19.101669354,1.505239436
1734523615.608765841,9,-30.416674312,-13.586694492,1.505185314
1734523615.668765783,0,11.847880114,-1.008810132,1.504627414
1734523615.668765783,1,17.463361929,-0.356772618,1.505270602
1734523615.668765783,2,-0.219162037,22.826083456,1.505220175
1734523615.668765783,3,0.852875299,-23.420572243,1.505389657
1734523615.668765783,4,-5.894494447,-2.173115062,1.505195736
1734523615.668765783,5,4.258224210,23.533465351,1.505113986
1734523615.668765783,6,4.443217854,-14.644285456,1.505377954
1734523615.668765783,7,-3.972374996,19.232884296,1.505054320
1734523615.668765783,8,3.551360209,-19.101669354,1.505239436
1734523615.668765783,9,-30.416674312,-13.586694492,1.505185314
1734523615.728765726,0,11.847880114,-1.008810132,1.504627414
1734523615.728765726,1,17.463361929,-0.356772618,1.505270602
1734523615.728765726,2,-0.219162037,22.826083456,1.505220175
1734523615.728765726,3,0.852875299,-23.420572243,1.505389657
1734523615.728765726,4,-5.894494447,-2.173115062,1.505195736
1734523615.728765726,5,4.258224210,23.533465351,1.505113986
1734523615.728765726,6,4.443217854,-14.644285456,1.505377954
1734523615.728765726,7,-3.972374996,19.232884296,1.505054320
1734523615.728765726,8,3.551360209,-19.101669354,1.505239436
1734523615.728765726,9,-30.416674312,-13.586694492,1.505185314
1734523615.788765669,0,11.847880114,-1.008810132,1.504627414
1734523615.788765669,1,17.463361929,-0.356772618,1.505270602
1734523615.788765669,2,-0.219162037,22.826083456,1.505220175
1734523615.788765669,3,0.852875299,-23.420572243,1.505389657
1734523615.788765669,4,-5.894494447,-2.173115062,1.505195736
1734523615.788765669,5,4.258224210,23.533465351,1.505113986
1734523615.788765669,6,4.443217854,-14.644285456,1.505377954
1734523615.788765669,7,-3.972374996,19.232884296,1.505054320
1734523615.788765669,8,3.551360209,-19.101669354,1.505239436
1734523615.788765669,9,-30.416674312,-13.586694492,1.505185314
1734523615.848765850,0,11.847880114,-1.008810132,1.504627414
1734523615.848765850,1,17.463361929,-0.356772618,1.505270602
1734523615.848765850,2,-0.219162037,22.826083456,1.505220175
1734523615.848765850,3,0.852875299,-23.420572243,1.505389657
1734523615.848765850,4,-5.894494447,-2.173115062,1.505195736
1734523615.848765850,5,4.258224210,23.533465351,1.505113986
1734523615.848765850,6,4.443217854,-14.644285456,1.505377954
1734523615.848765850,7,-3.972374996,19.232884296,1.505054320
1734523615.848765850,8,3.551360209,-19.101669354,1.505239436
1734523615.848765850,9,-30.416674312,-13.586694492,1.505185314
1734523615.908765793,0,11.847880114,-1.008810132,1.504627414
1734523615.908765793,1,17.463361929,-0.356772618,1.505270602
1734523615.908765793,2,-0.219162037,22.826083456,1.505220175
1734523615.908765793,3,0.852875299,-23.420572243,1.505389657
1734523615.908765793,4,-5.894494447,-2.173115062,1.505195736
1734523615.908765793,5,4.258224210,23.533465351,1.505113986
1734523615.908765793,6,4.443217854,-14.644285456,1.505377954
1734523615.908765793,7,-3.972374996,19.232884296,1.505054320
1734523615.908765793,8,3.551360209,-19.101669354,1.505239436
1734523615.908765793,9,-30.416674312,-13.586694492,1.505185314
1734523615.978765726,0,11.847880114,-1.008810132,1.504627414
1734523615.978765726,1,17.463361929,-0.356772618,1.505270602
1734523615.978765726,2,-0.219162037,22.826083456,1.505220175
1734523615.978765726,3,0.852875299,-23.420572243,1.505389657
1734523615.978765726,4,-5.894494447,-2.173115062,1.505195736
1734523615.978765726,5,4.258224210,23.533465351,1.505113986
1734523615.978765726,6,4.443217854,-14.644285456,1.505377954
1734523615.978765726,7,-3.972374996,19.232884296,1.505054320
1734523615.978765726,8,3.551360209,-19.101669354,1.505239436
1734523615.978765726,9,-30.416674312,-13.586694492,1.505185314
1734523616.038765669,0,11.847880114,-1.008810132,1.504627414
1734523616.038765669,1,17.463361929,-0.356772618,1.505270602
1734523616.038765669,2,-0.219162037,22.826083456,1.505220175
1734523616.038765669,3,0.852875299,-23.420572243,1.505389657
1734523616.038765669,4,-5.894494447,-2.173115062,1.505195736
1734523616.038765669,5,4.258224210,23.533465351,1.505113986
1734523616.038765669,6,4.443217854,-14.644285456,1.505377954
1734523616.038765669,7,-3.972374996,19.232884296,1.505054320
1734523616.038765669,8,3.551360209,-19.101669354,1.505239436
1734523616.038765669,9,-30.416674312,-13.586694492,1.505185314
1734523616.098765850,0,11.847880114,-1.008810132,1.504627414
1734523616.098765850,1,17.463361929,-0.356772618,1.505270602
1734523616.098765850,2,-0.219162037,22.826083456,1.505220175
1734523616.098765850,3,0.852875299,-23.420572243,1.505389657
1734523616.098765850,4,-5.894494447,-2.173115062,1.505195736
1734523616.098765850,5,4.258224210,23.533465351,1.505113986
1734523616.098765850,6,4.443217854,-14.644285456,1.505377954
1734523616.098765850,7,-3.972374996,19.232884296,1.505054320
1734523616.098765850,8,3.551360209,-19.101669354,1.505239436
1734523616.098765850,9,-30.416674312,-13.586694492,1.505185314
1734523616.158765793,0,12.484163066,-1.060734152,1.505433025
1734523616.158765793,1,17.973083656,-0.370771571,1.505288746
1734523616.158765793,2,-0.240648520,23.438671862,1.505246440
1734523616.158765793,3,0.888912086,-24.085152487,1.505130986
1734523616.158765793,4,-6.010514812,-2.301932718,1.505366017
1734523616.158765793,5,4.276165555,24.135340417,1.505125927
1734523616.158765793,6,4.845155520,-15.148698160,1.505427444
1734523616.158765793,7,-3.976420762,19.885169685,1.505063300
1734523616.158765793,8,3.530814918,-19.742073616,1.505607674
1734523616.158765793,9,-31.069520751,-14.237695550,1.505216789
1734523616.228765726,0,12.484163066,-1.060734152,1.505433025
1734523616.228765726,1,17.973083656,-0.370771571,1.505288746
1734523616.228765726,2,-0.240648520,23.438671862,1.505246440
1734523616.228765726,3,0.888912086,-24.085152487,1.505130986
1734523616.228765726,4,-6.021416482,-2.314081534,1.505382810
1734523616.228765726,5,4.276165555,24.135340417,1.505125927
1734523616.228765726,6,4.845155520,-15.148698160,1.505427444
1734523616.228765726,7,-3.976420762,19.885169685,1.505063300
1734523616.228765726,8,3.530814918,-19.742073616,1.505607674
1734523616.228765726,9,-31.069520751,-14.237695550,1.505216789
1734523616.288765669,0,12.484163066,-1.060734152,1.505433025
1734523616.288765669,1,17.973083656,-0.370771571,1.505288746
1734523616.288765669,2,-0.240648520,23.438671862,1.505246440
1734523616.288765669,3,0.888912086,-24.085152487,1.505130986
1734523616.288765669,4,-6.021416482,-2.314081534,1.505382810
1734523616.288765669,5,4.276165555,24.135340417,1.505125927
1734523616.288765669,6,4.845155520,-15.148698160,1.505427444
1734523616.288765669,7,-3.976420762,19.885169685,1.505063300
1734523616.288765669,8,3.530814918,-19.742073616,1.505607674
1734523616.288765669,9,-31.069520751,-14.237695550,1.505216789
1734523616.348765850,0,12.484163066,-1.060734152,1.505433025
1734523616.348765850,1,17.973083656,-0.370771571,1.505288746
1734523616.348765850,2,-0.240648520,23.438671862,1.505246440
1734523616.348765850,3,0.888912086,-24.085152487,1.505130986
1734523616.348765850,4,-6.021416482,-2.314081534,1.505382810
1734523616.348765850,5,4.276165555,24.135340417,1.505125927
1734523616.348765850,6,4.845155520,-15.148698160,1.505427444
1734523616.348765850,7,-3.976420762,19.885169685,1.505063300
1734523616.348765850,8,3.530814918,-19.742073616,1.505607674
1734523616.348765850,9,-31.069520751,-14.237695550,1.505216789
1734523616.408765793,0,12.484163066,-1.060734152,1.505433025
1734523616.408765793,1,17.973083656,-0.370771571,1.505288746
1734523616.408765793,2,-0.240648520,23.438671862,1.505246440
1734523616.408765793,3,0.888912086,-24.085152487,1.505130986
1734523616.408765793,4,-6.021416482,-2.314081534,1.505382810
1734523616.408765793,5,4.276165555,24.135340417,1.505125927
1734523616.408765793,6,4.845155520,-15.148698160,1.505427444
1734523616.408765793,7,-3.976420762,19.885169685,1.505063300
1734523616.408765793,8,3.530814918,-19.742073616,1.505607674
1734523616.408765793,9,-31.069520751,-14.237695550,1.505216789
1734523616.468765736,0,12.484163066,-1.060734152,1.505433025
1734523616.468765736,1,17.973083656,-0.370771571,1.505288746
1734523616.468765736,2,-0.240648520,23.438671862,1.505246440
1734523616.468765736,3,0.888912086,-24.085152487,1.505130986
1734523616.468765736,4,-6.021416482,-2.314081534,1.505382810
1734523616.468765736,5,4.276165555,24.135340417,1.505125927
1734523616.468765736,6,4.845155520,-15.148698160,1.505427444
1734523616.468765736,7,-3.976420762,19.885169685,1.505063300
1734523616.468765736,8,3.530814918,-19.742073616,1.505607674
1734523616.468765736,9,-31.069520751,-14.237695550,1.505216789
1734523616.528765678,0,12.484163066,-1.060734152,1.505433025
1734523616.528765678,1,17.973083656,-0.370771571,1.505288746
1734523616.528765678,2,-0.240648520,23.438671862,1.505246440
1734523616.528765678,3,0.888912086,-24.085152487,1.505130986
1734523616.528765678,4,-6.021416482,-2.314081534,1.505382810
1734523616.528765678,5,4.276165555,24.135340417,1.505125927
1734523616.528765678,6,4.845155520,-15.148698160,1.505427444
1734523616.528765678,7,-3.976420762,19.885169685,1.505063300
1734523616.528765678,8,3.530814918,-19.742073616,1.505607674
1734523616.528765678,9,-31.069520751,-14.237695550,1.505216789
1734523616.588765860,0,12.484163066,-1.060734152,1.505433025
1734523616.588765860,1,17.973083656,-0.370771571,1.505288746
1734523616.588765860,2,-0.240648520,23.438671862,1.505246440
1734523616.588765860,3,0.888912086,-24.085152487,1.505130986
1734523616.588765860,4,-6.021416482,-2.314081534,1.505382810
1734523616.588765860,5,4.276165555,24.135340417,1.505125927
1734523616.588765860,6,4.845155520,-15.148698160,1.505427444
1734523616.588765860,7,-3.976420762,19.885169685,1.505063300
1734523616.588765860,8,3.530814918,-19.742073616,1.505607674
1734523616.588765860,9,-31.069520751,-14.237695550,1.505216789
1734523616.658765793,0,12.484163066,-1.060734152,1.505433025
1734523616.658765793,1,17.973083656,-0.370771571,1.505288746
1734523616.658765793,2,-0.240648520,23.438671862,1.505246440
1734523616.658765793,3,0.888912086,-24.085152487,1.505130986
1734523616.658765793,4,-6.021416482,-2.314081534,1.505382810
1734523616.658765793,5,4.276165555,24.135340417,1.505125927
1734523616.658765793,6,4.845155520,-15.148698160,1.505427444
1734523616.658765793,7,-3.976420762,19.885169685,1.505063300
1734523616.658765793,8,3.530814918,-19.742073616,1.505607674
1734523616.658765793,9,-31.069520751,-14.237695550,1.505216789
1734523616.718765736,0,12.484163066,-1.060734152,1.505433025
1734523616.718765736,1,17.973083656,-0.370771571,1.505288746
1734523616.718765736,2,-0.240648520,23.438671862,1.505246440
1734523616.718765736,3,0.888912086,-24.085152487,1.505130986
1734523616.718765736,4,-6.021416482,-2.314081534,1.505382810
1734523616.718765736,5,4.276165555,24.135340417,1.505125927
1734523616.718765736,6,4.845155520,-15.148698160,1.505427444
1734523616.718765736,7,-3.976420762,19.885169685,1.505063300
1734523616.718765736,8,3.530814918,-19.742073616,1.505607674
1734523616.718765736,9,-31.069520751,-14.237695550,1.505216789
1734523616.778765678,0,13.065961685,-1.117106251,1.505727761
1734523616.778765678,1,18.454536108,-0.383868233,1.505282723
1734523616.778765678,2,-0.270152323,24.076206362,1.505254357
1734523616.778765678,3,0.930390947,-24.671245460,1.505071074
1734523616.778765678,4,-6.128948279,-2.433452991,1.505500034
1734523616.778765678,5,4.292216292,24.783601865,1.505129662
1734523616.778765678,6,5.241016130,-15.646118900,1.505427224
1734523616.778765678,7,-3.979987396,20.383608698,1.505153754
1734523616.778765678,8,3.513369384,-20.351742509,1.505394512
1734523616.778765678,9,-31.569523157,-14.737917045,1.505208320
1734523616.848765850,0,13.065961685,-1.117106251,1.505727761
1734523616.848765850,1,18.454536108,-0.383868233,1.505282723
1734523616.848765850,2,-0.270152323,24.076206362,1.505254357
1734523616.848765850,3,0.930390947,-24.671245460,1.505071074
1734523616.848765850,4,-6.128948279,-2.433452991,1.505500034
1734523616.848765850,5,4.292216292,24.783601865,1.505129662
1734523616.848765850,6,5.241016130,-15.646118900,1.505427224
1734523616.848765850,7,-3.979987396,20.383608698,1.505153754
1734523616.848765850,8,3.513369384,-20.351742509,1.505394512
1734523616.848765850,9,-31.569523157,-14.737917045,1.505208320
1734523616.908765793,0,13.065961685,-1.117106251,1.505727761
1734523616.908765793,1,18.454536108,-0.383868233,1.505282723
1734523616.908765793,2,-0.270152323,24.076206362,1.505254357
1734523616.908765793,3,0.930390947,-24.671245460,1.505071074
1734523616.908765793,4,-6.128948279,-2.433452991,1.505500034
1734523616.908765793,5,4.292216292,24.783601865,1.505129662
1734523616.908765793,6,5.241016130,-15.646118900,1.505427224
1734523616.908765793,7,-3.979987396,20.383608698,1.505153754
1734523616.908765793,8,3.513369384,-20.351742509,1.505394512
1734523616.908765793,9,-31.569523157,-14.737917045,1.505208320
1734523616.968765736,0,13.065961685,-1.117106251,1.505727761
1734523616.968765736,1,18.454536108,-0.383868233,1.505282723
1734523616.968765736,2,-0.270152323,24.076206362,1.505254357
1734523616.968765736,3,0.930390947,-24.671245460,1.505071074
1734523616.968765736,4,-6.128948279,-2.433452991,1.505500034
1734523616.968765736,5,4.292216292,24.783601865,1.505129662
1734523616.968765736,6,5.241016130,-15.646118900,1.505427224
1734523616.968765736,7,-3.979987396,20.383608698,1.505153754
1734523616.968765736,8,3.513369384,-20.351742509,1.505394512
1734523616.968765736,9,-31.569523157,-14.737917045,1.505208320
1734523617.028765678,0,13.065961685,-1.117106251,1.505727761
1734523617.028765678,1,18.454536108,-0.383868233,1.505282723
1734523617.028765678,2,-0.270152323,24.076206362,1.505254357
1734523617.028765678,3,0.930390947,-24.671245460,1.505071074
1734523617.028765678,4,-6.128948279,-2.433452991,1.505500034
1734523617.028765678,5,4.292216292,24.783601865,1.505129662
1734523617.028765678,6,5.241016130,-15.646118900,1.505427224
1734523617.028765678,7,-3.979987396,20.383608698,1.505153754
1734523617.028765678,8,3.513369384,-20.351742509,1.505394512
1734523617.028765678,9,-31.569523157,-14.737917045,1.505208320
1734523617.088765860,0,13.065961685,-1.117106251,1.505727761
1734523617.088765860,1,18.454536108,-0.383868233,1.505282723
1734523617.088765860,2,-0.270152323,24.076206362,1.505254357
1734523617.088765860,3,0.930390947,-24.671245460,1.505071074
1734523617.088765860,4,-6.128948279,-2.433452991,1.505500034
1734523617.088765860,5,4.292216292,24.783601865,1.505129662
1734523617.088765860,6,5.241016130,-15.646118900,1.505427224
1734523617.088765860,7,-3.979987396,20.383608698,1.505153754
1734523617.088765860,8,3.513369384,-20.351742509,1.505394512
1734523617.088765860,9,-31.569523157,-14.737917045,1.505208320
1734523617.148765802,0,13.065961685,-1.117106251,1.505727761
1734523617.148765802,1,18.454536108,-0.383868233,1.505282723
1734523617.148765802,2,-0.270152323,24.076206362,1.505254357
1734523617.148765802,3,0.930390947,-24.671245460,1.505071074
1734523617.148765802,4,-6.128948279,-2.433452991,1.505500034
1734523617.148765802,5,4.292216292,24.783601865,1.505129662
1734523617.148765802,6,5.241016130,-15.646118900,1.505427224
1734523617.148765802,7,-3.979987396,20.383608698,1.505153754
1734523617.148765802,8,3.513369384,-20.351742509,1.505394512
1734523617.148765802,9,-31.569523157,-14.737917045,1.505208320
1734523617.208765745,0,13.065961685,-1.117106251,1.505727761
1734523617.208765745,1,18.454536108,-0.383868233,1.505282723
1734523617.208765745,2,-0.270152323,24.076206362,1.505254357
1734523617.208765745,3,0.930390947,-24.671245460,1.505071074
1734523617.208765745,4,-6.128948279,-2.433452991,1.505500034
1734523617.208765745,5,4.292216292,24.783601865,1.505129662
1734523617.208765745,6,5.241016130,-15.646118900,1.505427224
1734523617.208765745,7,-3.979987396,20.383608698,1.505153754
1734523617.208765745,8,3.513369384,-20.351742509,1.505394512
1734523617.208765745,9,-31.569523157,-14.737917045,1.505208320
1734523617.268765688,0,13.065961685,-1.117106251,1.505727761
1734523617.268765688,1,18.454536108,-0.383868233,1.505282723
1734523617.268765688,2,-0.270152323,24.076206362,1.505254357
1734523617.268765688,3,0.930390947,-24.671245460,1.505071074
1734523617.268765688,4,-6.128948279,-2.433452991,1.505500034
1734523617.268765688,5,4.292216292,24.783601865,1.505129662
1734523617.268765688,6,5.241016130,-15.646118900,1.505427224
1734523617.268765688,7,-3.979987396,20.383608698,1.505153754
1734523617.268765688,8,3.513369384,-20.351742509,1.505394512
1734523617.268765688,9,-31.569523157,-14.737917045,1.505208320
