timestamp,obsv_id,target_id,x,y,z
1734523533.478765726,0,1,7.497246916,0.184892750,-0.084281402
1734523533.478765726,0,2,0.159680726,3.721999979,0.180262098
1734523533.478765726,0,3,-0.200533384,-3.818579681,-0.112943714
1734523533.478765726,0,4,-7.488865256,-0.289087599,-0.288661642
1734523533.478765726,0,5,3.839811678,3.842020472,0.021596877
1734523533.478765726,0,6,-4.081117266,-4.094826334,0.010152197
1734523533.478765726,0,7,-4.125913003,4.116988563,0.031074834
1734523533.478765726,0,8,4.215305534,-4.189870328,0.005739808
1734523533.478765726,0,9,-8.653399709,-0.010881935,-0.026272533
1734523533.538765669,1,0,-3.815619974,-0.011057093,0.067867397
1734523533.538765669,1,2,-4.192387031,4.163144936,-0.002603864
1734523533.538765669,1,3,-4.029122524,-3.989477811,-0.002878318
1734523533.538765669,1,4,-7.265306663,-0.156370108,0.106322116
1734523533.538765669,1,5,0.197762226,4.050603086,-0.150584373
1734523533.538765669,1,6,-7.943568951,-4.016819011,0.062915964
1734523533.538765669,1,7,-7.953634823,4.011597897,0.054253113
1734523533.538765669,1,8,0.118427884,-3.710484492,-0.094185338
1734523533.538765669,1,9,-7.493723806,-0.114682990,0.284519461
1734523533.608765841,2,0,-0.151546639,-4.367197713,0.168423507
1734523533.608765841,2,1,4.083178083,-4.119905933,0.009330919
1734523533.608765841,2,3,-0.011130251,-8.621146701,0.122398465
1734523533.608765841,2,4,-3.317088057,-3.701642263,0.044729819
1734523533.608765841,2,5,4.329214407,0.104987037,0.004973575
1734523533.608765841,2,6,-3.766223967,-7.431700807,-0.034103721
1734523533.608765841,2,7,-4.290672107,0.256570128,0.059219036
1734523533.608765841,2,8,4.438520112,-8.838706024,0.010672965
1734523533.608765841,2,9,-7.993708043,-3.994624890,-0.026668820
1734523533.668765783,3,0,-0.028809436,4.071366636,0.172005399
1734523533.668765783,3,1,4.012108424,3.968026110,-0.192407875
1734523533.668765783,3,2,0.049284261,8.351400634,-0.028546920
1734523533.668765783,3,4,-4.214461698,4.231145151,0.010126761
1734523533.668765783,3,5,3.696368003,7.384715263,0.000185966
1734523533.668765783,3,6,-4.515419141,0.155474098,0.054805643
1734523533.668765783,3,7,-3.974633660,8.000038525,0.048009388
1734523533.668765783,3,8,3.915862824,-0.184064295,0.033773689
1734523533.668765783,3,9,-7.302062686,3.634766055,-0.006888693
1734523533.738765717,4,0,4.093886489,0.064125972,-0.062983135
1734523533.738765717,4,1,8.378896999,-0.019264039,-0.054985360
1734523533.738765717,4,2,4.112056057,4.082430593,0.016310243
1734523533.738765717,4,3,3.900918194,-3.938201657,-0.012788573
1734523533.738765717,4,5,8.740921670,4.426750776,-0.044443113
1734523533.738765717,4,6,-0.202499158,-4.228471328,-0.070180743
1734523533.738765717,4,7,-0.129966219,4.367068208,-0.189980515
1734523533.738765717,4,8,8.198137472,-4.123248969,0.005770396
1734523533.738765717,4,9,-4.084448445,-0.280236204,-0.024587191
1734523533.798765659,5,0,-4.291705821,-4.226718712,-0.006109610
1734523533.798765659,5,1,-0.091150151,-4.206041195,0.187083837
1734523533.798765659,5,2,-3.769674670,-0.147396636,0.078258783
1734523533.798765659,5,3,-3.878475078,-7.817990557,0.037914153
1734523533.798765659,5,4,-8.018454612,-3.950853687,0.035586905
1734523533.798765659,5,6,-7.964776589,-7.705986870,0.117975919
1734523533.798765659,5,7,-7.642449734,-0.102015553,0.265662974
1734523533.798765659,5,8,-0.206803922,-8.644737893,0.129379800
1734523533.798765659,5,9,-7.029885615,-2.613348052,0.033469337
1734523533.868765831,6,0,4.039944103,4.042629242,-0.013052186
1734523533.868765831,6,1,8.017754826,4.039035366,0.035488028
1734523533.868765831,6,2,3.918870618,7.875877736,-0.003548308
1734523533.868765831,6,3,4.209985754,-0.183860390,-0.192144666
1734523533.868765831,6,4,-0.181133595,3.424212735,-0.163074408
1734523533.868765831,6,5,8.105023981,8.026385906,0.095527945
1734523533.868765831,6,7,-0.057970484,8.165497045,0.129703057
1734523533.868765831,6,8,8.439120170,-0.006434330,0.317480436
1734523533.868765831,6,9,-4.013738066,3.905422505,-0.229515980
1734523533.938765764,7,0,3.973895644,-3.781799999,0.113315301
1734523533.938765764,7,1,8.473349789,-4.252461343,0.030977523
1734523533.938765764,7,2,4.044400316,0.144119421,-0.118814941
1734523533.938765764,7,3,3.901511584,-7.808069047,0.001261054
1734523533.938765764,7,4,0.047552571,-3.645806774,0.100537984
1734523533.938765764,7,5,7.513201906,-0.044434613,-0.012103897
1734523533.938765764,7,6,0.212816544,-7.495492485,-0.149336974
1734523533.938765764,7,8,7.726818155,-7.777437811,-0.008437786
1734523533.938765764,7,9,-4.167270491,-4.110547542,0.015493122
1734523533.998765707,8,0,-3.941902172,3.934577231,-0.022095573
1734523533.998765707,8,1,0.113633969,3.857088942,0.087238411
1734523533.998765707,8,2,-4.038014373,8.025976884,-0.051302685
1734523533.998765707,8,3,-3.717400914,-0.061127756,0.036775295
1734523533.998765707,8,4,-7.490605862,3.907347829,-0.096271559
1734523533.998765707,8,5,-0.243626756,8.530218485,-0.090875284
1734523533.998765707,8,6,-7.667491645,-0.134975339,0.051570856
1734523533.998765707,8,7,-7.870632733,7.896071770,0.000438680
1734523533.998765707,8,9,-7.175847872,2.179267933,0.089434849
1734523534.058765650,9,0,7.196804942,0.075131695,-0.191902083
1734523534.058765650,9,1,7.496849795,-0.188590008,0.108060013
1734523534.058765650,9,2,8.065798822,4.043258932,0.041826882
1734523534.058765650,9,3,7.997629043,-3.933433757,-0.032492247
1734523534.058765650,9,4,3.764036140,0.119306091,-0.025817516
1734523534.058765650,9,5,7.198129552,2.106317301,-0.018930883
1734523534.058765650,9,6,3.928217198,-3.923493417,0.021564000
1734523534.058765650,9,7,3.687206096,3.699150263,0.021358173
1734523534.058765650,9,8,7.034085092,-2.599841075,0.111683948
1734523534.128765821,0,1,4.338073239,0.048766568,0.030198472
1734523534.128765821,0,2,0.090771597,3.793916664,0.104996901
1734523534.128765821,0,3,0.050261439,-4.308116196,-0.105524566
1734523534.128765821,0,4,-4.038968570,0.061978264,0.194489643
1734523534.128765821,0,5,3.935122657,3.943528788,-0.023883952
1734523534.128765821,0,6,-4.060803678,-4.113084354,0.009184478
1734523534.128765821,0,7,-4.015428216,3.963437739,-0.003890496
1734523534.128765821,0,8,4.110524092,-4.083666053,-0.060202263
1734523534.128765821,0,9,-7.129045165,-0.183892935,0.054283536
1734523534.188765764,1,0,-3.521319243,-0.080925153,-0.275723432
1734523534.188765764,1,2,-4.357230355,4.377170483,-0.009692905
1734523534.188765764,1,3,-3.922700131,-3.991582623,-0.014326124
1734523534.188765764,1,4,-7.122650335,-0.071959302,-0.082451333
1734523534.188765764,1,5,0.153033880,4.361108729,0.033624721
1734523534.188765764,1,6,-8.025622681,-4.072277990,-0.048257000
1734523534.188765764,1,7,-8.452961273,4.304659282,0.002744550
1734523534.188765764,1,8,0.365614662,-7.490364043,-0.103790267
1734523534.188765764,1,9,-7.499208060,-0.077180858,0.076951877
1734523534.258765697,2,0,0.171481904,-3.671819009,-0.082873173
1734523534.258765697,2,1,3.989456445,-4.060022179,-0.010564307
1734523534.258765697,2,3,-0.062266901,-9.275989772,-0.090968100
1734523534.258765697,2,4,-3.980972341,-3.996614965,-0.012835849
1734523534.258765697,2,5,3.959266347,0.033482060,0.171146792
1734523534.258765697,2,6,-4.370994835,-8.623146616,-0.016583013
1734523534.258765697,2,7,-3.947726609,0.191502632,0.068932080
1734523534.258765697,2,8,4.332058953,-8.596110540,-0.012754660
1734523534.258765697,2,9,-8.565246760,-4.317001643,-0.056326094
1734523534.318765879,3,0,-0.057923506,3.915410791,-0.208699599
1734523534.318765879,3,1,3.936258423,3.916600917,-0.052367494
1734523534.318765879,3,2,0.034077996,7.697545408,0.277565296
1734523534.318765879,3,4,-3.873979050,3.901088019,-0.022541361
1734523534.318765879,3,5,3.962111243,7.931669448,-0.000813671
1734523534.318765879,3,6,-4.130734221,-0.180997125,-0.073370292
1734523534.318765879,3,7,-3.921544319,8.003928390,-0.000919365
1734523534.318765879,3,8,3.694571817,-0.182650967,0.118735279
1734523534.318765879,3,9,-8.059442731,4.071086876,-0.060922766
1734523534.378765821,4,0,3.893291306,0.117306921,0.049216442
1734523534.378765821,4,1,7.573986790,-0.008279184,0.042660207
1734523534.378765821,4,2,4.111149884,4.162751882,0.026912119
1734523534.378765821,4,3,3.968615143,-3.911776913,0.035756016
1734523534.378765821,4,5,7.740294866,3.922155141,0.015461486
1734523534.378765821,4,6,-0.114760132,-3.642634155,-0.002807194
1734523534.378765821,4,7,-0.114577536,4.148440944,0.168643433
1734523534.378765821,4,8,8.095531047,-4.101716195,0.066144744
1734523534.378765821,4,9,-3.485664755,0.113260047,-0.174477313
1734523534.448765755,5,0,-3.914194935,-3.982749010,-0.016717235
1734523534.448765755,5,1,-0.065129398,-4.365719895,-0.009735376
1734523534.448765755,5,2,-3.880760025,0.105037586,0.185329658
1734523534.448765755,5,3,-3.944383742,-7.941306972,0.073338314
1734523534.448765755,5,4,-7.826609289,-3.916313721,0.014522352
1734523534.448765755,5,6,-8.175880495,-8.102474521,-0.053832697
1734523534.448765755,5,7,-8.485946597,0.049208095,-0.148586141
1734523534.448765755,5,8,0.097658108,-7.963043764,-0.070240578
1734523534.448765755,5,9,-7.174771575,-2.176863174,-0.184172656
1734523534.508765697,6,0,4.703719073,4.711429314,0.019581106
1734523534.508765697,6,1,7.820499430,3.942367822,0.016964431
1734523534.508765697,6,2,3.896011655,7.791653124,0.017919054
1734523534.508765697,6,3,4.278872209,-0.084471497,-0.053437162
1734523534.508765697,6,4,0.039477020,4.320056797,-0.084018794
1734523534.508765697,6,5,7.913532564,7.916187687,0.020259103
1734523534.508765697,6,7,0.042091044,7.129101169,0.058215705
1734523534.508765697,6,8,7.537551831,-0.129716163,0.050584139
1734523534.508765697,6,9,-4.060596555,4.036886687,-0.041385203
1734523534.568765879,7,0,3.894178348,-3.910609161,-0.048688060
1734523534.568765879,7,1,7.276293427,-3.715063548,0.011591846
1734523534.568765879,7,2,3.941278215,0.050924070,-0.006556906
1734523534.568765879,7,3,3.820735564,-7.706184567,0.055573431
1734523534.568765879,7,4,-0.210280348,-3.902876360,-0.166862102
1734523534.568765879,7,5,6.953003111,0.178351564,0.018809453
1734523534.568765879,7,6,-0.265846420,-7.495041184,-0.060690421
1734523534.568765879,7,8,7.360312271,-7.333137315,0.015276851
1734523534.568765879,7,9,-3.871817716,-3.854355997,0.026962345
1734523534.638765812,8,0,-3.824610236,3.996330125,-0.054567632
1734523534.638765812,8,1,-0.118740384,4.693887837,0.038224200
1734523534.638765812,8,2,-3.640548295,7.307380242,0.018678524
1734523534.638765812,8,3,-3.696714332,-0.098806053,0.134856774
1734523534.638765812,8,4,-7.721290566,3.802974511,0.006319303
1734523534.638765812,8,5,0.114064107,7.574823028,-0.087637642
1734523534.638765812,8,6,-8.268187312,-0.035680680,0.006087096
1734523534.638765812,8,7,-7.982761083,7.940531031,-0.093406193
1734523534.638765812,8,9,-7.160815545,2.225734218,-0.137214895
1734523534.698765755,9,0,7.431525417,0.251155093,0.036959703
1734523534.698765755,9,1,7.494093986,0.047720028,-0.293731393
1734523534.698765755,9,2,8.273542750,4.087835959,0.020058396
1734523534.698765755,9,3,8.338396255,-4.243923515,0.054464437
1734523534.698765755,9,4,3.843082433,-0.017049880,-0.065645283
1734523534.698765755,9,5,7.167592879,2.205032302,-0.115952016
1734523534.698765755,9,6,3.554037477,-3.863194256,-0.128593396
1734523534.698765755,9,7,4.035147941,4.052717913,-0.020433073
1734523534.698765755,9,8,7.084599379,-2.460930490,-0.047673461
1734523534.768765688,0,1,4.312836158,-0.121534839,0.080285720
1734523534.768765688,0,2,0.024950297,3.592205477,-0.192379683
1734523534.768765688,0,3,-0.292115964,-3.830032916,0.161999525
1734523534.768765688,0,4,-3.730183289,0.136057133,0.000943034
1734523534.768765688,0,5,4.047872004,3.652030643,-0.171134191
1734523534.768765688,0,6,-4.005164516,-4.015442419,-0.008933957
1734523534.768765688,0,7,-4.239032391,4.204873650,-0.015535295
1734523534.768765688,0,8,4.142258580,-4.111351921,0.004531214
1734523534.768765688,0,9,-8.815308542,-0.200013023,-0.149888561
1734523534.828765869,1,0,-4.327740886,0.195445879,-0.071048860
1734523534.828765869,1,2,-4.668032250,4.533743249,-0.132389703
1734523534.828765869,1,3,-4.190660812,-4.206742953,0.020718933
1734523534.828765869,1,4,-7.758097915,0.052185727,0.020702052
1734523534.828765869,1,5,-0.001449725,4.012233733,0.204358401
1734523534.828765869,1,6,-7.751414735,-3.942691464,-0.034567825
1734523534.828765869,1,7,-7.183551880,3.572732557,0.033755084
1734523534.828765869,1,8,0.049987552,-4.486564493,0.244517668
1734523534.828765869,1,9,-7.497422771,0.160133020,0.114057934
1734523534.898765802,2,0,-0.200013959,-3.621888728,0.085970421
1734523534.898765802,2,1,3.903953298,-4.360257213,0.080783282
1734523534.898765802,2,3,-0.130147998,-7.958553699,0.011579372
1734523534.898765802,2,4,-4.124471754,-4.121306848,0.037795033
1734523534.898765802,2,5,7.471887150,0.593663873,0.261659364
1734523534.898765802,2,6,-4.491963520,-9.066743261,0.187965653
1734523534.898765802,2,7,-4.540317010,-0.008298039,-0.144025179
1734523534.898765802,2,8,4.084669003,-8.431115170,-0.010033907
1734523534.898765802,2,9,-8.065907629,-4.080762928,0.001348951
1734523534.958765745,3,0,-0.134757203,4.197334191,0.220105169
1734523534.958765745,3,1,4.051881015,4.023475386,-0.009287315
1734523534.958765745,3,2,0.144427738,8.300050743,-0.082750816
1734523534.958765745,3,4,-3.889389420,3.928365297,0.010256085
1734523534.958765745,3,5,4.049934905,8.197271281,-0.008224873
1734523534.958765745,3,6,-4.433386530,-0.196003197,-0.006231083
1734523534.958765745,3,7,-4.161057900,8.328989677,-0.046964682
1734523534.958765745,3,8,4.277470040,-0.067960949,-0.138688179
1734523534.958765745,3,9,-7.851498842,3.951092554,-0.028876113
1734523535.018765688,4,0,3.455676740,-0.078103319,0.232456287
1734523535.018765688,4,1,8.068961955,-0.053746928,0.195194655
1734523535.018765688,4,2,3.831001487,3.836897166,0.044909695
1734523535.018765688,4,3,3.847693471,-3.815098764,0.012745026
1734523535.018765688,4,5,8.156901442,4.097743316,-0.035924676
1734523535.018765688,4,6,-0.111233651,-4.003595284,0.146427292
1734523535.018765688,4,7,-0.106473758,4.045464295,0.010521585
1734523535.018765688,4,8,7.794122994,-3.960549558,-0.031872545
1734523535.018765688,4,9,-4.342355902,0.041036384,0.225599040
1734523535.088765860,5,0,-3.937024958,-3.971922047,-0.009992823
1734523535.088765860,5,1,0.514155643,-7.468109983,-0.461494593
1734523535.088765860,5,2,-4.551866192,-0.042285668,0.001146540
1734523535.088765860,5,3,-4.168738105,-8.369930705,0.050210556
1734523535.088765860,5,4,-7.574683245,-3.744372074,-0.052888995
1734523535.088765860,5,6,-7.724613642,-7.754451879,-0.158132364
1734523535.088765860,5,7,-7.941708283,-0.125867814,0.036343172
1734523535.088765860,5,8,-0.321443359,-7.912632503,0.122277640
1734523535.148765802,6,0,4.134062688,4.170380420,0.033419518
1734523535.148765802,6,1,8.103618745,4.069459686,-0.008887547
1734523535.148765802,6,2,3.858257080,7.744416783,-0.028807755
1734523535.148765802,6,3,3.998953999,0.073910763,0.224150151
1734523535.148765802,6,4,-0.242784619,3.967866197,-0.162843495
1734523535.148765802,6,5,6.672640785,6.699813758,0.168989949
1734523535.148765802,6,7,0.269113883,7.759500343,0.115930676
1734523535.148765802,6,8,8.857876725,0.032633991,-0.097509388
1734523535.148765802,6,9,-4.143889040,4.112182629,0.008561242
1734523535.218765736,7,0,4.009730850,-4.050044006,-0.047973742
1734523535.218765736,7,1,8.276886977,-4.133458491,-0.051764824
1734523535.218765736,7,2,4.198198210,-0.004134425,0.058743173
1734523535.218765736,7,3,3.978559877,-7.910752588,0.000704058
1734523535.218765736,7,4,-0.170700507,-7.496083092,-0.172045392
1734523535.218765736,7,5,7.697123568,-0.025554699,-0.224235575
1734523535.218765736,7,6,-0.040822424,-7.112494425,0.139783318
1734523535.218765736,7,8,8.212934435,-8.269030297,-0.074947515
1734523535.218765736,7,9,-3.978794303,-3.988504762,0.022723647
1734523535.278765678,8,0,-4.048069369,4.037922039,-0.013527793
1734523535.278765678,8,1,-0.058059943,3.680680192,0.079826660
1734523535.278765678,8,2,-3.688704215,7.376444412,0.028024066
1734523535.278765678,8,3,-4.047569005,0.087697413,-0.052148342
1734523535.278765678,8,4,-7.955959195,4.001040967,-0.034381045
1734523535.278765678,8,5,-0.012739802,7.794839970,0.018376923
1734523535.278765678,8,6,-8.564626753,-0.239741453,0.003572650
1734523535.278765678,8,7,-7.910214218,7.968173834,-0.071586400
1734523535.278765678,8,9,-7.065436077,2.510334074,0.166840878
1734523535.348765850,9,0,7.857098056,-0.075063042,0.228957290
1734523535.348765850,9,1,7.497259359,0.202537985,0.008970741
1734523535.348765850,9,2,7.807654393,3.912500816,-0.071367682
1734523535.348765850,9,3,7.735186497,-3.921000090,0.017064803
1734523535.348765850,9,4,3.900422610,-0.107465347,-0.244795960
1734523535.348765850,9,5,7.126961381,2.328649640,0.183881302
1734523535.348765850,9,6,3.765988337,-3.788364780,-0.008599125
1734523535.348765850,9,7,3.892556304,3.886229588,0.204468929
1734523535.348765850,9,8,7.162399508,-2.216808995,0.189185523
1734523535.418765783,0,1,4.208059246,0.029549025,-0.194359420
1734523535.418765783,0,2,0.270440327,3.958607960,-0.038689085
1734523535.418765783,0,3,-0.004451751,-3.721618557,-0.090343515
1734523535.418765783,0,4,-4.277646662,-0.023880371,-0.164440477
1734523535.418765783,0,5,3.979521500,3.900985435,0.000481495
1734523535.418765783,0,6,-3.871448534,-3.894629528,0.010973631
1734523535.418765783,0,7,-3.972534282,3.992845019,0.007489776
1734523535.418765783,0,8,4.337424932,-4.387162035,0.014985314
1734523535.418765783,0,9,-8.046655121,-0.077778198,-0.052225158
1734523535.478765726,1,0,-3.749702899,-0.008721613,0.117978629
1734523535.478765726,1,2,-3.873312390,3.896974783,0.000609592
1734523535.478765726,1,3,-3.712710591,-3.965476737,0.101874782
1734523535.478765726,1,4,-8.555274942,0.141589603,-0.080029110
1734523535.478765726,1,5,-0.057361591,3.389657151,-0.220236591
1734523535.478765726,1,6,-8.151082060,-4.071693109,-0.001056798
1734523535.478765726,1,7,-7.789143987,3.870491284,-0.061876226
1734523535.478765726,1,8,-0.173901229,-4.188624403,0.141810386
1734523535.478765726,1,9,-7.494853802,-0.133941280,-0.243364384
1734523535.548765659,2,0,0.148672127,-3.730493774,-0.105951152
1734523535.548765659,2,1,3.899604718,-3.854452065,-0.021008711
1734523535.548765659,2,3,-0.206325549,-7.496761337,-0.077454661
1734523535.548765659,2,4,-4.055740652,-4.062674230,-0.027062779
1734523535.548765659,2,5,4.033148950,0.196126501,-0.042255699
1734523535.548765659,2,6,-4.045090526,-8.163159466,-0.071370614
1734523535.548765659,2,7,-4.142956454,0.030967624,-0.081108742
1734523535.548765659,2,8,4.274679531,-8.194069589,-0.045013388
1734523535.548765659,2,9,-8.228969727,-4.059388261,0.015245009
1734523535.608765841,3,0,-0.242620896,3.816866045,-0.190943428
1734523535.608765841,3,1,3.994486185,4.036790025,-0.022354380
1734523535.608765841,3,2,0.028567858,8.688994207,0.120341579
1734523535.608765841,3,4,-3.362324972,3.365246683,0.022641942
1734523535.608765841,3,5,3.916090650,7.748857126,0.011925524
1734523535.608765841,3,6,-3.841079514,-0.268128248,-0.018344379
1734523535.608765841,3,7,-4.316088968,8.703615761,-0.042930367
1734523535.608765841,3,8,4.088512431,0.013605721,-0.226182135
1734523535.608765841,3,9,-9.088038750,4.505261708,-0.022740208
1734523535.668765783,4,0,4.055258101,0.073844390,-0.084661625
1734523535.668765783,4,1,8.082845554,0.078981043,-0.025996414
1734523535.668765783,4,2,4.052427350,4.022925551,-0.039830834
1734523535.668765783,4,3,3.968570156,-3.988939463,-0.051428735
1734523535.668765783,4,5,7.240978550,3.627831320,0.022117861
1734523535.668765783,4,6,-0.153949223,-3.936563539,-0.012978469
1734523535.668765783,4,7,-0.008363524,4.096167063,0.146617031
1734523535.668765783,4,8,7.891495621,-3.969353367,0.050255500
1734523535.668765783,4,9,-3.900239944,0.142651347,-0.054677717
1734523535.738765717,5,0,-3.746984467,-3.707231880,0.025018184
1734523535.738765717,5,1,-0.185078178,-3.775296754,-0.134267670
1734523535.738765717,5,2,-4.128523302,0.071700523,0.098255668
1734523535.738765717,5,3,-4.264100831,-8.576720370,0.007525285
1734523535.738765717,5,4,-7.918154420,-3.946440684,0.038260418
1734523535.738765717,5,6,-7.768046903,-7.804180401,0.038335180
1734523535.738765717,5,7,-7.628254056,0.045355983,-0.266555444
1734523535.738765717,5,8,-0.198244659,-7.650234728,0.095590938
1734523535.738765717,5,9,-7.124621019,-2.337471788,0.161248175
1734523535.798765659,6,0,4.084143012,4.078541100,-0.005534304
1734523535.798765659,6,1,8.849165052,4.376696439,0.024794438
1734523535.798765659,6,2,4.053344571,8.150852095,-0.008004297
1734523535.798765659,6,3,4.295422306,0.034825651,0.259895241
1734523535.798765659,6,4,0.028285404,3.892956299,-0.051123206
1734523535.798765659,6,5,7.652563398,7.573162781,-0.233044365
1734523535.798765659,6,7,-0.017127222,7.300044985,0.245425057
1734523535.798765659,6,8,6.943494141,-0.030022715,-0.142629782
1734523535.798765659,6,9,-3.532388445,3.746890569,-0.083858806
1734523535.868765831,7,0,4.100371116,-4.096265459,0.019436897
1734523535.868765831,7,1,7.943539248,-4.067123235,-0.030693541
1734523535.868765831,7,2,7.477968200,0.038492125,0.573157887
1734523535.868765831,7,3,3.983096214,-7.849930325,0.014500748
1734523535.868765831,7,4,-0.210927333,-3.680021444,-0.083975139
1734523535.868765831,7,5,7.488499847,0.405468433,-0.089249056
1734523535.868765831,7,6,0.088179115,-8.552356550,-0.176334674
1734523535.868765831,7,8,8.521121033,-8.463895043,-0.039577947
1734523535.868765831,7,9,-3.980128807,-4.000900823,0.022377353
1734523535.928765774,8,0,-3.863817042,3.892148985,0.013480142
1734523535.928765774,8,1,0.097508147,4.014403910,0.248534113
1734523535.928765774,8,2,-3.797107638,7.646616330,-0.008758352
1734523535.928765774,8,3,-4.117088490,-0.123797315,-0.145234883
1734523535.928765774,8,4,-7.182274335,3.640241296,0.133919258
1734523535.928765774,8,5,0.125820681,7.553411973,0.110009055
1734523535.928765774,8,6,-7.661577264,0.059071486,0.201190679
1734523535.928765774,8,7,-7.906182797,7.891407172,-0.094923682
1734523535.928765774,8,9,-7.114316155,2.373013350,0.072892260
1734523535.998765707,9,0,8.635917292,0.008276997,-0.172864279
1734523535.998765707,9,1,7.498971858,-0.076484626,-0.097832344
1734523535.998765707,9,2,8.003652958,3.972744023,-0.041994439
1734523535.998765707,9,3,8.213042757,-4.132345112,-0.075045135
1734523535.998765707,9,4,4.025152634,-0.072346553,0.015802969
1734523535.998765707,9,5,7.194284014,2.119013694,0.045370557
1734523535.998765707,9,6,3.747188478,-3.782492580,0.012219823
1734523535.998765707,9,7,3.873424396,3.846300218,0.007303935
1734523535.998765707,9,8,7.053988603,-2.542506283,-0.164032258
1734523536.058765650,0,1,3.919354303,0.219094887,-0.017453980
1734523536.058765650,0,2,-0.017113670,3.805465536,-0.159001721
1734523536.058765650,0,3,-0.116753969,-4.192552928,-0.204298029
1734523536.058765650,0,4,-3.873244862,-0.038773461,0.115433258
1734523536.058765650,0,5,3.862321990,3.888686210,0.002230064
1734523536.058765650,0,6,-4.166649203,-4.131868978,0.014595132
1734523536.058765650,0,7,-4.014834030,4.039883800,0.023650549
1734523536.058765650,0,8,3.929425152,-3.955259911,-0.014900390
1734523536.058765650,0,9,-7.644391790,-0.237826401,-0.045525215
1734523536.128765821,1,0,-3.669484874,0.140468555,0.067945884
1734523536.128765821,1,2,-4.331788448,4.307972999,0.004613823
1734523536.128765821,1,3,-4.207985486,-4.258843330,0.008655755
1734523536.128765821,1,4,-8.824730663,-0.024410797,-0.150132121
1734523536.128765821,1,5,0.217023277,3.653078494,0.161638393
1734523536.128765821,1,6,-8.359201767,-4.167050931,-0.025092772
1734523536.128765821,1,7,-8.308357533,4.211388599,-0.064561055
1734523536.128765821,1,8,-0.143219034,-4.496836852,0.110041373
1734523536.128765821,1,9,-7.499403757,-0.080626588,0.049423155
1734523536.188765764,2,0,0.098385249,-3.997383844,0.123084405
1734523536.188765764,2,1,3.816700669,-3.824021636,-0.000163277
1734523536.188765764,2,3,0.152995455,-8.427666658,-0.193418687
1734523536.188765764,2,4,-4.498341928,-4.479800952,0.007254708
1734523536.188765764,2,5,4.156856148,0.037447403,-0.061618474
1734523536.188765764,2,6,-4.032062299,-8.160326410,0.059617653
1734523536.188765764,2,7,-4.432994489,-0.210655228,-0.111998855
1734523536.188765764,2,8,4.110435152,-8.095419059,-0.042894773
1734523536.188765764,2,9,-9.305045847,-4.892436180,-0.005497200
1734523536.258765697,3,0,-0.056714782,3.933108752,0.242413840
1734523536.258765697,3,1,4.054288888,4.090824423,0.023919845
1734523536.258765697,3,2,-0.221623965,7.356260016,0.103283652
1734523536.258765697,3,4,-3.959544351,3.992885741,0.018386966
1734523536.258765697,3,5,3.889074615,7.778494269,0.040397863
1734523536.258765697,3,6,-4.178814431,0.117119299,0.011891260
1734523536.258765697,3,7,-3.839140560,7.810327993,0.116502797
1734523536.258765697,3,8,3.513285785,0.263677046,-0.050050145
1734523536.258765697,3,9,-7.725546092,3.785533694,-0.192627184
1734523536.318765879,4,0,3.893140836,0.055787966,0.200801243
1734523536.318765879,4,1,7.498952978,0.124841735,0.010898520
1734523536.318765879,4,2,4.037308009,3.979484135,-0.017472157
1734523536.318765879,4,3,4.166610792,-4.216687104,-0.028238114
1734523536.318765879,4,5,7.886863780,3.919223941,0.024042535
1734523536.318765879,4,6,-0.253543506,-3.516607078,-0.110796707
1734523536.318765879,4,7,-0.024204650,4.207329380,-0.145963601
1734523536.318765879,4,8,7.983559075,-4.044392913,-0.047449185
1734523536.318765879,4,9,-3.718540062,0.054414506,0.087578731
1734523536.378765821,5,0,-4.127314812,-4.116399977,-0.014172188
1734523536.378765821,5,1,0.044149305,-4.425146494,-0.078927035
1734523536.378765821,5,2,-4.471074744,0.076175160,0.022193264
1734523536.378765821,5,3,-4.402446594,-9.107043461,-0.084709534
1734523536.378765821,5,4,-7.494969125,-3.810022516,0.012694233
1734523536.378765821,5,6,-8.308348544,-8.301522244,-0.039479866
1734523536.378765821,5,7,-7.262672169,-0.265861670,0.186668652
1734523536.378765821,5,8,-0.043293854,-8.712786409,0.086420798
1734523536.378765821,5,9,-7.100469885,-2.409339537,0.168553890
1734523536.448765755,6,0,4.629931943,4.760753614,0.027879874
1734523536.448765755,6,1,8.384920506,4.281966752,0.142114026
1734523536.448765755,6,2,4.000829503,8.133690206,0.006839704
1734523536.448765755,6,3,3.614565083,0.011437920,0.206541565
1734523536.448765755,6,4,0.011172799,4.038080262,0.262862911
1734523536.448765755,6,5,8.287105140,8.163257850,0.058623107
1734523536.448765755,6,7,-0.358622844,7.489343018,0.176439258
1734523536.448765755,6,8,7.304998524,-0.060212865,-0.094492969
1734523536.448765755,6,9,-4.095112387,4.044847162,0.003502722
1734523536.508765697,7,0,3.920856000,-3.959215765,-0.022401338
1734523536.508765697,7,1,8.557808421,-4.319971138,0.018672012
1734523536.508765697,7,2,3.751861591,0.182990097,0.107730103
1734523536.508765697,7,3,4.111688953,-8.177357621,-0.014762713
1734523536.508765697,7,4,-0.123980222,-4.433542725,-0.110723728
1734523536.508765697,7,5,7.544560041,0.276153654,0.065440972
1734523536.508765697,7,6,-0.117226807,-7.499579146,0.232941769
1734523536.508765697,7,8,8.212389274,-8.175716052,0.290479071
1734523536.508765697,7,9,-3.671659150,-3.679496149,-0.034364030
1734523536.568765879,8,0,-4.006928529,4.052813159,-0.012873799
1734523536.568765879,8,1,0.089961094,3.810554419,-0.079163092
1734523536.568765879,8,2,-4.074926857,8.207095622,0.020142422
1734523536.568765879,8,3,-3.696538565,0.039941992,-0.029337584
1734523536.568765879,8,4,-8.555610284,4.048916255,0.217015347
1734523536.568765879,8,5,0.011926551,8.968224599,-0.124030489
1734523536.568765879,8,6,-7.393897185,-0.090243903,0.063187659
1734523536.568765879,8,7,-7.955948702,8.011668590,0.045463165
1734523536.568765879,8,9,-7.156744012,2.232543067,0.216255874
1734523536.638765812,9,0,8.256379799,0.111482679,-0.086069361
1734523536.638765812,9,1,7.494977461,0.173687897,0.212474407
1734523536.638765812,9,2,8.301257543,4.163047161,-0.143538388
1734523536.638765812,9,3,7.798975851,-3.874756310,-0.177366036
1734523536.638765812,9,4,4.290191226,0.131103836,-0.055794751
1734523536.638765812,9,5,7.158151088,2.237321514,0.072563403
1734523536.638765812,9,6,4.082629171,-4.049172262,0.016265649
1734523536.638765812,9,7,4.058460041,4.084186534,-0.029810585
1734523536.638765812,9,8,7.189481203,-2.133472852,-0.098252879
1734523536.698765755,0,1,4.230359141,0.165655894,-0.051817831
1734523536.698765755,0,2,-0.259593125,7.493740807,0.162665682
1734523536.698765755,0,3,0.204059540,-4.256298956,-0.150992606
1734523536.698765755,0,4,-4.107923727,-0.068123804,0.044087601
1734523536.698765755,0,5,3.897694726,3.881911144,-0.021459711
1734523536.698765755,0,6,-3.959884072,-3.960592582,0.014495967
1734523536.698765755,0,7,-4.103615356,4.034213514,-0.017567888
1734523536.698765755,0,8,3.655878981,-3.549784014,-0.051463093
1734523536.698765755,0,9,-9.644096072,0.119128896,-0.003808548
1734523536.758765697,1,0,-4.144153103,0.260126844,0.124994683
1734523536.758765697,1,2,-3.812636882,3.812475763,0.020137407
1734523536.758765697,1,3,-4.049448691,-4.033875253,0.054304955
1734523536.758765697,1,4,-7.788007890,0.166816347,0.222562549
1734523536.758765697,1,5,-0.001512078,4.253010106,-0.221901296
1734523536.758765697,1,6,-7.969042114,-3.990455050,-0.035821243
1734523536.758765697,1,7,-8.052947863,4.059974601,-0.025399750
1734523536.758765697,1,8,0.158589124,-4.245598987,0.229705501
1734523536.758765697,1,9,-7.496056032,0.228869721,0.082235118
1734523536.828765869,2,0,-0.024296965,-3.712737898,-0.166388071
1734523536.828765869,2,1,3.836095086,-3.907942235,0.009659732
1734523536.828765869,2,3,-0.183775231,-8.408548546,-0.089161964
1734523536.828765869,2,4,-3.917205585,-3.959320628,0.014507828
1734523536.828765869,2,5,4.336542477,-0.000249068,0.113250903
1734523536.828765869,2,6,-4.061771457,-8.240847271,-0.027881698
1734523536.828765869,2,7,-3.596644995,0.050996491,0.276520710
1734523536.828765869,2,8,4.284626895,-8.573960278,-0.026909636
1734523536.828765869,2,9,-8.483931082,-4.159251570,-0.014717203
1734523536.888765812,3,0,0.129367354,3.783784833,0.042890668
1734523536.888765812,3,1,3.659171294,3.623879436,0.016177717
1734523536.888765812,3,2,0.010056808,7.573120997,-0.246966263
1734523536.888765812,3,4,-3.982316691,3.980948142,0.004511895
1734523536.888765812,3,5,3.754766265,7.575886198,-0.018530754
1734523536.888765812,3,6,-3.982103062,-0.084421140,-0.206197994
1734523536.888765812,3,7,-4.168089644,8.267348952,0.028620069
1734523536.888765812,3,8,3.779607196,0.175706776,-0.083615065
1734523536.888765812,3,9,-8.061249580,4.001168149,-0.050643977
1734523536.948765755,4,0,3.760764130,0.090739878,-0.156026526
1734523536.948765755,4,1,7.739608386,-0.115701246,0.113301814
1734523536.948765755,4,2,4.178181301,4.200561169,0.028386902
1734523536.948765755,4,3,3.969245321,-3.978507612,-0.019555559
1734523536.948765755,4,5,8.062587117,4.056986505,0.051651821
1734523536.948765755,4,6,-0.265043234,-4.130789539,-0.118161904
1734523536.948765755,4,7,0.029624263,4.239900476,0.084392677
1734523536.948765755,4,8,7.956356429,-3.983388698,-0.008674853
1734523536.948765755,4,9,-4.084809667,-0.092535826,-0.044032246
1734523537.018765688,5,0,-3.896100109,-3.899011002,0.036808234
1734523537.018765688,5,1,-0.118793071,-7.478349835,-0.556930831
1734523537.018765688,5,2,-3.719569414,0.096687558,-0.007559289
1734523537.018765688,5,3,-4.018656186,-8.172430433,-0.059522045
1734523537.018765688,5,4,-8.449673945,-4.294826696,-0.033799922
1734523537.018765688,5,6,-7.783339189,-7.867781880,-0.032081924
1734523537.018765688,5,7,-8.237928662,0.207490197,-0.158668478
1734523537.018765688,5,8,-0.054430896,-8.237042459,0.047396445
1734523537.018765688,5,9,-7.163820038,-2.220257990,-0.011701489
1734523537.078765869,6,0,4.053610825,4.103814308,-0.006093442
1734523537.078765869,6,1,8.275839842,4.089175578,0.018081098
1734523537.078765869,6,2,3.980236935,7.819211738,0.040623922
1734523537.078765869,6,3,3.886054444,-0.203406965,0.133032725
1734523537.078765869,6,4,-0.111682947,3.590644173,0.135783529
1734523537.078765869,6,5,7.912728098,7.892934977,-0.006581713
1734523537.078765869,6,7,-0.159694223,7.540873170,-0.020831321
1734523537.078765869,6,8,7.894852382,-0.084670404,-0.207874798
1734523537.078765869,6,9,-5.113115545,5.474426588,-0.369733619
1734523537.138765812,7,0,3.884035578,-3.909370128,0.006024243
1734523537.138765812,7,1,8.440179991,-4.075043291,0.200866481
1734523537.138765812,7,2,3.561601257,-0.077773991,0.149525851
1734523537.138765812,7,3,4.284960199,-8.564684067,-0.125958259
1734523537.138765812,7,4,0.129542075,-4.291253142,0.006182515
1734523537.138765812,7,5,6.893954706,-0.191044764,0.018381155
1734523537.138765812,7,6,0.131242529,-8.579696321,-0.185023929
1734523537.138765812,7,8,7.916889040,-7.988780603,-0.038249446
1734523537.138765812,7,9,-3.831418615,-3.834399564,-0.006256419
1734523537.198765755,8,0,-3.999096929,3.963467004,0.010921235
1734523537.198765755,8,1,-0.205026315,3.851752966,0.108980801
1734523537.198765755,8,2,-3.772128942,7.557581736,-0.047007746
1734523537.198765755,8,3,-3.762058795,-0.207691470,0.051534729
1734523537.198765755,8,4,-7.951071819,3.941086177,-0.031262119
1734523537.198765755,8,5,0.188584041,7.568609928,-0.050666980
1734523537.198765755,8,6,-8.137587099,0.126402167,0.230302645
1734523537.198765755,8,7,-7.816272297,7.785670888,0.027837307
1734523537.198765755,8,9,-7.092493699,2.438452333,0.021985261
1734523537.268765688,9,0,7.963453771,0.197745014,0.043062959
1734523537.268765688,9,2,8.203108691,4.099943911,-0.000086696
1734523537.268765688,9,3,8.108783084,-4.094164311,-0.001426663
1734523537.268765688,9,4,3.858960039,0.043425001,-0.255188879
1734523537.268765688,9,5,7.106180733,2.393914665,-0.146177856
1734523537.268765688,9,6,3.641027014,-3.616491576,-0.000096776
1734523537.268765688,9,7,4.144413360,4.137596824,-0.005322374
1734523537.268765688,9,8,7.100648578,-2.414223753,-0.048098198
1734523537.328765869,0,1,4.530567369,0.010110331,0.110187799
1734523537.328765869,0,2,-0.014178524,4.225609393,-0.130381513
1734523537.328765869,0,3,-0.094628287,-4.481713107,0.072383040
1734523537.328765869,0,4,-4.542888016,-0.124531413,-0.082701166
1734523537.328765869,0,5,4.025227133,4.101830944,-0.017408191
1734523537.328765869,0,6,-4.060471206,-4.051493708,0.027448550
1734523537.328765869,0,7,-3.902000126,3.924159248,0.008593683
1734523537.328765869,0,8,4.015438628,-4.056484533,0.020131099
1734523537.328765869,0,9,-7.596473898,-0.241130556,0.045934611
1734523537.398765802,1,0,-3.275589771,-0.032156411,0.096647688
1734523537.398765802,1,2,-3.842930605,3.850484064,0.014013653
1734523537.398765802,1,3,-3.849463276,-3.873007733,0.001468878
1734523537.398765802,1,4,-7.486998422,0.317927017,-0.306230370
1734523537.398765802,1,5,0.076146262,3.799102704,0.111080622
1734523537.398765802,1,6,-7.646650528,-3.805929654,0.039887817
1734523537.398765802,1,7,-8.126501421,4.125765862,-0.046528059
1734523537.398765802,1,8,-0.109034575,-3.922365248,-0.119455492
1734523537.398765802,1,9,-7.496252685,-0.126416609,0.200535599
1734523537.458765745,2,0,0.146052237,-3.698475966,0.218294040
1734523537.458765745,2,1,4.166007920,-4.274652787,0.005108424
1734523537.458765745,2,3,0.040899251,-7.718040352,0.084200460
1734523537.458765745,2,4,-4.295177211,-4.206444021,-0.037947322
1734523537.458765745,2,5,4.069907443,-0.087326327,0.011941785
1734523537.458765745,2,6,-3.950033592,-7.908581379,0.029378037
1734523537.458765745,2,7,-4.305770634,0.079509961,-0.115935916
1734523537.458765745,2,8,4.402583182,-8.797753086,-0.002633379
1734523537.458765745,2,9,-7.952522888,-3.945913402,-0.082056781
1734523537.518765688,3,0,0.118222187,4.090544254,-0.217107865
1734523537.518765688,3,1,4.053054884,4.028674215,0.017806504
1734523537.518765688,3,2,0.042516559,8.994144906,0.169369689
1734523537.518765688,3,4,-4.067338992,4.083442583,0.002303312
1734523537.518765688,3,5,4.116381420,8.502683484,-0.112556340
1734523537.518765688,3,6,-3.976524966,0.006493809,-0.031197429
1734523537.518765688,3,7,-4.001668481,8.004866054,0.005781210
1734523537.518765688,3,8,3.958352711,-0.109339634,-0.221366592
1734523537.518765688,3,9,-7.475472183,3.665496542,-0.089916635
1734523537.578765869,4,0,3.695650007,0.005222449,-0.047822522
1734523537.578765869,4,1,7.233880804,0.316062956,0.005363254
1734523537.578765869,4,2,3.882355521,3.930943440,-0.021794911
1734523537.578765869,4,3,4.014595408,-3.975939268,-0.013321787
1734523537.578765869,4,5,7.914816452,4.014157620,-0.020800957
1734523537.578765869,4,6,-0.140210693,-7.495177089,0.229480660
1734523537.578765869,4,7,0.133996126,4.092415477,0.047661418
1734523537.578765869,4,8,8.275078159,-4.110749052,-0.027174256
1734523537.578765869,4,9,-3.727650205,-0.200524570,0.218340514
1734523537.648765802,5,0,-3.737781222,-3.668954314,0.051257551
1734523537.648765802,5,1,-0.124876981,-3.987278290,-0.253230309
1734523537.648765802,5,2,-4.135375787,0.188625845,-0.016048071
1734523537.648765802,5,3,-4.361579332,-8.837742159,-0.020197370
1734523537.648765802,5,4,-8.186716578,-4.107382870,0.018997939
1734523537.648765802,5,6,-7.205572799,-7.630290440,0.035191593
1734523537.648765802,5,7,-8.529538830,-0.050799802,-0.250231551
1734523537.648765802,5,8,0.087400149,-7.238703453,-0.073512168
1734523537.648765802,5,9,-7.088365647,-2.444652453,-0.169548935
1734523537.708765745,6,0,3.825102699,3.904114988,0.034465394
1734523537.708765745,6,1,8.316820919,4.111471018,0.016230092
1734523537.708765745,6,2,3.521624798,7.107637325,-0.029693694
1734523537.708765745,6,3,3.741080873,-0.005132418,0.187981170
1734523537.708765745,6,4,0.160733127,4.153407767,0.208895674
1734523537.708765745,6,5,7.893530337,7.864796844,0.001250205
1734523537.708765745,6,7,0.009517266,8.358550732,-0.039791252
1734523537.708765745,6,8,7.242174891,0.152596050,-0.004326407
1734523537.708765745,6,9,-4.144594559,4.058715847,-0.013959490
1734523537.768765688,7,0,3.952776980,-3.937093362,0.001567919
1734523537.768765688,7,1,8.333659366,-4.122140858,0.001339097
1734523537.768765688,7,2,4.209520800,0.166994560,0.135901173
1734523537.768765688,7,3,4.234836667,-8.408015323,0.018455576
1734523537.768765688,7,4,-0.209953722,-3.561070526,-0.050263506
1734523537.768765688,7,5,7.554460204,0.087617918,0.144046648
1734523537.768765688,7,6,0.052337626,-7.963917824,0.186706216
1734523537.768765688,7,8,7.933144865,-7.788122899,0.066925427
1734523537.768765688,7,9,-3.961943223,-4.007457509,-0.012075886
1734523537.838765860,8,0,-3.858223598,3.801882422,0.034871188
1734523537.838765860,8,1,-0.079514937,4.020331014,0.017222410
1734523537.838765860,8,2,-4.133734747,7.960940172,0.202414831
1734523537.838765860,8,3,-7.469803727,-0.669103235,0.065826586
1734523537.838765860,8,4,-7.553471369,3.761581252,-0.061306753
1734523537.838765860,8,5,-0.281193562,7.494529576,-0.054374747
1734523537.838765860,8,6,-7.284204991,0.267706559,0.080392534
1734523537.838765860,8,7,-7.967662281,7.882977242,0.028299479
1734523537.838765860,8,9,-7.145163049,2.270916274,0.198957968
1734523537.898765802,9,0,8.241093115,-0.025848914,0.087318556
1734523537.898765802,9,1,7.495327895,-0.261823028,0.038838807
1734523537.898765802,9,2,7.855359674,3.990539251,0.045330376
1734523537.898765802,9,3,7.909724403,-3.956998540,0.056323362
1734523537.898765802,9,4,3.570103581,-0.119367616,-0.174869559
1734523537.898765802,9,5,7.128324191,2.328612252,-0.120661542
1734523537.898765802,9,6,3.968398484,-3.936372990,-0.017309590
1734523537.898765802,9,7,3.892609628,3.953938374,0.014079985
1734523537.898765802,9,8,7.031990671,-2.607578086,-0.040542992
1734523537.958765745,0,1,4.012672581,0.082530422,-0.152741244
1734523537.958765745,0,2,-0.748254115,7.461315910,0.137406967
1734523537.958765745,0,3,0.109875572,-3.654773659,-0.280756140
1734523537.958765745,0,4,-3.689495435,-0.142122400,-0.123200586
1734523537.958765745,0,5,3.951690327,3.885314755,0.010058734
1734523537.958765745,0,6,-4.080065439,-4.070078633,-0.018085734
1734523537.958765745,0,7,-3.837063320,3.795604277,-0.003422229
1734523537.958765745,0,8,3.705897323,-3.676366375,-0.012640374
1734523537.958765745,0,9,-6.708166019,-0.120209498,0.056230475
1734523538.028765678,1,0,-3.961611614,0.147990649,0.225254276
1734523538.028765678,1,2,-3.925132535,4.155363713,-0.169912414
1734523538.028765678,1,3,-3.905793143,-3.920936797,-0.048432643
1734523538.028765678,1,4,-8.306839380,0.204225949,-0.009924169
1734523538.028765678,1,5,-0.267586993,4.161428801,0.110653022
1734523538.028765678,1,6,-8.021718937,-3.983125186,-0.065920950
1734523538.028765678,1,7,-8.096697577,3.831267756,0.095343848
1734523538.028765678,1,8,0.729177421,-7.458548024,-0.297256891
1734523538.098765850,2,0,0.080278423,-4.395090530,-0.104272319
1734523538.098765850,2,1,3.631926783,-3.730048622,-0.036664349
1734523538.098765850,2,3,-0.441140964,-8.289403793,-0.007595137
1734523538.098765850,2,4,-4.165328138,-4.041166794,-0.075672645
1734523538.098765850,2,5,3.600732238,-0.143539119,0.074430659
1734523538.098765850,2,6,-4.120120470,-7.939469031,-0.127151541
1734523538.098765850,2,7,-3.908805096,0.176357460,0.019605172
1734523538.098765850,2,8,3.903862639,-7.993301250,-0.112512550
1734523538.098765850,2,9,-7.976224218,-3.895149620,-0.093980507
1734523538.158765793,3,0,-0.048311705,3.887937129,-0.092493084
1734523538.158765793,3,1,4.150007288,4.232019393,-0.052781518
1734523538.158765793,3,2,-0.250051289,7.217038281,0.042792930
1734523538.158765793,3,4,-4.457978935,4.360122509,-0.025342783
1734523538.158765793,3,5,3.901153771,7.935794233,-0.011717698
1734523538.158765793,3,6,-3.788438735,-0.224782875,0.132140591
1734523538.158765793,3,7,-4.310709838,8.194126166,-0.031709165
1734523538.158765793,3,8,3.408962474,0.106406837,-0.087727906
1734523538.158765793,3,9,-7.646106936,3.924134791,-0.006316634
1734523538.228765726,4,0,4.248941643,0.163834406,0.217678302
1734523538.228765726,4,1,9.235825569,0.116050134,-0.100748884
1734523538.228765726,4,2,3.764089320,3.948267634,-0.022663577
1734523538.228765726,4,3,4.283749181,-4.136021896,0.002911419
1734523538.228765726,4,5,7.335018995,4.057153299,-0.109558099
1734523538.228765726,4,6,0.013149250,-3.700716042,-0.216571212
1734523538.228765726,4,7,-0.207917021,4.665580976,-0.122213481
1734523538.228765726,4,8,7.955577285,-3.810091087,0.037290057
1734523538.228765726,4,9,-3.338300915,-0.007772972,-0.009179494
1734523538.288765669,5,0,-3.840109096,-3.980322419,-0.002001433
1734523538.288765669,5,1,-0.239826180,-3.783492939,-0.149939700
1734523538.288765669,5,2,-3.610680062,0.137272998,-0.038889205
1734523538.288765669,5,3,-3.865100452,-8.017686309,0.060859798
1734523538.288765669,5,4,-7.628948453,-3.976091960,0.055770635
1734523538.288765669,5,6,-7.215274145,-7.541596590,0.011748866
1734523538.288765669,5,7,-7.495340438,0.249685345,0.086769548
1734523538.288765669,5,8,0.064988686,-6.865188635,0.086594583
1734523538.288765669,5,9,-7.016955867,-2.647776919,-0.040096757
1734523538.348765850,6,0,3.854881469,3.903782349,0.030310154
1734523538.348765850,6,1,7.181807229,3.692022931,0.028627460
1734523538.348765850,6,2,3.791228073,7.908319966,0.020271884
1734523538.348765850,6,3,4.062809762,-0.022860446,0.037014448
1734523538.348765850,6,4,-0.113886449,4.334352339,-0.152940078
1734523538.348765850,6,5,7.793407201,7.910075620,-0.063946909
1734523538.348765850,6,7,-0.110261664,7.727587725,-0.282099262
1734523538.348765850,6,8,7.714300485,0.196556237,0.259275003
1734523538.348765850,6,9,-4.012932051,3.895354077,-0.045440949
1734523538.408765793,7,0,4.023039400,-3.951899897,0.011103584
1734523538.408765793,7,1,8.258036885,-3.947076356,0.006944603
1734523538.408765793,7,2,4.021187653,-0.117790993,-0.124744249
1734523538.408765793,7,3,4.382462129,-8.480719872,0.006160170
1734523538.408765793,7,4,-0.003113865,-4.209953594,0.058180934
1734523538.408765793,7,5,7.183677947,0.097278012,-0.178214100
1734523538.408765793,7,6,0.250199021,-8.699627856,0.016176971
1734523538.408765793,7,8,7.611984673,-7.789360581,0.155328177
1734523538.408765793,7,9,-3.757817525,-3.891570129,0.014310721
1734523538.468765736,8,0,-4.107113172,4.027588140,0.030442919
1734523538.468765736,8,1,-0.000654429,4.650482901,0.127358677
1734523538.468765736,8,2,-3.995717058,7.325310709,-0.114874300
1734523538.468765736,8,3,-3.466155266,0.087614173,-0.200448809
1734523538.468765736,8,4,-7.875861488,3.805711482,-0.025953671
1734523538.468765736,8,5,-0.006462368,8.356037797,0.195778575
1734523538.468765736,8,6,-7.438908466,0.013474141,0.033907041
1734523538.468765736,8,7,-7.727529766,7.495530559,-0.005813120
1734523538.468765736,8,9,-7.172690226,2.185294480,0.164325762
1734523538.538765669,9,0,7.601578100,-0.089328306,-0.191034562
1734523538.538765669,9,1,7.492634628,0.310607988,0.118105934
1734523538.538765669,9,2,8.268135641,4.189179746,-0.042712611
1734523538.538765669,9,3,7.765724045,-3.817182342,0.008871338
1734523538.538765669,9,4,4.086833018,0.109686754,0.056274900
1734523538.538765669,9,5,7.140521383,2.293503594,-0.052873827
1734523538.538765669,9,6,4.016849128,-4.011077400,0.212532952
1734523538.538765669,9,7,3.950828248,4.073836774,-0.008679315
1734523538.538765669,9,8,7.190172997,-2.133308089,-0.020220670
1734523538.598765850,0,1,3.760532215,0.072989720,-0.136177886
1734523538.598765850,0,2,0.688862332,7.451590519,-0.499266894
1734523538.598765850,0,3,-0.181856842,-4.003258017,0.156986802
1734523538.598765850,0,4,-3.730868048,-0.027173108,0.134663659
1734523538.598765850,0,5,3.930297964,3.906081065,0.011000358
1734523538.598765850,0,6,-4.024659024,-4.066634359,-0.017235034
1734523538.598765850,0,7,-4.112463058,4.156766316,-0.021766383
1734523538.598765850,0,8,4.311569385,-4.269647548,0.010057376
1734523538.598765850,0,9,-8.778494308,0.158448697,0.168595992
1734523538.658765793,1,0,-3.701282701,0.137579661,-0.098632073
1734523538.658765793,1,2,-3.762817712,3.770496665,-0.009218510
1734523538.658765793,1,3,-3.982879277,-4.007676302,0.017688396
1734523538.658765793,1,4,-8.628079941,-0.024685679,-0.074912462
1734523538.658765793,1,5,0.273724717,4.046422894,-0.009147306
1734523538.658765793,1,6,-8.054330258,-4.052280471,-0.121975493
1734523538.658765793,1,7,-7.991837403,3.995863252,-0.063984169
1734523538.658765793,1,8,-0.146695663,-3.919995366,0.203258157
1734523538.718765736,2,0,-0.105822628,-3.642149349,0.044542412
1734523538.718765736,2,1,3.934353224,-4.226372446,-0.079467304
1734523538.718765736,2,3,-0.409010780,-9.057939666,-0.165273376
1734523538.718765736,2,4,-4.174823628,-3.863299905,-0.099428351
1734523538.718765736,2,5,4.499302202,-0.255114453,0.012717405
1734523538.718765736,2,6,-4.124303399,-7.616467530,-0.100097692
1734523538.718765736,2,7,-3.813647879,0.016551660,-0.101659524
1734523538.718765736,2,8,3.636499069,-7.891083238,-0.109311136
1734523538.718765736,2,9,-7.626492953,-3.522887695,-0.072040788
1734523538.778765678,3,0,-0.074122708,4.263745901,-0.174112358
1734523538.778765678,3,1,3.644045179,3.908466947,-0.036862282
1734523538.778765678,3,2,-0.097068913,6.657165596,-0.126116178
1734523538.778765678,3,4,-4.322130385,3.973281370,-0.028655053
1734523538.778765678,3,5,3.554764498,7.531520341,-0.081143623
1734523538.778765678,3,6,-7.464135405,-0.152105581,-0.716621624
1734523538.778765678,3,7,-3.653570352,6.821663578,-0.047315950
1734523538.778765678,3,8,3.867850215,0.203088180,0.170628753
1734523538.778765678,3,9,-7.391167064,3.437539446,-0.051346902
1734523538.848765850,4,0,3.904223773,0.265514973,-0.071208773
1734523538.848765850,4,1,7.186442405,0.194013545,0.116852220
1734523538.848765850,4,2,3.848535733,4.096208253,-0.061897893
1734523538.848765850,4,3,4.044213459,-3.728046465,-0.007467988
1734523538.848765850,4,5,8.148420443,4.436236618,-0.033397592
1734523538.848765850,4,6,-0.039251950,-3.541947919,0.255524743
1734523538.848765850,4,7,-0.258990894,4.181303434,-0.046174717
1734523538.848765850,4,8,7.334668934,-3.370677685,0.056479504
1734523538.848765850,4,9,-4.315285920,-0.310310038,-0.102910021
1734523538.908765793,5,0,-4.211543288,-4.393249120,-0.059907871
1734523538.908765793,5,1,0.148797131,-3.810282318,0.233194957
1734523538.908765793,5,2,-3.770432242,-0.135272247,0.058376999
1734523538.908765793,5,3,-3.639302364,-8.058252771,-0.021460451
1734523538.908765793,5,4,-7.807165271,-4.335962293,0.007288093
1734523538.908765793,5,6,-7.529850125,-8.100424803,0.025963071
1734523538.908765793,5,7,-7.975037206,-0.215846553,0.204347568
1734523538.908765793,5,8,0.208251634,-8.193410363,-0.208824554
1734523538.908765793,5,9,-7.001284006,-2.688083359,0.078931159
1734523538.978765726,6,0,3.873721588,4.148279664,-0.016472677
1734523538.978765726,6,1,7.933472219,4.299241201,-0.014124247
1734523538.978765726,6,2,3.611142220,7.843050700,0.032465668
1734523538.978765726,6,3,3.511989340,0.051775962,0.082003727
1734523538.978765726,6,4,-0.180143295,3.867225210,0.133335779
1734523538.978765726,6,5,8.003614510,8.481050086,0.025111383
1734523538.978765726,6,7,-0.238340156,7.495455726,-0.106477373
1734523538.978765726,6,8,8.059088284,0.068143010,-0.205880533
1734523538.978765726,6,9,-3.726043620,3.693753431,-0.114562301
1734523539.038765669,7,0,4.210869479,-3.956862119,0.050680443
1734523539.038765669,7,1,8.064474363,-3.682733829,0.017383587
1734523539.038765669,7,2,3.944708542,0.048504662,-0.148756037
1734523539.038765669,7,3,4.250477762,-7.759165333,0.006055861
1734523539.038765669,7,4,-0.184662752,-7.497541110,-0.052696925
1734523539.038765669,7,5,7.747061510,0.369327381,0.260766095
1734523539.038765669,7,6,0.254084021,-8.509036617,0.039231466
1734523539.038765669,7,8,8.922297718,-8.265417614,0.049637547
1734523539.038765669,7,9,-3.907249351,-4.172196696,0.023296229
1734523539.098765850,8,0,-4.239783602,3.961437432,-0.013013908
1734523539.098765850,8,1,0.092124823,4.138494008,0.002168969
1734523539.098765850,8,2,-3.915729271,7.087608571,-0.213623842
1734523539.098765850,8,3,-3.517347137,0.037541644,0.005399078
1734523539.098765850,8,4,-7.564203030,3.510992701,-0.054986793
1734523539.098765850,8,5,-0.381704418,8.301599422,0.073334360
1734523539.098765850,8,6,-7.479947901,-0.201569579,0.195444091
1734523539.098765850,8,7,-8.919188875,8.417149385,-0.119864837
1734523539.098765850,8,9,-7.227582199,1.999568061,-0.117401574
1734523539.158765793,9,0,7.311306927,0.461664270,-0.049416480
1734523539.158765793,9,1,7.484802489,0.471688339,-0.072400357
1734523539.158765793,9,2,7.899025900,4.216160315,-0.211606249
1734523539.158765793,9,3,7.784224818,-3.555302315,-0.021062739
1734523539.158765793,9,4,3.425805190,0.049419201,-0.244409794
1734523539.158765793,9,5,7.027657778,2.608895923,0.235983519
1734523539.158765793,9,6,4.052090534,-3.803748647,0.011578660
1734523539.158765793,9,7,3.746816469,3.917157538,0.055262605
1734523539.158765793,9,8,7.185121730,-2.147918287,-0.102336509
1734523539.228765726,0,1,4.356194725,0.078342794,0.168573588
1734523539.228765726,0,2,-0.020952949,3.808629178,-0.243279674
1734523539.228765726,0,3,-0.023384236,-4.145580431,-0.231790698
1734523539.228765726,0,4,-4.369187156,-0.112546623,-0.057857732
1734523539.228765726,0,5,4.153263840,4.189912577,-0.036689669
1734523539.228765726,0,6,-4.031497072,-4.077133161,0.022702726
1734523539.228765726,0,7,-3.805656176,3.749123349,0.000266753
1734523539.228765726,0,8,3.908623332,-3.867778454,0.057332283
1734523539.228765726,0,9,-7.362960133,0.047126768,-0.137705426
1734523539.288765669,1,0,-4.230110661,-0.281007714,-0.013793207
1734523539.288765669,1,2,-4.015904775,3.962677854,-0.059985278
1734523539.288765669,1,3,-4.074595172,-4.057665307,-0.193325499
1734523539.288765669,1,4,-8.090572906,0.021418975,0.060492061
1734523539.288765669,1,5,0.242582418,4.101242200,0.124895122
1734523539.288765669,1,6,-8.163146368,-4.036239949,-0.177768794
1734523539.288765669,1,7,-8.659193754,4.156997429,0.103970372
1734523539.288765669,1,8,0.156790594,-4.312607141,-0.227740962
1734523539.288765669,1,9,-7.497141613,-0.180979690,-0.100568330
1734523539.358765841,2,0,-0.515367247,-3.718470820,-0.061408683
1734523539.358765841,2,1,3.568948488,-4.083315423,-0.038827682
1734523539.358765841,2,3,-0.511801596,-7.048760783,-0.202782694
1734523539.358765841,2,4,-4.194410243,-3.694816364,-0.070302560
1734523539.358765841,2,5,4.481532998,-0.445658516,0.194403369
1734523539.358765841,2,6,-4.693181187,-7.819105287,-0.042879800
1734523539.358765841,2,7,-3.902161194,0.392878194,-0.084629940
1734523539.358765841,2,8,3.524717847,-8.308259651,-0.178626175
1734523539.358765841,2,9,-8.232539816,-3.441575196,0.006263676
1734523539.418765783,3,0,-0.244683997,3.612808242,-0.065470816
1734523539.418765783,3,1,3.943595256,4.510114033,-0.062626561
1734523539.418765783,3,2,-0.548083568,9.451836213,-0.196499749
1734523539.418765783,3,4,-4.094523318,3.601859214,-0.040679689
1734523539.418765783,3,5,3.252316386,8.087843122,-0.316095983
1734523539.418765783,3,6,-3.841721306,-0.214281387,-0.088622482
1734523539.418765783,3,7,-4.665377208,8.043645588,-0.162089938
1734523539.418765783,3,8,3.966865419,0.143445083,-0.048792461
1734523539.418765783,3,9,-7.092667163,3.030158198,-0.102553277
1734523539.478765726,4,0,3.844852149,0.118817861,0.005282174
1734523539.478765726,4,1,8.464237869,0.625011643,0.117413288
1734523539.478765726,4,2,3.748628244,4.291648788,-0.019858382
1734523539.478765726,4,3,3.978613373,-3.454438706,-0.024317528
1734523539.478765726,4,5,7.777056733,4.569116734,-0.136422547
1734523539.478765726,4,6,0.394805494,-3.901463980,0.123596690
1734523539.478765726,4,7,-0.282427297,4.241639013,0.088180987
1734523539.478765726,4,8,6.881681498,-2.967323272,0.295723454
1734523539.478765726,4,9,-3.535459970,-0.232597920,-0.021184758
1734523539.548765659,5,0,-3.896703723,-4.453774186,0.017780224
1734523539.548765659,5,1,0.358786123,-4.417458133,-0.019396997
1734523539.548765659,5,2,-4.050408367,-0.180182231,0.325145004
1734523539.548765659,5,3,-3.548213092,-8.856123881,0.057636615
1734523539.548765659,5,4,-7.952521997,-4.948875024,0.227006318
1734523539.548765659,5,6,-7.508370897,-8.721611084,-0.012911526
1734523539.548765659,5,7,-8.508688494,-0.442304696,-0.053233120
1734523539.548765659,5,8,0.501840422,-8.360546925,-0.003680411
1734523539.608765841,6,0,3.636604651,4.076108319,-0.019538774
1734523539.608765841,6,1,7.967608494,4.612173189,-0.068429531
1734523539.608765841,6,2,3.422273517,8.108956945,-0.027912519
1734523539.608765841,6,3,4.099938471,0.470504178,-0.002427737
1734523539.608765841,6,4,-0.113858722,3.980065221,-0.235397812
1734523539.608765841,6,5,7.100440800,7.955911052,0.005945064
1734523539.608765841,6,7,-0.330816642,9.001586882,-0.084781078
1734523539.608765841,6,8,8.206804543,0.682246509,-0.249696713
1734523539.608765841,6,9,-4.094546133,3.569226800,0.017661911
1734523539.668765783,7,0,3.999561879,-3.508121721,-0.049381074
1734523539.668765783,7,1,8.186046653,-3.477365260,0.027556093
1734523539.668765783,7,2,3.836981556,0.407724880,-0.078898525
1734523539.668765783,7,3,4.335119954,-7.796934874,0.144887845
1734523539.668765783,7,4,0.920083246,-7.435631087,0.338876311
1734523539.668765783,7,5,7.723611401,0.545777314,0.257826170
1734523539.668765783,7,6,0.432998037,-8.179401203,-0.127883303
1734523539.668765783,7,8,8.423384088,-7.370411669,-0.017172505
1734523539.668765783,7,9,-3.796927359,-4.294977220,0.048458748
1734523539.728765726,8,0,-4.511689542,4.003582090,-0.026633004
1734523539.728765726,8,1,-0.198607362,4.387277761,0.129704451
1734523539.728765726,8,2,-4.412791946,8.196992697,-0.062266108
1734523539.728765726,8,3,-3.826755118,-0.201986752,-0.323622724
1734523539.728765726,8,4,-7.677684708,3.202407592,-0.001041743
1734523539.728765726,8,5,-0.081796695,7.499552564,-0.004543739
1734523539.728765726,8,6,-7.922159170,-0.590315195,0.022251401
1734523539.728765726,8,7,-8.094009539,7.153037495,0.022191738
1734523539.728765726,8,9,-7.243028850,1.946349300,0.016046094
1734523539.788765669,9,0,7.020033441,0.338445462,0.218048849
1734523539.788765669,9,1,7.487468864,0.390467792,0.188002447
1734523539.788765669,9,2,6.635526777,4.067916615,-0.018571032
1734523539.788765669,9,3,8.638452140,-3.696349071,0.087580204
1734523539.788765669,9,4,3.954613885,0.242299624,-0.151065591
1734523539.788765669,9,5,7.032673300,2.605456773,-0.055688937
1734523539.788765669,9,6,4.309039127,-3.778584146,-0.022489374
1734523539.788765669,9,7,3.855295814,4.382158224,-0.014595982
1734523539.788765669,9,8,7.301042932,-1.715258872,-0.051566488
1734523539.858765841,0,1,3.924047732,-0.127201415,-0.075862484
1734523539.858765841,0,2,0.034396122,3.653797584,0.158916245
1734523539.858765841,0,3,0.183689039,-3.767566878,-0.213611723
1734523539.858765841,0,4,-3.832456048,0.141959702,0.218415200
1734523539.858765841,0,5,4.077098693,4.138936586,-0.015360007
1734523539.858765841,0,6,-4.232881869,-4.275482704,-0.008874362
1734523539.858765841,0,7,-4.156256329,4.062575545,0.004841722
1734523539.858765841,0,8,3.826734727,-3.793265631,-0.026064684
1734523539.858765841,0,9,-7.708511815,0.102445607,0.019850647
1734523539.918765783,1,0,-3.956571184,-0.004881763,-0.119831160
1734523539.918765783,1,2,-3.985664746,3.976553891,-0.066366494
1734523539.918765783,1,3,-4.070195449,-4.089357902,-0.096459297
1734523539.918765783,1,4,-8.863662776,-0.138213457,-0.112958542
1734523539.918765783,1,5,0.069395021,3.951552153,-0.122460213
1734523539.918765783,1,6,-8.601350000,-4.297972618,-0.104276169
1734523539.918765783,1,7,-6.793349161,3.175557700,-0.127438124
1734523539.918765783,1,8,-0.259214083,-4.192427115,-0.030892659
1734523539.918765783,1,9,-7.498003253,0.158289827,0.069939596
1734523539.988765717,2,0,-0.709574489,-4.750673013,-0.094068625
1734523539.988765717,2,1,3.752969916,-4.841263751,-0.182015420
1734523539.988765717,2,3,-1.066252389,-8.394734768,-0.186939009
1734523539.988765717,2,4,-4.319975857,-3.459543529,-0.056750601
1734523539.988765717,2,5,4.151699833,-0.590540639,0.059167053
1734523539.988765717,2,6,-5.291074559,-8.023866194,-0.113770497
1734523539.988765717,2,7,-4.322107976,0.532608516,0.169943037
1734523539.988765717,2,8,2.861607101,-7.820433601,-0.097881430
1734523539.988765717,2,9,-8.164242781,-2.983851131,-0.198585436
1734523540.048765659,3,0,-0.446642769,4.161148006,0.176923006
1734523540.048765659,3,1,3.524486147,4.352287291,-0.067425686
1734523540.048765659,3,2,-0.857349643,7.943542822,0.007844657
1734523540.048765659,3,4,-4.554355450,3.642925158,-0.075083254
1734523540.048765659,3,5,3.251831493,8.340104877,-0.341036383
1734523540.048765659,3,6,-3.927805575,-0.433275996,-0.034793003
1734523540.048765659,3,7,-4.741952653,7.522928549,-0.172288243
1734523540.048765659,3,8,3.343463747,0.295720040,0.097618928
1734523540.048765659,3,9,-8.622801037,3.497889411,-0.276299114
1734523540.108765841,4,0,4.371370826,0.378367236,-0.076816852
1734523540.108765841,4,1,8.370070247,1.096982155,0.159779407
1734523540.108765841,4,2,3.647222713,4.604263912,-0.069899027
1734523540.108765841,4,3,4.796862199,-3.572910978,-0.202469772
1734523540.108765841,4,5,7.383753143,4.879086690,-0.061932817
1734523540.108765841,4,6,0.481778417,-3.672493994,0.277648326
1734523540.108765841,4,7,-0.584715756,3.988610918,-0.078200004
1734523540.108765841,4,8,7.742907794,-2.705129450,0.096000795
1734523540.108765841,4,9,-4.312751792,-0.483463612,-0.141670503
1734523540.168765783,5,0,-3.719945107,-4.695184753,-0.002161607
1734523540.168765783,5,1,0.333769562,-3.771047560,-0.130872517
1734523540.168765783,5,2,-4.088055488,-0.170790216,-0.175358783
1734523540.168765783,5,3,-3.139025901,-8.519635015,-0.038379436
1734523540.168765783,5,4,-8.118229645,-5.291277236,0.035968305
1734523540.168765783,5,6,-6.902467915,-8.824813844,-0.030554960
1734523540.168765783,5,7,-7.454072206,-0.817886980,0.133672854
1734523540.168765783,5,8,1.071498815,-8.138270382,-0.009327808
1734523540.168765783,5,9,-6.743948825,-3.280268496,-0.094830595
1734523540.238765717,6,0,3.478967225,4.335378884,-0.032764623
1734523540.238765717,6,1,8.167925074,5.194610944,0.055198922
1734523540.238765717,6,2,3.192111022,8.551707108,-0.085656022
1734523540.238765717,6,3,4.019867893,0.253161989,0.028861241
1734523540.238765717,6,4,-0.380193006,3.702331193,-0.059088055
1734523540.238765717,6,5,7.094097063,8.611307238,0.026932923
1734523540.238765717,6,7,-0.598188430,7.569941369,0.218479003
1734523540.238765717,6,8,8.467554674,0.830647653,0.087529931
1734523540.238765717,6,9,-4.792928884,3.926288901,-0.040527080
1734523540.298765659,7,0,4.389001747,-3.494232018,0.029401428
1734523540.298765659,7,1,8.207960653,-2.989175630,-0.080463944
1734523540.298765659,7,2,3.868051041,0.627493874,-0.064764155
1734523540.298765659,7,3,5.007716717,-7.718903029,-0.011631613
1734523540.298765659,7,4,0.462173881,-4.358412495,-0.030284649
1734523540.298765659,7,5,8.567246357,0.779998875,-0.008666488
1734523540.298765659,7,6,0.931229279,-7.964145746,0.088400886
1734523540.298765659,7,8,9.102026820,-7.341297191,0.044313227
1734523540.298765659,7,9,-3.306972779,-4.299231583,-0.080379977
1734523540.358765841,8,0,-4.466388079,3.555089601,0.005319295
1734523540.358765841,8,1,-0.453451922,3.969165415,-0.058708244
1734523540.358765841,8,2,-5.177805307,7.874623615,-0.063510378
1734523540.358765841,8,3,-4.323633041,-0.431680355,0.238128344
1734523540.358765841,8,4,-7.572714270,2.566886803,0.121538567
1734523540.358765841,8,5,-0.970818591,7.773548630,-0.046617710
1734523540.358765841,8,6,-8.242681727,-0.827648656,0.086512433
1734523540.358765841,8,7,-8.798069250,7.108318668,0.068162411
1734523540.358765841,8,9,-7.262507491,1.872386507,0.012398290
1734523540.418765783,9,0,8.014880119,1.151376456,-0.129050063
1734523540.418765783,9,1,7.439313205,0.952089870,0.011996372
1734523540.418765783,9,2,7.060156516,4.478138947,0.017900942
1734523540.418765783,9,3,9.394282944,-3.472168696,0.121688698
1734523540.418765783,9,4,3.880358925,0.560111977,-0.054469702
1734523540.418765783,9,5,6.812795850,3.123780955,0.278935921
1734523540.418765783,9,6,4.557641190,-3.685009759,0.013690068
1734523540.418765783,9,7,3.544171000,4.425509952,0.011772601
1734523540.418765783,9,8,7.301077997,-1.714305532,0.073597720
1734523540.478765726,0,1,7.481328636,-0.176191381,-0.498676687
1734523540.478765726,0,2,-0.014031305,3.937969681,0.031312817
1734523540.478765726,0,3,-0.001974297,-4.013621510,-0.035276924
1734523540.478765726,0,4,-7.449363439,-0.683758095,0.538014144
1734523540.478765726,0,5,3.741131358,3.821054658,0.015177164
1734523540.478765726,0,6,-3.996423432,-4.104177270,0.021808526
1734523540.478765726,0,7,-3.864139718,3.754115119,-0.017351876
1734523540.478765726,0,8,3.989617461,-3.871113577,0.030020730
1734523540.478765726,0,9,-7.419118428,-0.016902682,0.037895917
1734523540.548765659,1,0,-7.481612958,0.512074633,-0.115096134
1734523540.548765659,1,2,-3.742759414,3.727085436,0.000026206
1734523540.548765659,1,3,-4.152621251,-4.177387015,-0.031155339
1734523540.548765659,1,4,-7.489087244,-0.065265504,-0.073182679
1734523540.548765659,1,5,0.153764202,4.212155507,0.055679325
1734523540.548765659,1,6,-7.516799835,-3.921390124,-0.142092562
1734523540.548765659,1,7,-8.570818685,4.265710627,-0.078089739
1734523540.548765659,1,8,0.038734223,-4.684884579,0.148996902
1734523540.548765659,1,9,-7.495529371,0.256733173,-0.033578709
1734523540.608765841,2,0,-1.065453355,-7.385607884,-0.753395863
1734523540.608765841,2,1,3.237067010,-4.651160964,-0.077248979
1734523540.608765841,2,3,-1.310244817,-6.982632045,-0.236963922
1734523540.608765841,2,4,-4.841048103,-3.374974865,-0.103348799
1734523540.608765841,2,5,3.621001307,-0.515197240,-0.171090443
1734523540.608765841,2,6,-4.550942872,-5.960098078,0.127082152
1734523540.608765841,2,7,-7.360040428,1.270963779,-0.681510071
1734523540.608765841,2,8,2.538684732,-8.360714498,-0.151434044
1734523540.608765841,2,9,-9.281112319,-2.715421187,-0.108822130
1734523540.668765783,3,0,-0.757844478,3.644108770,-0.076291641
1734523540.668765783,3,1,4.017534960,5.455694955,-0.073895391
1734523540.668765783,3,2,-1.364985244,8.310839471,-0.015404639
1734523540.668765783,3,4,-4.865906231,3.493172543,-0.124698374
1734523540.668765783,3,5,3.039206789,9.428753988,-0.322585596
1734523540.668765783,3,6,-3.460935892,-0.608598960,-0.294288176
1734523540.668765783,3,7,-5.250911916,7.349104165,-0.161884613
1734523540.668765783,3,8,4.191686561,0.797255364,0.108576637
1734523540.668765783,3,9,-8.309453558,2.527041407,0.074617395
1734523540.738765717,4,0,4.098309992,0.841031837,-0.089421766
1734523540.738765717,4,1,7.356866418,1.139723532,-0.020499554
1734523540.738765717,4,2,3.452911993,4.912781072,-0.025578485
1734523540.738765717,4,3,4.541636746,-3.230457576,-0.015533734
1734523540.738765717,4,5,6.855848592,5.065075150,-0.077527646
1734523540.738765717,4,6,0.585227386,-4.064610298,0.011976885
1734523540.738765717,4,7,-0.527318075,3.976551907,-0.119429918
1734523540.738765717,4,8,8.391840732,-2.268761589,-0.106542222
1734523540.738765717,4,9,-3.395018157,-0.575850825,-0.044396648
1734523540.798765659,5,0,-3.055344508,-4.513480951,-0.030215613
1734523540.798765659,5,1,0.904841001,-4.054076582,0.099466800
1734523540.798765659,5,2,-3.971035236,-0.896945595,-0.077082854
1734523540.798765659,5,3,-2.755994771,-8.584813180,-0.188120868
1734523540.798765659,5,4,-7.190833543,-5.316532494,-0.000371771
1734523540.798765659,5,6,-6.649139920,-9.593682556,-0.005734044
1734523540.798765659,5,7,-7.725108423,-1.479268285,-0.228170702
1734523540.798765659,5,8,1.519934267,-8.221350064,-0.029146791
1734523540.798765659,5,9,-6.647190933,-3.473442551,-0.007038936
1734523540.858765841,6,0,3.304550370,4.522334446,-0.024703153
1734523540.858765841,6,1,7.012236705,5.033898588,0.040098381
1734523540.858765841,6,2,2.702209403,8.569551618,-0.029960434
1734523540.858765841,6,3,4.122768881,0.573282547,-0.113240169
1734523540.858765841,6,4,-0.669465005,4.583245750,0.133317407
1734523540.858765841,6,5,6.684455684,9.068965829,-0.072732505
1734523540.858765841,6,7,-1.145528479,7.698702358,0.230306187
1734523540.858765841,6,8,8.181848779,1.173603103,0.143784767
1734523540.858765841,6,9,-4.442938918,3.259891711,0.007497957
1734523540.928765774,7,0,4.584004615,-3.265118739,-0.032118237
1734523540.928765774,7,1,8.409485984,-2.501496906,0.003065003
1734523540.928765774,7,2,3.535453712,0.572690127,0.054484890
1734523540.928765774,7,3,5.169961782,-7.186388811,-0.016453305
1734523540.928765774,7,4,0.608953416,-3.788171574,-0.047785994
1734523540.928765774,7,5,7.540359118,1.036089511,-0.183565482
1734523540.928765774,7,6,1.455827143,-7.648047443,0.128659721
1734523540.928765774,7,8,9.246791664,-6.652755526,0.067285814
1734523540.928765774,7,9,-3.685995617,-4.880770548,-0.125211578
1734523540.988765717,8,0,-4.558377701,3.231521265,-0.053037970
1734523540.988765717,8,1,-0.677438509,3.744256634,-0.249136425
1734523540.988765717,8,2,-5.432145919,7.614650351,0.087130639
1734523540.988765717,8,3,-4.398354923,-0.678720181,-0.005067797
1734523540.988765717,8,4,-9.594126563,2.909576122,-0.119573717
1734523540.988765717,8,5,-1.544045414,8.749279562,-0.087097517
1734523540.988765717,8,6,-7.588048157,-1.075145692,0.046819418
1734523540.988765717,8,7,-9.806180486,7.161944186,-0.157554062
1734523540.988765717,8,9,-7.400005774,1.219864763,0.042947668
1734523541.048765659,9,0,8.469437703,1.206044478,0.047380393
1734523541.048765659,9,1,7.395407261,1.227649419,0.225451440
1734523541.048765659,9,2,6.946943601,5.146423002,-0.361414925
1734523541.048765659,9,3,8.006645261,-2.139598858,-0.131273079
1734523541.048765659,9,4,4.196762243,0.763446240,-0.065967614
1734523541.048765659,9,5,6.487810364,3.761613112,-0.092647029
1734523541.048765659,9,6,4.486234183,-3.145625146,0.032831443
1734523541.048765659,9,7,3.267044466,4.519647764,-0.018052338
1734523541.118765831,0,1,3.963137480,-0.050640425,-0.209530603
1734523541.118765831,0,2,-0.028248130,4.088416756,0.000201006
1734523541.118765831,0,3,0.047384259,-4.032399853,0.026716782
1734523541.118765831,0,4,-4.235954517,-0.055234230,-0.007440693
1734523541.118765831,0,5,3.853080840,3.963760753,0.023600029
1734523541.118765831,0,6,-4.108170432,-4.186468393,-0.030663774
1734523541.118765831,0,7,-3.928962056,3.809597074,0.008292427
1734523541.118765831,0,8,4.058558471,-3.991193440,0.022369677
1734523541.118765831,0,9,-7.900756687,-0.151731077,-0.045996503
1734523541.178765774,1,0,-3.713828482,0.025333955,-0.038325246
1734523541.178765774,1,2,-3.756067536,3.758844706,-0.087652792
1734523541.178765774,1,3,-3.998729927,-4.063055109,-0.088041129
1734523541.178765774,1,4,-8.441925826,-0.013801169,-0.094802905
1734523541.178765774,1,5,-0.032661156,4.138357561,0.000577245
1734523541.178765774,1,6,-8.140495867,-4.017770574,-0.237441622
1734523541.178765774,1,7,-7.925238758,3.798202808,0.145060948
1734523541.178765774,1,8,-0.017064421,-3.973403312,0.000347687
1734523541.178765774,1,9,-7.498820511,-0.130290343,-0.026746326
1734523541.248765707,2,0,-1.083409738,-3.839723279,-0.107610379
1734523541.248765707,2,1,2.963276014,-4.983484897,-0.060724469
1734523541.248765707,2,3,-1.934541550,-7.894072640,-0.188475214
1734523541.248765707,2,4,-5.224139501,-3.158526397,-0.079457138
1734523541.248765707,2,5,3.970624811,-0.996462161,-0.013878666
1734523541.248765707,2,6,-5.828856625,-7.035336238,-0.199650827
1734523541.248765707,2,7,-3.831823976,0.960668338,-0.028000520
1734523541.248765707,2,8,1.946142628,-8.763591607,-0.144161132
1734523541.248765707,2,9,-8.799200653,-1.987365997,-0.124490178
1734523541.308765650,3,0,-0.763853218,3.728175356,-0.081294786
1734523541.308765650,3,1,2.975727959,4.799192491,-0.121483356
1734523541.308765650,3,2,-1.838657201,7.742631163,-0.218660476
1734523541.308765650,3,4,-4.804759942,2.979253971,-0.097834893
1734523541.308765650,3,5,1.935218243,8.600512578,-0.279091141
1734523541.308765650,3,6,-3.856316199,-0.871181065,0.019722222
1734523541.308765650,3,7,-5.871560920,7.048731960,-0.166680966
1734523541.308765650,3,8,3.970371665,0.916519596,-0.003982181
1734523541.308765650,3,9,-8.712055504,2.079728561,-0.346776295
1734523541.368765831,4,0,4.392938980,1.196670506,0.151436498
1734523541.368765831,4,1,7.798711913,2.103534498,-0.253756574
1734523541.368765831,4,2,3.017985469,5.031213596,-0.064641957
1734523541.368765831,4,3,5.019141548,-3.272338612,-0.140780936
1734523541.368765831,4,5,7.166828189,6.030296415,-0.001261983
1734523541.368765831,4,6,0.963434310,-3.932704820,0.009882962
1734523541.368765831,4,7,-0.909417125,3.756440350,-0.031918720
1734523541.368765831,4,8,8.575223503,-2.063081837,0.133359474
1734523541.368765831,4,9,-3.522314811,-1.004423245,0.292676431
1734523541.438765764,5,0,-2.815459553,-4.727259998,-0.061063922
1734523541.438765764,5,1,0.803555720,-3.665795602,0.026973866
1734523541.438765764,5,2,-3.837093295,-0.894294725,0.001404248
1734523541.438765764,5,3,-2.161051510,-8.717996597,-0.065298221
1734523541.438765764,5,4,-6.937118780,-5.927301826,-0.017132482
1734523541.438765764,5,6,-6.099802795,-10.195841396,0.033950350
1734523541.438765764,5,7,-7.279821154,-1.833567039,-0.027623865
1734523541.438765764,5,8,1.726691972,-6.858261826,-0.080033193
1734523541.438765764,5,9,-6.353632301,-3.984910861,-0.042918663
1734523541.498765707,6,0,3.162244335,4.946261628,-0.005064046
1734523541.498765707,6,1,7.277379687,5.938115679,0.018455727
1734523541.498765707,6,2,2.200472635,8.970629704,-0.092747185
1734523541.498765707,6,3,3.743299116,0.791383407,0.004268847
1734523541.498765707,6,4,-0.917093142,4.012715233,0.017011739
1734523541.498765707,6,5,6.179028213,9.860425136,-0.054597521
1734523541.498765707,6,7,-1.811687464,7.832170949,-0.171473068
1734523541.498765707,6,8,7.749491117,1.740500302,-0.022896765
1734523541.498765707,6,9,-4.752546086,3.036115554,-0.083536380
1734523541.558765650,7,0,4.550265445,-3.092091191,0.139775752
1734523541.558765650,7,1,9.103721121,-2.097116442,-0.015451848
1734523541.558765650,7,2,4.040002141,1.038185995,0.005402729
1734523541.558765650,7,3,5.910220271,-7.037924252,-0.013852033
1734523541.558765650,7,4,0.944123637,-3.938686760,-0.020258923
1734523541.558765650,7,5,7.677128255,1.811877854,0.013138667
1734523541.558765650,7,6,1.888762738,-8.011854761,-0.102868259
1734523541.558765650,7,8,10.175438654,-6.276388269,-0.010754707
1734523541.558765650,7,9,-2.960140321,-4.861865939,-0.008282497
1734523541.628765821,8,0,-4.919689582,3.074839536,-0.005164891
1734523541.628765821,8,1,-0.984490539,3.848881501,-0.172010232
1734523541.628765821,8,2,-6.223917696,7.769190345,0.032888396
1734523541.628765821,8,3,-3.991396995,-0.975300402,0.013802832
1734523541.628765821,8,4,-7.327699641,1.595726620,0.092057198
1734523541.628765821,8,5,-1.905881892,8.183921318,0.030428425
1734523541.628765821,8,6,-7.628158668,-1.852880598,-0.027592313
1734523541.628765821,8,7,-9.770709515,5.978706808,-0.078570399
1734523541.628765821,8,9,-7.471551529,0.621980778,0.197630111
1734523541.688765764,9,0,7.701434571,2.146319872,0.007323967
1734523541.688765764,9,1,7.233885570,1.978948314,0.068287120
1734523541.688765764,9,2,6.097513443,5.227620872,-0.094610553
1734523541.688765764,9,3,6.872071813,-1.574322409,-0.120592168
1734523541.688765764,9,4,3.876149745,0.950667199,-0.035915128
1734523541.688765764,9,5,6.326828002,4.021996281,-0.211644379
1734523541.688765764,9,6,4.703159160,-2.808505429,-0.035441787
1734523541.688765764,9,7,2.682407206,4.398771997,0.150305886
1734523541.688765764,9,8,7.478269474,-0.548455377,-0.157106245
1734523541.748765707,0,1,3.976186612,0.073233268,0.199310095
1734523541.748765707,0,2,-0.075174718,4.259983386,-0.005039987
1734523541.748765707,0,3,0.033784958,-4.075614901,0.080877277
1734523541.748765707,0,4,-4.221398473,-0.013429266,0.106703033
1734523541.748765707,0,5,5.228651263,5.370650872,-0.259451690
1734523541.748765707,0,6,-4.137352039,-4.096584387,-0.173182779
1734523541.748765707,0,7,-4.079873303,4.343330085,0.117875204
1734523541.748765707,0,8,3.519252352,-3.615588819,-0.155266368
1734523541.748765707,0,9,-8.632951177,-0.174165403,0.024076712
1734523541.808765650,1,0,-3.721932718,-0.022862488,-0.206532267
1734523541.808765650,1,2,-3.994872793,4.078203717,-0.323914653
1734523541.808765650,1,3,-3.788482930,-4.161398478,0.122406774
1734523541.808765650,1,4,-7.687764458,0.014868817,-0.116465096
1734523541.808765650,1,5,-0.040315461,3.855593190,-0.012688433
1734523541.808765650,1,6,-7.882061251,-3.904068146,-0.069338435
1734523541.808765650,1,7,-9.019095860,4.436496883,-0.197963926
1734523541.808765650,1,8,-0.016660667,-4.144975623,-0.012112233
1734523541.808765650,1,9,-7.496391122,0.028516139,-0.230883044
1734523541.878765821,2,0,-1.107758837,-3.436544136,-0.171833333
1734523541.878765821,2,1,2.473313395,-5.140864048,-0.105171673
1734523541.878765821,2,3,-2.767599080,-7.831935187,-0.193353529
1734523541.878765821,2,4,-6.554568009,-3.631857859,0.311844042
1734523541.878765821,2,5,3.953914284,-1.406460041,0.036652272
1734523541.878765821,2,6,-7.000716645,-6.803453928,-0.205151183
1734523541.878765821,2,7,-3.874610360,1.282854023,-0.023417192
1734523541.878765821,2,8,1.012297280,-8.422372447,-0.146637550
1734523541.878765821,2,9,-9.021248126,-1.210053625,-0.077401628
1734523541.938765764,3,0,-1.120453500,3.926701365,0.233387046
1734523541.938765764,3,1,2.755716032,5.337002735,-0.115335029
1734523541.938765764,3,2,-2.320129267,7.123167704,-0.147648092
1734523541.938765764,3,4,-6.713456581,3.329733877,-0.303929341
1734523541.938765764,3,5,1.085853468,7.792729010,-0.291316659
1734523541.938765764,3,6,-3.813976867,-1.236697788,-0.013278519
1734523541.938765764,3,7,-6.512797036,6.546870628,-0.203952418
1734523541.938765764,3,8,4.005342045,1.302458207,0.019479979
1734523541.938765764,3,9,-8.536852208,1.531599479,-0.107109487
1734523541.998765707,4,0,3.721230326,1.393305212,0.102724288
1734523541.998765707,4,1,7.489239009,2.797548736,0.021079432
1734523541.998765707,4,2,2.484159186,4.535878567,-0.188521634
1734523541.998765707,4,3,5.209311314,-2.365358811,-0.116841913
1734523541.998765707,4,5,6.440405528,6.531454108,-0.064873746
1734523541.998765707,4,6,1.237385899,-3.626200659,0.036357319
1734523541.998765707,4,7,-1.332917844,3.965262249,-0.034865785
1734523541.998765707,4,8,8.491951312,-1.146624564,0.144701375
1734523541.998765707,4,9,-3.248558660,-1.015644400,0.011226352
1734523542.068765879,5,0,-2.651094862,-5.426129906,-0.034092628
1734523542.068765879,5,1,1.374746408,-3.633239122,0.119475586
1734523542.068765879,5,2,-3.742380385,-1.263988462,0.014664517
1734523542.068765879,5,3,-1.306835528,-8.940192899,-0.062160498
1734523542.068765879,5,4,-6.465907341,-6.592590615,-0.007518320
1734523542.068765879,5,6,-4.790384625,-10.284881024,0.141815621
1734523542.068765879,5,7,-7.620383807,-2.592854174,-0.063958267
1734523542.068765879,5,8,2.559148136,-7.349067258,-0.004260442
1734523542.128765821,6,0,2.544447741,4.842534566,0.008615789
1734523542.128765821,6,1,6.181471107,5.812912708,-0.074902653
1734523542.128765821,6,2,1.478320826,8.924683006,-0.002296001
1734523542.128765821,6,3,4.039027988,1.186030081,0.002696809
1734523542.128765821,6,4,-1.515705675,4.317531434,-0.168715629
1734523542.128765821,6,5,3.758588385,6.490217284,0.009641389
1734523542.128765821,6,7,-2.183602123,7.185565246,-0.063383361
1734523542.128765821,6,8,7.744966120,2.460919177,0.317299807
1734523542.128765821,6,9,-4.941458655,2.496304851,0.065900427
1734523542.188765764,7,0,4.966715987,-2.466695201,-0.046485480
1734523542.188765764,7,1,9.356338350,-1.326292638,0.047053990
1734523542.188765764,7,2,3.577066705,1.254261350,0.008385264
1734523542.188765764,7,3,5.802717931,-5.805468900,0.107191885
1734523542.188765764,7,4,1.235563081,-3.684992534,-0.005967042
1734523542.188765764,7,5,7.459317765,2.549004291,-0.007288922
1734523542.188765764,7,6,2.513598055,-7.451796647,-0.049241260
1734523542.188765764,7,8,8.490702105,-4.169053479,-0.199433642
1734523542.188765764,7,9,-2.614300284,-4.926358028,-0.116180138
1734523542.248765707,8,0,-5.420482879,2.722463829,-0.016128856
1734523542.248765707,8,1,-1.211392505,4.073603952,0.118026669
1734523542.248765707,8,2,-6.524285088,6.693989345,-0.052537959
1734523542.248765707,8,3,-3.930691246,-1.364413994,-0.005464061
1734523542.248765707,8,4,-9.297261813,1.442252004,0.159357616
1734523542.248765707,8,5,-2.330724788,7.616679499,0.155112694
1734523542.248765707,8,6,-8.155185611,-2.727862576,-0.044796096
1734523542.248765707,8,7,-10.396777091,4.963374175,-0.008105548
1734523542.248765707,8,9,-7.495345919,-0.194591286,0.178672292
1734523542.318765879,9,0,7.264492514,2.260187940,-0.187180387
1734523542.318765879,9,1,7.084328626,2.462160302,-0.007386573
1734523542.318765879,9,2,5.873240953,6.082215743,-0.247738475
1734523542.318765879,9,3,9.074717286,-1.390798448,0.020466755
1734523542.318765879,9,4,3.635898999,1.223744726,-0.043148025
1734523542.318765879,9,5,6.045326627,4.429133206,-0.294626911
1734523542.318765879,9,6,5.729215714,-2.534241362,0.068845307
1734523542.318765879,9,7,2.748850660,5.777079203,-0.209706189
1734523542.318765879,9,8,7.490806281,0.347026785,-0.131885079
1734523542.378765821,0,1,3.835155584,0.342015019,-0.108337792
1734523542.378765821,0,2,-0.075711172,3.883170303,-0.003155442
1734523542.378765821,0,3,0.048223097,-4.190236923,0.020082109
1734523542.378765821,0,4,-4.016954919,-0.100377608,-0.022865945
1734523542.378765821,0,5,4.407481530,4.756147256,0.096945018
1734523542.378765821,0,6,-3.955322280,-4.179838930,-0.216253021
1734523542.378765821,0,7,-3.838150249,3.634210659,-0.102656429
1734523542.378765821,0,8,3.883056616,-3.876650262,-0.052052392
1734523542.378765821,0,9,-6.611252129,-0.111750478,-0.121130028
1734523542.438765764,1,0,-7.482166532,-0.439962274,0.271324874
1734523542.438765764,1,2,-3.735412388,3.862208595,0.075678303
1734523542.438765764,1,3,-4.067926392,-4.166522552,0.014705834
1734523542.438765764,1,4,-8.029593707,-0.070848647,-0.113085643
1734523542.438765764,1,5,-0.021884922,3.898765048,0.004805875
1734523542.438765764,1,6,-8.333623482,-4.176261972,-0.082499830
1734523542.438765764,1,7,-7.965613242,3.896180732,-0.134045668
1734523542.438765764,1,8,-0.051842358,-4.119462825,-0.013881363
1734523542.438765764,1,9,-7.499859262,0.007397918,0.045346748
1734523542.508765697,2,0,-1.950279775,-3.948560169,-0.178041080
1734523542.508765697,2,1,2.056904573,-5.257586843,-0.212875689
1734523542.508765697,2,3,-3.272178112,-7.456821378,-0.126929225
1734523542.508765697,2,4,-5.622961558,-2.214250732,0.073432765
1734523542.508765697,2,5,3.762894159,-1.673236708,0.006831777
1734523542.508765697,2,6,-6.369863208,-5.384987142,-0.119334581
1734523542.508765697,2,7,-3.732797125,1.569784224,-0.000776038
1734523542.508765697,2,8,0.482946486,-8.661323380,-0.170326764
1734523542.508765697,2,9,-8.900590927,-0.450340168,-0.022117174
1734523542.568765879,3,0,-1.346577213,3.228861462,-0.078377917
1734523542.568765879,3,1,2.353519460,5.691400651,-0.118918222
1734523542.568765879,3,2,-3.067858176,7.513720052,-0.238472245
1734523542.568765879,3,4,-4.871952422,2.036047586,-0.165028109
1734523542.568765879,3,5,0.368808782,8.646574894,-0.102191275
1734523542.568765879,3,6,-3.553705838,-1.455709525,-0.022157239
1734523542.568765879,3,7,-6.871736540,6.166894251,-0.154145742
1734523542.568765879,3,8,3.797451715,1.614249473,0.001589221
1734523542.568765879,3,9,-7.892933583,0.587631817,-0.132396579
1734523542.628765821,4,0,3.664153627,1.713415932,-0.024177177
1734523542.628765821,4,1,6.405722393,2.754125155,0.186586145
1734523542.628765821,4,2,1.842392270,4.817327203,-0.131179780
1734523542.628765821,4,3,5.579541691,-2.391477019,-0.008415960
1734523542.628765821,4,5,6.110479484,7.165528892,-0.083267412
1734523542.628765821,4,6,1.530467107,-3.573555737,0.035830690
1734523542.628765821,4,7,-1.489371767,3.554347241,-0.025525920
1734523542.628765821,4,8,8.528777711,-0.538263550,-0.236785364
1734523542.628765821,4,9,-3.707897194,-1.592814754,0.048184798
1734523542.698765755,5,0,-2.117348128,-5.429807738,-0.031886452
1734523542.698765755,5,2,-3.512382955,-1.423641992,-0.023845138
1734523542.698765755,5,3,-0.500309106,-9.594726588,0.061230923
1734523542.698765755,5,4,-5.421054723,-6.245590771,-0.183844396
1734523542.698765755,5,6,-3.622788718,-9.513458642,-0.086892116
1734523542.698765755,5,7,-7.519919643,-3.244954076,0.045995285
1734523542.698765755,5,8,2.997218574,-6.975251522,0.000899050
1734523542.698765755,5,9,-5.712614634,-4.858044832,0.124235469
1734523542.758765697,6,0,2.446853681,5.465605136,0.008774229
1734523542.758765697,6,1,5.992833565,6.502076626,-0.330999037
1734523542.758765697,6,2,0.927695008,9.126796135,-0.019083009
1734523542.758765697,6,3,3.768993163,1.382421035,0.008383161
1734523542.758765697,6,4,-1.380624771,3.512297314,-0.009288860
1734523542.758765697,6,5,4.460042729,9.629517151,0.077819120
1734523542.758765697,6,7,-2.750778588,7.152230514,0.071922005
1734523542.758765697,6,8,7.674693442,2.954704578,0.031697663
1734523542.758765697,6,9,-4.779296347,1.954402361,-0.205551659
1734523542.818765879,7,0,5.335046695,-2.168390754,-0.077794693
1734523542.818765879,7,1,9.006955225,-0.596376569,0.041258922
1734523542.818765879,7,2,3.754280898,1.681917821,0.012180200
1734523542.818765879,7,3,6.670743434,-5.727366785,-0.124309197
1734523542.818765879,7,4,1.572432838,-3.850867934,-0.025869995
1734523542.818765879,7,5,7.361437430,3.094768534,0.017665427
1734523542.818765879,7,6,3.098977001,-7.214880794,-0.053952964
1734523542.818765879,7,8,11.029289711,-4.278162502,0.018248204
1734523542.818765879,7,9,-1.791520882,-4.354078000,-0.136346786
1734523542.888765812,8,0,-5.437319719,2.184246973,-0.058343265
1734523542.888765812,8,1,-1.515636283,3.964352061,0.116328246
1734523542.888765812,8,2,-6.704796078,5.529151488,-0.225455028
1734523542.888765812,8,3,-3.923172120,-1.732702645,0.004619161
1734523542.888765812,8,4,-8.911749803,0.542961253,0.036431103
1734523542.888765812,8,5,-3.055575207,7.115049984,-0.017447234
1734523542.888765812,8,6,-8.061064938,-3.408978702,-0.115063087
1734523542.888765812,8,7,-8.860509848,3.415402695,0.030222485
1734523542.888765812,8,9,-7.463506153,-0.731176393,-0.107037317
1734523542.948765755,9,0,6.795276561,3.173348151,-0.063858969
1734523542.948765755,9,1,6.797499766,3.168726384,-0.056303102
1734523542.948765755,9,2,5.079484015,6.417155845,-0.121267334
1734523542.948765755,9,3,8.526709148,-0.493651947,-0.212924673
1734523542.948765755,9,4,3.622225924,1.540796855,-0.037782226
1734523542.948765755,9,5,5.618890543,4.963204019,-0.211364437
1734523542.948765755,9,6,5.228120790,-1.912223945,-0.074867012
1734523542.948765755,9,7,1.979787138,5.121445496,0.030380562
1734523542.948765755,9,8,7.470283207,0.662805876,0.074546464
1734523543.018765688,0,1,7.463225989,0.532263361,0.516675481
1734523543.018765688,0,2,-0.109816221,4.258907618,0.018410586
1734523543.018765688,0,3,0.084613783,-4.019450873,0.021637167
1734523543.018765688,0,4,-4.010738899,-0.097026328,-0.026092370
1734523543.018765688,0,5,3.754904779,3.912601670,-0.247163139
1734523543.018765688,0,6,-5.347544585,-5.252783846,-0.249055771
1734523543.018765688,0,7,-4.950228638,4.846289856,0.050137587
1734523543.018765688,0,8,5.077196474,-5.516566310,0.198927390
1734523543.018765688,0,9,-8.265329273,-0.157398451,-0.036755994
1734523543.078765869,1,0,-4.055505982,0.035066979,-0.010671460
1734523543.078765869,1,2,-3.922127072,4.139562823,-0.162423808
1734523543.078765869,1,3,-3.906949126,-3.951766544,-0.115941970
1734523543.078765869,1,4,-8.010593798,-0.055050410,-0.094483743
1734523543.078765869,1,5,-0.039411378,3.953687625,0.010661988
1734523543.078765869,1,6,-8.322215066,-4.163940174,-0.097770540
1734523543.078765869,1,7,-8.582139638,4.162378928,0.175197623
1734523543.078765869,1,8,-0.022693221,-3.994595699,-0.011116032
1734523543.078765869,1,9,-7.496929667,-0.000746288,-0.214581021
1734523543.138765812,2,0,-2.113231820,-4.020778989,-0.096378680
1734523543.138765812,2,1,1.393117892,-5.119199508,-0.296051131
1734523543.138765812,2,3,-3.715852848,-6.912045377,-0.090914964
1734523543.138765812,2,4,-5.208628294,-1.487506977,-0.168051608
1734523543.138765812,2,5,3.555409497,-1.981050502,0.035088565
1734523543.138765812,2,6,-7.404274195,-4.902333886,-0.300434683
1734523543.138765812,2,7,-3.312862222,1.730859925,0.016365526
1734523543.138765812,2,8,-0.327648238,-9.021482023,-0.154400661
1734523543.138765812,2,9,-9.503231990,0.222382289,-0.057242429
1734523543.208765745,3,0,-2.022950648,3.656066801,0.111960435
1734523543.208765745,3,1,1.686077156,5.023506660,-0.056822597
1734523543.208765745,3,2,-3.764613084,7.461566378,-0.196961817
1734523543.208765745,3,4,-4.880270793,1.465470730,-0.272497012
1734523543.208765745,3,5,-0.076112352,10.226318045,-0.158290575
1734523543.208765745,3,6,-3.801272533,-1.907354417,0.007723513
1734523543.208765745,3,7,-7.431929584,5.470828617,-0.136488081
1734523543.208765745,3,8,3.628154917,1.618807122,0.052064221
1734523543.208765745,3,9,-8.761418033,0.110977173,-0.058361314
1734523543.278765678,4,0,3.554134208,1.651203726,0.080464488
1734523543.278765678,4,1,6.885803589,3.510949054,0.159963106
1734523543.278765678,4,2,1.618576493,6.179414152,-0.087249364
1734523543.278765678,4,3,4.553535175,-1.357889693,-0.014397168
1734523543.278765678,4,5,5.225053131,7.319617956,-0.061748963
1734523543.278765678,4,6,1.904243863,-3.508942855,0.036954223
1734523543.278765678,4,7,-1.783733999,3.345417023,-0.026386733
1734523543.278765678,4,8,9.615967923,0.583146602,-0.020801193
1734523543.278765678,4,9,-3.548323657,-1.810278685,-0.056816267
1734523543.338765860,5,0,-1.713458284,-5.573419622,-0.031800228
1734523543.338765860,5,1,1.827644623,-3.524257482,-0.078437379
1734523543.338765860,5,2,-3.476281351,-1.813977217,-0.097973557
1734523543.338765860,5,3,0.235400979,-9.158208973,-0.083249151
1734523543.338765860,5,4,-5.073359772,-7.161987255,-0.002264210
1734523543.338765860,5,6,-3.114702525,-10.789609417,0.018026157
1734523543.338765860,5,7,-6.985199437,-3.769305376,-0.024511321
1734523543.338765860,5,8,3.682960771,-6.818836110,-0.081718556
1734523543.338765860,5,9,-5.108606797,-5.486883437,-0.215050554
1734523543.398765802,6,0,2.067981394,5.271115704,0.040346214
1734523543.398765802,6,1,5.671971403,7.392627352,0.064092446
1734523543.398765802,6,2,0.125097839,8.449806673,-0.005887738
1734523543.398765802,6,3,3.743005898,1.696757970,0.002207801
1734523543.398765802,6,4,-1.709802753,3.516010420,-0.024954067
1734523543.398765802,6,5,3.751629525,10.308867746,-0.052769943
1734523543.398765802,6,7,-3.659989881,7.622360586,-0.051484370
1734523543.398765802,6,8,7.123340160,3.374815423,0.096666892
1734523543.398765802,6,9,-4.999221865,1.829049760,-0.033338368
1734523543.468765736,7,0,5.560420650,-1.786244028,0.137060697
1734523543.468765736,7,1,8.391520913,0.149479639,-0.115818050
1734523543.468765736,7,2,3.431704732,1.862109236,-0.008196415
1734523543.468765736,7,3,7.115294935,-5.135788794,-0.066932672
1734523543.468765736,7,4,1.764824495,-3.503969604,0.164230724
1734523543.468765736,7,5,6.891978620,3.330336720,-0.072607401
1734523543.468765736,7,6,3.902266828,-7.426487063,-0.051368708
1734523543.468765736,7,8,11.558029415,-3.757841108,-0.129046342
1734523543.468765736,7,9,-2.074779150,-5.836344527,-0.238556796
1734523543.528765678,8,0,-5.392390590,1.719142900,0.001034984
1734523543.528765678,8,1,-1.927078205,4.129945720,-0.074579067
1734523543.528765678,8,2,-7.449112375,5.451610322,-0.307372409
1734523543.528765678,8,3,-3.635774222,-2.012742391,0.008800969
1734523543.528765678,8,4,-8.374222889,-0.106892150,0.205385997
1734523543.528765678,8,5,-3.711897705,7.182396033,-0.009005847
1734523543.528765678,8,6,-7.307127085,-3.851027333,0.065228666
1734523543.528765678,8,7,-10.740838917,3.289727445,-0.199152342
1734523543.528765678,8,9,-7.387407102,-1.269149024,0.255884858
1734523543.588765860,9,0,7.261401870,3.778779541,-0.032180888
1734523543.588765860,9,1,6.660352373,3.447958188,-0.035924818
1734523543.588765860,9,2,5.259683810,7.404501881,-0.319326664
1734523543.588765860,9,3,9.023580900,0.117453840,0.004307930
1734523543.588765860,9,4,3.488538454,1.798795805,0.040373254
1734523543.588765860,9,6,4.810657490,-1.299643861,0.048869595
1734523543.588765860,9,7,1.319809994,4.882852922,0.010965278
1734523543.588765860,9,8,7.408280830,1.155911444,-0.176759384
1734523543.648765802,0,1,4.171171764,0.256312827,0.159123553
1734523543.648765802,0,2,-0.269553548,3.971182255,0.089412615
1734523543.648765802,0,3,0.114838693,-4.482721162,-0.016367810
1734523543.648765802,0,4,-4.069666041,-0.146079765,-0.009112069
1734523543.648765802,0,5,3.487574571,4.106064499,0.100384317
1734523543.648765802,0,6,-3.414130087,-3.673184080,-0.149585091
1734523543.648765802,0,7,-4.449425862,3.823237184,0.078241075
1734523543.648765802,0,8,3.887231084,-3.802179449,0.122910353
1734523543.648765802,0,9,-7.919826237,-0.214639093,0.009777182
1734523543.718765736,1,0,-4.210589784,-0.072399517,-0.071604505
1734523543.718765736,1,2,-3.601249888,3.601299188,0.097919467
1734523543.718765736,1,3,-4.033458655,-3.929802419,-0.285997397
1734523543.718765736,1,4,-7.812916898,-0.018485817,-0.078152790
1734523543.718765736,1,5,-0.182172269,3.646495946,0.039567382
1734523543.718765736,1,6,-8.372425973,-4.184153484,-0.112941001
1734523543.718765736,1,7,-7.783488885,4.042721624,-0.035761660
1734523543.718765736,1,8,0.114973028,-3.863069558,-0.230532152
1734523543.718765736,1,9,-7.496065135,-0.223226492,-0.095798862
1734523543.778765678,2,0,-2.379889001,-3.684809614,-0.093044238
1734523543.778765678,2,1,1.192089625,-5.615111929,-0.020412646
1734523543.778765678,2,3,-4.691380303,-7.106160865,-0.180998390
1734523543.778765678,2,4,-5.700540077,-1.060634850,0.249257904
1734523543.778765678,2,5,3.242011154,-2.207521813,-0.007500846
1734523543.778765678,2,6,-7.640909584,-4.317230937,-0.072541461
1734523543.778765678,2,7,-3.484699744,2.221695623,0.009547428
1734523543.778765678,2,8,-0.928657544,-8.597932175,-0.151992817
1734523543.778765678,2,9,-9.000680708,0.945975866,-0.051356493
1734523543.838765860,3,0,-1.855833930,3.399621819,0.018836449
1734523543.838765860,3,1,1.127807281,5.715781967,-0.130767200
1734523543.838765860,3,2,-4.300142785,6.977358009,-0.075219664
1734523543.838765860,3,4,-5.024507505,1.036558448,-0.147507962
1734523543.838765860,3,5,-1.078235597,9.179816401,-0.257205275
1734523543.838765860,3,6,-3.285202984,-1.989075214,0.019425203
1734523543.838765860,3,7,-7.995163355,4.917476027,-0.195144763
1734523543.838765860,3,8,3.565271635,2.270330300,0.006866351
1734523543.838765860,3,9,-9.193951611,-0.739692623,-0.177262345
1734523543.898765802,4,0,3.097545435,1.938897018,-0.072251784
1734523543.898765802,4,1,6.995720297,4.508532354,-0.042623045
1734523543.898765802,4,2,1.196187538,5.375654878,-0.264765500
1734523543.898765802,4,3,6.335460470,-1.376659801,0.129583412
1734523543.898765802,4,5,4.643093731,7.828825925,-0.024393058
1734523543.898765802,4,6,2.268207162,-3.410819330,0.027303135
1734523543.898765802,4,7,-2.323489140,3.636273782,-0.018892924
1734523543.898765802,4,8,8.846155123,1.043540685,0.086248708
1734523543.898765802,4,9,-3.453487818,-2.204501527,-0.024560383
1734523543.968765736,5,0,-1.029412930,-4.898710761,-0.316461765
1734523543.968765736,5,1,2.495618462,-3.425042291,0.195006244
1734523543.968765736,5,2,-3.303363289,-1.973983341,0.009229262
1734523543.968765736,5,3,0.879515193,-8.207061793,-0.082115459
1734523543.968765736,5,4,-4.277114418,-7.201688543,0.210065624
1734523543.968765736,5,6,-2.560683564,-11.275832363,0.076809581
1734523543.968765736,5,7,-6.695127670,-4.264251164,-0.003657835
1734523543.968765736,5,8,4.437622722,-7.007445460,-0.049890705
1734523543.968765736,5,9,-4.565262914,-5.950389200,0.035254748
1734523544.038765669,6,0,1.342803605,5.741966467,-0.093532959
1734523544.038765669,6,1,5.008188877,7.717735896,-0.001755277
1734523544.038765669,6,2,-0.660469682,9.293192064,-0.075971203
1734523544.038765669,6,3,3.693953164,2.049626075,0.030088731
1734523544.038765669,6,4,-2.102462509,3.530868571,-0.001540731
1734523544.038765669,6,5,3.070087037,11.515718327,0.070080382
1734523544.038765669,6,7,-3.989870928,6.882875236,-0.050677096
1734523544.038765669,6,8,6.455869485,3.796421324,-0.032736164
1734523544.038765669,6,9,-5.908055455,1.556940001,-0.027443629
1734523544.098765850,7,0,5.075501765,-1.145388490,-0.047452227
1734523544.098765850,7,1,9.168605147,0.959522252,-0.042753409
1734523544.098765850,7,2,3.339841026,2.250240911,-0.013723333
1734523544.098765850,7,3,7.535888090,-4.574167379,-0.106173470
1734523544.098765850,7,4,2.088456059,-3.365857845,-0.033476294
1734523544.098765850,7,5,7.142771664,4.515563843,0.071206039
1734523544.098765850,7,6,4.380304902,-6.961229473,-0.092239709
1734523544.098765850,7,8,11.679737490,-2.517989267,-0.297077848
1734523544.098765850,7,9,-1.303928534,-5.067231289,-0.230712707
1734523544.168765783,8,0,-5.671467965,1.227232863,0.003498634
1734523544.168765783,8,1,-1.749594716,2.864960201,0.019363931
1734523544.168765783,8,2,-8.068672769,4.627661537,0.101040126
1734523544.168765783,8,3,-3.305969241,-2.236262494,-0.009582333
1734523544.168765783,8,4,-9.031141949,-0.963315938,0.143210019
1734523544.168765783,8,5,-4.434789629,7.105607321,0.011831602
1734523544.168765783,8,6,-7.259698574,-4.656424461,-0.011625981
1734523544.168765783,8,7,-11.484682827,2.430330853,0.035927934
1734523544.168765783,8,9,-7.249668765,-1.921458179,-0.017357045
1734523544.228765726,9,0,6.796587211,4.439862071,-0.070240014
1734523544.228765726,9,1,6.180201091,4.239063212,-0.292331239
1734523544.228765726,9,2,5.098062212,8.560876865,-0.404305260
1734523544.228765726,9,3,8.759617873,0.829877378,-0.081300832
1734523544.228765726,9,4,3.417704107,2.188074291,-0.091260584
1734523544.228765726,9,5,4.730391831,5.819764763,-0.061083808
1734523544.228765726,9,6,5.126035705,-1.377532262,0.024557694
1734523544.228765726,9,7,1.175148519,6.203840855,-0.047382138
1734523544.228765726,9,8,7.259026552,1.873554745,-0.215235076
1734523544.288765669,0,1,4.021408839,0.213269095,0.037213069
1734523544.288765669,0,2,-0.090461217,4.166056782,0.002590933
1734523544.288765669,0,3,0.087852025,-4.258888077,0.013316876
1734523544.288765669,0,4,-3.953147159,-0.163102852,-0.011540400
1734523544.288765669,0,5,4.594665057,4.869952890,-0.046282872
1734523544.288765669,0,6,-3.584400360,-3.667490864,-0.004005727
1734523544.288765669,0,7,-5.342032131,5.232286709,0.579541633
1734523544.288765669,0,8,4.093888054,-3.507812558,0.063290438
1734523544.288765669,0,9,-8.435835957,-0.267970485,0.003541251
1734523544.348765850,1,0,-3.755827733,0.063521306,-0.111857821
1734523544.348765850,1,2,-4.038684846,3.866764053,0.092028569
1734523544.348765850,1,3,-4.465234768,-4.566380101,-0.161886694
1734523544.348765850,1,4,-8.449541918,-0.010399691,-0.059825346
1734523544.348765850,1,5,-0.062306461,4.065106178,-0.012798699
1734523544.348765850,1,6,-8.263569827,-3.938972409,-0.240348973
1734523544.348765850,1,7,-8.375287732,4.285753630,-0.168204799
1734523544.348765850,1,8,-0.052250697,-4.106771920,0.024487649
1734523544.348765850,1,9,-7.491871754,-0.022300321,-0.348368067
1734523544.418765783,2,0,-2.659041737,-3.317889223,-0.231723108
1734523544.418765783,2,1,0.698014580,-5.999212401,-0.078818189
1734523544.418765783,2,3,-4.922474073,-6.211522850,-0.030492268
1734523544.418765783,2,4,-5.782483228,-0.849439082,0.024896748
1734523544.418765783,2,5,3.092293739,-2.491977125,0.030936513
1734523544.418765783,2,6,-8.554114896,-4.235983406,-0.223647279
1734523544.418765783,2,7,-3.241682887,2.341176250,-0.035857167
1734523544.418765783,2,8,-1.882824206,-9.384052025,0.067509773
1734523544.418765783,2,9,-9.828481036,1.842476507,-0.138226683
1734523544.478765726,3,0,-2.165835205,3.331696751,-0.175024787
1734523544.478765726,3,1,0.797055489,5.688349462,-0.024273531
1734523544.478765726,3,2,-5.088413070,6.766966069,-0.109850364
1734523544.478765726,3,4,-6.063035776,0.814468425,0.123607841
1734523544.478765726,3,5,-1.689030111,9.535451873,-0.005633265
1734523544.478765726,3,6,-3.293345727,-2.363281573,0.006413275
1734523544.478765726,3,7,-8.274105984,4.271386113,-0.106463423
1734523544.478765726,3,8,3.108830614,2.395716284,0.016685739
1734523544.478765726,3,9,-8.658227344,-1.609563744,0.128489729
1734523544.538765669,4,0,3.208389588,2.594767114,0.101767815
1734523544.538765669,4,1,6.011223952,4.695688752,-0.014941336
1734523544.538765669,4,2,0.375225861,5.172537945,-0.053365313
1734523544.538765669,4,3,5.801270952,-0.865731849,-0.236430202
1734523544.538765669,4,5,4.114861198,8.501369716,-0.079815834
1734523544.538765669,4,6,2.772752401,-3.593690924,0.086290341
1734523544.538765669,4,7,-2.218885975,3.025387692,-0.213777791
1734523544.538765669,4,8,9.466610182,1.812135566,0.075487739
1734523544.538765669,4,9,-3.233552288,-2.221072792,0.022936270
1734523544.598765850,5,0,-0.890019095,-5.371743320,-0.047886611
1734523544.598765850,5,1,2.742822859,-3.576007129,0.045030121
1734523544.598765850,5,2,-3.474150001,-2.381614611,-0.000889086
1734523544.598765850,5,3,1.375610185,-9.311983669,-0.251105524
1734523544.598765850,5,4,-4.068354404,-7.852054759,0.004142175
1734523544.598765850,5,6,-2.041225808,-10.905827853,-0.117503796
1734523544.598765850,5,7,-6.256252493,-4.493791264,-0.035829041
1734523544.598765850,5,8,4.655190199,-6.467548139,-0.054910784
1734523544.598765850,5,9,-4.269256065,-6.165104157,0.122243152
1734523544.658765793,6,0,1.169057556,5.821753878,0.041145648
1734523544.658765793,6,1,4.417000768,8.051022601,-0.022993396
1734523544.658765793,6,2,-1.374687455,8.533607454,-0.110750271
1734523544.658765793,6,3,3.477760016,2.305269012,0.008416287
1734523544.658765793,6,4,-2.331714896,3.250947182,-0.045250930
1734523544.658765793,6,5,1.562982058,8.990397603,-0.170830842
1734523544.658765793,6,7,-4.418232043,6.227879741,-0.017052150
1734523544.658765793,6,8,6.400091266,4.574237633,-0.022999166
1734523544.658765793,6,9,-5.720831800,0.878602603,0.004376359
1734523544.728765726,7,0,5.639210865,-0.796421883,-0.048129846
1734523544.728765726,7,1,9.196713273,1.642418688,-0.036830075
1734523544.728765726,7,2,3.271529271,2.562815796,0.000071635
1734523544.728765726,7,3,8.295132809,-4.466018761,0.069609457
1734523544.728765726,7,4,2.436597995,-3.273705102,-0.016088265
1734523544.728765726,7,5,6.304178788,4.737195089,0.035376794
1734523544.728765726,7,6,4.876345869,-6.381644375,-0.048073301
1734523544.728765726,7,8,11.433648290,-1.698593165,-0.251155077
1734523544.728765726,7,9,-0.745272927,-5.166479581,0.098929448
1734523544.788765669,8,0,-5.458305336,0.732999883,-0.003894723
1734523544.788765669,8,1,-4.530741065,5.976412644,0.069837767
1734523544.788765669,8,2,-7.762380344,4.038545606,-0.286743874
1734523544.788765669,8,3,-3.160461728,-2.581862927,0.015166805
1734523544.788765669,8,4,-8.914592978,-1.705544151,0.035645132
1734523544.788765669,8,5,-4.588798487,6.007719364,-0.014306445
1734523544.788765669,8,6,-6.595567037,-4.704638682,-0.013010904
1734523544.788765669,8,7,-10.684600318,1.725710301,-0.169488300
1734523544.788765669,8,9,-7.165740415,-2.212967901,0.070266445
1734523544.848765850,9,0,6.225757448,5.036083984,-0.340322220
1734523544.848765850,9,1,6.061645652,4.412993165,-0.178726934
1734523544.848765850,9,2,4.269327667,9.155158701,-0.152567180
1734523544.848765850,9,3,7.350654369,1.487302554,-0.076232975
1734523544.848765850,9,4,3.270702206,2.547662199,-0.088420648
1734523544.848765850,9,5,4.092621205,6.283108191,-0.151667841
1734523544.848765850,9,6,5.668306296,-0.778905231,-0.094566688
1734523544.848765850,9,7,0.597485671,5.857596166,-0.258269478
1734523544.848765850,9,8,7.138665798,2.299285764,0.052302928
1734523544.918765783,0,1,4.012422217,0.251860011,-0.112370180
1734523544.918765783,0,2,-0.082846392,4.506883124,0.297643691
1734523544.918765783,0,3,0.120247654,-4.073676899,-0.010629943
1734523544.918765783,0,4,-4.304431719,-0.008227479,-0.027316444
1734523544.918765783,0,5,3.303573224,3.687188954,0.194977641
1734523544.918765783,0,6,-4.223793377,-4.503655386,-0.074815945
1734523544.918765783,0,7,-4.103042634,3.749629101,-0.173483637
1734523544.918765783,0,8,4.352386734,-3.823502522,0.123551797
1734523544.918765783,0,9,-8.129194701,-0.318494537,0.040477715
1734523544.978765726,1,0,-4.023316439,-0.125236642,-0.163142444
1734523544.978765726,1,2,-4.143839785,3.935801813,-0.200317741
1734523544.978765726,1,3,-3.781564532,-3.646120460,-0.256635446
1734523544.978765726,1,4,-7.706144251,-0.267284362,0.007989824
1734523544.978765726,1,5,-0.088567238,4.290233584,0.000520287
1734523544.978765726,1,6,-8.614006030,-3.948650918,-0.158798251
1734523544.978765726,1,7,-6.808003643,3.146427597,0.032859865
1734523544.978765726,1,8,-0.080357749,-4.097131995,0.014527913
1734523544.978765726,1,9,-7.498431829,-0.047814495,0.145718476
1734523545.038765669,2,0,-3.120862003,-3.053559365,-0.166041910
1734523545.038765669,2,1,0.358709433,-5.215910996,-0.169827742
1734523545.038765669,2,3,-5.503975004,-5.929725517,-0.063872875
1734523545.038765669,2,4,-6.309239415,-0.311470393,0.002317413
1734523545.038765669,2,5,3.033960947,-2.986317849,0.004893463
1734523545.038765669,2,6,-8.346786805,-3.178056073,-0.042639734
1734523545.038765669,2,7,-3.030219668,2.693447516,0.007780236
1734523545.038765669,2,8,-2.601919840,-8.589015384,0.093180792
1734523545.038765669,2,9,-9.336918566,2.559731763,0.044206032
1734523545.108765841,3,0,-2.376988935,2.972460298,-0.112869242
1734523545.108765841,3,1,0.387767479,5.873477374,-0.006748033
1734523545.108765841,3,2,-5.489920621,6.215064805,-0.085580973
1734523545.108765841,3,4,-4.739497782,0.336982345,-0.081814028
1734523545.108765841,3,5,-2.210790632,8.324487204,-0.111643699
1734523545.108765841,3,6,-2.991484571,-2.528006239,0.018460944
1734523545.108765841,3,7,-8.460036218,3.310736178,-0.067136620
1734523545.108765841,3,8,2.982331622,2.810577475,-0.002012833
1734523545.108765841,3,9,-9.635411405,-2.561743264,-0.133517337
1734523545.168765783,4,0,3.225771919,2.856700414,0.031590391
1734523545.168765783,4,1,6.217969909,5.422689255,-0.052797352
1734523545.168765783,4,2,0.031494659,5.027184407,0.132324726
1734523545.168765783,4,3,5.491349941,-0.159246784,0.150477685
1734523545.168765783,4,5,3.001736547,8.168842105,-0.050333003
1734523545.168765783,4,6,2.735935382,-2.922483591,-0.008496935
1734523545.168765783,4,7,-2.670307295,2.934525669,-0.026956405
1734523545.168765783,4,8,8.057103407,2.290640504,0.003935163
1734523545.168765783,4,9,-2.963236104,-2.748515495,0.012240577
1734523545.228765726,5,0,-0.584286620,-5.498123830,-0.021012239
1734523545.228765726,5,1,2.445752246,-3.099802449,-0.151621151
1734523545.228765726,5,2,-3.172267694,-2.360351843,0.003287663
1734523545.228765726,5,3,1.949033830,-8.640317681,-0.058846516
1734523545.228765726,5,4,-3.306235945,-7.675011718,-0.219108998
1734523545.228765726,5,6,-1.020170135,-10.857877370,-0.268361220
1734523545.228765726,5,7,-6.333402895,-4.984180336,-0.050745714
1734523545.228765726,5,8,5.427319700,-6.943977306,-0.067479555
1734523545.228765726,5,9,-4.006204784,-6.337513150,0.190395132
1734523545.298765659,6,0,0.411723869,5.356772298,0.002594785
1734523545.298765659,6,1,3.472273092,8.114985966,-0.049406048
1734523545.298765659,6,2,-1.960177376,8.828773807,0.071556793
1734523545.298765659,6,3,3.149948020,2.485731769,0.000667273
1734523545.298765659,6,4,-2.459290339,2.788739241,0.004992758
1734523545.298765659,6,5,0.517844004,7.481567399,-0.089369097
1734523545.298765659,6,7,-5.016062954,6.007798104,0.011231566
1734523545.298765659,6,8,5.983625689,5.062610347,-0.017135220
1734523545.298765659,6,9,-6.610140066,0.522016721,0.119740901
1734523545.358765841,7,0,5.031527253,-0.094784285,0.075401776
1734523545.358765841,7,1,8.552329076,2.182369296,-0.037857628
1734523545.358765841,7,2,3.001978582,2.818554782,0.019587817
1734523545.358765841,7,3,7.017854355,-2.645654464,0.015254915
1734523545.358765841,7,4,2.759094619,-3.249774223,-0.042346374
1734523545.358765841,7,5,6.018016557,5.235017718,0.032262143
1734523545.358765841,7,6,6.134133562,-6.938318946,-0.120312510
1734523545.358765841,7,8,11.127747976,-0.675712130,-0.098088898
1734523545.358765841,7,9,-0.971469848,-7.436115857,0.102114131
1734523545.418765783,8,0,-5.755559069,0.269828254,0.013751205
1734523545.418765783,8,1,-2.215478317,2.821663985,-0.079739053
1734523545.418765783,8,2,-8.535026543,3.255995819,-0.020709978
1734523545.418765783,8,3,-2.743355511,-2.708411797,0.020403195
1734523545.418765783,8,4,-8.333168331,-2.414044928,0.035550279
1734523545.418765783,8,5,-5.380338148,5.852418549,0.019728770
1734523545.418765783,8,6,-5.511513889,-5.041256176,-0.016531410
1734523545.418765783,8,7,-11.333196097,0.654088573,-0.088613450
1734523545.418765783,8,9,-6.828798726,-3.093847887,0.213572503
1734523545.478765726,9,0,5.566015845,5.167087489,-0.413897446
1734523545.478765726,9,1,5.429011877,5.170361441,-0.207828311
1734523545.478765726,9,2,2.900298931,8.046666308,-0.234446599
1734523545.478765726,9,3,8.729036769,2.447177029,-0.198260612
1734523545.478765726,9,4,3.027973545,2.763325943,-0.060415803
1734523545.478765726,9,5,3.659262303,6.541983602,-0.249499392
1734523545.478765726,9,6,5.996728003,-0.212156840,-0.131298567
1734523545.478765726,9,7,0.199920775,5.128464775,-0.269298384
1734523545.478765726,9,8,6.763088234,3.239414828,-0.129727051
1734523545.548765659,0,1,4.069146671,-0.025170325,0.086278205
1734523545.548765659,0,2,-0.155813770,4.177217515,0.018148756
1734523545.548765659,0,3,0.128727569,-4.184180702,0.027448287
1734523545.548765659,0,4,-3.990288789,-0.153516209,0.008455202
1734523545.548765659,0,5,3.537099877,3.626367780,0.218747110
1734523545.548765659,0,6,-3.735659519,-4.257390550,-0.221945830
1734523545.548765659,0,7,-3.773779244,3.911667875,0.070919623
1734523545.548765659,0,8,5.505196879,-5.070676262,0.480676156
1734523545.548765659,0,9,-8.396619284,-0.326770990,0.003652187
1734523545.608765841,1,0,-4.133073567,0.222318248,0.007429509
1734523545.608765841,1,2,-3.794773462,3.631710237,-0.004788778
1734523545.608765841,1,3,-4.179406659,-4.421018410,-0.104345715
1734523545.608765841,1,4,-7.953359392,-0.033369069,-0.020420928
1734523545.608765841,1,5,-0.080658338,3.760289383,-0.014732248
1734523545.608765841,1,6,-8.465040274,-4.312892175,0.014346928
1734523545.608765841,1,7,-8.291225204,4.123714090,-0.007168583
1734523545.608765841,1,8,-0.086406271,-4.167458370,-0.147299770
1734523545.608765841,1,9,-7.498026064,0.088694719,-0.147439426
1734523545.668765783,2,0,-2.695951153,-2.510827429,0.038607958
1734523545.668765783,2,1,-0.255179635,-5.848960832,-0.056502897
1734523545.668765783,2,3,-6.580337556,-6.174304725,-0.107100334
1734523545.668765783,2,4,-5.543315275,-0.015599699,-0.100967349
1734523545.668765783,2,5,2.684955735,-3.012404737,-0.017333918
1734523545.668765783,2,6,-8.672249649,-2.669529834,-0.083902050
1734523545.668765783,2,7,-2.924786893,2.954132590,-0.007492698
1734523545.668765783,2,8,-3.397997441,-8.764443580,-0.069698218
1734523545.668765783,2,9,-8.404345612,3.011164321,0.054995497
1734523545.738765717,3,0,-3.173289332,3.088970440,-0.066001400
1734523545.738765717,3,1,-0.078458633,5.845257948,-0.109324885
1734523545.738765717,3,2,-5.887164085,5.763713009,-0.099670100
1734523545.738765717,3,4,-5.343238813,-0.064465003,-0.043131776
1734523545.738765717,3,5,-2.516065818,7.061626860,0.229867128
1734523545.738765717,3,6,-2.678367467,-2.568276407,-0.001537273
1734523545.738765717,3,7,-8.009295713,2.665355271,0.117450623
1734523545.738765717,3,8,2.521947737,2.727892554,0.014868130
1734523545.738765717,3,9,-8.762752718,-2.934237238,-0.048429098
1734523545.798765659,4,0,2.738756862,3.160161666,-0.043534362
1734523545.798765659,4,1,5.503281663,5.466331703,-0.095683914
1734523545.798765659,4,2,-0.223118317,5.929815130,-0.314361701
1734523545.798765659,4,3,7.487516398,-0.355076622,0.247019809
1734523545.798765659,4,5,2.430200544,8.287252104,-0.106559057
1734523545.798765659,4,6,2.872852599,-2.659224295,0.012792470
1734523545.798765659,4,7,-2.868562103,2.962326306,-0.208535179
1734523545.798765659,4,8,8.436822832,3.006166569,0.020679983
1734523545.798765659,4,9,-2.828092613,-2.983278044,0.037679270
1734523545.868765831,5,0,-0.453629198,-5.386801812,-0.047972152
1734523545.868765831,5,1,2.718403812,-2.880716982,-0.106374524
1734523545.868765831,5,2,-3.337302511,-2.537955739,0.023311639
1734523545.868765831,5,3,2.210968479,-9.031851041,0.004321920
1734523545.868765831,5,4,-3.660289928,-8.816337860,0.027494282
1734523545.868765831,5,6,-1.012396981,-11.488602539,-0.102214885
1734523545.868765831,5,7,-6.025709452,-5.027749795,0.068881647
1734523545.868765831,5,8,4.987040362,-6.041762774,-0.025839179
1734523545.868765831,5,9,-3.979704905,-6.352697234,0.234918539
1734523545.928765774,6,0,0.087906476,5.744107234,0.009443532
1734523545.928765774,6,1,2.972241271,8.455853008,-0.025392909
1734523545.928765774,6,2,-2.924783232,9.060808705,-0.169557463
1734523545.928765774,6,3,2.888647593,2.626456517,-0.010571732
1734523545.928765774,6,4,-2.884884824,2.870568730,0.001412327
1734523545.928765774,6,5,-0.225782431,11.315755430,0.138200201
1734523545.928765774,6,7,-5.806110212,5.883705014,-0.086680224
1734523545.928765774,6,8,5.383681389,5.265848972,-0.024656246
1734523545.928765774,6,9,-6.205471600,0.030335197,-0.122308866
1734523545.988765717,7,0,6.037016549,-0.152642972,-0.080724353
1734523545.988765717,7,1,8.961196260,2.873813773,-0.084156336
1734523545.988765717,7,2,2.755598125,2.858134516,-0.002013536
1734523545.988765717,7,3,8.476423649,-3.302153926,0.113244155
1734523545.988765717,7,4,2.956578757,-3.140444174,-0.042629989
1734523545.988765717,7,5,5.747435380,5.469043638,-0.028650498
1734523545.988765717,7,6,5.170047834,-5.336479156,-0.086083634
1734523545.988765717,7,8,11.557234730,-0.457542313,-0.205192749
1734523545.988765717,7,9,-0.064239857,-5.359855285,-0.279861911
1734523546.048765659,8,0,-5.545822367,-0.153540239,-0.012116421
1734523546.048765659,8,1,-5.138091855,5.410425170,-0.759810215
1734523546.048765659,8,2,-8.610404785,2.711616962,-0.093181290
1734523546.048765659,8,3,-2.587369396,-2.951299337,-0.004597271
1734523546.048765659,8,4,-9.153494388,-3.412792776,0.197710068
1734523546.048765659,8,5,-6.081425556,5.783833176,-0.027302228
1734523546.048765659,8,6,-5.464720094,-5.849783973,0.108330626
1734523546.048765659,8,7,-10.565334283,-0.299448206,-0.332375750
1734523546.048765659,8,9,-6.526907399,-3.694410563,0.028467440
1734523546.118765831,9,0,5.121168016,5.395502984,-0.330601670
1734523546.118765831,9,1,5.311863690,5.294691886,0.018492416
1734523546.118765831,9,2,2.367356865,8.370575372,-0.216246059
1734523546.118765831,9,3,8.210508775,2.790437587,-0.135918691
1734523546.118765831,9,4,2.940439737,3.054483131,-0.076680753
1734523546.118765831,9,5,3.185133551,6.789863564,-0.051740206
1734523546.118765831,9,6,5.605735328,0.226658960,-0.051168146
1734523546.118765831,9,7,-0.022163136,5.836260100,-0.038365706
1734523546.118765831,9,8,6.750239834,3.264529682,-0.164645476
1734523546.178765774,0,1,4.133795430,0.248476961,0.095164455
1734523546.178765774,0,2,-0.189095804,4.451358198,-0.017581677
1734523546.178765774,0,3,0.146999380,-4.268300377,0.015710335
1734523546.178765774,0,4,-3.938693488,-0.200320234,0.001875732
1734523546.178765774,0,5,3.859612379,4.069103132,-0.024622671
1734523546.178765774,0,6,-3.302145842,-3.777762592,-0.007860728
1734523546.178765774,0,7,-5.616198734,4.966560863,0.203923937
1734523546.178765774,0,8,3.847239206,-3.532734139,0.006873787
1734523546.178765774,0,9,-8.546660609,-0.400817362,-0.057171545
1734523546.238765717,1,0,-3.835239204,-0.078236587,0.188462209
1734523546.238765717,1,2,-4.131872095,4.356667176,0.087201709
1734523546.238765717,1,3,-4.117355878,-3.814972070,0.138328602
1734523546.238765717,1,4,-8.061067014,-0.058535326,-0.066357438
1734523546.238765717,1,5,-0.048619446,3.832204987,0.104118131
1734523546.238765717,1,6,-8.926545535,-4.533990583,0.161134274
1734523546.238765717,1,7,-8.511202129,4.252121571,-0.100092022
1734523546.238765717,1,8,-0.091557369,-4.100489292,-0.005770351
1734523546.308765650,2,0,-3.089250377,-2.337724381,0.050918311
1734523546.308765650,2,1,-0.908474413,-5.478514991,-0.192799652
1734523546.308765650,2,3,-6.825678662,-5.396331055,-0.046065701
1734523546.308765650,2,4,-5.966675576,0.651600775,-0.097182573
1734523546.308765650,2,5,2.384858157,-3.178192091,-0.006168557
1734523546.308765650,2,6,-8.493458521,-1.924758602,-0.015192072
1734523546.308765650,2,7,-2.573385514,3.059400172,0.012081881
1734523546.308765650,2,8,-3.273840121,-6.747723625,-0.014026632
1734523546.308765650,2,9,-8.743645342,3.669702907,-0.068068257
1734523546.368765831,3,0,-5.730988164,4.836771229,-0.106858520
1734523546.368765831,3,1,-0.540288076,5.886686142,-0.052632021
1734523546.368765831,3,2,-6.318968834,5.342124585,-0.143702164
1734523546.368765831,3,4,-5.846433217,-0.304475169,0.024105704
1734523546.368765831,3,5,-3.604219263,7.825044241,0.118175491
1734523546.368765831,3,6,-2.592372464,-2.938246454,0.019636923
1734523546.368765831,3,7,-9.527452205,2.210650861,-0.149049453
1734523546.368765831,3,8,2.411403765,3.037290842,0.008424146
1734523546.368765831,3,9,-8.628901719,-3.721310934,-0.112022468
1734523546.428765774,4,0,2.903576161,3.291665665,0.133793918
1734523546.428765774,4,1,4.475502707,5.472117422,-0.071322559
1734523546.428765774,4,2,-0.705886906,5.790316733,-0.322852726
1734523546.428765774,4,3,5.336909363,0.368768375,-0.096503083
1734523546.428765774,4,5,2.007175461,9.175551886,-0.056661805
1734523546.428765774,4,6,2.821673186,-2.235484191,-0.222417401
1734523546.428765774,4,7,-3.025651173,2.465226314,0.017880470
1734523546.428765774,4,8,7.592228758,3.468870253,-0.017833860
1734523546.428765774,4,9,-2.583882265,-3.172683544,-0.024092198
1734523546.488765717,5,0,-0.470470457,-5.777229624,-0.053123752
1734523546.488765717,5,1,3.017101357,-3.254017008,0.080790077
1734523546.488765717,5,2,-2.966726441,-2.296879551,-0.011047315
1734523546.488765717,5,3,2.125204830,-8.706328342,-0.044499879
1734523546.488765717,5,4,-3.006611469,-7.240949117,-0.211490731
1734523546.488765717,5,6,-1.037348030,-11.491320088,-0.099109168
1734523546.488765717,5,7,-5.882690936,-4.924396527,-0.032192107
1734523546.488765717,5,8,5.147836414,-6.130372122,-0.060705413
1734523546.488765717,5,9,-3.911829512,-6.398720741,-0.062950386
1734523546.558765650,6,0,-0.356959648,5.447708889,-0.019682422
1734523546.558765650,6,1,2.483962934,9.028382443,0.019639000
1734523546.558765650,6,2,-3.454366294,7.933336476,-0.153648119
1734523546.558765650,6,3,2.709244675,2.799610916,0.010753188
1734523546.558765650,6,4,-3.017655764,2.558677612,-0.013243525
1734523546.558765650,6,5,-0.747555267,10.961514909,0.141598342
1734523546.558765650,6,7,-5.903766638,5.221235400,0.049225834
1734523546.558765650,6,8,5.086551987,5.863764983,0.041643244
1734523546.558765650,6,9,-5.140843614,-0.420509878,-0.201809270
1734523546.618765831,7,0,5.546982066,0.083340683,-0.191633069
1734523546.618765831,7,1,8.288181084,2.787204105,-0.073122254
1734523546.618765831,7,2,2.810768641,3.163990926,0.014659378
1734523546.618765831,7,3,8.028538666,-2.812720516,-0.091302035
1734523546.618765831,7,4,3.057918872,-3.030898117,-0.030515395
1734523546.618765831,7,5,5.731100801,5.949247519,-0.020174065
1734523546.618765831,7,6,5.844466055,-5.568780525,-0.102348504
1734523546.618765831,7,8,7.496869348,0.167959047,-0.136893135
1734523546.618765831,7,9,-0.023508080,-5.705102561,-0.089214223
1734523546.678765774,8,0,-5.411547878,-0.489662148,-0.011513880
1734523546.678765774,8,1,-5.405907875,5.172941861,0.516558368
1734523546.678765774,8,2,-8.633826365,2.066554094,-0.036615719
1734523546.678765774,8,3,-2.453467177,-3.297754703,-0.006809997
1734523546.678765774,8,4,-8.255188527,-3.691828610,-0.067832631
1734523546.678765774,8,5,-6.469594305,5.355679396,-0.068811553
1734523546.678765774,8,6,-5.067130762,-6.164949834,-0.077809739
1734523546.678765774,8,7,-9.846739107,-0.999025885,-0.028339205
1734523546.678765774,8,9,-6.266535175,-4.120722060,-0.013660110
1734523546.738765717,9,0,4.670090712,5.757526823,-0.223186876
1734523546.738765717,9,1,4.846417849,5.722857793,-0.105511722
1734523546.738765717,9,2,1.927588938,9.029624493,-0.217932333
1734523546.738765717,9,3,8.738370574,3.784127928,-0.063891754
1734523546.738765717,9,4,2.431255178,2.968763412,-0.058503768
1734523546.738765717,9,5,2.683013313,7.002384462,0.134355518
1734523546.738765717,9,6,5.878481163,0.417144042,0.203828092
1734523546.738765717,9,7,-0.675768236,6.498076751,0.059791918
1734523546.738765717,9,8,6.388894297,3.924287015,-0.178888471
1734523546.808765650,0,1,4.400309459,0.060416083,-0.109704394
1734523546.808765650,0,3,0.207685187,-3.998153655,-0.145017373
1734523546.808765650,0,4,-4.073212884,-0.209238130,0.022067732
1734523546.808765650,0,5,3.510283705,3.973150362,-0.135391157
1734523546.808765650,0,6,-4.138495633,-4.588279567,0.108324334
1734523546.808765650,0,7,-4.102786989,3.655878516,-0.086230031
1734523546.808765650,0,8,3.943200326,-3.993165716,-0.021232574
1734523546.808765650,0,9,-7.912463454,-0.364470842,0.027695774
1734523546.868765831,1,0,-4.705865836,0.229179276,-0.071962331
1734523546.868765831,1,2,-4.126723771,4.104668447,-0.196672774
1734523546.868765831,1,3,-5.368057770,-5.214078771,-0.497331220
1734523546.868765831,1,4,-8.325910248,-0.016297405,-0.090542449
1734523546.868765831,1,5,-0.130410338,3.758558299,0.030542999
1734523546.868765831,1,6,-8.295980528,-3.989104258,0.119762255
1734523546.868765831,1,7,-7.754504808,3.821762481,-0.043798424
1734523546.868765831,1,8,-0.153165458,-4.102467315,-0.020999644
1734523546.868765831,1,9,-7.497837603,-0.179358493,-0.016180433
1734523546.928765774,2,0,-3.566569289,-2.574715104,-0.272335711
1734523546.928765774,2,1,-0.986538684,-5.396823816,-0.001075780
1734523546.928765774,2,3,-7.277271224,-4.989657921,-0.051089132
1734523546.928765774,2,4,-6.318412484,0.973743090,-0.181133716
1734523546.928765774,2,5,2.238417868,-3.507728454,-0.008343557
1734523546.928765774,2,6,-8.597477940,-1.322386076,-0.110964940
1734523546.928765774,2,7,-2.551091030,3.493165325,0.001772372
1734523546.928765774,2,8,-4.838637783,-8.597153558,0.045118105
1734523546.928765774,2,9,-7.191844020,3.981162276,0.092611083
1734523546.998765707,3,0,-3.149633478,2.522621936,-0.251721586
1734523546.998765707,3,1,-0.964475341,6.027503783,-0.033649132
1734523546.998765707,3,2,-6.906603294,4.997479206,-0.076907188
1734523546.998765707,3,4,-7.355045719,-1.450408430,-0.222750662
1734523546.998765707,3,5,-3.884343023,7.643387157,-0.104662908
1734523546.998765707,3,6,-2.531573514,-3.263402509,0.004441088
1734523546.998765707,3,7,-9.658311345,1.685318173,-0.109058518
1734523546.998765707,3,8,2.243937310,3.358518017,-0.017909749
1734523546.998765707,3,9,-8.146975877,-4.126115059,-0.081380208
1734523547.058765650,4,0,2.340566754,3.211433028,0.258887559
1734523547.058765650,4,1,4.791611884,6.862292203,0.211033221
1734523547.058765650,4,2,-1.398250616,6.123123034,-0.017891505
1734523547.058765650,4,3,5.365160335,0.865936988,0.081949053
1734523547.058765650,4,5,1.271987393,8.937704725,0.004090490
1734523547.058765650,4,6,3.299262745,-2.246979334,0.042922534
1734523547.058765650,4,7,-3.335530689,2.364154238,-0.031307833
1734523547.058765650,4,8,8.008047056,4.479441354,-0.231713700
1734523547.058765650,4,9,-2.348264995,-3.391211767,-0.025351343
1734523547.128765821,5,0,-0.459304106,-5.455031229,-0.031481704
1734523547.128765821,5,1,2.330383101,-3.036800538,-0.132691976
1734523547.128765821,5,2,-3.116479426,-2.304375912,0.006023815
1734523547.128765821,5,3,2.168414491,-9.371393619,-0.085755830
1734523547.128765821,5,4,-3.334417979,-8.253392670,-0.178487489
1734523547.128765821,5,6,-1.319737074,-12.201124609,-0.242204805
1734523547.128765821,5,7,-6.259131482,-5.124070048,-0.050096052
1734523547.128765821,5,8,4.935249580,-6.061147148,-0.091713555
1734523547.128765821,5,9,-3.837869511,-6.442908861,0.098402386
1734523547.188765764,6,0,-0.813030520,5.754155282,-0.027506421
1734523547.188765764,6,1,1.709680463,8.805373742,0.013359416
1734523547.188765764,6,2,-4.094033665,8.176865432,-0.100406958
1734523547.188765764,6,3,2.578538976,3.024431352,-0.003360145
1734523547.188765764,6,4,-3.217663823,2.401384837,0.007915388
1734523547.188765764,6,5,-1.282046081,9.811704413,0.247269825
1734523547.188765764,6,7,-6.553521737,5.002340491,0.017178617
1734523547.188765764,6,8,4.998266704,6.541603845,0.011936094
1734523547.188765764,6,9,-7.451963053,-0.847470993,-0.006290288
1734523547.248765707,7,0,6.249217291,0.221421375,-0.083437789
1734523547.248765707,7,1,8.526306448,3.139644087,-0.030219218
1734523547.248765707,7,2,2.652485352,3.105104857,-0.035116917
1734523547.248765707,7,3,9.256828233,-2.761296892,-0.103866211
1734523547.248765707,7,4,2.694603313,-2.619536861,-0.056805162
1734523547.248765707,7,5,5.314634108,5.723729667,-0.016648500
1734523547.248765707,7,6,6.143162292,-5.731146850,-0.129882459
1734523547.248765707,7,8,11.515644016,0.114379023,-0.108990279
1734523547.248765707,7,9,0.203540113,-5.263842405,0.098439820
1734523547.318765879,8,0,-5.671490421,-0.892140615,-0.047298398
1734523547.318765879,8,1,-2.957687865,2.376458295,-0.252454563
1734523547.318765879,8,2,-9.418547662,1.585147372,-0.095931480
1734523547.318765879,8,3,-1.940327485,-3.221707630,-0.044021320
1734523547.318765879,8,4,-7.819166071,-4.236384854,-0.053913104
1734523547.318765879,8,5,-6.439973975,4.566072150,-0.009398127
1734523547.318765879,8,6,-4.258045884,-5.957524288,-0.010437401
1734523547.318765879,8,7,-11.031226254,-1.800445027,0.117695812
1734523547.318765879,8,9,-5.851532257,-4.691314850,-0.033693097
1734523547.378765821,9,0,4.367759353,6.566109477,-0.252191995
1734523547.378765821,9,1,4.457119031,6.031725672,-0.048737707
1734523547.378765821,9,2,1.126821473,8.594590102,-0.068624047
1734523547.378765821,9,3,8.210555659,4.336815421,-0.106974277
1734523547.378765821,9,4,2.257799583,3.260875474,-0.054539951
1734523547.378765821,9,5,2.004467317,7.226436396,-0.103575063
1734523547.378765821,9,6,7.392891115,1.244584958,0.214870296
1734523547.378765821,9,7,-0.944995194,5.937250000,-0.014018929
1734523547.378765821,9,8,6.105971387,4.354267990,-0.086392653
1734523547.438765764,0,1,4.264988098,0.293452860,0.027050231
1734523547.438765764,0,2,-0.229029089,4.341771463,-0.030366355
1734523547.438765764,0,3,0.166812126,-4.150939007,0.021588922
1734523547.438765764,0,4,-4.101787328,-0.233516457,0.017035361
1734523547.438765764,0,5,4.034578759,4.450135991,0.304992109
1734523547.438765764,0,6,-3.526482916,-3.899789611,-0.104304161
1734523547.438765764,0,7,-4.639371974,4.057999410,-0.055345390
1734523547.438765764,0,8,4.308284025,-3.941604407,0.021373597
1734523547.438765764,0,9,-8.518803741,-0.432938356,-0.005185709
1734523547.508765697,1,0,-4.229165241,-0.117327440,-0.130956693
1734523547.508765697,1,2,-3.763895320,3.927467781,0.092068792
1734523547.508765697,1,3,-4.224326238,-4.141201597,0.128297864
1734523547.508765697,1,4,-8.025488252,-0.078965298,-0.074421560
1734523547.508765697,1,5,-0.169044369,3.995009227,0.001937850
1734523547.508765697,1,6,-8.420895297,-4.459612409,-0.076110465
1734523547.508765697,1,7,-7.784807299,3.985716865,0.078814535
1734523547.508765697,1,8,-0.155473970,-4.022235351,-0.002817637
1734523547.508765697,1,9,-7.497922902,-0.163442740,-0.066623019
1734523547.578765869,2,0,-4.133731871,-2.608400025,0.071186657
1734523547.578765869,2,1,-1.514821020,-5.736612210,-0.015350972
1734523547.578765869,2,3,-7.369941067,-4.377799704,0.017923916
1734523547.578765869,2,4,-5.851843517,1.359861468,-0.056924934
1734523547.578765869,2,5,1.862681559,-3.434975139,0.025369314
1734523547.578765869,2,6,-9.721089812,-0.782214812,-0.022825372
1734523547.578765869,2,7,-2.302444504,3.597401650,0.028209031
1734523547.578765869,2,8,-4.919416833,-7.131092741,0.223604335
1734523547.578765869,2,9,-7.339675059,4.526425289,-0.138829042
1734523547.638765812,3,0,-3.193805273,2.135830113,0.026372455
1734523547.638765812,3,1,-1.339264448,5.758650320,-0.056979256
1734523547.638765812,3,2,-7.341874782,4.540788054,0.002919435
1734523547.638765812,3,4,-5.355105067,-1.144651587,-0.006422412
1734523547.638765812,3,5,-5.025425522,7.683105562,-0.126597374
1734523547.638765812,3,6,-2.383690261,-3.399028244,0.061594989
1734523547.638765812,3,7,-9.060624833,0.986482299,-0.081746041
1734523547.638765812,3,8,2.000732768,3.447405767,-0.002502896
1734523547.638765812,3,9,-7.837153293,-4.658751662,0.009456541
1734523547.708765745,4,0,2.054924048,3.221683597,0.143726227
1734523547.708765745,4,1,3.841652105,6.378693293,-0.051889214
1734523547.708765745,4,2,-1.735876510,6.155302242,-0.002859620
1734523547.708765745,4,3,5.777317047,1.007908265,-0.069995404
1734523547.708765745,4,5,0.685768079,9.442513395,-0.033139001
1734523547.708765745,4,6,3.493757518,-1.880739093,-0.117618990
1734523547.708765745,4,7,-3.465129736,2.109704118,0.006127747
1734523547.708765745,4,8,8.044761822,5.135577805,0.025923298
1734523547.708765745,4,9,-2.047273259,-3.403098145,0.040732254
1734523547.768765688,5,0,-0.726216342,-6.198286578,-0.066038782
1734523547.768765688,5,1,2.444013087,-2.837169664,-0.223933129
1734523547.768765688,5,2,-3.323076798,-2.402367321,-0.322125494
1734523547.768765688,5,3,1.891634539,-8.749823300,-0.131936549
1734523547.768765688,5,4,-4.083381240,-8.675123908,-0.032332864
1734523547.768765688,5,6,-1.034131597,-7.428334463,0.020468127
1734523547.768765688,5,7,-6.736546996,-5.133635295,0.008085753
1734523547.768765688,5,8,5.080891080,-6.679980154,-0.012064930
1734523547.768765688,5,9,-4.256888808,-6.174615997,-0.054908743
1734523547.838765860,6,0,-1.109054102,5.425384692,-0.021336392
1734523547.838765860,6,1,1.201329594,9.453790147,0.035962702
1734523547.838765860,6,2,-4.998373975,8.441782903,-0.049945978
1734523547.838765860,6,3,2.254415189,3.014971657,0.006440048
1734523547.838765860,6,4,-3.356842177,2.148893579,-0.035845802
1734523547.838765860,6,5,-2.277092923,11.108528224,-0.113158584
1734523547.838765860,6,7,-6.463540296,4.288453014,-0.019495284
1734523547.838765860,6,8,4.692819838,7.033388379,0.045388946
1734523547.838765860,6,9,-6.149507768,-1.366294493,-0.029371622
1734523547.898765802,7,0,5.840293601,0.149813422,-0.041098493
1734523547.898765802,7,1,8.643566145,3.180788310,-0.047380018
1734523547.898765802,7,2,2.667092705,3.114044647,-0.026342217
1734523547.898765802,7,3,8.782697106,-2.663568288,-0.042756217
1734523547.898765802,7,4,2.900172995,-2.822553555,-0.056287912
1734523547.898765802,7,5,5.640093200,5.761029437,-0.163961703
1734523547.898765802,7,6,6.225838321,-5.778534299,-0.072026823
1734523547.898765802,7,8,10.629822159,0.187467173,-0.111472361
1734523547.898765802,7,9,-0.075779229,-6.028047104,-0.185166552
1734523547.958765745,8,0,-5.636100529,-1.359247913,-0.070778319
1734523547.958765745,8,1,-3.320560318,2.329919342,-0.152931139
1734523547.958765745,8,2,-8.654320556,0.852331073,-0.018839255
1734523547.958765745,8,3,-1.865033638,-3.471137624,0.010641738
1734523547.958765745,8,4,-7.773141859,-4.913946880,-0.006205489
1734523547.958765745,8,5,-6.739483906,4.066626388,-0.017237031
1734523547.958765745,8,6,-4.097104800,-6.781317651,-0.041421396
1734523547.958765745,8,7,-10.984826037,-2.675681185,-0.075510847
1734523547.958765745,8,9,-5.671262998,-4.907135507,0.082444660
1734523548.028765678,9,0,4.748441493,7.523023569,-0.116507388
1734523548.028765678,9,1,3.858348378,6.431074594,0.066538382
1734523548.028765678,9,2,0.654862054,9.443306900,-0.175119259
1734523548.028765678,9,3,7.912186107,4.791768228,-0.173216327
1734523548.028765678,9,4,2.292532367,3.479749509,-0.250425682
1734523548.028765678,9,5,1.588731529,7.329793414,0.007787095
1734523548.028765678,9,6,4.830346687,1.376456564,0.117550773
1734523548.028765678,9,7,-1.303494405,5.948616680,-0.110385020
1734523548.028765678,9,8,5.703412447,4.867903332,-0.156855356
1734523548.088765860,0,1,3.865032287,0.023574439,0.061851414
1734523548.088765860,0,2,-0.023479374,4.350376726,-0.112142211
1734523548.088765860,0,3,0.201443213,-4.382517732,-0.002997546
1734523548.088765860,0,4,-7.426115383,-1.049622423,-0.033212831
1734523548.088765860,0,5,4.027776385,4.562427490,0.132236911
1734523548.088765860,0,6,-3.802747575,-4.270115350,0.005452346
1734523548.088765860,0,7,-4.229789553,3.814896411,-0.019364348
1734523548.088765860,0,8,4.293793412,-3.969029684,0.000320301
1734523548.088765860,0,9,-7.437862915,-0.532659724,0.193957409
1734523548.148765802,1,0,-4.244384074,0.043716971,-0.139333091
1734523548.148765802,1,2,-4.151806243,4.285399953,0.025802190
1734523548.148765802,1,3,-4.035129153,-4.208224383,-0.019703128
1734523548.148765802,1,4,-8.470512873,-0.159352126,0.156137654
1734523548.148765802,1,5,-0.151668085,4.412871829,0.036348167
1734523548.148765802,1,6,-7.769863547,-3.867114640,-0.025599562
1734523548.148765802,1,7,-6.671944447,3.415156387,0.268074889
1734523548.148765802,1,8,-0.145666533,-4.085887227,0.020449070
1734523548.148765802,1,9,-7.497370574,0.197142297,0.023861797
1734523548.208765745,2,0,-3.638224384,-1.892038981,-0.197506768
1734523548.208765745,2,1,-1.977694301,-5.728017184,-0.031442060
1734523548.208765745,2,3,-7.329085440,-3.610357983,-0.041563719
1734523548.208765745,2,4,-5.906120676,1.823101316,-0.000371133
1734523548.208765745,2,5,1.689693257,-3.715208518,0.007027565
1734523548.208765745,2,6,-8.881845443,-0.113824749,-0.019548424
1734523548.208765745,2,7,-1.902194972,3.565941549,-0.003216471
1734523548.208765745,2,8,-6.028032260,-8.066133163,-0.022260829
1734523548.208765745,2,9,-7.230943494,5.252716772,-0.108849673
1734523548.278765678,3,0,-3.861002047,1.973088984,0.005564908
1734523548.278765678,3,1,-1.851237979,5.798498412,-0.012839455
1734523548.278765678,3,2,-7.155911657,3.931608395,0.226220594
1734523548.278765678,3,4,-5.737544096,-1.657822563,-0.067941944
1734523548.278765678,3,5,-4.877347955,6.763786671,-0.131947494
1734523548.278765678,3,6,-2.202262846,-3.696283328,0.011310543
1734523548.278765678,3,7,-9.408902202,0.310886900,-0.016198228
1734523548.278765678,3,8,1.690300918,3.165013235,0.114189362
1734523548.278765678,3,9,-7.164918825,-4.960945774,-0.058681357
1734523548.338765860,4,0,1.735052378,3.368190034,-0.014348132
1734523548.338765860,4,1,3.808323266,7.284517771,-0.214251255
1734523548.338765860,4,2,-2.092304207,6.161028315,-0.274718560
1734523548.338765860,4,3,5.631228435,1.723140512,0.008419535
1734523548.338765860,4,5,-0.062746358,8.904097962,-0.019399683
1734523548.338765860,4,6,3.585346607,-1.738405982,-0.002908941
1734523548.338765860,4,7,-3.844068566,2.035442348,0.001904907
1734523548.338765860,4,8,7.886752974,5.692958566,0.230367922
1734523548.338765860,4,9,-2.027267362,-3.959324545,0.055225515
1734523548.408765793,5,0,-0.983451606,-5.405991503,-0.048608118
1734523548.408765793,5,1,2.706294779,-3.264178717,0.121384132
1734523548.408765793,5,2,-3.340457784,-1.829549838,0.000326259
1734523548.408765793,5,3,1.454093805,-9.260748316,-0.083009908
1734523548.408765793,5,4,-4.131919993,-7.835340260,-0.008811507
1734523548.408765793,5,6,-1.924099116,-10.802450038,-0.035272862
1734523548.408765793,5,7,-6.662366298,-4.507539139,-0.077650577
1734523548.408765793,5,8,4.628288063,-6.897202271,-0.091446173
1734523548.408765793,5,9,-4.506581386,-5.994919543,-0.040790824
1734523548.468765736,6,0,-1.500973462,5.387346632,0.010363036
1734523548.468765736,6,1,0.590845650,9.276095561,0.069112536
1734523548.468765736,6,2,-5.389422023,7.819503515,0.241752473
1734523548.468765736,6,3,2.325722958,3.535281422,0.018908716
1734523548.468765736,6,4,-3.559699138,1.779499211,0.199404814
1734523548.468765736,6,5,-2.221535366,7.160410286,-0.208098904
1734523548.468765736,6,7,-7.047446110,4.009522168,0.068701160
1734523548.468765736,6,8,4.181560904,7.094667150,0.017758008
1734523548.468765736,6,9,-5.395481750,-1.612855743,0.011715484
1734523548.528765678,7,0,5.690388763,0.012753691,-0.042569533
1734523548.528765678,7,1,8.649136949,3.016695524,-0.084946918
1734523548.528765678,7,2,2.553552704,2.804887706,-0.007058067
1734523548.528765678,7,3,8.197795438,-2.764410188,0.067677009
1734523548.528765678,7,4,3.192754568,-3.168652753,-0.128499253
1734523548.528765678,7,5,5.709279122,5.705685095,0.043963062
1734523548.528765678,7,6,5.727862240,-5.638081978,-0.095235417
1734523548.528765678,7,8,11.472583130,-0.068432508,-0.093171296
1734523548.528765678,7,9,0.006751215,-5.471616131,-0.073146535
1734523548.598765850,8,0,-5.718087091,-1.806030614,-0.063979466
1734523548.598765850,8,1,-3.374492288,2.022084871,-0.180591336
1734523548.598765850,8,2,-9.234274443,0.179772883,-0.088475940
1734523548.598765850,8,3,-1.668305275,-3.570797560,-0.140181784
1734523548.598765850,8,4,-7.161862705,-5.445623559,-0.052097021
1734523548.598765850,8,5,-7.909787856,4.041800004,-0.069664755
1734523548.598765850,8,6,-3.787690495,-7.368201565,0.034853644
1734523548.598765850,8,7,-10.564194226,-3.139751835,-0.068382640
1734523548.598765850,8,9,-5.480563247,-5.119759493,0.038590537
1734523548.658765793,9,0,3.701220226,7.202052929,-0.333981978
1734523548.658765793,9,1,3.593870330,6.580844033,-0.163057841
1734523548.658765793,9,2,-0.038058784,9.248173402,-0.122344252
1734523548.658765793,9,3,7.400203171,5.232012406,-0.079490223
1734523548.658765793,9,4,1.859294455,3.566069199,-0.080978235
1734523548.658765793,9,5,0.974150384,7.428776389,-0.338101165
1734523548.658765793,9,6,5.604489807,1.970869997,-0.007956007
1734523548.658765793,9,7,-1.693371088,5.406763336,-0.009849498
1734523548.658765793,9,8,5.315834575,5.290732545,0.007204752
1734523548.718765736,0,1,3.722969774,-0.048779215,0.052415946
1734523548.718765736,0,2,-0.083075409,4.081730836,-0.155596639
1734523548.718765736,0,3,0.160183783,-4.300638628,0.145615265
1734523548.718765736,0,4,-7.496569516,-0.224938245,-0.029125186
1734523548.718765736,0,5,4.251834859,4.846295044,0.054907277
1734523548.718765736,0,6,-4.004892860,-4.495124461,-0.007676508
1734523548.718765736,0,7,-3.781842646,3.523975353,-0.217361390
1734523548.718765736,0,8,4.105951358,-3.786732901,-0.030679483
1734523548.718765736,0,9,-8.159178399,-0.231116563,0.053203796
1734523548.788765669,1,0,-4.097568407,-0.111088063,0.030506109
1734523548.788765669,1,2,-3.962351232,4.272274393,-0.268979172
1734523548.788765669,1,3,-4.237111188,-4.405622365,-0.026146644
1734523548.788765669,1,4,-9.017756613,-0.125478229,0.126256616
1734523548.788765669,1,5,-0.149317543,4.144424702,0.025178640
1734523548.788765669,1,6,-8.104328579,-3.791632713,0.125908194
1734523548.788765669,1,7,-6.454467177,3.289038349,0.046026819
1734523548.788765669,1,8,-0.113392724,-3.582269177,0.051271521
1734523548.788765669,1,9,-7.494578583,-0.135839181,-0.250678239
1734523548.848765850,2,0,-3.337900877,-1.514734882,0.112878264
1734523548.848765850,2,1,-2.451201851,-5.881712348,0.162304212
1734523548.848765850,2,3,-7.396311834,-3.127659619,-0.237453047
1734523548.848765850,2,4,-5.594406896,2.129541562,-0.006271354
1734523548.848765850,2,5,1.513461890,-3.842824075,-0.172635441
1734523548.848765850,2,6,-9.287393717,0.459100111,0.017697207
1734523548.848765850,2,7,-1.626760761,3.472364439,0.039390696
1734523548.848765850,2,8,-5.575157954,-6.716611520,-0.111035225
1734523548.848765850,2,9,-5.858792027,4.668699156,-0.357497088
1734523548.908765793,3,0,-3.713924737,1.745129055,-0.171662439
1734523548.908765793,3,1,-2.061583419,5.417502173,-0.004080055
1734523548.908765793,3,2,-8.368292281,3.846322829,0.048105452
1734523548.908765793,3,4,-5.253060093,-1.871545271,-0.057939167
1734523548.908765793,3,5,-5.596741206,6.812737709,-0.308699349
1734523548.908765793,3,6,-1.774314231,-3.432788915,-0.032729980
1734523548.908765793,3,7,-8.640389087,-0.181872571,-0.103684576
1734523548.908765793,3,8,1.625748842,3.637519337,0.017065127
1734523548.908765793,3,9,-7.063837142,-5.628588142,-0.039250351
1734523548.978765726,4,0,1.532676345,3.961880111,-0.176742421
1734523548.978765726,4,1,3.473214569,7.960697700,0.253234269
1734523548.978765726,4,2,-2.443719402,5.687962456,0.027261729
1734523548.978765726,4,3,5.473212749,2.152252080,-0.087543000
1734523548.978765726,4,5,-0.542470920,9.024313506,-0.012384524
1734523548.978765726,4,6,3.662600807,-1.495177650,-0.030599884
1734523548.978765726,4,7,-3.822401494,1.719880110,0.000158835
1734523548.978765726,4,8,6.661938916,5.566070165,-0.036829668
1734523548.978765726,4,9,-1.724699304,-4.060169819,-0.181893401
1734523549.038765669,5,0,-1.499161211,-7.348564571,0.033382733
1734523549.038765669,5,1,2.188507887,-3.130059586,0.071447858
1734523549.038765669,5,2,-3.792685458,-1.654477355,0.013914150
1734523549.038765669,5,3,0.825234388,-8.952570644,-0.023395366
1734523549.038765669,5,4,-4.899700412,-7.869172298,-0.130538001
1734523549.038765669,5,6,-2.698699413,-10.877090148,-0.040105883
1734523549.038765669,5,7,-7.047358390,-4.181704723,0.026282910
1734523549.038765669,5,8,4.511059729,-7.885778760,-0.108337173
1734523549.038765669,5,9,-4.821951760,-5.743402963,-0.110016527
1734523549.098765850,6,0,-1.767000706,5.345538397,-0.000987741
1734523549.098765850,6,1,0.098536268,9.245209160,-0.023387525
1734523549.098765850,6,2,-6.508149518,8.469198050,-0.107215629
1734523549.098765850,6,3,2.081054782,3.485500948,0.032717660
1734523549.098765850,6,4,-4.137568959,2.046015617,0.193037494
1734523549.098765850,6,5,-3.490769690,10.525112197,-0.022194125
1734523549.098765850,6,7,-7.319043493,3.739012634,0.023159258
1734523549.098765850,6,8,3.789004428,7.065773411,0.233062748
1734523549.098765850,6,9,-5.811326881,-2.031375619,-0.052081091
1734523549.168765783,7,0,5.776651885,-0.248877963,0.009130916
1734523549.168765783,7,1,9.132795121,2.796614047,-0.101288225
1734523549.168765783,7,2,2.108753029,2.382967453,0.026388765
1734523549.168765783,7,3,8.739770846,-3.401251999,0.011443236
1734523549.168765783,7,4,4.399427252,-6.074117764,0.011543293
1734523549.168765783,7,5,5.637952008,5.373644596,0.048688427
1734523549.168765783,7,6,5.745823368,-6.155635296,-0.099583714
1734523549.168765783,7,8,10.581370266,-0.410596691,-0.048622356
1734523549.168765783,7,9,-0.249680687,-6.059750781,-0.057147661
1734523549.228765726,8,0,-4.928504869,-1.868747197,0.065836104
1734523549.228765726,8,1,-3.162438234,1.437614281,0.056224290
1734523549.228765726,8,2,-8.548372472,-0.318340192,-0.101991345
1734523549.228765726,8,3,-1.485869481,-4.579707554,0.049951035
1734523549.228765726,8,4,-7.035400668,-5.895896841,-0.069409774
1734523549.228765726,8,5,-6.862418678,3.021874677,0.159634989
1734523549.228765726,8,6,-3.093230020,-7.139014477,-0.048579670
1734523549.228765726,8,7,-6.943411917,-2.831415119,-0.148725835
1734523549.228765726,8,9,-4.998710641,-5.586669808,0.228062232
1734523549.288765669,9,0,3.285534984,8.283700341,-0.077248766
1734523549.288765669,9,1,2.884349606,6.922968646,-0.055067911
1734523549.288765669,9,2,-0.710156777,9.516115460,-0.130165723
1734523549.288765669,9,3,6.992966554,5.456985195,0.001790101
1734523549.288765669,9,4,1.826923461,3.863633116,-0.251947769
1734523549.288765669,9,5,0.547856728,7.478731210,0.135766337
1734523549.288765669,9,6,4.946582101,2.041520384,-0.049494726
1734523549.288765669,9,7,-2.171244307,5.210104479,0.208101826
1734523549.348765850,0,1,7.487515292,-0.162576926,0.400853461
1734523549.348765850,0,2,-0.229625143,3.527456180,0.138518833
1734523549.348765850,0,3,0.204440345,-4.179962393,0.064845961
1734523549.348765850,0,4,-7.381525163,-1.273270819,0.376653269
1734523549.348765850,0,5,3.875341744,4.384375205,0.014374992
1734523549.348765850,0,6,-3.631469666,-4.023848222,-0.010445290
1734523549.348765850,0,7,-4.204780155,4.085668680,0.074891222
1734523549.348765850,0,8,4.122824831,-3.796699842,-0.000301270
1734523549.348765850,0,9,-7.557433667,-0.376154083,-0.075089310
1734523549.408765793,1,0,-4.408248333,-0.105245786,-0.014890521
1734523549.408765793,1,2,-4.457171684,4.560333594,-0.011747929
1734523549.408765793,1,3,-4.240920237,-4.449683902,0.014314286
1734523549.408765793,1,4,-8.048836024,0.116972863,0.031174939
1734523549.408765793,1,5,-0.190104343,3.905180270,0.254409259
1734523549.408765793,1,6,-8.115696641,-3.786025793,0.113676460
1734523549.408765793,1,7,-7.898382676,4.050412035,-0.064787322
1734523549.408765793,1,8,-0.281283632,-4.121350087,0.000026863
1734523549.408765793,1,9,-7.497016561,-0.058764152,-0.203198061
1734523549.478765726,2,0,-4.196977881,-1.312453298,-0.215132929
1734523549.478765726,2,1,-2.814482910,-5.899586659,-0.150915843
1734523549.478765726,2,3,-7.542873733,-2.659328510,0.000125935
1734523549.478765726,2,4,-5.352496562,2.323069308,-0.012503481
1734523549.478765726,2,5,1.252559859,-3.388424873,-0.000235332
1734523549.478765726,2,6,-9.041558794,0.947828390,-0.047290985
1734523549.478765726,2,7,-1.387012255,4.047206567,-0.044318991
1734523549.478765726,2,8,-6.883297700,-6.843551068,0.041527595
1734523549.478765726,2,9,-7.587732057,7.133461684,0.189382201
1734523549.538765669,3,0,-4.299328853,1.536562719,-0.310250321
1734523549.538765669,3,1,-2.423403216,5.289590238,-0.056547819
1734523549.538765669,3,2,-8.759628111,3.259047380,-0.102769357
1734523549.538765669,3,4,-5.346316404,-2.315104447,-0.014794260
1734523549.538765669,3,5,-6.641352712,6.615859017,0.067399261
1734523549.538765669,3,6,-1.618991203,-3.696145397,-0.011941240
1734523549.538765669,3,7,-9.687324967,-0.876524767,-0.033945388
1734523549.538765669,3,8,1.279552871,3.555697801,0.028433494
1734523549.538765669,3,9,-7.237418001,-6.528433266,0.002646537
1734523549.608765841,4,0,1.416665441,4.069172575,-0.091543893
1734523549.608765841,4,1,3.056059056,8.610091534,0.139686474
1734523549.608765841,4,2,-2.730823409,5.327354046,-0.063631404
1734523549.608765841,4,3,5.461632308,2.398385762,0.033400900
1734523549.608765841,4,5,-1.299162191,10.506389800,-0.068907844
1734523549.608765841,4,6,3.765015744,-1.140217863,-0.126416347
1734523549.608765841,4,7,-3.919671879,1.530254508,0.148398261
1734523549.608765841,4,8,6.190605412,5.959576398,-0.065174945
1734523549.608765841,4,9,-1.373110191,-3.916378632,0.213396000
1734523549.668765783,5,0,-1.814133239,-5.788871073,0.124379705
1734523549.668765783,5,1,1.811640656,-3.588641080,-0.162379188
1734523549.668765783,5,2,-3.971266785,-1.601554346,-0.065188874
1734523549.668765783,5,3,0.108106771,-8.971440755,-0.043325564
1734523549.668765783,5,4,-5.632840104,-7.380938593,0.163359997
1734523549.668765783,5,6,-3.545269758,-10.850126905,-0.061389729
1734523549.668765783,5,7,-6.872606117,-3.349389461,0.011748541
1734523549.668765783,5,8,3.555871293,-7.484267983,-0.153006497
1734523549.668765783,5,9,-5.285221867,-5.320381136,0.099871807
1734523549.728765726,6,0,-2.118659373,5.664536205,-0.023991847
1734523549.728765726,6,1,-0.293011678,8.525298650,-0.039545862
1734523549.728765726,6,2,-5.428702015,6.437533506,0.168251500
1734523549.728765726,6,3,1.947335534,3.488485757,-0.033659053
1734523549.728765726,6,4,-3.779286447,1.611406824,-0.077487680
1734523549.728765726,6,5,-4.079244247,10.559971534,0.047090103
1734523549.728765726,6,7,-7.093603818,3.209411218,-0.019320468
1734523549.728765726,6,8,3.725918146,8.239361883,-0.039210726
1734523549.728765726,6,9,-5.271318381,-2.153824500,0.001406764
1734523549.798765659,7,0,5.808162384,-0.564444987,-0.085022098
1734523549.798765659,7,1,8.644029425,2.058413548,-0.078260615
1734523549.798765659,7,2,2.763867916,2.405169597,0.101678335
1734523549.798765659,7,3,8.278605888,-4.077569164,0.052724417
1734523549.798765659,7,4,2.894860095,-3.347226506,-0.122452534
1734523549.798765659,7,5,5.969209993,4.534784534,0.232940530
1734523549.798765659,7,6,5.283077205,-6.304240012,-0.036353102
1734523549.798765659,7,8,11.125797769,-1.070709391,0.036612721
1734523549.798765659,7,9,-0.532073179,-5.602590585,-0.034093670
1734523549.858765841,8,0,-5.188534725,-2.348637993,-0.008585697
1734523549.858765841,8,1,-4.069003300,1.660340839,-0.169538012
1734523549.858765841,8,2,-8.025803508,-0.803782319,-0.027775961
1734523549.858765841,8,3,-1.147161299,-3.715594016,-0.012303620
1734523549.858765841,8,4,-6.710357779,-6.575423089,0.043222402
1734523549.858765841,8,5,-7.999288298,2.802508157,-0.034727667
1734523549.858765841,8,6,-2.628739140,-7.398868763,0.004965487
1734523549.858765841,8,7,-10.064159452,-4.838485223,-0.127591307
1734523549.858765841,8,9,-4.474748606,-6.016507084,-0.168129173
1734523549.918765783,9,0,2.932915903,7.355320092,-0.030473868
1734523549.918765783,9,1,2.554392916,7.047920665,-0.227796246
1734523549.918765783,9,2,-1.451270103,9.066218304,-0.018688087
1734523549.918765783,9,3,6.877282613,6.238423127,0.004204299
1734523549.918765783,9,4,1.664904845,4.255069982,0.029877228
1734523549.918765783,9,5,-0.026392304,7.498291874,-0.157868335
1734523549.918765783,9,6,5.343186162,2.647767922,-0.055703850
1734523549.918765783,9,7,-2.127293906,4.826075976,-0.150011240
1734523549.918765783,9,8,4.649397405,5.881882272,-0.191219020
1734523549.988765717,0,1,4.255364096,0.278964287,0.044773816
1734523549.988765717,0,2,-0.242260530,4.069627968,-0.084372759
1734523549.988765717,0,3,0.090337890,-4.559734123,0.046432647
1734523549.988765717,0,4,-7.492909571,-0.325687301,0.015295225
1734523549.988765717,0,5,3.524659601,4.086160568,-0.013214007
1734523549.988765717,0,6,-3.647907599,-4.146498369,0.013491278
1734523549.988765717,0,7,-4.072252869,3.624851336,-0.034923724
1734523549.988765717,0,8,4.130731019,-3.778957244,0.034850198
1734523549.988765717,0,9,-8.423840051,-0.756142211,0.031495724
1734523550.048765659,1,0,-4.090922235,0.096941174,0.064848648
1734523550.048765659,1,2,-4.132224850,4.256313786,0.028333904
1734523550.048765659,1,3,-4.127582589,-4.304697173,-0.051246154
1734523550.048765659,1,4,-6.756938920,-0.091419402,-0.164068063
1734523550.048765659,1,5,-0.544528942,7.428955959,0.874129045
1734523550.048765659,1,6,-7.314653227,-3.740303939,-0.043949176
1734523550.048765659,1,7,-8.080928356,4.164585097,0.101063643
1734523550.048765659,1,8,-0.420068146,-4.237795853,0.064238705
1734523550.048765659,1,9,-7.496841564,-0.217248072,-0.013032516
1734523550.108765841,2,0,-4.341370827,-1.330008833,-0.064172391
1734523550.108765841,2,1,-2.895350727,-5.057342126,-0.032218469
1734523550.108765841,2,3,-9.244898858,-2.635577940,0.004485488
1734523550.108765841,2,4,-5.074690619,2.588949908,-0.012832166
1734523550.108765841,2,5,1.004353621,-4.149036959,-0.075143630
1734523550.108765841,2,6,-9.376524036,1.618967756,-0.010186336
1734523550.108765841,2,7,-1.287393512,3.923533050,-0.003007292
1734523550.108765841,2,8,-6.775367930,-6.044875539,0.033180129
1734523550.108765841,2,9,-6.088253581,6.123868456,-0.166776738
1734523550.168765783,3,0,-3.936801879,1.289892770,-0.057118090
1734523550.168765783,3,1,-2.768771677,5.059408138,0.016925550
1734523550.168765783,3,2,-8.711676955,2.799475306,-0.089301802
1734523550.168765783,3,4,-4.906855274,-2.474850689,-0.056196130
1734523550.168765783,3,5,-6.680127015,6.404308651,0.002340982
1734523550.168765783,3,6,-1.327220423,-3.574084475,0.012153298
1734523550.168765783,3,7,-8.326397034,-1.278981429,0.003500719
1734523550.168765783,3,8,1.070090465,3.938260401,-0.069820606
1734523550.168765783,3,9,-6.576970172,-6.768948475,-0.092428176
1734523550.238765717,4,0,0.974415938,4.272469704,0.226174728
1734523550.238765717,4,1,2.213754108,7.161899588,-0.237670013
1734523550.238765717,4,2,-3.083351779,5.224680732,0.005035491
1734523550.238765717,4,3,5.304993984,2.674314085,0.008068322
1734523550.238765717,4,5,-1.722555091,8.807110876,0.028597285
1734523550.238765717,4,6,4.457468693,-1.334717997,0.029900475
1734523550.238765717,4,7,-3.777064609,1.143520806,-0.000638711
1734523550.238765717,4,8,5.902145537,6.246168407,0.000742591
1734523550.238765717,4,9,-0.886561431,-3.607888802,-0.162128577
1734523550.298765659,5,0,-2.451219818,-5.612029624,-0.057679305
1734523550.298765659,5,1,1.823501005,-3.883800597,-0.025950817
1734523550.298765659,5,2,-3.291454912,-1.069211556,0.037945636
1734523550.298765659,5,3,-0.728182910,-8.988783533,-0.130017806
1734523550.298765659,5,4,-6.074638669,-6.547496544,0.149696717
1734523550.298765659,5,6,-4.483840317,-10.367561719,-0.132477052
1734523550.298765659,5,7,-7.565434326,-2.812677546,0.013281359
1734523550.298765659,5,8,2.694452242,-7.522739580,-0.247148469
1734523550.298765659,5,9,-5.645381993,-4.937491151,-0.029039331
1734523550.358765841,6,0,-2.193303339,5.169187721,0.011162096
1734523550.358765841,6,1,-0.650286608,8.788369707,0.037146900
1734523550.358765841,6,2,-6.124926550,6.462134565,-0.189586475
1734523550.358765841,6,3,1.840664049,3.854477672,0.019225449
1734523550.358765841,6,4,-3.644415991,1.223873478,-0.056998686
1734523550.358765841,6,5,-4.461060675,10.254498366,-0.012022277
1734523550.358765841,6,7,-7.462443207,3.031136455,-0.025733695
1734523550.358765841,6,8,3.155328956,7.772304732,0.073728605
1734523550.358765841,6,9,-5.282404267,-2.405723498,-0.003504644
1734523550.428765774,7,0,5.645712181,-0.953416584,-0.009881624
1734523550.428765774,7,1,9.736239000,1.598764379,-0.297840805
1734523550.428765774,7,2,3.120780909,2.486621882,0.082620991
1734523550.428765774,7,3,6.715867825,-3.337766695,0.080205060
1734523550.428765774,7,4,4.273252602,-6.159743727,-0.216493465
1734523550.428765774,7,5,6.757016705,4.630714943,-0.074608149
1734523550.428765774,7,6,4.718508286,-6.722272787,-0.110516513
1734523550.428765774,7,8,11.108505929,-1.977587592,-0.045338711
1734523550.428765774,7,9,-1.065362444,-6.066004601,0.000642617
1734523550.488765717,8,0,-4.924785475,-2.605047055,-0.011467462
1734523550.488765717,8,1,-3.971947928,1.484077774,-0.065072567
1734523550.488765717,8,2,-9.085277065,-1.466993718,-0.097548219
1734523550.488765717,8,3,-0.876071107,-4.025583155,0.054320358
1734523550.488765717,8,4,-5.630881770,-6.064646419,-0.055170957
1734523550.488765717,8,5,-9.332670502,2.671091899,-0.122591601
1734523550.488765717,8,6,-2.118625845,-8.131929341,0.049975873
1734523550.488765717,8,7,-10.184772374,-5.385245581,-0.019129939
1734523550.488765717,8,9,-4.161261455,-6.238343883,-0.130263952
1734523550.548765659,9,0,2.170743568,8.064263907,-0.132047252
1734523550.548765659,9,1,1.903811341,7.251974598,-0.185382853
1734523550.548765659,9,2,-1.792940104,8.673927510,-0.096919802
1734523550.548765659,9,3,6.174056488,6.436862470,0.073564837
1734523550.548765659,9,4,1.134292201,4.272361682,-0.102686822
1734523550.548765659,9,5,-0.040236057,7.499711591,-0.052029951
1734523550.548765659,9,6,5.074965600,2.972777218,0.009916881
1734523550.548765659,9,7,-3.771907810,6.473075472,-0.349292729
1734523550.548765659,9,8,4.399869411,6.073479341,-0.063228620
1734523550.608765841,0,1,4.316500187,0.183897365,-0.038801238
1734523550.608765841,0,2,-0.201094131,4.293088647,-0.165615934
1734523550.608765841,0,3,0.260780550,-4.466396035,0.168616205
1734523550.608765841,0,4,-4.020252379,-0.413061327,-0.117322129
1734523550.608765841,0,5,3.709215658,4.353913923,0.024261181
1734523550.608765841,0,6,-3.698651558,-4.250688987,-0.026383254
1734523550.608765841,0,7,-4.316638724,4.013000265,0.015665584
1734523550.608765841,0,8,4.362929672,-3.982832826,0.021549832
1734523550.608765841,0,9,-8.347817679,-0.352358418,-0.006724904
1734523550.668765783,1,0,-4.399077449,-0.055462705,0.103064360
1734523550.668765783,1,2,-4.185225214,4.315446287,-0.026312903
1734523550.668765783,1,3,-4.273267982,-4.473576057,-0.058794140
1734523550.668765783,1,4,-8.669524076,-0.296134430,-0.252781184
1734523550.668765783,1,5,-0.137904665,3.906544642,-0.016753802
1734523550.668765783,1,6,-9.534419707,-4.927739061,0.128571759
1734523550.668765783,1,7,-7.493003738,3.739558414,-0.258074383
1734523550.668765783,1,8,-0.173563752,-4.238804210,0.104481793
1734523550.668765783,1,9,-7.497681316,-0.015177145,-0.185861609
1734523550.738765717,2,0,-4.292980011,-0.950938665,0.068691342
1734523550.738765717,2,1,-2.980023623,-5.038607844,-0.118175270
1734523550.738765717,2,3,-7.392077058,-1.655049299,-0.139733154
1734523550.738765717,2,4,-5.423558379,3.243771448,0.020687126
1734523550.738765717,2,5,0.564466268,-3.729148648,0.302033764
1734523550.738765717,2,6,-9.080264804,2.112401073,-0.061729780
1734523550.738765717,2,7,-1.013313317,3.820284171,-0.009882383
1734523550.738765717,2,8,-6.013781128,-4.474224016,-0.256429332
1734523550.738765717,2,9,-6.135982206,7.271145826,-0.077964650
1734523550.798765659,3,0,-4.186901451,1.080182183,0.174883036
1734523550.798765659,3,1,-3.350943100,5.369805246,-0.004553782
1734523550.798765659,3,2,-8.207017313,2.160158301,0.016064335
1734523550.798765659,3,4,-5.150253612,-2.948965875,0.034266023
1734523550.798765659,3,5,-7.171010882,5.881871270,-0.011375496
1734523550.798765659,3,6,-2.893800823,-6.917430108,-0.158358758
1734523550.798765659,3,7,-9.596480756,-2.051903191,-0.005781266
1734523550.798765659,3,8,0.705228902,3.904630252,0.244811907
1734523550.798765659,3,9,-6.233086861,-7.140280889,-0.027589980
1734523550.858765841,4,0,0.812134892,4.264740210,-0.233673569
1734523550.858765841,4,1,1.686903634,7.512661137,0.081955637
1734523550.858765841,4,2,-3.452963037,5.064384349,0.011938777
1734523550.858765841,4,3,5.030147724,2.980326827,0.045963574
1734523550.858765841,4,5,-2.109638615,8.205234673,0.009629445
1734523550.858765841,4,6,3.955126355,-0.641465265,0.119813591
1734523550.858765841,4,7,-4.174837536,0.859612555,-0.112151754
1734523550.858765841,4,8,5.632866741,6.842480009,0.001648358
1734523550.858765841,4,9,-0.911778013,-7.443215722,0.131150958
1734523550.918765783,5,0,-2.710880395,-4.867148176,-0.013280714
1734523550.918765783,5,1,0.989168665,-3.954470309,0.091613980
1734523550.918765783,5,2,-7.330554660,-1.453296561,-0.633164660
1734523550.918765783,5,3,-1.739455727,-9.722413571,-0.084495423
1734523550.918765783,5,4,-6.533918547,-5.902944037,-0.084636796
1734523550.918765783,5,6,-5.549438926,-9.847210944,0.006010345
1734523550.918765783,5,7,-7.739150739,-2.015031926,-0.065707895
1734523550.918765783,5,8,2.285009065,-8.904233176,-0.085803534
1734523550.918765783,5,9,-6.220720360,-4.186029177,-0.172620780
1734523550.988765717,6,0,-2.392004647,5.160637937,0.016766802
1734523550.988765717,6,1,-0.984414678,9.717159337,-0.023514676
1734523550.988765717,6,2,-6.438364876,7.051706550,-0.162596029
1734523550.988765717,6,3,1.506494068,3.471442475,-0.217754258
1734523550.988765717,6,4,-4.142111604,1.332090400,0.079746421
1734523550.988765717,6,5,-4.816795325,10.421498415,0.021399052
1734523550.988765717,6,7,-7.763478413,2.784887687,-0.012238729
1734523550.988765717,6,8,2.798920176,6.957583015,-0.089913519
1734523550.988765717,6,9,-5.064317432,-2.546961231,-0.052468132
1734523551.048765659,7,0,5.853921432,-1.570858128,-0.081414360
1734523551.048765659,7,1,9.913480163,0.718393737,-0.089292589
1734523551.048765659,7,2,3.581619536,2.223385008,0.204287807
1734523551.048765659,7,3,7.973186613,-5.445719636,0.163823491
1734523551.048765659,7,4,1.752175032,-3.143053570,-0.127373948
1734523551.048765659,7,5,7.854757348,4.540887612,-0.163861309
1734523551.048765659,7,6,4.009068800,-6.739310333,-0.004001712
1734523551.048765659,7,8,10.648496664,-2.909962385,-0.006198484
1734523551.048765659,7,9,-1.534260630,-5.940851525,-0.033800421
1734523551.108765841,8,0,-5.033776199,-3.061215028,-0.029500238
1734523551.108765841,8,1,-3.448074605,1.124543013,0.007336123
1734523551.108765841,8,2,-9.156129025,-1.986855217,-0.027374839
1734523551.108765841,8,3,-0.659322903,-3.983687762,0.028338979
1734523551.108765841,8,4,-5.876235967,-7.170898579,-0.028403567
1734523551.108765841,8,5,-7.583163126,1.707676295,0.043384008
1734523551.108765841,8,6,-1.633647147,-8.211957254,0.212932288
1734523551.108765841,8,7,-9.428591930,-5.717696363,-0.022775380
1734523551.108765841,8,9,-3.970260564,-6.362585909,-0.067317232
1734523551.178765774,9,0,1.896120640,8.462737977,-0.146761349
1734523551.178765774,9,1,1.515904814,7.343360793,-0.164574795
1734523551.178765774,9,2,-2.435867700,8.858712083,-0.092649582
1734523551.178765774,9,3,6.242706237,6.838756042,-0.218886347
1734523551.178765774,9,4,1.028943375,4.216362801,0.102792719
1734523551.178765774,9,5,-0.738162256,7.463293877,-0.066037774
1734523551.178765774,9,6,4.813415940,3.285882928,-0.027375705
1734523551.178765774,9,7,-3.122084598,4.977360314,-0.031949191
1734523551.178765774,9,8,3.949627994,6.372600383,-0.201005165
1734523551.238765717,0,1,7.496647152,-0.171120395,-0.144911289
1734523551.238765717,0,2,-1.149373520,7.407536437,0.239466995
1734523551.238765717,0,3,0.131122833,-4.954558722,0.046946481
1734523551.238765717,0,4,-4.449928270,-0.271303761,-0.085158471
1734523551.238765717,0,5,3.875088748,4.532119078,0.027011817
1734523551.238765717,0,6,-4.743321491,-5.805216408,0.224418566
1734523551.238765717,0,7,-4.086447745,3.738483954,-0.030632784
1734523551.238765717,0,8,4.062713778,-3.801535711,0.000621538
1734523551.238765717,0,9,-7.410963533,-0.555503048,0.064943148
1734523551.308765650,1,0,-4.039899549,0.115656868,-0.020240238
1734523551.308765650,1,2,-4.153932988,4.365618969,0.092454752
1734523551.308765650,1,3,-4.175826926,-4.402772550,-0.012620218
1734523551.308765650,1,4,-8.022772923,0.071865131,0.169058273
1734523551.308765650,1,5,-0.084666525,4.460676436,-0.093297374
1734523551.308765650,1,6,-7.767392094,-3.874520507,-0.185388971
1734523551.308765650,1,7,-9.084581328,4.433779385,-0.197591968
1734523551.308765650,1,8,-0.325135235,-4.430233467,0.000739297
1734523551.308765650,1,9,-7.499398283,0.062193185,0.071815023
1734523551.368765831,2,0,-4.068667091,-0.668859475,-0.135103772
1734523551.368765831,2,1,-3.491962479,-4.657683337,-0.015101687
1734523551.368765831,2,3,-7.517991877,-1.077918512,-0.111426774
1734523551.368765831,2,4,-4.995455665,3.350953530,-0.001912194
1734523551.368765831,2,5,0.522736073,-3.952883610,0.069938988
1734523551.368765831,2,6,-9.558746147,2.860746996,-0.056765972
1734523551.368765831,2,7,-0.790236641,3.628080994,0.142532076
1734523551.368765831,2,8,-7.892769382,-5.288944121,0.065415639
1734523551.368765831,2,9,-5.904884358,7.789673377,-0.092715292
1734523551.428765774,3,0,-4.758482117,0.825261786,0.036986519
1734523551.428765774,3,1,-3.562773331,4.978842030,0.019513062
1734523551.428765774,3,2,-7.467103278,1.461222499,-0.040545406
1734523551.428765774,3,4,-4.980555311,-3.389178015,-0.004631299
1734523551.428765774,3,5,-8.225526057,5.727366866,0.043960339
1734523551.428765774,3,6,-0.990452342,-3.962736361,-0.000966271
1734523551.428765774,3,7,-8.977201634,-2.466106948,0.010096639
1734523551.428765774,3,8,0.286456261,4.116726064,-0.076114782
1734523551.428765774,3,9,-5.731355463,-7.635794279,-0.010636528
1734523551.488765717,4,0,0.692160939,4.363125678,0.183823086
1734523551.488765717,4,1,1.324553841,7.822156095,-0.074114734
1734523551.488765717,4,2,-3.695906683,4.729651869,-0.015368515
1734523551.488765717,4,3,5.030713672,3.361354593,0.015739512
1734523551.488765717,4,5,-3.199865775,9.760622430,-0.032248081
1734523551.488765717,4,6,4.405616299,-0.399014197,-0.012100367
1734523551.488765717,4,7,-4.621603710,0.916471788,-0.057108831
1734523551.488765717,4,8,4.489002373,6.343342029,-0.109099154
1734523551.488765717,4,9,-0.683505428,-4.126173033,0.178448331
1734523551.558765650,5,0,-3.092520010,-4.338959871,-0.049614671
1734523551.558765650,5,1,0.753528346,-3.876549164,0.105058873
1734523551.558765650,5,2,-3.720363466,-0.119545121,0.201883849
1734523551.558765650,5,3,-2.621768242,-8.987383486,-0.196976180
1734523551.558765650,5,4,-7.906986330,-6.019974216,-0.187606204
1734523551.558765650,5,6,-6.821172049,-9.578251944,-0.028142190
1734523551.558765650,5,7,-8.022811016,-1.217900939,-0.049083317
1734523551.558765650,5,8,1.380278619,-7.738769311,-0.194827291
1734523551.558765650,5,9,-6.657708776,-3.452149294,0.087058106
1734523551.618765831,6,0,-2.496031845,4.981810866,0.011701435
1734523551.618765831,6,1,-1.129237286,9.202611392,0.019677304
1734523551.618765831,6,2,-7.182402412,6.992535991,-0.040385448
1734523551.618765831,6,3,3.017965818,6.854179917,-0.402616427
1734523551.618765831,6,4,-3.671078915,1.117675266,-0.100411800
1734523551.618765831,6,5,-4.927129243,10.044084152,0.071591829
1734523551.618765831,6,7,-7.731010666,2.431116376,0.157272938
1734523551.618765831,6,8,2.634627180,7.013756513,0.340527822
1734523551.618765831,6,9,-5.369498488,-2.937269544,0.042942044
1734523551.678765774,7,0,5.422029660,-2.081966347,-0.048194340
1734523551.678765774,7,1,9.302153432,-0.366110153,-0.009341345
1734523551.678765774,7,2,3.329317971,1.613008206,0.099861223
1734523551.678765774,7,3,7.105177601,-6.020349663,-0.094078384
1734523551.678765774,7,4,1.858179612,-4.218295104,-0.346706343
1734523551.678765774,7,5,7.754309221,3.361115962,-0.114326497
1734523551.678765774,7,6,3.443387540,-7.085312314,-0.074418968
1734523551.678765774,7,8,11.094649882,-4.083322651,-0.259376271
1734523551.678765774,7,9,-2.043839223,-5.410650036,-0.054323577
1734523551.748765707,8,0,-4.649169966,-3.092421612,0.133981530
1734523551.748765707,8,1,-4.289428009,0.848538312,-0.194942870
1734523551.748765707,8,2,-9.028046941,-2.606396665,0.018426082
1734523551.748765707,8,3,-0.185881154,-3.943057224,0.227239433
1734523551.748765707,8,4,-5.146504499,-7.251438162,0.040663210
1734523551.748765707,8,5,-8.340485799,1.458639792,-0.330309750
1734523551.748765707,8,6,-1.178954522,-8.196481409,-0.224533470
1734523551.748765707,8,7,-9.568320777,-6.677436044,-0.050752897
1734523551.748765707,8,9,-3.368747021,-6.696145400,-0.251356881
1734523551.808765650,9,0,1.361766525,8.747681235,0.007993731
1734523551.808765650,9,1,1.227867129,7.398012037,0.108444524
1734523551.808765650,9,2,-2.953294514,8.586555297,-0.060434419
1734523551.808765650,9,3,6.281256470,8.377469098,-0.042576229
1734523551.808765650,9,4,0.670869109,4.597183231,0.187913264
1734523551.808765650,9,5,-1.252336864,7.392377288,-0.185500452
1734523551.808765650,9,6,4.912308154,3.871759544,-0.019266714
1734523551.808765650,9,7,-3.678493854,5.099917133,0.012766038
1734523551.808765650,9,8,3.572499419,6.593973421,-0.082233902
1734523551.868765831,0,1,7.495120590,-0.008836056,-0.270350256
1734523551.868765831,0,2,-0.277760833,4.188024006,-0.054733367
1734523551.868765831,0,3,0.084263498,-4.878755155,-0.130329514
1734523551.868765831,0,4,-4.226176200,-0.161830444,-0.070053303
1734523551.868765831,0,5,3.780969859,4.353522319,0.005944477
1734523551.868765831,0,6,-3.591490534,-4.132009088,-0.033701727
1734523551.868765831,0,7,-4.181997448,3.921785072,-0.113779527
1734523551.868765831,0,8,4.036394285,-3.726314959,0.016464100
1734523551.868765831,0,9,-9.081607910,-0.526252266,0.083375289
1734523551.928765774,1,0,-4.554515591,0.047328017,-0.196520824
1734523551.928765774,1,2,-4.423476765,4.574509304,0.005080629
1734523551.928765774,1,3,-4.399898077,-4.630581317,0.022163871
1734523551.928765774,1,4,-8.105875013,-0.113792004,-0.214629144
1734523551.928765774,1,5,-0.221372676,3.483068997,0.038318967
1734523551.928765774,1,6,-8.123268257,-3.982563314,0.023864047
1734523551.928765774,1,7,-7.947416359,4.244308671,-0.111983800
1734523551.928765774,1,8,-0.190992725,-3.706690669,0.103908898
1734523551.928765774,1,9,-7.497238914,0.133838527,0.153283764
1734523551.998765707,2,0,-4.301534235,-0.446204099,0.026366333
1734523551.998765707,2,1,-3.920022738,-4.703331996,0.047731718
1734523551.998765707,2,3,-8.626404575,-0.691456330,0.019125379
1734523551.998765707,2,4,-4.810696974,3.674629241,0.054484540
1734523551.998765707,2,5,0.196082223,-4.036703095,-0.075685002
1734523551.998765707,2,6,-8.973390121,3.155782961,-0.074445730
1734523551.998765707,2,7,-0.584272326,4.061854494,-0.015801240
1734523551.998765707,2,8,-7.498556247,-4.531166465,0.010997113
1734523551.998765707,2,9,-5.471110084,8.066501019,0.216038763
1734523552.058765650,3,0,-4.743023468,0.903349494,-0.048333763
1734523552.058765650,3,1,-3.737982203,4.618072321,0.033541178
1734523552.058765650,3,2,-7.470624690,0.619829007,0.235751454
1734523552.058765650,3,4,-4.813244137,-3.616321678,-0.019437469
1734523552.058765650,3,5,-8.716888168,5.363669137,0.285482079
1734523552.058765650,3,6,-0.781887763,-3.932892849,-0.256761744
1734523552.058765650,3,7,-8.547229606,-2.797284504,-0.016276239
1734523552.058765650,3,8,0.179608576,4.212227225,-0.060778298
1734523552.058765650,3,9,-5.439633219,-8.048625026,-0.027698559
1734523552.128765821,4,0,0.075474522,4.274763551,-0.068920364
1734523552.128765821,4,1,0.681108891,8.631269832,0.047355714
1734523552.128765821,4,2,-4.182672732,4.710222900,-0.018750385
1734523552.128765821,4,3,4.946699000,3.729698909,0.028368011
1734523552.128765821,4,5,-3.290779134,8.447228940,-0.042812206
1734523552.128765821,4,6,3.894299448,-0.270795655,-0.164705718
1734523552.128765821,4,7,-4.555014846,0.623482669,-0.011747498
1734523552.128765821,4,8,4.823925767,7.546492461,-0.035928740
1734523552.128765821,4,9,-0.584028772,-4.436606276,0.065520677
1734523552.188765764,5,0,-3.658782491,-4.247539060,-0.064286908
1734523552.188765764,5,1,0.544983885,-4.203105872,-0.013082389
1734523552.188765764,5,2,-3.981505692,-0.154618446,0.111495136
1734523552.188765764,5,3,-3.633738458,-9.058213490,-0.067746412
1734523552.188765764,5,4,-7.998146701,-4.722345343,-0.015236668
1734523552.188765764,5,6,-7.687243336,-9.034852332,-0.039639219
1734523552.188765764,5,7,-8.578620516,-0.531281019,0.018733236
1734523552.188765764,5,8,0.711306622,-8.544718478,-0.076673706
1734523552.188765764,5,9,-6.983153509,-2.735616330,0.044388885
1734523552.248765707,6,0,-2.617972736,5.117206948,-0.012986698
1734523552.248765707,6,1,-1.326135185,9.516030829,-0.002656994
1734523552.248765707,6,2,-6.152742426,5.754683818,-0.017534833
1734523552.248765707,6,3,1.389822048,3.049295303,-0.055665148
1734523552.248765707,6,4,-3.262824514,1.031206005,0.001615911
1734523552.248765707,6,5,-5.098793864,9.743633517,0.061660053
1734523552.248765707,6,7,-7.821617815,2.454031541,0.128261211
1734523552.248765707,6,8,2.592657186,8.219047908,0.037089541
1734523552.248765707,6,9,-5.064644938,-2.906480005,-0.015008720
1734523552.318765879,7,0,5.097799937,-2.531328591,-0.068061373
1734523552.318765879,7,1,9.477530252,-1.252918362,-0.112343833
1734523552.318765879,7,2,3.273656453,1.488019640,-0.123705752
1734523552.318765879,7,3,6.349939313,-6.562974048,-0.058939996
1734523552.318765879,7,4,1.481630661,-7.350634500,-0.151469597
1734523552.318765879,7,5,8.443255109,2.898042651,-0.184153202
1734523552.318765879,7,6,2.390728681,-7.108661381,-0.036738937
1734523552.318765879,7,8,9.764452099,-4.904423201,-0.070744685
1734523552.318765879,7,9,-2.603946262,-5.368673170,-0.045492735
1734523552.378765821,8,0,-5.020196816,-4.102269040,0.079009679
1734523552.378765821,8,1,-3.818826017,0.556725056,-0.034934436
1734523552.378765821,8,2,-9.738470101,-3.460232098,0.151605822
1734523552.378765821,8,3,-0.303403923,-3.956032337,0.018884265
1734523552.378765821,8,4,-4.789178450,-7.654799293,-0.098984756
1734523552.378765821,8,5,-7.418326716,1.094117463,-0.146067472
1734523552.378765821,8,6,-1.035264579,-7.940904284,-0.175566285
1734523552.378765821,8,7,-9.261335550,-7.266934751,-0.026650615
1734523552.378765821,8,9,-3.060411952,-6.845339618,-0.158758294
1734523552.438765764,9,0,0.775222647,7.450943960,-0.363955968
1734523552.438765764,9,1,0.687977608,7.468097733,0.064830995
1734523552.438765764,9,2,-3.496674727,8.519621703,-0.121122211
1734523552.438765764,9,3,5.282821967,7.877067525,-0.034709989
1734523552.438765764,9,4,0.523941344,3.828032150,0.005695824
1734523552.438765764,9,5,-1.644794651,7.317166801,0.060996420
1734523552.438765764,9,6,4.709236022,4.086240422,0.023094714
1734523552.438765764,9,7,-3.884471284,4.832040834,-0.034327585
1734523552.438765764,9,8,3.071007585,6.841409557,0.118438510
1734523552.498765707,0,1,4.349210528,0.132800078,0.018694842
1734523552.498765707,0,2,-0.237736557,3.866105600,0.058198643
1734523552.498765707,0,3,0.154008534,-4.219002410,-0.064748625
1734523552.498765707,0,4,-4.164496453,-0.064561152,-0.243007227
1734523552.498765707,0,5,3.666445832,4.308437254,0.046542237
1734523552.498765707,0,6,-3.696422841,-4.172829274,0.005474682
1734523552.498765707,0,7,-4.146804033,3.928756411,-0.140129794
1734523552.498765707,0,8,3.970414697,-3.706521989,0.041507293
1734523552.498765707,0,9,-7.645879502,-0.600408442,-0.041970776
1734523552.568765879,1,0,-4.611032665,0.184703542,0.124468031
1734523552.568765879,1,2,-4.404530829,4.485095017,-0.009194447
1734523552.568765879,1,3,-4.305409523,-4.564711345,0.025779751
1734523552.568765879,1,4,-7.487000094,-0.112545639,-0.426805654
1734523552.568765879,1,5,-0.081861282,4.433828849,0.029572956
1734523552.568765879,1,6,-7.662026826,-4.111374312,0.208462641
1734523552.568765879,1,7,-8.516403469,4.243637481,0.030487558
1734523552.568765879,1,8,0.071558524,-7.494331121,0.282631258
1734523552.568765879,1,9,-7.496802272,-0.218987819,0.000181592
1734523552.628765821,2,0,-4.907002185,-0.162536283,0.205806896
1734523552.628765821,2,1,-4.087150123,-4.380648213,0.007399338
1734523552.628765821,2,3,-8.766604757,-0.396829361,-0.089965527
1734523552.628765821,2,4,-4.530713786,3.840814255,-0.008085717
1734523552.628765821,2,5,0.038194223,-7.449009142,0.872240792
1734523552.628765821,2,6,-8.904367278,3.722660510,-0.006919249
1734523552.628765821,2,7,-0.381606477,4.158783603,-0.013793789
1734523552.628765821,2,8,-8.748297796,-4.495619179,-0.082955386
1734523552.628765821,2,9,-5.006536334,8.495925484,0.029196565
1734523552.688765764,3,0,-4.864240778,0.414041072,-0.088693800
1734523552.688765764,3,1,-4.126761840,4.580806192,0.019446925
1734523552.688765764,3,2,-8.364606798,0.716041544,0.072227515
1734523552.688765764,3,4,-4.914041806,-4.128599761,-0.005780411
1734523552.688765764,3,5,-8.521840115,4.659034553,0.013429716
1734523552.688765764,3,6,-0.606503926,-4.288593827,0.013275405
1734523552.688765764,3,7,-8.818787008,-3.453085189,-0.075263062
1734523552.688765764,3,8,0.011543539,4.282485460,-0.118845706
1734523552.688765764,3,9,-4.790221288,-8.139599658,-0.006709486
1734523552.748765707,4,0,0.042195278,3.172184226,0.047862954
1734523552.748765707,4,1,0.224543072,9.198603620,-0.005632122
1734523552.748765707,4,2,-4.112249218,4.365065803,-0.197033379
1734523552.748765707,4,3,4.136232263,3.806294151,0.087978097
1734523552.748765707,4,5,-3.453352596,7.495892993,0.222173789
1734523552.748765707,4,6,3.876245772,-0.335483521,0.076277949
1734523552.748765707,4,7,-7.465558892,0.698536148,0.165763911
1734523552.748765707,4,8,4.228631036,7.520365363,-0.031824367
1734523552.748765707,4,9,-0.103292869,-3.924115196,-0.033324358
1734523552.818765879,5,0,-4.205423451,-4.022975427,-0.027747386
1734523552.818765879,5,1,0.407055481,-4.210291021,0.007605205
1734523552.818765879,5,2,-3.711808444,0.345803947,0.176668669
1734523552.818765879,5,3,-3.928249325,-7.606625183,-0.079700504
1734523552.818765879,5,4,-7.551458910,-3.569228839,-0.010277736
1734523552.818765879,5,6,-8.343863449,-7.973880364,-0.050753167
1734523552.818765879,5,7,-8.157286068,0.342261561,-0.012982970
1734523552.818765879,5,8,-0.379703545,-7.983117152,-0.005462001
1734523552.818765879,5,9,-7.231759975,-1.985741108,0.092086449
1734523552.878765821,6,0,-2.628141463,4.954800534,0.017615868
1734523552.878765821,6,1,-1.448355912,9.492606274,-0.005018138
1734523552.878765821,6,2,-6.730516388,6.143037648,-0.037235315
1734523552.878765821,6,3,1.711730108,3.765032628,0.029600018
1734523552.878765821,6,4,-3.792918552,0.871133142,0.013699353
1734523552.878765821,6,5,-4.876480635,8.999311698,0.068493186
1734523552.878765821,6,7,-7.123909416,2.332838796,0.240370106
1734523552.878765821,6,8,2.507658901,7.648595701,0.078223429
1734523552.878765821,6,9,-5.058607937,-2.971191982,-0.048881920
1734523552.948765755,7,0,4.918989078,-3.083863716,-0.023010165
1734523552.948765755,7,1,8.362559804,-1.981013027,-0.031552015
1734523552.948765755,7,2,3.479301878,1.058734744,-0.012874786
1734523552.948765755,7,3,5.690658839,-7.604997132,-0.176419132
1734523552.948765755,7,4,1.017022876,-4.763059035,-0.135497190
1734523552.948765755,7,5,7.432468929,1.875116218,0.090080396
1734523552.948765755,7,6,1.758624636,-6.959196063,0.042564672
1734523552.948765755,7,8,10.027993397,-6.415977224,0.207142980
1734523552.948765755,7,9,-3.173427385,-5.068751918,-0.021964341
1734523553.008765697,8,0,-4.246541621,-3.697422054,-0.067131142
1734523553.008765697,8,1,-4.506464566,0.396921615,0.148795358
1734523553.008765697,8,2,-9.733217738,-4.090497100,-0.173802660
1734523553.008765697,8,3,0.008588690,-3.780017426,-0.207379090
1734523553.008765697,8,4,-4.476083535,-8.005832549,0.063380834
1734523553.008765697,8,5,-8.677786933,0.411022873,-0.136499849
1734523553.008765697,8,6,-0.129417384,-7.254296525,-0.192836133
1734523553.008765697,8,7,-8.965049345,-7.846139116,0.072352419
1734523553.008765697,8,9,-2.611680046,-7.028468515,0.172504113
1734523553.068765879,9,0,0.265300805,8.780800675,-0.204805567
1734523553.068765879,9,1,0.376181741,7.485669416,-0.270630177
1734523553.068765879,9,2,-4.014167660,8.305618839,-0.098144915
1734523553.068765879,9,3,4.832777286,8.048427149,-0.024660174
1734523553.068765879,9,4,-0.008480775,4.013780393,0.063177710
1734523553.068765879,9,5,-1.911557588,7.251585187,-0.102273453
1734523553.068765879,9,6,4.271177451,4.166273662,-0.050945890
1734523553.068765879,9,7,-4.051506026,4.541170547,-0.026521901
1734523553.068765879,9,8,2.611711573,7.027822955,0.196639690
1734523553.138765812,0,1,4.430852586,0.282743826,-0.161289893
1734523553.138765812,0,2,-0.537442270,4.947262578,0.070855105
1734523553.138765812,0,3,0.143193402,-4.652551693,-0.050905176
1734523553.138765812,0,4,-7.498104162,-0.154878916,-0.066682096
1734523553.138765812,0,5,3.631643382,4.317283784,0.027365916
1734523553.138765812,0,6,-3.887940771,-4.452404219,-0.001848851
1734523553.138765812,0,7,-4.387148633,4.028163536,-0.039566443
1734523553.138765812,0,8,4.413871498,-4.058185120,-0.009012946
1734523553.138765812,0,9,-8.719467431,-0.800041815,-0.247799138
1734523553.208765745,1,0,-4.630020042,-0.129683912,-0.001688601
1734523553.208765745,1,2,-4.258045496,4.443695881,0.011722079
1734523553.208765745,1,3,-4.524328690,-4.839087272,-0.033554510
1734523553.208765745,1,4,-9.142067092,-0.393311716,0.177457010
1734523553.208765745,1,5,-0.266242944,3.761825681,0.116695257
1734523553.208765745,1,6,-8.865017560,-4.545811445,0.083797443
1734523553.208765745,1,7,-8.304272328,4.185967064,-0.039240682
1734523553.208765745,1,8,-0.238094119,-4.257507149,-0.017204365
1734523553.208765745,1,9,-7.497303666,-0.191595695,0.061064090
1734523553.268765688,2,0,-4.557021240,-0.159964429,-0.052057373
1734523553.268765688,2,1,-4.404447776,-4.238929870,0.022455223
1734523553.268765688,2,3,-8.505862836,0.243036712,0.105717601
1734523553.268765688,2,4,-4.062855432,3.841910558,-0.035420384
1734523553.268765688,2,5,-0.326798032,-3.902620524,0.017471120
1734523553.268765688,2,6,-6.798529367,3.252915687,-0.034817092
1734523553.268765688,2,7,-0.023401077,4.382910400,0.234069457
1734523553.268765688,2,8,-8.825943231,-3.786912315,-0.069740310
1734523553.268765688,2,9,-4.011864959,7.722235231,-0.060583067
1734523553.328765869,3,0,-4.689082858,0.263244639,0.082239043
1734523553.328765869,3,1,-4.358680187,4.269692209,-0.021076157
1734523553.328765869,3,2,-7.968550373,0.042291322,-0.073251005
1734523553.328765869,3,4,-4.569003956,-4.199095896,-0.007116280
1734523553.328765869,3,5,-8.576063115,3.991730036,-0.071617314
1734523553.328765869,3,6,-0.368076549,-3.988979516,0.022974425
1734523553.328765869,3,7,-8.822974829,-4.008141026,-0.041846227
1734523553.328765869,3,8,-0.306870191,3.808261405,0.097917583
1734523553.328765869,3,9,-4.297183760,-8.135180597,0.036854418
1734523553.398765802,4,0,-0.048011384,3.912703806,0.240690530
1734523553.398765802,4,1,-0.249234980,6.772428385,0.086375135
1734523553.398765802,4,2,-4.489198506,4.051846760,0.036853735
1734523553.398765802,4,3,4.512203032,4.255915440,0.037550009
1734523553.398765802,4,5,-3.983802583,7.534723227,0.069376315
1734523553.398765802,4,6,3.666449306,0.159781717,0.246958305
1734523553.398765802,4,7,-4.273583047,0.115108251,0.263874694
1734523553.398765802,4,8,4.329707725,8.753430073,0.152526212
1734523553.398765802,4,9,0.434208245,-7.487090642,0.070263156
1734523553.468765736,5,0,-4.384095575,-3.500663007,-0.044469786
1734523553.468765736,5,1,-0.247165364,-4.228517776,-0.341348541
1734523553.468765736,5,2,-4.202478177,0.696138956,0.200236296
1734523553.468765736,5,3,-5.882815691,-8.960548842,0.193729286
1734523553.468765736,5,4,-8.678729291,-3.192583670,-0.004310466
1734523553.468765736,5,6,-8.777133910,-6.995587856,0.048047189
1734523553.468765736,5,7,-8.423163368,0.952824407,-0.037111213
1734523553.468765736,5,8,-1.021772512,-8.249367107,-0.272706527
1734523553.468765736,5,9,-7.394736592,-1.245563653,0.128226053
1734523553.528765678,6,0,-2.764017633,5.087618781,0.037225225
1734523553.528765678,6,1,-1.240333289,8.593030289,-0.185960090
1734523553.528765678,6,2,-7.318005231,6.593474385,-0.013942844
1734523553.528765678,6,3,1.802126205,3.979171089,0.070172760
1734523553.528765678,6,4,-4.308646281,1.070953754,0.001200311
1734523553.528765678,6,5,-5.253932768,9.584165377,-0.020486124
1734523553.528765678,6,7,-8.144655877,2.253604865,0.056996441
1734523553.528765678,6,8,2.681571205,7.753455503,0.006530849
1734523553.528765678,6,9,-5.206234170,-3.077316091,-0.046540072
1734523553.598765850,7,0,5.294270906,-4.286722312,0.019420338
1734523553.598765850,7,1,9.305071819,-3.197919502,-0.083447244
1734523553.598765850,7,2,4.228453935,0.646762766,-0.061262587
1734523553.598765850,7,3,4.862642574,-7.589248014,-0.124245852
1734523553.598765850,7,4,0.614732297,-4.084510941,0.105149355
1734523553.598765850,7,5,7.894000260,1.114744229,-0.053024445
1734523553.598765850,7,6,1.187306283,-9.035024451,-0.092129986
1734523553.598765850,7,8,9.758091034,-7.512932486,0.010424966
1734523553.598765850,7,9,-3.880159636,-4.961963282,-0.060708887
1734523553.658765793,8,0,-4.081515656,-4.046394384,-0.006912904
1734523553.658765793,8,1,-4.336030321,0.220196503,-0.109470080
1734523553.658765793,8,2,-6.809417415,-3.142354771,-0.086261052
1734523553.658765793,8,3,0.521875179,-3.802500010,0.068427097
1734523553.658765793,8,4,-3.607405396,-7.477560711,0.091969565
1734523553.658765793,8,5,-8.237840881,0.225649703,0.110027428
1734523553.658765793,8,6,0.029760936,-7.249209873,-0.110051362
1734523553.658765793,8,7,-9.216192025,-9.014822580,-0.017328527
1734523553.658765793,8,9,-2.277821146,-7.145674982,0.029323587
1734523553.718765736,9,0,-0.434891247,8.843713161,-0.202633385
1734523553.718765736,9,1,-0.078091890,7.499557990,-0.023056795
1734523553.718765736,9,2,-4.455323747,7.930485073,0.034565360
1734523553.718765736,9,3,4.404567485,8.622656633,-0.021311000
1734523553.718765736,9,4,-0.126537903,4.334561414,0.110712027
1734523553.718765736,9,5,-2.497602945,7.071913095,0.004970435
1734523553.718765736,9,6,3.737564917,4.188644028,0.211335228
1734523553.718765736,9,7,-4.389545960,4.296367221,0.021660352
1734523553.718765736,9,8,2.450583001,7.088305513,-0.023830944
1734523553.788765669,0,1,4.166467613,0.210988307,-0.160400939
1734523553.788765669,0,2,-0.548508202,5.198868908,-0.084766841
1734523553.788765669,0,3,0.365711959,-4.377365817,0.094603622
1734523553.788765669,0,4,-4.695203190,-0.555306586,0.051067107
1734523553.788765669,0,5,3.638624950,4.310271914,0.022107885
1734523553.788765669,0,6,-3.698557538,-4.324388167,-0.046971119
1734523553.788765669,0,7,-4.116507299,3.806670864,-0.023204585
1734523553.788765669,0,8,4.347491755,-3.879998681,0.064389871
1734523553.788765669,0,9,-8.434654802,-0.378285656,0.038185298
1734523553.848765850,1,0,-4.659467994,-0.180512410,-0.003201769
1734523553.848765850,1,2,-4.648791765,4.794931198,-0.025600129
1734523553.848765850,1,3,-4.235356375,-4.551434301,0.006703560
1734523553.848765850,1,4,-7.701033402,-0.323522211,-0.134377305
1734523553.848765850,1,5,-0.221433112,7.493317433,-0.226188484
1734523553.848765850,1,6,-8.159328505,-4.389902895,0.133253730
1734523553.848765850,1,7,-8.536565103,4.251645195,-0.094681355
1734523553.848765850,1,8,-0.517437824,-4.060227988,0.162459071
1734523553.848765850,1,9,-7.488647342,-0.411835416,0.023506895
1734523553.908765793,2,0,-4.277764673,0.256930541,0.229870970
1734523553.908765793,2,1,-4.773611671,-4.053851803,-0.035756600
1734523553.908765793,2,3,-8.985942893,0.847419667,-0.258459553
1734523553.908765793,2,4,-4.278913829,4.535434729,-0.021849186
1734523553.908765793,2,5,-0.524859037,-3.985670203,-0.009985921
1734523553.908765793,2,6,-7.677702987,4.214181708,-0.110014035
1734523553.908765793,2,7,0.080110730,3.952663321,-0.199804221
1734523553.908765793,2,8,-8.370851489,-3.174122225,-0.095953607
1734523553.908765793,2,9,-3.914296804,8.593145787,0.027079064
1734523553.978765726,3,0,-4.373063031,-0.348250993,0.049481862
1734523553.978765726,3,1,-4.416769400,3.852884913,0.240499430
1734523553.978765726,3,2,-10.418268486,-0.383192902,0.128700379
1734523553.978765726,3,4,-4.162297587,-4.346487948,0.010387309
1734523553.978765726,3,5,-8.594813308,3.422046830,0.027810365
1734523553.978765726,3,6,-0.186387865,-3.956085770,0.002980521
1734523553.978765726,3,7,-8.470582643,-4.621236314,-0.132446765
1734523553.978765726,3,8,-0.749628260,4.311580614,0.115673101
1734523553.978765726,3,9,-3.935217938,-8.765485468,-0.086791026
1734523554.038765669,4,0,-0.212391319,3.822709506,0.167717025
1734523554.038765669,4,1,-0.742127489,8.045333041,-0.159595251
1734523554.038765669,4,2,-4.930423654,3.858720109,-0.000499779
1734523554.038765669,4,3,4.163137630,4.437887271,-0.048653873
1734523554.038765669,4,5,-4.850486384,7.519238101,-0.004943926
1734523554.038765669,4,6,4.145397776,0.422580768,0.084378637
1734523554.038765669,4,7,-3.974780776,-0.074176935,-0.179000606
1734523554.038765669,4,8,3.969512800,8.740846278,0.042202470
1734523554.038765669,4,9,0.549046389,-4.011593083,0.120675201
1734523554.098765850,5,0,-4.770618906,-3.134352813,0.009619684
1734523554.098765850,5,1,-0.745937850,-3.941499097,0.112249403
1734523554.098765850,5,2,-3.892215201,1.344377518,0.026266907
1734523554.098765850,5,3,-4.564578144,-5.949967514,-0.111861313
1734523554.098765850,5,4,-8.870050121,-2.348982163,-0.052024477
1734523554.098765850,5,6,-10.254932944,-6.798593975,-0.030843759
1734523554.098765850,5,7,-8.492446123,1.899611986,-0.089473149
1734523554.098765850,5,8,-1.644088958,-6.845901338,-0.149254424
1734523554.098765850,5,9,-7.466340183,-0.698671207,-0.124991250
1734523554.158765793,6,0,-3.111340415,5.108143597,-0.084697036
1734523554.158765793,6,1,-1.416108427,9.021664385,0.027192396
1734523554.158765793,6,2,-6.747698611,6.217073472,-0.015495693
1734523554.158765793,6,3,1.447132196,3.584396410,-0.070324015
1734523554.158765793,6,4,-4.311862247,0.843316680,-0.074781160
1734523554.158765793,6,5,-5.482918172,9.992217327,-0.006598363
1734523554.158765793,6,7,-7.936469613,2.531739315,-0.174457846
1734523554.158765793,6,8,2.738878669,8.583610607,0.150130010
1734523554.158765793,6,9,-5.338929401,-3.266407409,0.161829818
1734523554.228765726,7,0,4.187322364,-4.032745475,-0.009685972
1734523554.228765726,7,1,8.407367120,-3.860788337,-0.089988811
1734523554.228765726,7,2,3.809540740,0.630482290,0.080357695
1734523554.228765726,7,3,4.883795554,-9.933919304,-0.042076539
1734523554.228765726,7,4,0.066959126,-4.725404227,-0.330944081
1734523554.228765726,7,5,8.273266324,0.281559653,-0.032029607
1734523554.228765726,7,6,0.305029310,-8.318795789,-0.140797397
1734523554.228765726,7,8,8.739520217,-8.501743688,-0.065214860
1734523554.228765726,7,9,-4.531599688,-4.740083193,0.013014782
1734523554.288765669,8,0,-3.871753533,-4.177952728,0.008794987
1734523554.288765669,8,1,-4.518918705,-0.003649177,0.193143401
1734523554.288765669,8,2,-8.939319669,-4.863242364,0.177418156
1734523554.288765669,8,3,0.497357988,-3.946105727,0.070851940
1734523554.288765669,8,4,-3.690346631,-8.212963069,-0.026513400
1734523554.288765669,8,5,-8.121891947,-0.491919011,-0.002755610
1734523554.288765669,8,6,0.321017117,-7.941109914,0.110033677
1734523554.288765669,8,7,-8.067344784,-8.815334989,-0.040341604
1734523554.288765669,8,9,-1.897010358,-7.255810274,-0.067594114
1734523554.348765850,9,0,-1.004711900,8.983916184,-0.003136256
1734523554.348765850,9,1,-0.694808235,7.467408261,-0.071101219
1734523554.348765850,9,2,-5.638964454,9.028911944,-0.101282152
1734523554.348765850,9,3,3.799729022,9.142265576,-0.156961049
1734523554.348765850,9,4,-0.183545871,3.838728266,-0.003463095
1734523554.348765850,9,6,3.576589078,4.628531590,0.035378047
1734523554.348765850,9,7,-4.562218157,3.959878250,-0.001080971
1734523554.348765850,9,8,1.818951987,7.273877474,0.179220998
1734523554.408765793,0,1,4.593447999,0.210731157,0.054296645
1734523554.408765793,0,2,-0.196066263,3.917270480,0.022525421
1734523554.408765793,0,3,0.451302377,-4.781281991,0.058068873
1734523554.408765793,0,4,-4.673011546,-0.440872894,0.087973580
1734523554.408765793,0,5,3.400708770,4.424353824,0.055139929
1734523554.408765793,0,6,-3.823358761,-4.350219134,0.002109618
1734523554.408765793,0,7,-4.242951516,3.949538355,-0.160928473
1734523554.408765793,0,8,4.170740052,-3.883087753,-0.010871288
1734523554.408765793,0,9,-7.494580370,-0.225965971,-0.173794305
1734523554.468765736,1,0,-4.718716225,0.040764211,-0.203081208
1734523554.468765736,1,2,-4.233974329,4.365217767,0.009743662
1734523554.468765736,1,3,-4.326232617,-4.665418322,-0.026576807
1734523554.468765736,1,4,-7.889518755,-0.145940250,-0.151725128
1734523554.468765736,1,5,-0.391448685,4.565996494,-0.026375401
1734523554.468765736,1,6,-7.732315119,-3.990892941,-0.258017791
1734523554.468765736,1,7,-8.192888683,4.083465385,-0.018807365
1734523554.468765736,1,8,-0.493271948,-3.952197762,0.075877097
1734523554.528765678,2,0,-5.028401753,0.507172566,0.259264524
1734523554.528765678,2,1,-5.038103165,-3.727300153,-0.011444773
1734523554.528765678,2,3,-9.578847795,1.420609953,0.032928670
1734523554.528765678,2,4,-4.069671716,4.690599346,-0.008674438
1734523554.528765678,2,5,-0.750193350,-3.872066350,0.007048723
1734523554.528765678,2,6,-8.655449502,5.386694468,-0.104052372
1734523554.528765678,2,7,0.389169176,3.875691839,0.173860449
1734523554.528765678,2,8,-9.193408298,-2.842541632,-0.010349896
1734523554.528765678,2,9,-3.639082833,9.164161747,-0.007537642
1734523554.598765850,3,0,-7.460590049,-0.339952565,-0.688497187
1734523554.598765850,3,1,-4.706726495,3.688991436,-0.031949045
1734523554.598765850,3,2,-7.474517118,-0.609903884,0.098036262
1734523554.598765850,3,4,-3.255815300,-3.701091395,-0.084767669
1734523554.598765850,3,5,-9.233646332,3.093449043,0.076734316
1734523554.598765850,3,6,0.087247321,-3.846066131,-0.235638695
1734523554.598765850,3,7,-8.541542988,-5.321178248,0.001329610
1734523554.598765850,3,8,-0.516165597,3.729872491,0.223329613
1734523554.598765850,3,9,-3.467579863,-8.605792220,0.156519234
1734523554.658765793,4,0,-1.264302903,7.392595836,-0.032633898
1734523554.658765793,4,1,-1.241235021,7.561096075,0.114792795
1734523554.658765793,4,3,3.885352807,4.548131699,0.025749821
1734523554.658765793,4,5,-5.377578208,7.618737517,-0.133123946
1734523554.658765793,4,6,3.683252748,0.859157540,0.144063786
1734523554.658765793,4,7,-4.269745633,-0.488946992,0.065226921
1734523554.658765793,4,8,3.078510790,8.141540286,-0.122586642
1734523554.658765793,4,9,0.441965404,-4.527794360,-0.101791725
1734523554.718765736,5,0,-5.049244636,-2.687922098,-0.011066868
1734523554.718765736,5,1,-1.195401077,-4.177334510,-0.042007902
1734523554.718765736,5,2,-3.613160291,1.497037259,0.108021927
1734523554.718765736,5,3,-7.167513472,-7.553200714,0.061706633
1734523554.718765736,5,4,-8.828584800,-1.421346210,-0.000147589
1734523554.718765736,5,6,-9.795213736,-5.247242108,-0.067025785
1734523554.718765736,5,7,-7.078166212,2.453821148,0.358224573
1734523554.718765736,5,8,-2.271080467,-7.763974617,-0.074467595
1734523554.718765736,5,9,-7.498956822,0.091467072,-0.085324986
1734523554.778765678,6,0,-2.727970907,5.126492361,0.033880731
1734523554.778765678,6,1,-1.184616895,9.071839015,-0.165188075
1734523554.778765678,6,2,-7.012871393,6.355210424,-0.002174609
1734523554.778765678,6,3,1.820630202,3.955185464,0.221437194
1734523554.778765678,6,4,-4.062877824,1.040705678,0.000255877
1734523554.778765678,6,5,-5.749057594,10.744726799,-0.303498402
1734523554.778765678,6,7,-8.067266210,2.490237906,0.032043167
1734523554.778765678,6,8,1.954807573,6.502396350,-0.024624887
1734523554.778765678,6,9,-5.303565534,-3.220354572,-0.075428662
1734523554.848765850,7,0,3.528180276,-4.181333086,-0.008176133
1734523554.848765850,7,1,7.743718640,-4.522566684,-0.087387359
1734523554.848765850,7,2,3.991776205,0.213638724,-0.128904767
1734523554.848765850,7,3,3.460850537,-9.395002202,-0.071713429
1734523554.848765850,7,4,-0.401464862,-4.464607855,-0.036825256
1734523554.848765850,7,5,8.184000024,-0.549222739,-0.027056404
1734523554.848765850,7,6,-0.556933748,-8.051959300,-0.204310053
1734523554.848765850,7,8,6.978471401,-8.802551388,-0.182636123
1734523554.848765850,7,9,-4.984548464,-4.247739916,-0.005923676
1734523554.908765793,8,0,-3.574260459,-4.393502402,0.002371396
1734523554.908765793,8,1,-4.075245134,-0.195987587,0.315823939
1734523554.908765793,8,2,-7.193260932,-4.659704759,-0.004749111
1734523554.908765793,8,3,0.614827872,-3.304807975,-0.130712849
1734523554.908765793,8,4,-3.345050203,-9.644143506,-0.111861504
1734523554.908765793,8,5,-7.931976729,-0.844093784,0.052649907
1734523554.908765793,8,6,0.937615110,-8.109769376,-0.322811621
1734523554.908765793,8,7,-7.075288221,-8.873960194,-0.146638595
1734523554.908765793,8,9,-1.219700818,-7.400151430,0.009419833
1734523554.978765726,9,0,-1.217862886,8.411001866,-0.174052186
1734523554.978765726,9,2,-5.357282703,7.554996148,-0.285666241
1734523554.978765726,9,3,3.565686967,9.275588469,0.200169194
1734523554.978765726,9,4,-0.395860425,3.983270439,-0.154488944
1734523554.978765726,9,5,-3.444847777,6.658546926,0.216279044
1734523554.978765726,9,6,3.199499060,4.769369872,-0.005740256
1734523554.978765726,9,7,-4.796021166,3.688432160,0.026009389
1734523554.978765726,9,8,1.291073786,7.386658083,-0.142866547
1734523555.038765669,0,1,4.098692474,0.143103457,0.018450133
1734523555.038765669,0,2,-0.280122274,4.111165227,0.123678662
1734523555.038765669,0,3,-0.361209796,-7.490685095,-0.095730319
1734523555.038765669,0,4,-4.104870734,-0.297493272,0.304298889
1734523555.038765669,0,5,3.840297565,4.635109918,0.167223707
1734523555.038765669,0,6,-3.516280622,-4.113731476,-0.003560798
1734523555.038765669,0,7,-4.199860065,3.947243460,0.213997073
1734523555.038765669,0,8,4.236090774,-3.994445526,0.012369781
1734523555.038765669,0,9,-8.434134073,-0.899178633,0.046986601
1734523555.108765841,1,0,-3.773582934,-0.029540189,0.006676670
1734523555.108765841,1,2,-4.356981598,4.312557091,-0.311976004
1734523555.108765841,1,3,-4.489306012,-4.778111092,0.022760844
1734523555.108765841,1,4,-8.299766871,-0.138393274,0.085957634
1734523555.108765841,1,5,-0.363027417,4.122398178,0.036872609
1734523555.108765841,1,6,-8.207705523,-4.079719194,-0.196100432
1734523555.108765841,1,7,-8.158895989,4.090335847,-0.074823908
1734523555.108765841,1,8,-0.401869007,-3.657784395,0.132177750
1734523555.108765841,1,9,-7.496370161,0.003430446,-0.233286619
1734523555.168765783,2,0,-4.208959877,0.819004444,0.164943569
1734523555.168765783,2,1,-5.308270510,-3.668285343,0.007373533
1734523555.168765783,2,3,-8.183467277,1.452042532,0.069504074
1734523555.168765783,2,4,-3.909380290,4.953995820,-0.022278760
1734523555.168765783,2,5,-0.897488453,-3.738114921,-0.009176723
1734523555.168765783,2,6,-7.739526516,5.309916362,-0.074850556
1734523555.168765783,2,7,0.442562102,3.781621973,0.022907733
1734523555.168765783,2,8,-8.924701318,-2.275487421,-0.153067165
1734523555.168765783,2,9,-3.032736921,9.003838938,-0.003997971
1734523555.228765726,3,0,-4.765297036,-0.617006289,0.101745352
1734523555.228765726,3,1,-4.889960233,3.421256673,-0.007509035
1734523555.228765726,3,2,-8.611478645,-1.329237097,-0.221652806
1734523555.228765726,3,4,-3.563584338,-4.466613830,0.000578339
1734523555.228765726,3,5,-9.550861428,2.772677284,-0.052011492
1734523555.228765726,3,6,-0.168248760,-3.819771193,-0.026265059
1734523555.228765726,3,7,-9.294300599,-6.339892559,-0.054235809
1734523555.228765726,3,8,-2.285592222,7.137358541,-0.290140051
1734523555.228765726,3,9,-3.564250588,-10.146862529,-0.036761320
1734523555.288765669,4,0,-0.826027990,3.689060652,0.032930373
1734523555.288765669,4,1,-1.445224181,7.951246696,-0.227597964
1734523555.288765669,4,2,-6.169184719,4.264087390,-0.093373625
1734523555.288765669,4,3,3.469775284,4.605300362,-0.029103134
1734523555.288765669,4,5,-5.525438470,7.171687250,0.252308217
1734523555.288765669,4,6,3.910626906,1.018399326,-0.122621895
1734523555.288765669,4,7,-4.492591409,-0.820114587,0.047182035
1734523555.288765669,4,8,2.060631488,7.211258822,-0.039294792
1734523555.288765669,4,9,0.973275980,-4.898505561,0.062272031
1734523555.358765841,5,0,-5.336696195,-2.448618389,-0.050860073
1734523555.358765841,5,1,-1.218267044,-4.188495195,0.109169173
1734523555.358765841,5,2,-3.416117767,1.644275853,0.042515821
1734523555.358765841,5,3,-6.815060671,-6.335421894,0.050213918
1734523555.358765841,5,4,-9.153120942,-0.915737143,0.037220906
1734523555.358765841,5,6,-10.836619287,-4.839763260,-0.036300914
1734523555.358765841,5,7,-7.260547667,3.248567915,0.230556825
1734523555.358765841,5,8,-2.949157999,-7.370743087,0.045074328
1734523555.358765841,5,9,-7.484370370,0.472120061,0.106314686
1734523555.418765783,6,0,-2.638300109,5.057280528,0.025415759
1734523555.418765783,6,1,-1.366364407,9.896350329,-0.013427503
1734523555.418765783,6,2,-6.260390436,5.784766938,-0.044147598
1734523555.418765783,6,3,1.527092516,3.746273728,0.048061178
1734523555.418765783,6,4,-4.012366400,1.037465616,0.195920613
1734523555.418765783,6,5,-3.649936503,6.551855836,0.033891543
1734523555.418765783,6,7,-8.271390969,2.668491578,-0.102517585
1734523555.418765783,6,8,2.389862628,7.539332851,0.096996517
1734523555.418765783,6,9,-4.815856958,-2.886602228,-0.034736663
1734523555.478765726,7,0,3.378230887,-4.773838271,0.006976065
1734523555.478765726,7,1,7.679156669,-5.378036430,0.008626857
1734523555.478765726,7,2,4.117403983,-0.239860253,-0.107355926
1734523555.478765726,7,3,2.617331454,-9.212823917,0.056912442
1734523555.478765726,7,4,-0.771537215,-4.527422353,-0.072786377
1734523555.478765726,7,5,8.490879285,-1.241725429,-0.026402444
1734523555.478765726,7,6,-1.029583871,-7.863231122,0.022215604
1734523555.478765726,7,8,7.382497280,-10.526955502,0.148914508
1734523555.478765726,7,9,-5.013320606,-3.629198703,-0.006851743
1734523555.548765659,8,0,-3.422648251,-4.599095197,-0.010512796
1734523555.548765659,8,1,-4.472696455,-0.369184806,0.017534725
1734523555.548765659,8,2,-6.843008404,-4.520365147,-0.074301786
1734523555.548765659,8,3,1.138347067,-4.079546562,0.191262222
1734523555.548765659,8,4,-2.775410379,-9.586105987,-0.058811341
1734523555.548765659,8,5,-7.856058453,-1.385356807,-0.039796995
1734523555.548765659,8,6,1.182045755,-7.138492391,-0.034935972
1734523555.548765659,8,7,-7.184438983,-9.546746881,-0.012032334
1734523555.548765659,8,9,-0.767053849,-7.460327112,-0.071747951
1734523555.608765841,9,0,-1.381119305,7.363489970,-0.348604258
1734523555.608765841,9,2,-6.149028339,7.952821862,0.155263596
1734523555.608765841,9,3,3.325187887,9.698174732,-0.012097952
1734523555.608765841,9,4,-0.848787993,4.736494521,-0.123690131
1734523555.608765841,9,5,-3.660427977,6.545214641,-0.106922081
1734523555.608765841,9,6,3.164537533,5.170178373,0.032710384
1734523555.608765841,9,7,-5.002347515,3.504874721,0.033853309
1734523555.608765841,9,8,0.900374581,7.445756594,-0.005861432
1734523555.668765783,0,1,4.698905249,0.248084975,-0.036600928
1734523555.668765783,0,2,-0.326462764,4.337406688,-0.145678308
1734523555.668765783,0,3,0.211378713,-4.211168557,0.106273198
1734523555.668765783,0,4,-4.073703436,-0.366812666,-0.010508625
1734523555.668765783,0,5,5.028936545,5.562425561,0.138633019
1734523555.668765783,0,6,-3.753186608,-4.345706308,-0.061289215
1734523555.668765783,0,7,-4.391352007,4.033485424,0.001976747
1734523555.668765783,0,8,4.112226423,-3.903220273,0.026066074
1734523555.668765783,0,9,-9.759593751,-0.716199780,-0.002729069
1734523555.728765726,1,0,-3.824564566,-0.280547988,0.075181582
1734523555.728765726,1,2,-4.372654314,4.467190825,-0.016166068
1734523555.728765726,1,3,-4.252081774,-4.665007796,-0.043481717
1734523555.728765726,1,4,-10.169056881,-0.198611142,-0.176961203
1734523555.728765726,1,5,-0.427987537,4.355209733,0.033525267
1734523555.728765726,1,6,-8.430219347,-4.293156687,0.183944429
1734523555.728765726,1,7,-8.411038714,4.227513967,0.054290019
1734523555.728765726,1,8,-0.283735735,-4.493009685,0.125784643
1734523555.728765726,1,9,-7.499295620,-0.098736295,0.028571687
1734523555.798765659,2,0,-4.325814836,1.134132559,0.027375673
1734523555.798765659,2,1,-5.311467492,-3.277876639,0.037148023
1734523555.798765659,2,3,-8.899323936,2.038761600,0.087243882
1734523555.798765659,2,4,-3.654683663,5.275659511,-0.155353262
1734523555.798765659,2,5,-1.152103344,-3.907590298,0.030310938
1734523555.798765659,2,6,-7.408501696,5.516051526,0.015695502
1734523555.798765659,2,7,0.857692825,3.911353392,0.110619289
1734523555.798765659,2,8,-9.034528158,-1.912964310,-0.031194609
1734523555.798765659,2,9,-2.766251260,9.683299978,0.045812694
1734523555.858765841,3,0,-4.076117209,-0.677246261,0.168259699
1734523555.858765841,3,1,-5.449839578,3.504352087,0.001147769
1734523555.858765841,3,2,-8.217219878,-1.646649354,0.040921673
1734523555.858765841,3,4,-3.559054433,-4.849712870,0.014537728
1734523555.858765841,3,5,-9.248647240,2.182025868,-0.016021329
1734523555.858765841,3,6,0.290360579,-4.493036313,-0.041738256
1734523555.858765841,3,7,-6.829687467,-4.643575520,0.002201108
1734523555.858765841,3,8,-1.201191840,3.897172210,-0.002799358
1734523555.858765841,3,9,-2.685672888,-9.626573207,-0.023439850
1734523555.928765774,4,0,-1.057038892,4.324388649,-0.069411729
1734523555.928765774,4,1,-2.112022533,8.309945919,0.215663426
1734523555.928765774,4,2,-5.700956949,3.279247504,-0.040647618
1734523555.928765774,4,3,3.667111349,5.533420474,0.249835387
1734523555.928765774,4,5,-6.514171888,7.245017432,0.000009653
1734523555.928765774,4,6,3.682836577,1.101584804,-0.246767302
1734523555.928765774,4,7,-3.982975604,-0.840794172,-0.070271601
1734523555.928765774,4,8,2.412981347,9.865065823,-0.072967141
1734523555.928765774,4,9,1.083671595,-3.804126823,-0.095974868
1734523555.988765717,5,0,-4.950527300,-1.864961881,-0.212224102
1734523555.988765717,5,1,-1.382790272,-3.595870188,-0.178108348
1734523555.988765717,5,2,-3.400222686,2.157400462,-0.017641995
1734523555.988765717,5,3,-7.262050415,-5.700429917,-0.052988096
1734523555.988765717,5,4,-10.401209841,0.018859966,-0.000082818
1734523555.988765717,5,6,-10.771724772,-3.867320293,0.003841215
1734523555.988765717,5,7,-7.072402391,3.687720930,0.020998343
1734523555.988765717,5,8,-3.848800062,-7.264923501,0.191691010
1734523555.988765717,5,9,-7.441412963,0.935587835,0.006965065
1734523556.048765659,6,0,-2.595727730,5.365762790,0.068952165
1734523556.048765659,6,1,-1.126928506,8.565128292,0.056712249
1734523556.048765659,6,2,-7.162834930,6.778351504,0.073383783
1734523556.048765659,6,3,3.472640266,6.642068887,0.271459926
1734523556.048765659,6,4,-4.053790479,1.168491545,-0.007908750
1734523556.048765659,6,5,-5.494850944,10.184545538,-0.160160580
1734523556.048765659,6,7,-7.454819233,2.512783900,0.002619392
1734523556.048765659,6,8,2.289450645,7.170480743,0.270881489
1734523556.048765659,6,9,-5.126854847,-2.969963220,-0.030811662
1734523556.108765841,7,0,2.982556254,-5.104926984,-0.042867927
1734523556.108765841,7,1,7.435565556,-6.264467333,-0.014243212
1734523556.108765841,7,2,4.506252903,-0.705057884,-0.145527333
1734523556.108765841,7,3,1.944909250,-10.151031473,-0.076457589
1734523556.108765841,7,4,-1.053307773,-4.548591854,0.052365290
1734523556.108765841,7,5,7.958684113,-1.923186676,0.052672128
1734523556.108765841,7,6,-1.891388704,-8.461610668,-0.014117541
1734523556.108765841,7,8,5.814019028,-9.880505741,-0.086652873
1734523556.108765841,7,9,-5.298940083,-3.245108734,0.020164728
1734523556.178765774,8,0,-3.202831273,-4.790098198,-0.011888280
1734523556.178765774,8,1,-7.436975348,-0.906307310,0.346416990
1734523556.178765774,8,2,-6.057133340,-4.416714210,-0.231886372
1734523556.178765774,8,3,1.375544002,-3.806735089,0.013909904
1734523556.178765774,8,4,-1.998213068,-8.118447306,0.067167098
1734523556.178765774,8,5,-7.321910032,-1.624297538,0.035930398
1734523556.178765774,8,6,1.695005932,-7.726659144,-0.050250254
1734523556.178765774,8,7,-6.497364927,-9.697662504,0.008112840
1734523556.178765774,8,9,-0.569878731,-7.477889745,0.080019970
1734523556.238765717,9,0,-1.890673136,7.251075088,-0.311873621
1734523556.238765717,9,1,-1.811866369,7.277416855,0.079650336
1734523556.238765717,9,2,-7.055929578,8.001418343,-0.178592052
1734523556.238765717,9,3,2.330382928,9.494668421,-0.236388191
1734523556.238765717,9,4,-0.902194195,4.537819119,0.091512994
1734523556.238765717,9,5,-4.028543422,6.325317299,-0.105825172
1734523556.238765717,9,6,2.898767164,5.361227208,-0.007823406
1734523556.238765717,9,7,-5.843828295,3.632565049,0.000926242
1734523556.238765717,9,8,0.775795767,7.458917128,0.112677415
1734523556.298765659,0,1,4.645777356,0.285816977,0.137746445
1734523556.298765659,0,2,-0.349862501,4.219530526,0.124073755
1734523556.298765659,0,3,1.023355468,-7.429852143,0.006380918
1734523556.298765659,0,4,-4.214383929,-0.346226662,-0.002895626
1734523556.298765659,0,5,3.460244917,4.101994281,-0.108777646
1734523556.298765659,0,6,-3.919154114,-4.598299596,-0.001015984
1734523556.298765659,0,7,-4.582029019,4.283628006,0.033502356
1734523556.298765659,0,8,4.443167905,-4.180068899,0.017634357
1734523556.298765659,0,9,-8.729038546,-0.762324904,0.008938519
1734523556.368765831,1,0,-4.241092443,-0.211256564,-0.001882624
1734523556.368765831,1,2,-4.319148920,4.415161149,-0.036523210
1734523556.368765831,1,3,-4.379378350,-4.754345594,-0.010334262
1734523556.368765831,1,4,-8.366468388,-0.270707364,-0.054312555
1734523556.368765831,1,5,-0.459920072,4.445142223,-0.002839202
1734523556.368765831,1,6,-7.681111720,-3.877534675,0.007053644
1734523556.368765831,1,7,-8.316476830,4.131086643,-0.055025013
1734523556.368765831,1,8,-0.418976167,-3.612601557,-0.003013376
1734523556.368765831,1,9,-7.487498596,-0.421179217,-0.099864150
1734523556.428765774,2,0,-4.606228471,1.348058069,-0.052784784
1734523556.428765774,2,1,-5.233896126,-3.005718138,-0.047685289
1734523556.428765774,2,3,-8.435949899,2.334971768,-0.167941391
1734523556.428765774,2,4,-3.113547154,4.927732219,-0.205863464
1734523556.428765774,2,5,-1.301231452,-3.803077016,-0.023428361
1734523556.428765774,2,6,-7.225274378,5.885184007,0.002272797
1734523556.428765774,2,7,0.799201326,3.836841498,-0.001236590
1734523556.428765774,2,8,-8.838405347,-1.552077194,0.062250923
1734523556.428765774,2,9,-2.471518110,9.599960270,0.045850264
1734523556.498765707,3,0,-4.048514279,-0.993253657,0.182390316
1734523556.498765707,3,1,-5.488125532,3.164873762,0.023240192
1734523556.498765707,3,2,-8.314247216,-2.209881870,-0.107089206
1734523556.498765707,3,4,-3.295303555,-4.957024082,-0.001931501
1734523556.498765707,3,5,-8.930494066,1.760150408,-0.044951986
1734523556.498765707,3,6,0.475291320,-4.076156988,-0.005009717
1734523556.498765707,3,7,-7.607337815,-5.998912057,0.010733758
1734523556.498765707,3,8,-1.278614050,3.668530353,-0.032984426
1734523556.498765707,3,9,-2.204792211,-9.395513860,-0.148263469
1734523556.558765650,4,0,-1.258614029,3.928489568,0.077760612
1734523556.558765650,4,1,-2.405759480,7.828189044,-0.134112620
1734523556.558765650,4,2,-5.328930060,2.491366435,0.001386128
1734523556.558765650,4,3,3.131994191,5.088121720,0.004428740
1734523556.558765650,4,5,-7.259213407,7.466264625,0.065071638
1734523556.558765650,4,6,3.309622225,1.033234875,-0.142299290
1734523556.558765650,4,7,-4.394272152,-1.121709754,0.004985111
1734523556.558765650,4,8,1.624483604,9.574348670,0.153532339
1734523556.558765650,4,9,1.297815048,-4.210502050,0.015204934
1734523556.618765831,5,0,-5.803333959,-1.622232993,-0.047806348
1734523556.618765831,5,1,-1.983030384,-4.405112778,-0.211955835
1734523556.618765831,5,2,-3.287608731,2.432760415,-0.000177195
1734523556.618765831,5,3,-8.308317054,-5.569455156,0.053782513
1734523556.618765831,5,4,-9.174624312,0.488965190,0.013331047
1734523556.618765831,5,6,-10.993329266,-2.918784761,-0.023862367
1734523556.618765831,5,7,-6.690616027,4.183726688,0.015858534
1734523556.618765831,5,8,-3.802609686,-6.454792158,-0.354708018
1734523556.618765831,5,9,-7.363738329,1.408694621,0.202329641
1734523556.678765774,6,0,-2.394876875,4.957815869,-0.039458341
1734523556.678765774,6,1,-1.066883508,10.016416965,-0.054414473
1734523556.678765774,6,2,-7.605594458,7.709216451,0.004099879
1734523556.678765774,6,3,1.928392615,4.017445599,-0.047523479
1734523556.678765774,6,4,-4.256926328,1.250557932,-0.140651054
1734523556.678765774,6,5,-5.422464469,10.936244904,-0.129457592
1734523556.678765774,6,7,-7.715269085,2.682633836,-0.029528974
1734523556.678765774,6,8,2.858609734,7.179066976,-0.111623714
1734523556.678765774,6,9,-4.765232225,-2.538332628,0.107098132
1734523556.748765707,7,0,2.579145802,-5.368422690,0.007440118
1734523556.748765707,7,1,6.347034068,-6.243470924,-0.049556025
1734523556.748765707,7,2,3.693544204,-0.768674763,0.007132827
1734523556.748765707,7,3,0.996948553,-9.380918363,-0.019001430
1734523556.748765707,7,4,-1.487729106,-4.095091559,-0.045344798
1734523556.748765707,7,5,7.279557212,-2.433920659,0.004012001
1734523556.748765707,7,6,-2.529276172,-8.027949239,-0.027905326
1734523556.748765707,7,8,5.057527623,-10.452827635,-0.044146124
1734523556.748765707,7,9,-5.562856832,-2.780467776,-0.040221765
1734523556.808765650,8,0,-3.130764891,-5.118929945,-0.050760811
1734523556.808765650,8,1,-4.391856246,-0.911818855,-0.041213578
1734523556.808765650,8,2,-6.753937848,-5.841578564,0.036886296
1734523556.808765650,8,3,1.510150813,-3.652540233,-0.006302703
1734523556.808765650,8,4,-1.400076971,-8.404486231,-0.124744297
1734523556.808765650,8,5,-8.174129748,-2.244990654,-0.047575819
1734523556.808765650,8,6,2.046639404,-7.464731170,-0.038987947
1734523556.808765650,8,7,-6.074675387,-10.387579366,-0.053555829
1734523556.808765650,8,9,-0.370958828,-7.490348580,-0.084069589
1734523556.868765831,9,0,-2.780063696,9.242207380,-0.080364452
1734523556.868765831,9,1,-2.238747743,7.157981405,-0.036204209
1734523556.868765831,9,2,-6.377129546,6.356471375,0.091400101
1734523556.868765831,9,3,2.214092238,9.691052491,0.059193462
1734523556.868765831,9,4,-1.243298416,4.520047691,-0.163620024
1734523556.868765831,9,5,-4.329269342,6.124190614,0.041428051
1734523556.868765831,9,6,2.562688170,5.421717939,0.028871847
1734523556.868765831,9,7,-5.699765966,3.292473953,-0.111135303
1734523556.868765831,9,8,0.169388907,7.495556499,-0.194782355
1734523556.938765764,0,1,4.863164134,0.290496661,-0.173992077
1734523556.938765764,0,2,-0.282583279,4.489020411,0.212693194
1734523556.938765764,0,3,0.435195683,-4.884492200,0.147705763
1734523556.938765764,0,4,-4.142047857,-0.404179219,-0.003085938
1734523556.938765764,0,5,4.542360556,5.962081743,0.265597202
1734523556.938765764,0,6,-4.000678451,-4.635657307,0.027060151
1734523556.938765764,0,7,-3.726209360,3.630384432,0.212359997
1734523556.938765764,0,8,4.176993548,-3.981473904,-0.027761125
1734523556.938765764,0,9,-8.738332681,-0.783798183,0.262664868
1734523556.998765707,1,0,-7.465558910,0.058873169,-0.715516672
1734523556.998765707,1,2,-4.650716971,4.750265951,-0.026895097
1734523556.998765707,1,3,-4.354402823,-4.693634168,0.008476124
1734523556.998765707,1,4,-8.708840524,-0.207096069,0.006584722
1734523556.998765707,1,5,-0.423756063,4.244665839,-0.007562925
1734523556.998765707,1,6,-8.232691481,-4.276439022,0.143642683
1734523556.998765707,1,7,-8.360033127,4.139023355,0.078309718
1734523556.998765707,1,8,-0.563381526,-4.239919617,-0.008138843
1734523556.998765707,1,9,-7.497942742,-0.121280268,-0.127065883
1734523557.058765650,2,0,-4.456147293,1.341030263,0.122171686
1734523557.058765650,2,1,-6.685797905,-3.398538185,-0.006677131
1734523557.058765650,2,3,-9.001642857,2.462786777,0.227154319
1734523557.058765650,2,4,-4.110313641,6.251253821,0.526447945
1734523557.058765650,2,5,-1.446186487,-3.709279234,0.011895088
1734523557.058765650,2,6,-6.947567677,6.067553869,-0.095678806
1734523557.058765650,2,7,0.952895417,3.960018319,0.020696835
1734523557.058765650,2,8,-9.413111322,-1.310146279,-0.010890307
1734523557.058765650,2,9,-1.928802662,8.981847669,-0.059825679
1734523557.128765821,3,0,-4.491110317,-1.330574194,0.087357697
1734523557.128765821,3,1,-5.910176809,3.179043340,0.000203819
1734523557.128765821,3,2,-8.201283201,-2.230307670,0.034444446
1734523557.128765821,3,4,-3.197070594,-5.147925397,0.003790899
1734523557.128765821,3,5,-9.783327391,1.622396108,-0.039275008
1734523557.128765821,3,6,0.585687240,-4.018265902,0.010911208
1734523557.128765821,3,7,-5.558995789,-5.034028898,-0.078223208
1734523557.128765821,3,8,-1.461782758,3.771053864,0.023857942
1734523557.128765821,3,9,-2.303699969,-10.556977765,-0.119421394
1734523557.188765764,4,0,-3.054089285,6.830943925,0.510630723
1734523557.188765764,4,1,-3.069812980,8.259675100,0.053811554
1734523557.188765764,4,2,-5.566482828,2.241374666,-0.025595203
1734523557.188765764,4,3,2.978606576,5.516684780,0.033802377
1734523557.188765764,4,5,-6.618019325,5.856132540,-0.020627710
1734523557.188765764,4,6,3.507754201,1.461048352,0.002991587
1734523557.188765764,4,7,-4.122124385,-1.346407154,-0.042028390
1734523557.188765764,4,8,0.946959881,8.988061035,0.079962559
1734523557.188765764,4,9,1.526628011,-4.135352102,0.037616254
1734523557.248765707,5,0,-6.266621477,-1.235812880,-0.219456854
1734523557.248765707,5,1,-1.879824560,-3.604220545,-0.056492852
1734523557.248765707,5,2,-3.037379043,2.575410968,0.003288963
1734523557.248765707,5,3,-8.150500047,-4.825787155,-0.240559372
1734523557.248765707,5,4,-10.068742588,1.294961164,-0.065926430
1734523557.248765707,5,6,-11.299360563,-2.170359365,-0.094442834
1734523557.248765707,5,7,-7.018340322,5.052813433,-0.008716243
1734523557.248765707,5,8,-4.903168715,-6.843833131,0.002336101
1734523557.248765707,5,9,-7.247963804,1.927916677,-0.012569196
1734523557.308765650,6,0,-2.487889784,5.434221706,-0.018792538
1734523557.308765650,6,1,-0.851815338,9.110390564,0.011060111
1734523557.308765650,6,2,-5.026474444,5.565765269,0.082532641
1734523557.308765650,6,3,2.188155655,3.220691905,-0.042536232
1734523557.308765650,6,4,-7.174472396,2.170125105,-0.259813133
1734523557.308765650,6,5,-4.882445401,10.493127288,-0.003006595
1734523557.308765650,6,7,-7.743147793,2.936742447,-0.018712948
1734523557.308765650,6,8,2.982722684,7.529547569,0.005658659
1734523557.308765650,6,9,-4.643217602,-2.707244835,-0.068553400
1734523557.368765831,7,0,2.064947681,-5.381404911,-0.048150333
1734523557.368765831,7,1,6.128559296,-7.037002655,-0.029704754
1734523557.368765831,7,2,3.986688176,-1.413742859,-0.134012958
1734523557.368765831,7,3,0.287593804,-10.666076238,0.190330672
1734523557.368765831,7,4,-1.950516288,-4.290323895,-0.000785089
1734523557.368765831,7,5,7.454012787,-3.025291774,0.008750657
1734523557.368765831,7,6,-3.576964972,-8.884559885,0.187806143
1734523557.368765831,7,8,4.004502415,-10.712582105,-0.004857542
1734523557.368765831,7,9,-6.165573514,-2.472680911,-0.005823991
1734523557.438765764,8,0,-2.734170748,-4.981442808,-0.046524955
1734523557.438765764,8,1,-4.237567907,-0.809363481,0.075272209
1734523557.438765764,8,2,-5.324000951,-5.282382299,-0.038093598
1734523557.438765764,8,3,1.691297322,-3.518162176,0.038927450
1734523557.438765764,8,4,-1.232092322,-9.409357666,-0.065447103
1734523557.438765764,8,5,-7.525655354,-2.463485786,-0.039740608
1734523557.438765764,8,6,2.018067540,-6.433661294,0.019988742
1734523557.438765764,8,7,-5.509959009,-10.446062616,0.231935761
1734523557.438765764,8,9,0.193900955,-7.497214925,0.064581625
1734523557.498765707,9,0,-3.220607171,8.433994977,-0.056138671
1734523557.498765707,9,2,-7.459829272,6.550763532,-0.097849460
1734523557.498765707,9,3,1.551080482,10.251120940,-0.002176064
1734523557.498765707,9,4,-1.633455401,4.521279905,-0.019950091
1734523557.498765707,9,5,-4.813557796,5.751048456,0.071435268
1734523557.498765707,9,6,2.047711413,5.363785434,0.044623881
1734523557.498765707,9,7,-5.608174237,2.865098029,0.063595255
1734523557.498765707,9,8,-0.182084582,7.495353540,-0.191103432
1734523557.558765650,0,1,4.224810993,0.485455029,-0.179909114
1734523557.558765650,0,2,-0.347535781,4.717797592,0.019180182
1734523557.558765650,0,3,0.154355934,-4.283341917,-0.010215362
1734523557.558765650,0,4,-4.226331355,-0.386637731,0.005615354
1734523557.558765650,0,5,3.476094969,4.214452801,0.046224947
1734523557.558765650,0,6,-3.630825176,-4.191893904,-0.025503641
1734523557.558765650,0,7,-4.594426358,4.200522503,0.173909841
1734523557.558765650,0,8,4.273065495,-3.958739732,-0.065872283
1734523557.558765650,0,9,-7.526492035,-0.404375984,0.092128797
1734523557.618765831,1,0,-7.481255444,-0.280271829,0.449738468
1734523557.618765831,1,2,-4.283601883,4.415539897,-0.019923559
1734523557.618765831,1,3,-4.357551938,-4.827932173,0.044334331
1734523557.618765831,1,4,-8.821435556,-0.277933545,0.039651603
1734523557.618765831,1,5,-0.494620736,4.322897788,0.001031335
1734523557.618765831,1,6,-9.041952038,-4.759503324,-0.015006763
1734523557.618765831,1,7,-8.497055535,4.188740832,-0.007168303
1734523557.618765831,1,8,-0.388101321,-4.546980063,-0.148895795
1734523557.618765831,1,9,-7.497923364,-0.151584919,0.090372820
1734523557.688765764,2,0,-4.157207411,1.337871091,-0.291316010
1734523557.688765764,2,1,-5.559101827,-2.608961550,0.025024994
1734523557.688765764,2,3,-8.451224190,2.833983140,-0.124803317
1734523557.688765764,2,4,-2.756496516,5.129654913,0.119718414
1734523557.688765764,2,5,-1.452532626,-3.623294220,-0.220831410
1734523557.688765764,2,6,-7.513870616,7.014879099,-0.251330716
1734523557.688765764,2,7,1.037499611,3.880866228,-0.011650124
1734523557.688765764,2,8,-9.797914924,-0.963033591,-0.044072052
1734523557.688765764,2,9,-1.927298884,10.362503239,-0.030510162
1734523557.748765707,3,0,-4.823547581,-1.216566243,0.030482678
1734523557.748765707,3,1,-5.908076007,2.907650724,0.004740828
1734523557.748765707,3,2,-8.649787334,-2.615960980,-0.006049887
1734523557.748765707,3,4,-2.797867898,-5.329140718,-0.171293877
1734523557.748765707,3,5,-10.476797538,1.567306449,-0.021091024
1734523557.748765707,3,6,0.621863922,-3.605557777,-0.013797205
1734523557.748765707,3,7,-7.930003525,-7.155568452,0.065313870
1734523557.748765707,3,8,-1.596085186,3.690367566,0.026782031
1734523557.748765707,3,9,-1.864234715,-10.207109797,0.135056999
1734523557.808765650,4,0,-1.704655393,3.816778492,-0.119389198
1734523557.808765650,4,1,-3.434650398,7.890446398,-0.195219283
1734523557.808765650,4,2,-5.933004595,1.981711841,-0.037371241
1734523557.808765650,4,3,2.608431160,5.552496987,-0.034578560
1734523557.808765650,4,5,-8.013735539,6.565932204,0.034244301
1734523557.808765650,4,6,3.397236330,1.659145369,-0.014467089
1734523557.808765650,4,7,-4.329749787,-1.642847858,-0.003693025
1734523557.808765650,4,8,0.585351593,7.473527441,-0.231842822
1734523557.808765650,4,9,1.809277494,-4.032200095,-0.264017420
1734523557.878765821,5,0,-5.597155770,-0.706121074,0.001011094
1734523557.878765821,5,1,-2.579057278,-3.806469176,-0.116079375
1734523557.878765821,5,2,-2.849187596,2.855439755,-0.018549777
1734523557.878765821,5,3,-10.200407303,-4.984360461,-0.190772698
1734523557.878765821,5,4,-8.677655911,1.753040309,0.012679350
1734523557.878765821,5,6,-11.493714666,-1.390568768,-0.034037955
1734523557.878765821,5,7,-6.244992205,5.252844375,-0.015241935
1734523557.878765821,5,8,-5.439327845,-6.483377123,0.018653699
1734523557.878765821,5,9,-6.968702469,2.772481531,0.023066556
1734523557.938765764,6,0,-2.421098324,5.565956218,0.022194775
1734523557.938765764,6,1,-0.654028860,9.899664200,-0.003947788
1734523557.938765764,6,2,-6.247542952,6.611454113,-0.009626580
1734523557.938765764,6,3,2.375029434,3.892485325,0.171386484
1734523557.938765764,6,4,-3.856933199,1.354873089,-0.014434860
1734523557.938765764,6,5,-4.750863091,10.817316760,0.156938979
1734523557.938765764,6,7,-8.044939257,3.291117696,-0.006355144
1734523557.938765764,6,8,3.095595160,7.212309137,-0.053484777
1734523557.938765764,6,9,-5.033834334,-2.914140286,-0.093282750
1734523557.998765707,7,0,1.638921834,-5.660833506,0.003572305
1734523557.998765707,7,1,5.396522245,-7.449071475,0.012050578
1734523557.998765707,7,2,3.812898501,-1.308659126,-0.147987376
1734523557.998765707,7,3,-0.586724346,-10.135261242,-0.036496439
1734523557.998765707,7,4,-2.143281090,-3.790992788,-0.032184474
1734523557.998765707,7,5,6.676923356,-3.498384800,0.025286564
1734523557.998765707,7,6,-3.606393520,-7.245366222,0.008433326
1734523557.998765707,7,8,3.149887783,-10.874143607,0.041406446
1734523557.998765707,7,9,-7.041487756,-2.098190627,-0.043495925
1734523558.068765879,8,0,-2.745829329,-5.389554441,-0.046469498
1734523558.068765879,8,1,-3.665081682,-0.905489869,0.000337388
1734523558.068765879,8,2,-6.494677971,-6.669257799,0.036437695
1734523558.068765879,8,3,1.924548614,-3.689733682,0.007832216
1734523558.068765879,8,4,-0.880576378,-9.142712385,-0.220575811
1734523558.068765879,8,5,-7.696548561,-2.779720466,-0.074887325
1734523558.068765879,8,6,2.696355736,-7.356907282,0.066075796
1734523558.068765879,8,7,-4.819449874,-9.934297515,0.202753554
1734523558.068765879,8,9,0.218168502,-7.496373239,-0.082406111
1734523558.128765821,9,0,-3.452964496,7.789803239,0.226053056
1734523558.128765821,9,1,-2.837571076,6.942322692,0.048435850
1734523558.128765821,9,2,-6.793807529,5.189161097,0.144180496
1734523558.128765821,9,3,0.811286269,10.167692453,0.071111367
1734523558.128765821,9,4,-1.955752675,4.508924865,-0.034545115
1734523558.128765821,9,5,-5.061033619,5.532729188,0.157627543
1734523558.128765821,9,6,1.927046944,6.078592646,-0.030606291
1734523558.128765821,9,7,-6.910182053,2.915049206,-0.043267911
1734523558.128765821,9,8,-0.498358511,7.481376601,-0.175051268
1734523558.188765764,0,1,4.078753857,0.154704670,0.070263358
1734523558.188765764,0,2,-0.195736799,4.597626678,-0.133783046
1734523558.188765764,0,3,0.148022038,-4.911203479,0.024572008
1734523558.188765764,0,4,-4.100522908,-0.377734466,-0.029819007
1734523558.188765764,0,5,3.756032220,4.823744377,0.207828591
1734523558.188765764,0,6,-4.070314107,-4.877806872,0.193258957
1734523558.188765764,0,7,-4.099212283,4.258214433,0.173138243
1734523558.188765764,0,8,4.169917694,-3.960248662,0.018468588
1734523558.188765764,0,9,-9.149246651,-0.756663339,0.024451531
1734523558.258765697,1,0,-7.484591159,0.119751096,-0.465354549
1734523558.258765697,1,2,-4.488436519,4.539205343,-0.025960642
1734523558.258765697,1,3,-4.308914384,-4.767485211,-0.035871521
1734523558.258765697,1,4,-8.992932750,-0.261441541,-0.014293673
1734523558.258765697,1,5,-0.479361052,3.993422205,-0.033385329
1734523558.258765697,1,6,-7.539561882,-4.092991607,-0.191017255
1734523558.258765697,1,7,-8.433278311,4.124919231,-0.017461904
1734523558.258765697,1,8,-0.420907379,-4.539193409,-0.036822612
1734523558.258765697,1,9,-7.499112963,-0.084626606,0.078377979
1734523558.318765879,2,0,-3.925217704,1.305962960,0.077739486
1734523558.318765879,2,1,-5.576900334,-2.525944116,-0.016052999
1734523558.318765879,2,3,-8.390690176,2.850067068,-0.070157344
1734523558.318765879,2,4,-3.182425103,6.789668487,0.150240786
1734523558.318765879,2,5,-1.795130226,-3.920505965,0.027497228
1734523558.318765879,2,6,-7.203799904,7.049314781,-0.021700054
1734523558.318765879,2,7,1.073091274,3.703150417,-0.003981340
1734523558.318765879,2,8,-9.527081895,-0.682132565,-0.048259734
1734523558.318765879,2,9,-1.495646440,9.095072348,-0.028469516
1734523558.378765821,3,0,-4.567422376,-1.308883153,-0.121229167
1734523558.378765821,3,1,-6.098149429,2.860916344,0.023835008
1734523558.378765821,3,2,-8.758201374,-2.707785696,-0.146798647
1734523558.378765821,3,4,-2.787326837,-5.295560233,0.037534593
1734523558.378765821,3,5,-8.563250608,0.704688911,-0.046151513
1734523558.378765821,3,6,0.648554485,-3.665579614,-0.014199033
1734523558.378765821,3,7,-5.679302772,-4.898388791,0.036156254
1734523558.378765821,3,8,-1.578825590,3.648759551,0.188821728
1734523558.378765821,3,9,-0.928172347,-7.439440654,0.207891433
1734523558.448765755,4,0,-2.141642280,3.948691853,-0.162226277
1734523558.448765755,4,1,-4.020027693,7.598191004,0.140692319
1734523558.448765755,4,2,-5.965894451,1.422131169,-0.123933877
1734523558.448765755,4,3,2.299019792,5.640088232,0.024216217
1734523558.448765755,4,5,-7.788143157,5.693213447,0.028639491
1734523558.448765755,4,6,3.576551155,1.943661928,-0.008182811
1734523558.448765755,4,7,-3.837440054,-1.710937972,0.031012400
1734523558.448765755,4,8,0.230812473,8.806828374,0.081110374
1734523558.448765755,4,9,2.088746606,-4.220580689,-0.024265755
1734523558.508765697,5,0,-5.974340727,-0.409370046,-0.053187335
1734523558.508765697,5,1,-2.508478416,-3.342771582,-0.064468734
1734523558.508765697,5,2,-2.882931048,3.298801436,0.002422210
1734523558.508765697,5,3,-8.481991489,-3.325394994,0.033917568
1734523558.508765697,5,4,-9.039170471,2.443572194,0.015440789
1734523558.508765697,5,6,-11.618589080,-0.601092791,-0.117909921
1734523558.508765697,5,7,-5.827567730,5.560787806,0.016746253
1734523558.508765697,5,8,-6.016776494,-6.226266561,-0.002686593
1734523558.508765697,5,9,-6.824764566,3.109348508,0.067383079
1734523558.578765869,6,0,-2.254227334,5.462464831,-0.022728762
1734523558.578765869,6,1,-0.448370008,9.175499003,-0.021346354
1734523558.578765869,6,2,-6.482287071,7.056735497,0.071131982
1734523558.578765869,6,3,2.130487165,3.429864160,0.232180319
1734523558.578765869,6,4,-3.764016469,1.387917230,0.011667732
1734523558.578765869,6,5,-2.800685888,6.957345397,-0.038775972
1734523558.578765869,6,7,-7.538810647,3.266719984,-0.045788310
1734523558.578765869,6,8,3.135668427,6.831485027,-0.056882364
1734523558.578765869,6,9,-6.619730358,-3.522626871,-0.142372439
1734523558.638765812,7,0,1.296960995,-5.229368596,0.017688253
1734523558.638765812,7,1,5.036544332,-8.098366600,-0.024162838
1734523558.638765812,7,2,3.821005914,-1.684814256,-0.151981897
1734523558.638765812,7,3,-1.198250978,-9.939132698,-0.067673920
1734523558.638765812,7,4,-2.414838097,-3.808563859,-0.021479189
1734523558.638765812,7,5,6.703912343,-4.050255154,0.002365192
1734523558.638765812,7,6,-4.333332542,-7.312084231,0.000189941
1734523558.638765812,7,8,2.489754737,-11.528714595,0.047462866
1734523558.638765812,7,9,-6.364004157,-1.693468075,-0.196247950
1734523558.708765745,8,0,-2.398254976,-4.998140747,0.007519838
1734523558.708765745,8,1,-4.406618732,-1.003435582,-0.214229868
1734523558.708765745,8,2,-5.673420841,-6.006119375,-0.035966342
1734523558.708765745,8,3,1.963340829,-3.446666413,-0.017750122
1734523558.708765745,8,4,-0.431791213,-8.382883039,0.095671586
1734523558.708765745,8,5,-7.796553694,-3.112614118,-0.041774951
1734523558.708765745,8,6,3.006806056,-7.474293318,0.057631330
1734523558.708765745,8,7,-5.126368417,-10.552790829,-0.109880694
1734523558.708765745,8,9,0.564137438,-7.473564797,-0.278528587
1734523558.778765678,9,0,-3.824389995,7.631120275,-0.010993060
1734523558.778765678,9,1,-3.331318401,6.719146237,0.073427250
1734523558.778765678,9,2,-6.220591147,4.187939815,0.124120460
1734523558.778765678,9,3,0.426451589,9.299206638,0.105870623
1734523558.778765678,9,4,-1.876728291,3.835954030,0.021235889
1734523558.778765678,9,5,-5.290682282,5.315024596,-0.095888131
1734523558.778765678,9,6,1.618572224,6.158646413,-0.013142257
1734523558.778765678,9,7,-6.585303278,2.354561519,0.190119151
1734523558.778765678,9,8,-1.094175980,7.419385795,0.074117174
1734523558.838765860,0,1,4.800221084,0.078614259,0.155954911
1734523558.838765860,0,2,-0.357453862,4.386591316,-0.028975609
1734523558.838765860,0,3,-0.010756980,-4.773833359,0.003386687
1734523558.838765860,0,4,-4.184028552,-0.467835239,0.208541102
1734523558.838765860,0,5,3.691069748,4.551513752,-0.101571585
1734523558.838765860,0,6,-4.732122252,-5.804703424,-0.403034926
1734523558.838765860,0,7,-3.809934326,3.715830158,-0.218994524
1734523558.838765860,0,8,4.187075110,-4.031539354,-0.027239522
1734523558.838765860,0,9,-8.460225839,-0.759290623,0.062531831
1734523558.898765802,1,0,-3.842595460,-0.197979093,0.083407649
1734523558.898765802,1,2,-4.629781374,4.718299970,-0.033224435
1734523558.898765802,1,3,-4.419748870,-4.959610890,-0.004312669
1734523558.898765802,1,4,-8.499334548,-0.311810554,-0.019522144
1734523558.898765802,1,5,-0.541016508,4.567604746,-0.014305050
1734523558.898765802,1,6,-6.642023884,-3.479896314,0.154403269
1734523558.898765802,1,7,-8.768641107,4.324520945,0.022400820
1734523558.898765802,1,8,-0.130695548,-3.939893606,-0.008704315
1734523558.898765802,1,9,-7.488278961,-0.345816023,0.236832164
1734523558.968765736,2,0,-4.234857098,1.737618471,-0.038708424
1734523558.968765736,2,1,-5.941223368,-2.471637645,0.001697924
1734523558.968765736,2,3,-8.479787058,3.451382991,0.218092673
1734523558.968765736,2,4,-2.907292783,5.530148073,0.032521440
1734523558.968765736,2,5,-1.739235886,-3.653062707,-0.034857199
1734523558.968765736,2,6,-6.893588692,6.969692228,0.009796350
1734523558.968765736,2,7,1.195405440,3.760670899,0.005089866
1734523558.968765736,2,8,-9.190192560,-0.545329488,-0.058674810
1734523558.968765736,2,9,-1.364352627,9.295908440,0.050417202
1734523559.028765678,3,0,-5.079267242,-1.503501699,-0.039419943
1734523559.028765678,3,1,-5.840364596,2.672732562,-0.027944683
1734523559.028765678,3,2,-8.692594077,-3.061960179,-0.090423688
1734523559.028765678,3,4,-2.963926938,-5.733831941,-0.008627453
1734523559.028765678,3,5,-10.895866879,0.668779577,0.170771557
1734523559.028765678,3,6,0.760483291,-3.893162406,-0.007202060
1734523559.028765678,3,7,-7.389493317,-6.973571994,0.036561960
1734523559.028765678,3,8,-1.806416195,3.620935235,-0.030686105
1734523559.028765678,3,9,-1.513592606,-10.147078455,0.014780350
1734523559.088765860,4,0,-2.406914681,4.075820818,-0.190388377
1734523559.088765860,4,1,-4.092821341,7.187834434,-0.005096102
1734523559.088765860,4,2,-6.340481743,1.429934750,0.158603233
1734523559.088765860,4,3,2.027607163,5.644153293,0.006045861
1734523559.088765860,4,5,-8.274263102,5.321906482,-0.013623648
1734523559.088765860,4,6,3.559431797,2.229369810,-0.008626635
1734523559.088765860,4,7,-4.260957882,-2.128171520,0.003323453
1734523559.088765860,4,8,-0.408206454,8.604682997,0.037089907
1734523559.088765860,4,9,2.216738731,-3.945041102,-0.016784651
1734523559.148765802,5,0,-5.838871009,0.001613990,-0.011614420
1734523559.148765802,5,1,-2.588202606,-3.284203912,0.070987686
1734523559.148765802,5,2,-2.633130768,3.486377956,0.009679261
1734523559.148765802,5,3,-10.522009700,-3.457748051,0.031057818
1734523559.148765802,5,4,-8.689410605,2.940662718,-0.075230447
1734523559.148765802,5,6,-12.715224736,0.074216542,0.088032011
1734523559.148765802,5,7,-5.276953730,5.943980849,-0.024503288
1734523559.148765802,5,8,-6.242122082,-5.783045655,-0.068506138
1734523559.148765802,5,9,-6.581945144,3.592546204,0.147003050
1734523559.218765736,6,0,-2.019079549,5.385134486,0.045775776
1734523559.218765736,6,1,-0.216177114,9.563079012,-0.024081797
1734523559.218765736,6,2,-6.423288753,7.311573085,-0.007303669
1734523559.218765736,6,3,4.513882836,5.985375236,0.223930854
1734523559.218765736,6,4,-3.645557436,1.421363663,0.008147530
1734523559.218765736,6,5,-4.270833830,11.089745687,-0.061669299
1734523559.218765736,6,7,-7.506600894,3.418150937,0.039440443
1734523559.218765736,6,8,3.344222953,6.997456970,0.036336887
1734523559.218765736,6,9,-6.932847068,-2.858698943,0.116068427
1734523559.278765678,7,0,0.940926725,-6.056833015,-0.058558964
1734523559.278765678,7,1,4.510768960,-8.373207892,-0.000608978
1734523559.278765678,7,2,3.625441079,-2.033537878,-0.100870883
1734523559.278765678,7,3,-1.936307822,-9.863236389,0.020121475
1734523559.278765678,7,4,-2.549452205,-3.429112473,-0.025985345
1734523559.278765678,7,5,6.359919749,-4.348322283,0.096823491
1734523559.278765678,7,6,-5.022615579,-7.342149477,-0.036701652
1734523559.278765678,7,8,1.736776116,-11.976067065,-0.028868626
1734523559.278765678,7,9,-5.922135531,-1.188169013,-0.086503780
1734523559.338765860,8,0,-2.154639110,-4.937500719,0.166287628
1734523559.338765860,8,1,-4.137560810,-1.292201066,0.009610266
1734523559.338765860,8,2,-7.087319117,-7.831534928,-0.004546637
1734523559.338765860,8,3,2.017310955,-3.288233677,0.000201980
1734523559.338765860,8,4,-0.518558956,-8.499570254,-0.214109135
1734523559.338765860,8,5,-7.852229299,-3.318354864,-0.249926784
1734523559.338765860,8,6,3.060301774,-7.052125204,0.007053917
1734523559.338765860,8,7,-5.150592954,-11.584977240,0.078299519
1734523559.338765860,8,9,0.622907243,-7.471244791,-0.206125796
1734523559.408765793,9,0,-5.104605649,8.468940018,0.002453162
1734523559.408765793,9,1,-3.547220429,6.605396711,-0.189635249
1734523559.408765793,9,2,-6.389850338,3.920608895,0.220541500
1734523559.408765793,9,3,-0.035074963,10.079723285,0.090637207
1734523559.408765793,9,4,-2.289670668,4.050526331,0.017828395
1734523559.408765793,9,5,-5.733380300,4.835026815,-0.029428519
1734523559.408765793,9,6,1.160099738,5.722561512,-0.018503313
1734523559.408765793,9,7,-7.220040230,2.029455160,-0.048278677
1734523559.408765793,9,8,-1.448010707,7.358171720,-0.102829639
1734523559.468765736,0,1,4.833045531,0.147732364,0.115079926
1734523559.468765736,0,2,-0.364384169,4.615250470,-0.006296444
1734523559.468765736,0,3,0.266025594,-4.023709648,-0.086253332
1734523559.468765736,0,4,-4.483961690,-0.433093305,-0.025139036
1734523559.468765736,0,5,3.533530518,4.294582775,-0.146109267
1734523559.468765736,0,6,-3.559676722,-3.986046571,-0.066611292
1734523559.468765736,0,7,-5.068534499,4.785626497,0.206797834
1734523559.468765736,0,8,4.075524155,-3.985352225,-0.008358999
1734523559.468765736,0,9,-8.376076368,-0.745288976,-0.036461394
1734523559.528765678,1,0,-4.838222260,0.149637098,-0.095638167
1734523559.528765678,1,2,-4.388374301,4.418471769,-0.053977447
1734523559.528765678,1,3,-4.323271068,-4.772382380,-0.035661684
1734523559.528765678,1,4,-8.423255399,-0.300712141,-0.048860525
1734523559.528765678,1,5,-0.535868840,4.330590985,0.000299416
1734523559.528765678,1,6,-8.882965727,-4.544206191,-0.113651724
1734523559.528765678,1,7,-7.444457783,3.508205021,0.089436946
1734523559.528765678,1,8,-0.560016432,-3.793117602,-0.078884655
1734523559.528765678,1,9,-7.495912634,-0.209741277,0.131538508
1734523559.598765850,2,0,-4.771172387,1.809153660,-0.017464431
1734523559.598765850,2,1,-5.944857954,-2.450315038,-0.042547570
1734523559.598765850,2,3,-9.336152134,3.565615170,0.001562430
1734523559.598765850,2,4,-2.676951937,5.476746617,0.166006483
1734523559.598765850,2,5,-1.817512965,-3.630263648,0.020782509
1734523559.598765850,2,6,-6.695877661,6.880814393,0.002232631
1734523559.598765850,2,7,1.280218497,3.926465873,-0.025239094
1734523559.598765850,2,8,-9.850585520,-0.354075289,0.034673135
1734523559.598765850,2,9,-1.165775885,9.180882826,-0.060998792
1734523559.658765793,3,0,-4.307667334,-1.372756501,-0.172121958
1734523559.658765793,3,1,-5.741152441,2.474372483,-0.049484958
1734523559.658765793,3,2,-8.873324618,-3.239739057,-0.071316209
1734523559.658765793,3,4,-2.789334618,-5.368206019,-0.177303605
1734523559.658765793,3,5,-9.880908763,0.514967997,-0.127207330
1734523559.658765793,3,6,0.739767002,-3.775416859,0.001894556
1734523559.658765793,3,7,-6.885032493,-6.696939246,-0.060822076
1734523559.658765793,3,8,-2.000042694,3.569977760,0.232356773
1734523559.658765793,3,9,-1.131023673,-9.442214638,-0.063005306
1734523559.728765726,4,0,-2.591935027,4.054479652,-0.235072549
1734523559.728765726,4,1,-3.877243501,6.419356127,-0.094073086
1734523559.728765726,4,2,-6.191679046,0.957132737,-0.003689400
1734523559.728765726,4,3,1.810490781,6.191491299,0.025095989
1734523559.728765726,4,5,-8.196278804,4.612960044,-0.034255126
1734523559.728765726,4,6,3.150914672,2.277643443,-0.014863989
1734523559.728765726,4,7,-3.974324065,-2.287739370,-0.021443883
1734523559.728765726,4,8,-0.950933862,9.440169063,-0.008919959
1734523559.728765726,4,9,3.774143385,-6.471025743,0.362860224
1734523559.788765669,5,0,-5.808669321,0.340894535,-0.004738935
1734523559.788765669,5,1,-2.564808424,-3.007232382,-0.184302147
1734523559.788765669,5,2,-2.281050837,3.483785008,-0.017630896
1734523559.788765669,5,3,-8.092806272,-2.267858580,-0.183337060
1734523559.788765669,5,4,-8.573091679,3.498354984,0.010579580
1734523559.788765669,5,6,-12.018052088,0.866373001,-0.012870926
1734523559.788765669,5,7,-4.786478925,6.050204363,-0.000068480
1734523559.788765669,5,8,-6.549574040,-5.313238312,0.006119703
1734523559.788765669,5,9,-6.367447320,3.963021440,0.008700111
1734523559.848765850,6,0,-2.007908651,5.867738070,-0.044642903
1734523559.848765850,6,1,0.035647106,9.696918147,0.009653010
1734523559.848765850,6,2,-6.529364051,7.873392825,-0.034054456
1734523559.848765850,6,3,2.302769215,3.363825249,0.121317942
1734523559.848765850,6,4,-3.824519071,1.619287192,-0.003143064
1734523559.848765850,6,5,-2.732948856,6.984329423,-0.011535291
1734523559.848765850,6,7,-7.640432021,3.651600206,-0.063543354
1734523559.848765850,6,8,3.686058717,7.481645282,0.045301981
1734523559.848765850,6,9,-5.390298434,-2.515107877,0.045399109
1734523559.908765793,7,0,0.471963694,-6.428595973,-0.248762298
1734523559.908765793,7,1,3.953204372,-8.799060953,0.048145917
1734523559.908765793,7,2,3.294316293,-2.081349721,0.067800269
1734523559.908765793,7,3,-2.387696648,-8.927168903,0.002001828
1734523559.908765793,7,4,-2.864659462,-3.328274264,-0.019739916
1734523559.908765793,7,5,6.230401971,-5.045300528,-0.035338556
1734523559.908765793,7,6,-5.133324834,-6.619413749,-0.008771099
1734523559.908765793,7,8,0.807769224,-11.405950940,-0.048805324
1734523559.908765793,7,9,-6.611034247,-0.804382282,0.213435839
1734523559.978765726,8,0,-2.363167794,-5.628275758,0.004220635
1734523559.978765726,8,1,-4.176608710,-1.417817634,-0.271310083
1734523559.978765726,8,2,-7.186832135,-8.048058769,-0.190545018
1734523559.978765726,8,3,2.279512015,-3.535833703,0.022464265
1734523559.978765726,8,4,-0.227536377,-8.655375374,0.149385540
1734523559.978765726,8,5,-7.109363279,-3.207258975,0.253533128
1734523559.978765726,8,6,2.558612734,-5.700264546,0.068013513
1734523559.978765726,8,7,-4.108996970,-10.117027104,0.162743876
1734523559.978765726,8,9,1.119421710,-7.415893117,0.037740125
1734523560.038765669,9,0,-4.985789343,7.526877596,0.141822172
1734523560.038765669,9,1,-4.093756027,6.283952530,-0.055697313
1734523560.038765669,9,2,-7.479072415,3.893936049,0.096411787
1734523560.038765669,9,3,-0.460410900,10.002324743,0.195923717
1734523560.038765669,9,4,-2.428081086,3.800800324,-0.005488763
1734523560.038765669,9,5,-5.909652913,4.617915325,0.029334312
1734523560.038765669,9,6,0.924001625,6.208569163,-0.058930340
1734523560.038765669,9,7,-7.296272094,1.699594269,-0.354672887
1734523560.038765669,9,8,-1.692067664,7.306030608,-0.093934980
1734523560.098765850,0,1,4.603767770,0.260120278,0.031447312
1734523560.098765850,0,2,-0.381443324,4.583552558,-0.001317262
1734523560.098765850,0,3,0.320496023,-5.041337381,-0.252926629
1734523560.098765850,0,4,-4.307015035,-0.414322784,-0.002557437
1734523560.098765850,0,5,3.937850564,4.582590487,0.119611521
1734523560.098765850,0,6,-3.746799154,-4.588077276,0.007280126
1734523560.098765850,0,7,-4.336246040,4.098637235,0.020448575
1734523560.098765850,0,8,3.717149475,-3.656731910,0.005380112
1734523560.098765850,0,9,-8.714791798,-0.760557026,-0.014722072
1734523560.168765783,1,0,-4.290713050,-0.114191096,-0.042529168
1734523560.168765783,1,2,-4.401104839,4.494929621,0.051550104
1734523560.168765783,1,3,-4.128974023,-4.598995995,-0.014494970
1734523560.168765783,1,4,-7.990073247,-0.332648617,-0.077587040
1734523560.168765783,1,5,-0.598765618,4.366842149,0.027846674
1734523560.168765783,1,6,-6.586278675,-3.586790090,0.076616410
1734523560.168765783,1,7,-8.725058349,4.242159143,-0.001946873
1734523560.168765783,1,8,-0.395405083,-4.657314495,-0.046658339
1734523560.168765783,1,9,-7.492346115,-0.288906191,0.176869761
1734523560.228765726,2,0,-4.519950559,1.657566194,-0.258316021
1734523560.228765726,2,1,-5.987165198,-2.408382085,-0.041195915
1734523560.228765726,2,3,-9.081527486,3.775336888,-0.017021418
1734523560.228765726,2,4,-2.441850195,4.528178248,-0.140297950
1734523560.228765726,2,5,-1.815957740,-3.543044007,0.006996521
1734523560.228765726,2,6,-6.523904977,6.778094151,-0.111151867
1734523560.228765726,2,7,1.247641995,3.774096092,-0.005922007
1734523560.228765726,2,8,-10.120762464,-0.335310582,-0.060366006
1734523560.228765726,2,9,-1.233456034,9.411052950,0.028591594
1734523560.288765669,3,0,-4.449046392,-1.563215875,0.144829807
1734523560.288765669,3,1,-6.249285763,2.663828988,-0.059317968
1734523560.288765669,3,2,-9.118166478,-3.384607297,-0.054717566
1734523560.288765669,3,4,-2.513952620,-4.968136586,-0.126371716
1734523560.288765669,3,5,-9.123903405,0.435421131,-0.087985251
1734523560.288765669,3,6,0.742563578,-3.689047841,-0.002170991
1734523560.288765669,3,7,-7.230832398,-7.053273180,0.045570284
1734523560.288765669,3,8,-1.835708986,3.164928676,0.084157365
1734523560.288765669,3,9,-1.251284970,-9.134451295,-0.004119428
1734523560.358765841,4,0,-2.846112738,3.893949579,-0.031660646
1734523560.358765841,4,1,-5.856466092,8.246090554,-0.017345241
1734523560.358765841,4,2,-6.326118086,0.656994200,0.042942221
1734523560.358765841,4,3,1.502009606,6.361936252,0.021365708
1734523560.358765841,4,5,-8.545152541,4.243185228,0.003305399
1734523560.358765841,4,6,3.181584669,2.512682212,-0.024187787
1734523560.358765841,4,7,-3.763126894,-2.410625407,-0.009112204
1734523560.358765841,4,8,-1.191556593,8.277391271,-0.039017396
1734523560.358765841,4,9,2.600361903,-3.565155949,-0.011979588
1734523560.418765783,5,0,-5.919666807,0.641022055,-0.001539447
1734523560.418765783,5,1,-3.455378875,-3.184518400,-0.051764542
1734523560.418765783,5,2,-1.876797339,3.322106315,0.012096741
1734523560.418765783,5,3,-9.671591495,-2.340392534,-0.015658596
1734523560.418765783,5,4,-7.973093711,3.875415225,-0.009553357
1734523560.418765783,5,6,-12.395405856,1.627237935,-0.021605238
1734523560.418765783,5,7,-4.465655746,6.560583600,0.001537867
1734523560.418765783,5,8,-7.074807384,-5.024747819,0.048438869
1734523560.418765783,5,9,-6.172349369,4.255795436,0.200769698
1734523560.478765726,6,0,-2.060697145,5.789002066,0.016834221
1734523560.478765726,6,1,0.305271566,9.391997257,0.007201549
1734523560.478765726,6,2,-5.785868616,7.258777611,-0.059937315
1734523560.478765726,6,3,2.437131106,3.278394682,-0.148917235
1734523560.478765726,6,4,-3.441498695,1.543601933,-0.015325861
1734523560.478765726,6,5,-4.057967543,11.765156273,-0.051364731
1734523560.478765726,6,7,-7.422149648,3.756436414,-0.055052834
1734523560.478765726,6,8,3.722597631,6.753997297,0.022903894
1734523560.478765726,6,9,-5.934814932,-2.594645540,-0.038735543
1734523560.538765669,7,0,-0.044527964,-4.949394458,-0.048027588
1734523560.538765669,7,1,3.443406442,-9.392286843,-0.002673200
1734523560.538765669,7,2,3.383330698,-2.443731764,0.006239068
1734523560.538765669,7,3,-3.338661544,-9.754007560,0.026689669
1734523560.538765669,7,4,-3.164068655,-3.210801813,-0.042144640
1734523560.538765669,7,5,6.013763648,-5.567656239,-0.033197716
1734523560.538765669,7,6,-5.372027040,-6.291280454,-0.083668673
1734523560.538765669,7,8,0.068735962,-11.601571715,0.092244970
1734523560.538765669,7,9,-7.187822939,-0.395060467,-0.160717775
1734523560.608765841,8,0,-2.223540592,-5.465718303,-0.054149622
1734523560.608765841,8,1,-4.652518855,-1.547585247,-0.036289106
1734523560.608765841,8,2,-5.732023596,-6.562071173,-0.029643962
1734523560.608765841,8,3,2.172440348,-3.200372915,0.022811004
1734523560.608765841,8,4,-0.267757743,-9.407314249,-0.166120353
1734523560.608765841,8,5,-7.686990551,-3.611329930,-0.051713274
1734523560.608765841,8,6,2.987109492,-6.878743121,-0.100349200
1734523560.608765841,8,7,-4.597375425,-11.369334370,0.159588796
1734523560.608765841,8,9,0.928465540,-7.441909365,-0.077050278
1734523560.668765783,9,0,-5.019299807,6.818069405,0.142041710
1734523560.668765783,9,1,-4.446756901,6.034632558,-0.244055244
1734523560.668765783,9,2,-9.668179269,4.501663210,-0.239677828
1734523560.668765783,9,3,-1.092044025,9.717449157,-0.166823982
1734523560.668765783,9,4,-2.712989276,3.856534387,0.023240134
1734523560.668765783,9,5,-6.115484376,4.339426031,0.142241269
1734523560.668765783,9,6,0.574710086,6.017319004,0.007111295
1734523560.668765783,9,7,-7.295700568,1.732381355,0.146996805
1734523560.668765783,9,8,-1.967036700,7.237430556,0.019119716
1734523560.738765717,0,1,4.366223426,0.154705683,0.153939056
1734523560.738765717,0,2,-0.420656631,4.951448050,-0.032364323
1734523560.738765717,0,3,-0.022405727,-5.159587399,-0.060396435
1734523560.738765717,0,4,-4.196858410,-0.424093047,-0.029098837
1734523560.738765717,0,5,4.118618636,5.304993893,0.109880038
1734523560.738765717,0,6,-3.512057209,-4.359063071,0.068825514
1734523560.738765717,0,7,-4.572936272,4.020687221,0.065053919
1734523560.738765717,0,8,4.732160639,-4.644198734,-0.026243432
1734523560.738765717,0,9,-9.072039314,-0.874893230,-0.018728814
1734523560.798765659,1,0,-4.954103680,-0.036492391,-0.012429497
1734523560.798765659,1,2,-4.474570727,4.464447667,-0.021989599
1734523560.798765659,1,3,-4.383744696,-4.974305499,-0.017411288
1734523560.798765659,1,4,-8.628686158,-0.354745960,0.017944451
1734523560.798765659,1,5,-0.551171821,4.277714878,-0.019301283
1734523560.798765659,1,6,-7.400520878,-3.794964077,0.131550563
1734523560.798765659,1,7,-8.188352479,3.981074237,-0.138799879
1734523560.798765659,1,8,-0.517092032,-4.726050808,0.105983105
1734523560.798765659,1,9,-7.493010233,-0.319391097,0.052791821
1734523560.858765841,2,0,-4.239383083,1.684221246,0.224902101
1734523560.858765841,2,1,-6.589434477,-2.570067171,0.015635595
1734523560.858765841,2,3,-7.778513604,3.194908929,0.168387476
1734523560.858765841,2,4,-2.764036144,5.704661546,-0.063119841
1734523560.858765841,2,5,-1.822866443,-3.515174709,-0.006862052
1734523560.858765841,2,6,-6.465521737,6.633095067,-0.027416157
1734523560.858765841,2,7,1.191104175,3.515181767,-0.008059001
1734523560.858765841,2,8,-10.079042567,-0.253703523,-0.063308740
1734523560.858765841,2,9,-1.013872655,9.549266618,0.027492191
1734523560.918765783,3,0,-7.073445748,-2.493236119,-0.011786119
1734523560.918765783,3,1,-6.168342538,2.584324175,-0.022277404
1734523560.918765783,3,2,-8.617722346,-3.148187900,-0.053217869
1734523560.918765783,3,4,-2.631887970,-5.460103111,-0.107194141
1734523560.918765783,3,5,-10.572007905,0.566366366,-0.244520550
1734523560.918765783,3,6,0.773107979,-4.078566906,0.004440438
1734523560.918765783,3,7,-7.312433798,-6.970478591,-0.043353777
1734523560.918765783,3,8,-1.942938888,3.616269394,0.017899707
1734523560.918765783,3,9,-1.105929795,-7.415247992,-0.202525316
1734523560.988765717,4,0,-2.967680892,3.703640156,-0.054131967
1734523560.988765717,4,1,-5.786788949,6.808304342,-0.057540472
1734523560.988765717,4,2,-6.568879410,0.305606894,0.004766339
1734523560.988765717,4,3,1.108376964,6.084490111,0.036555187
1734523560.988765717,4,5,-8.275725436,3.627318335,-0.061564026
1734523560.988765717,4,6,3.020160931,2.722691886,0.029554806
1734523560.988765717,4,7,-3.421249919,-2.484458297,0.010328288
1734523560.988765717,4,8,-1.500992928,8.887266531,-0.077163826
1734523560.988765717,4,9,2.948426399,-3.573087736,-0.005311326
1734523561.048765659,5,0,-6.026363755,1.208890170,-0.134688063
1734523561.048765659,5,1,-3.476196421,-2.820431303,-0.030055779
1734523561.048765659,5,2,-1.731510256,3.603328457,0.035826246
1734523561.048765659,5,3,-10.394389031,-1.626280716,0.152507067
1734523561.048765659,5,4,-9.164178814,5.006794841,-0.042349731
1734523561.048765659,5,6,-10.171340619,2.024050889,-0.084559000
1734523561.048765659,5,7,-4.198335009,6.933284190,0.034027405
1734523561.048765659,5,8,-7.319058434,-4.557742803,0.006051149
1734523561.048765659,5,9,-5.899399169,4.628569996,-0.153066133
1734523561.108765841,6,0,-1.640997122,5.461316930,-0.024403602
1734523561.108765841,6,1,0.428636643,8.369131801,-0.009451988
1734523561.108765841,6,2,-6.024396335,7.839126004,-0.063674013
1734523561.108765841,6,3,2.307424180,2.638598755,0.132262037
1734523561.108765841,6,4,-3.497763643,1.638092200,-0.008780319
1734523561.108765841,6,5,-3.037472017,9.274628472,-0.114415141
1734523561.108765841,6,7,-7.347632491,3.975087692,0.006156168
1734523561.108765841,6,8,3.890847681,6.726013636,0.034452391
1734523561.108765841,6,9,-6.003755477,-2.626655933,-0.042297743
1734523561.168765783,7,0,-0.529122959,-5.848346669,0.191439002
1734523561.168765783,7,1,2.668259884,-9.069656585,-0.032712812
1734523561.168765783,7,2,2.648872277,-2.728965642,0.054609997
1734523561.168765783,7,3,-3.867353958,-9.097998411,0.013860911
1734523561.168765783,7,4,-3.312526632,-2.905772104,-0.005652758
1734523561.168765783,7,5,5.535114533,-5.947959748,0.031342891
1734523561.168765783,7,6,-5.736400985,-5.600419863,-0.002784454
1734523561.168765783,7,8,-0.912107609,-11.981675053,-0.006609529
1734523561.168765783,7,9,-6.540528813,0.415517060,-0.220876868
1734523561.228765726,8,0,-2.691607728,-6.997102091,-0.214033097
1734523561.228765726,8,1,-4.278814089,-1.640406684,-0.047241925
1734523561.228765726,8,2,-6.692112311,-7.725520446,-0.159681696
1734523561.228765726,8,3,2.399924888,-3.417125017,0.011090937
1734523561.228765726,8,4,0.038466597,-9.038291168,-0.338891016
1734523561.228765726,8,5,-7.831734061,-3.822938902,-0.087194863
1734523561.228765726,8,6,3.340892037,-7.360358762,-0.004963847
1734523561.228765726,8,7,-4.127689694,-10.569284682,-0.161814760
1734523561.228765726,8,9,1.142749719,-7.412293708,-0.045000668
1734523561.298765659,9,0,-4.900948091,6.014301087,0.015350447
1734523561.298765659,9,1,-4.735323020,5.815230336,-0.099055707
1734523561.298765659,9,2,-8.969279416,3.989707099,-0.137199891
1734523561.298765659,9,3,-1.593840114,8.917236901,0.161704533
1734523561.298765659,9,4,-2.795312483,3.468614229,-0.001423506
1734523561.298765659,9,5,-6.336639743,4.007364864,-0.194996447
1734523561.298765659,9,6,0.044635843,5.737910545,-0.181315182
1734523561.298765659,9,7,-6.945359987,0.788245912,-0.240128944
1734523561.298765659,9,8,-2.596304527,7.034666123,-0.150583338
1734523561.358765841,0,1,4.317576449,0.209436775,-0.260771239
1734523561.358765841,0,2,-0.346304885,4.762967608,-0.237674872
1734523561.358765841,0,3,0.363721360,-4.673331936,0.107291954
1734523561.358765841,0,4,-4.333845629,-0.402581158,-0.006453355
1734523561.358765841,0,5,3.456938580,4.173451582,0.228006904
1734523561.358765841,0,6,-3.882060411,-4.876892894,-0.029179964
1734523561.358765841,0,7,-5.450042727,5.148016172,-0.212046633
1734523561.358765841,0,8,4.040744183,-4.004313928,0.019212153
1734523561.358765841,0,9,-8.993844741,-0.790377638,0.022148715
1734523561.428765774,1,0,-4.378918769,-0.184207356,0.000320430
1734523561.428765774,1,2,-4.763341948,4.775858397,-0.027647267
1734523561.428765774,1,3,-4.158815136,-4.703499586,-0.032071116
1734523561.428765774,1,4,-8.323879322,-0.279084210,0.003518508
1734523561.428765774,1,5,-0.592658453,4.144638605,0.014640202
1734523561.428765774,1,6,-8.396696852,-4.252369512,0.015228181
1734523561.428765774,1,7,-8.418613789,4.320434351,0.115134773
1734523561.428765774,1,8,-0.648369909,-4.443729711,0.168711567
1734523561.428765774,1,9,-7.495136810,-0.258467871,-0.078221239
1734523561.488765717,2,0,-3.702040602,1.352626286,0.044907209
1734523561.488765717,2,1,-6.158023796,-2.454996774,-0.025208973
1734523561.488765717,2,3,-8.969945859,3.884921835,0.018059164
1734523561.488765717,2,4,-3.009301350,6.869230505,-0.088190994
1734523561.488765717,2,5,-1.854244029,-3.270284945,0.010756964
1734523561.488765717,2,6,-6.888574863,7.103359753,-0.048323033
1734523561.488765717,2,7,1.486715404,4.202564018,0.171908126
1734523561.488765717,2,8,-10.032632517,-0.262780657,0.047062449
1734523561.488765717,2,9,-1.387698358,9.533885874,-0.120685398
1734523561.548765659,3,0,-5.008471633,-1.653482142,-0.029535700
1734523561.548765659,3,1,-5.930074599,2.511252547,0.029060571
1734523561.548765659,3,2,-8.916749583,-3.184278657,-0.047459555
1734523561.548765659,3,4,-2.813194691,-5.830897271,-0.094414347
1734523561.548765659,3,5,-9.312635910,0.366396341,0.168826835
1734523561.548765659,3,6,0.708568034,-3.683640955,-0.021408782
1734523561.548765659,3,7,-7.470604693,-7.200749457,-0.041447659
1734523561.548765659,3,8,-1.934802249,3.697636523,0.003878396
1734523561.548765659,3,9,-1.241869067,-8.925884587,0.139296223
1734523561.618765831,4,0,-3.181453599,3.004590719,0.091235943
1734523561.618765831,4,1,-6.033861386,6.785980046,-0.059692290
1734523561.618765831,4,2,-6.728229872,-0.023373141,-0.010312104
1734523561.618765831,4,3,0.882839163,6.248195752,0.009762429
1734523561.618765831,4,5,-8.490208485,3.160588559,0.026218209
1734523561.618765831,4,6,2.880426085,2.823923463,0.007718405
1734523561.618765831,4,7,-3.532072812,-2.805481749,-0.008526643
1734523561.618765831,4,8,-1.883231326,8.959701547,0.062226925
1734523561.618765831,4,9,3.163725576,-3.538854950,0.017317576
1734523561.678765774,5,0,-5.874032179,1.437746621,-0.030380759
1734523561.678765774,5,1,-3.697483451,-2.629850597,0.171229279
1734523561.678765774,5,2,-1.510601624,3.733492162,0.019545834
1734523561.678765774,5,3,-10.714752920,-1.020006135,0.188895608
1734523561.678765774,5,4,-8.058638743,4.794182825,0.108313019
1734523561.678765774,5,6,-10.520790020,2.693604831,0.182162541
1734523561.678765774,5,7,-3.694221536,7.116645095,-0.002319135
1734523561.678765774,5,8,-7.530334118,-4.079698892,-0.050287103
1734523561.678765774,5,9,-5.592130541,4.997794795,0.011099370
1734523561.738765717,6,0,-1.612088022,5.689510396,0.011169909
1734523561.738765717,6,1,0.715600219,9.939298718,-0.038239441
1734523561.738765717,6,2,-5.801028440,7.942401022,-0.088538295
1734523561.738765717,6,3,2.497820584,2.897670781,0.284800270
1734523561.738765717,6,4,-3.800458745,1.883382694,-0.005915039
1734523561.738765717,6,5,-3.895538619,11.987168469,-0.011689304
1734523561.738765717,6,7,-7.134818230,3.956645511,0.015282082
1734523561.738765717,6,8,3.960138458,6.585922789,0.005961481
1734523561.738765717,6,9,-6.472088786,-2.318566451,-0.006891605
1734523561.808765650,7,0,-0.653025590,-5.706909107,0.036520972
1734523561.808765650,7,1,2.102086390,-9.118809332,-0.019774430
1734523561.808765650,7,2,2.924417163,-2.824391030,-0.179203832
1734523561.808765650,7,3,-4.719953832,-9.499161526,-0.193694157
1734523561.808765650,7,4,-3.699829368,-2.882688752,0.043317547
1734523561.808765650,7,5,5.101584926,-6.124645850,-0.014160821
1734523561.808765650,7,6,-6.073101785,-5.342887824,-0.014262380
1734523561.808765650,7,8,-1.450646366,-11.659012736,0.007040628
1734523561.808765650,7,9,-6.915006242,0.457079815,-0.055247454
1734523561.868765831,8,0,-2.050070343,-5.299444030,0.015591282
1734523561.868765831,8,1,-4.078417909,-1.202600935,-0.110239550
1734523561.868765831,8,2,-6.870758923,-8.224932183,0.260633183
1734523561.868765831,8,3,2.273837397,-3.212265301,-0.036667328
1734523561.868765831,8,4,0.101608867,-9.628616384,-0.081950820
1734523561.868765831,8,5,-7.641249843,-3.757580007,0.017131816
1734523561.868765831,8,6,3.877257687,-7.890644421,-0.010926192
1734523561.868765831,8,7,-4.111158480,-10.551348316,-0.032538187
1734523561.868765831,8,9,1.031904845,-7.425537966,0.215773730
1734523561.928765774,9,0,-5.800200097,6.257017936,0.060821422
1734523561.928765774,9,1,-4.938618369,5.644172418,-0.058020021
1734523561.928765774,9,2,-9.672069197,3.371718376,-0.098997354
1734523561.928765774,9,3,-2.149115424,9.849496826,0.008937476
1734523561.928765774,9,4,-2.970267411,3.376685156,0.008387522
1734523561.928765774,9,5,-6.594784394,3.566339335,-0.200106330
1734523561.928765774,9,6,-0.101860567,5.306777944,-0.078515354
1734523561.928765774,9,7,-6.241524299,0.581248853,-0.141361320
1734523561.928765774,9,8,-3.058522124,6.847817271,-0.053301361
1734523561.998765707,0,1,4.540176590,0.333912013,-0.083936156
1734523561.998765707,0,2,-0.486714308,4.393813323,0.106532377
1734523561.998765707,0,3,0.015464243,-4.762731648,0.058319933
1734523561.998765707,0,4,-4.199962332,-0.463057299,-0.008095838
1734523561.998765707,0,5,3.520067403,4.459024354,-0.011019582
1734523561.998765707,0,6,-3.152517034,-3.815882237,-0.072537280
1734523561.998765707,0,7,-4.472141712,4.123938252,0.262345192
1734523561.998765707,0,8,4.128186868,-4.100577551,0.024881461
1734523561.998765707,0,9,-8.807844268,-0.793799702,0.039401025
1734523562.058765650,1,0,-4.399046573,-0.006551303,0.121367151
1734523562.058765650,1,2,-4.638463757,4.759339068,0.013177976
1734523562.058765650,1,3,-4.139758108,-4.694437894,-0.012371080
1734523562.058765650,1,4,-8.617958019,-0.341603281,0.022413924
1734523562.058765650,1,5,-0.626913983,4.347851344,-0.045269564
1734523562.058765650,1,6,-7.992611836,-4.273744816,0.090867956
1734523562.058765650,1,7,-8.013249298,4.090920758,-0.281874423
1734523562.058765650,1,8,-0.680100447,-4.488821934,-0.001568645
1734523562.058765650,1,9,-7.498579027,-0.145970232,-0.002295171
1734523562.118765831,2,0,-4.364950314,1.861075771,-0.194609205
1734523562.118765831,2,1,-5.696252089,-2.357426227,-0.009290825
1734523562.118765831,2,3,-9.805569392,3.921002478,0.138683997
1734523562.118765831,2,4,-2.640842051,5.691792955,-0.084207085
1734523562.118765831,2,5,-1.921854309,-3.537525937,-0.056453464
1734523562.118765831,2,6,-7.092174916,7.178046077,-0.053205823
1734523562.118765831,2,7,1.215600819,3.726967735,-0.007037398
1734523562.118765831,2,8,-9.208822870,-0.291906501,-0.095182576
1734523562.118765831,2,9,-1.460468962,10.025695841,0.133781363
1734523562.188765764,3,0,-4.257434493,-1.332355478,-0.222988574
1734523562.188765764,3,1,-6.242617788,2.757106784,-0.055068831
1734523562.188765764,3,2,-8.937564928,-3.074060329,0.070193581
1734523562.188765764,3,4,-2.995112980,-5.618244102,-0.044388915
1734523562.188765764,3,5,-8.853686982,0.771157131,-0.101484271
1734523562.188765764,3,6,0.686409423,-4.056625714,0.014889584
1734523562.188765764,3,7,-7.893779018,-7.377429448,-0.063522090
1734523562.188765764,3,8,-1.928580997,3.666884252,0.039836350
1734523562.188765764,3,9,-1.372442455,-9.839946971,-0.019028359
1734523562.248765707,4,0,-3.495268840,3.333801929,0.133575369
1734523562.248765707,4,1,-6.357070591,6.234477905,-0.160959612
1734523562.248765707,4,2,-6.515325347,-0.365251819,-0.007917514
1734523562.248765707,4,3,0.605103999,6.777411973,-0.030534869
1734523562.248765707,4,5,-9.282825769,2.892916693,0.016744348
1734523562.248765707,4,6,2.844346805,3.184206589,0.018253617
1734523562.248765707,4,7,-3.554111891,-3.088232722,0.023551325
1734523562.248765707,4,8,-2.580855672,8.285263794,0.184606269
1734523562.248765707,4,9,3.037478940,-3.090484075,-0.002382209
1734523562.318765879,5,0,-5.451992232,1.613889027,0.005379627
1734523562.318765879,5,1,-6.117281966,-4.290140665,-0.650810584
1734523562.318765879,5,2,-1.183835530,3.559814338,0.015656578
1734523562.318765879,5,3,-7.497053974,-0.207462943,-0.033776200
1734523562.318765879,5,4,-7.971852208,5.809008258,0.008853524
1734523562.318765879,5,6,-10.770483622,3.239649117,0.004741916
1734523562.318765879,5,7,-3.176809033,7.005785753,0.011461703
1734523562.318765879,5,8,-7.679191129,-3.597415968,-0.035378620
1734523562.318765879,5,9,-5.348495656,5.255736299,0.144326620
1734523562.378765821,6,0,-1.685331878,6.522323617,0.029289022
1734523562.378765821,6,1,0.743248455,9.016061022,-0.010931130
1734523562.378765821,6,2,-5.683133831,8.001169768,0.009613637
1734523562.378765821,6,3,2.742077429,2.898004974,0.065564571
1734523562.378765821,6,4,-3.252548161,1.679751934,0.006080652
1734523562.378765821,6,5,-3.048897640,11.721976093,-0.065429609
1734523562.378765821,6,7,-7.528341476,4.408559540,-0.027210543
1734523562.378765821,6,8,3.989345087,6.346097057,-0.014280638
1734523562.378765821,6,9,-7.125977334,-2.338553251,0.040196071
1734523562.438765764,7,0,-0.915745654,-5.938902191,-0.108543561
1734523562.438765764,7,1,1.593214912,-9.594961505,0.083239002
1734523562.438765764,7,2,2.830137435,-3.416645849,0.036005633
1734523562.438765764,7,3,-4.982486978,-8.655270959,0.017794332
1734523562.438765764,7,4,-3.921389434,-2.647815138,0.005275696
1734523562.438765764,7,5,4.249661601,-6.178903635,-0.107359879
1734523562.438765764,7,6,-6.919340871,-5.291613431,-0.067034478
1734523562.438765764,7,8,-2.139673073,-10.913389224,-0.020176511
1734523562.438765764,7,9,-5.845940696,0.905389074,0.047411324
1734523562.498765707,8,0,-2.077667692,-5.240921247,-0.051019938
1734523562.498765707,8,1,-4.180451160,-1.613326299,-0.001240338
1734523562.498765707,8,2,-7.142613556,-8.372356314,-0.191093309
1734523562.498765707,8,3,2.216715968,-3.120583670,-0.011011459
1734523562.498765707,8,4,-0.047648336,-9.117959866,-0.018807221
1734523562.498765707,8,5,-8.480406617,-4.327910002,0.047087150
1734523562.498765707,8,6,3.432758331,-7.031678860,-0.010891756
1734523562.498765707,8,7,-4.127414088,-10.380449818,0.090998641
1734523562.498765707,8,9,1.066802471,-7.423651262,0.036529885
1734523562.568765879,9,0,-6.147990156,6.229750656,0.228495049
1734523562.568765879,9,1,-5.262965885,5.342121175,0.113716523
1734523562.568765879,9,3,-2.253372270,8.945858421,-0.205571034
1734523562.568765879,9,4,-4.778931371,5.771152697,0.324979223
1734523562.568765879,9,5,-6.733947399,3.301542562,-0.061393312
1734523562.568765879,9,6,-0.359016328,6.147222147,0.217145708
1734523562.568765879,9,7,-5.908246657,0.086987094,-0.016116477
1734523562.568765879,9,8,-3.319509096,6.724249053,0.123830636
1734523562.628765821,0,1,4.470064818,0.141275196,0.181008836
1734523562.628765821,0,2,-0.329434380,4.727885730,0.048190511
1734523562.628765821,0,3,0.155620704,-4.973492891,-0.225183669
1734523562.628765821,0,4,-4.286651765,-0.444301425,0.030950201
1734523562.628765821,0,5,3.578826474,4.566616033,0.007473748
1734523562.628765821,0,6,-3.331761671,-4.085157629,0.029549737
1734523562.628765821,0,7,-4.453692002,4.238338901,-0.011653411
1734523562.628765821,0,8,3.872090006,-3.826312818,0.008531719
1734523562.628765821,0,9,-8.979272803,-0.832678020,-0.002715014
1734523562.688765764,1,0,-5.026878381,0.064027098,-0.106483325
1734523562.688765764,1,2,-5.515655864,5.078751356,0.183915889
1734523562.688765764,1,3,-4.917232075,-5.563643670,-0.008477743
1734523562.688765764,1,4,-8.014338806,-0.324414243,-0.023283908
1734523562.688765764,1,5,-0.650502899,4.514371898,0.012469797
1734523562.688765764,1,6,-8.670343640,-4.658911530,0.131805570
1734523562.688765764,1,7,-7.958335878,4.062634413,-0.086223215
1734523562.688765764,1,8,-0.416755479,-4.204796329,0.037705953
1734523562.688765764,1,9,-7.487885276,-0.365694554,-0.218727202
1734523562.748765707,2,0,-4.433382180,1.593146375,-0.036282423
1734523562.748765707,2,1,-5.447750914,-2.241110258,0.002563351
1734523562.748765707,2,3,-9.139306284,3.554267757,-0.070500098
1734523562.748765707,2,4,-3.643272186,6.552398848,-0.031143374
1734523562.748765707,2,5,-1.900746398,-3.757524607,0.009857530
1734523562.748765707,2,6,-6.866660930,6.546865699,-0.170978588
1734523562.748765707,2,7,1.289508775,3.712364157,0.001024901
1734523562.748765707,2,8,-10.148613647,-0.463956247,-0.001856747
1734523562.748765707,2,9,-1.624257838,10.133742803,-0.194477203
1734523562.818765879,3,0,-4.938253528,-1.418013307,-0.157611076
1734523562.818765879,3,1,-5.929757027,2.630172550,0.029980295
1734523562.818765879,3,2,-8.243407504,-2.914759837,-0.165052926
1734523562.818765879,3,4,-3.002209122,-5.608290256,0.016319750
1734523562.818765879,3,5,-9.442318699,0.630921535,-0.310237863
1734523562.818765879,3,6,0.581007148,-3.933794235,0.007419478
1734523562.818765879,3,7,-7.211940389,-6.522053385,-0.090294363
1734523562.818765879,3,8,-1.902102207,3.656566908,-0.011977936
1734523562.818765879,3,9,-1.379210843,-9.178103724,-0.069407349
1734523562.878765821,4,0,-3.325386998,3.272976182,-0.018012831
1734523562.878765821,4,1,-6.776079721,6.299648014,-0.043813879
1734523562.878765821,4,2,-6.427700151,-0.568318286,0.232343953
1734523562.878765821,4,3,0.252679577,6.951667665,0.010258223
1734523562.878765821,4,5,-8.355646820,2.140475159,-0.094946965
1734523562.878765821,4,6,2.435664453,2.963963013,0.025140711
1734523562.878765821,4,7,-3.144216875,-3.061864638,0.003341642
1734523562.878765821,4,8,-2.846036699,8.142892782,0.157533967
1734523562.878765821,4,9,3.407986956,-3.045487385,0.009752273
1734523562.938765764,5,0,-5.384256147,1.917337295,0.034355029
1734523562.938765764,5,1,-6.647521501,-3.469088215,-0.160887716
1734523562.938765764,5,2,-1.020588023,3.829130202,0.016392611
1734523562.938765764,5,3,-9.466371843,0.187493612,-0.086953531
1734523562.938765764,5,4,-7.347493827,6.034891148,0.071844775
1734523562.938765764,5,6,-12.351313588,4.810776872,-0.123637890
1734523562.938765764,5,7,-2.868165165,7.362829283,0.045917591
1734523562.938765764,5,8,-7.973609111,-3.180135691,-0.029992437
1734523562.938765764,5,9,-5.015258555,5.574578573,-0.145792176
1734523563.008765697,6,0,-1.328421632,5.569483785,0.001300628
1734523563.008765697,6,1,1.172670251,9.736684477,-0.129961105
1734523563.008765697,6,2,-5.259206062,7.799634265,-0.018859659
1734523563.008765697,6,3,2.497278848,2.467662109,0.085088237
1734523563.008765697,6,4,-3.670762954,1.936804279,0.009701781
1734523563.008765697,6,5,-2.747453167,10.484489911,-0.016851329
1734523563.008765697,6,7,-7.557451230,4.681169982,0.056169968
1734523563.008765697,6,8,4.187704687,6.366733014,0.000722080
1734523563.008765697,6,9,-5.721668297,-2.274190773,0.145573886
1734523563.068765879,7,0,-1.470116972,-6.009369083,0.008944780
1734523563.068765879,7,1,0.973857033,-9.493130285,0.054679154
1734523563.068765879,7,2,2.232827511,-3.264167535,-0.043524996
1734523563.068765879,7,3,-5.706034297,-8.555423063,-0.083557296
1734523563.068765879,7,4,-3.815752153,-2.243242511,-0.009992725
1734523563.068765879,7,5,4.546036463,-6.885019217,0.230085045
1734523563.068765879,7,6,-7.020332541,-4.724319563,0.011866586
1734523563.068765879,7,8,-2.740579793,-10.643498498,0.062603324
1734523563.068765879,7,9,-6.489947703,1.455413286,0.265303409
1734523563.128765821,8,0,-2.150946950,-5.253390995,-0.012518296
1734523563.128765821,8,1,-3.821814445,-1.198252528,-0.197341490
1734523563.128765821,8,2,-6.579310500,-7.831413652,-0.035059884
1734523563.128765821,8,3,2.305306654,-3.200442410,0.022468294
1734523563.128765821,8,4,-0.062249508,-9.215610948,-0.023453526
1734523563.128765821,8,5,-8.465074616,-3.920186303,-0.003939822
1734523563.128765821,8,6,3.297355558,-6.590617248,0.044438135
1734523563.128765821,8,7,-4.291382008,-10.804412853,-0.025798709
1734523563.128765821,8,9,1.139261216,-7.408240383,-0.264685311
1734523563.198765755,9,0,-6.350111052,5.392904749,-0.121439461
1734523563.198765755,9,1,-5.577835263,5.009290546,0.211570328
1734523563.198765755,9,2,-7.307822424,1.673181848,0.214927704
1734523563.198765755,9,3,-3.157562741,9.245338701,0.155009409
1734523563.198765755,9,4,-3.345136484,3.058914928,0.031490878
1734523563.198765755,9,5,-6.886629106,2.966426910,0.157006194
1734523563.198765755,9,6,-0.665801118,5.912667632,-0.004149530
1734523563.198765755,9,7,-6.921910825,-0.197048288,-0.028869776
1734523563.198765755,9,8,-3.396015387,6.686931372,-0.045036805
1734523563.268765688,0,1,4.602282647,0.226705028,0.016128780
1734523563.268765688,0,2,-0.275131187,5.066957390,-0.007535976
1734523563.268765688,0,3,0.294973936,-4.991256400,-0.095387671
1734523563.268765688,0,4,-4.325474822,-0.494002565,0.018490571
1734523563.268765688,0,5,3.508374687,4.622109532,-0.004451915
1734523563.268765688,0,6,-3.375651978,-4.146528227,-0.028233068
1734523563.268765688,0,7,-4.177377225,4.035867144,-0.034331677
1734523563.268765688,0,8,4.260353357,-4.292642664,0.266542876
1734523563.268765688,0,9,-9.213141719,-0.838681883,-0.043105209
1734523563.328765869,1,0,-7.493465498,-0.076551009,-0.303504154
1734523563.328765869,1,2,-4.627314292,4.777230891,0.032204427
1734523563.328765869,1,3,-4.922191470,-5.651735469,0.282696514
1734523563.328765869,1,4,-8.477684873,-0.401627840,0.032627114
1734523563.328765869,1,5,-0.661722301,4.328524220,-0.080875025
1734523563.328765869,1,6,-7.235664419,-3.852480202,0.077166018
1734523563.328765869,1,7,-7.780283922,3.883240223,-0.047219660
1734523563.328765869,1,8,-0.491070871,-4.013373454,-0.158443367
1734523563.328765869,1,9,-7.494940719,-0.252036343,-0.111091411
1734523563.388765812,2,0,-4.649938811,1.531895456,0.202996640
1734523563.388765812,2,1,-5.386184287,-2.551474325,-0.031321618
1734523563.388765812,2,3,-9.430265134,3.716632473,-0.087279764
1734523563.388765812,2,4,-2.957046172,5.438295850,-0.154096312
1734523563.388765812,2,5,-1.686713345,-3.319521111,0.244837587
1734523563.388765812,2,6,-6.729210063,6.231840268,-0.159607766
1734523563.388765812,2,7,1.164370124,4.079133377,-0.001985897
1734523563.388765812,2,8,-10.150785045,-0.530800542,-0.065692799
1734523563.388765812,2,9,-1.587984194,8.789531548,-0.018456715
1734523563.448765755,3,0,-4.854701132,-1.667796604,-0.260219982
1734523563.448765755,3,1,-5.887285537,2.790447922,-0.003015073
1734523563.448765755,3,2,-9.634267101,-2.999618488,-0.143765025
1734523563.448765755,3,4,-2.917172918,-5.243824157,-0.213246763
1734523563.448765755,3,5,-7.464456258,0.706613618,-0.180526919
1734523563.448765755,3,6,0.525634666,-3.940473331,-0.000746488
1734523563.448765755,3,7,-7.957794181,-7.021687371,-0.004882380
1734523563.448765755,3,8,-1.773207227,3.523537602,-0.025832724
1734523563.448765755,3,9,-1.697240204,-10.198179496,-0.017749523
1734523563.518765688,4,0,-3.278939926,2.448295758,0.223281128
1734523563.518765688,4,1,-7.143985874,5.689731206,0.114314811
1734523563.518765688,4,2,-6.251151073,-1.049588914,-0.014354474
1734523563.518765688,4,3,-0.054654886,6.474422010,-0.022061676
1734523563.518765688,4,5,-9.111823755,1.810528754,0.087072571
1734523563.518765688,4,6,2.345432471,3.215730342,-0.007056897
1734523563.518765688,4,7,-3.061100531,-3.306736658,-0.025471197
1734523563.518765688,4,8,-3.095442844,7.640745865,0.039309989
1734523563.518765688,4,9,3.612161904,-2.981675199,-0.004082979
1734523563.578765869,5,0,-5.240034586,2.223160486,-0.034851745
1734523563.578765869,5,1,-3.929443047,-1.827575944,0.065878725
1734523563.578765869,5,2,-0.828298983,3.866752494,0.016005347
1734523563.578765869,5,3,-10.306791955,0.605557604,0.204456051
1734523563.578765869,5,4,-7.671727400,6.811398174,-0.017605183
1734523563.578765869,5,6,-10.652061215,4.790444197,0.059474056
1734523563.578765869,5,7,-2.415627326,7.634931643,0.020321273
1734523563.578765869,5,8,-6.669439422,-2.158936158,-0.066149019
1734523563.578765869,5,9,-4.587269162,5.933434532,0.036280687
1734523563.638765812,6,0,-1.273757356,5.611513077,-0.011219754
1734523563.638765812,6,1,1.302425131,10.239116485,0.026514017
1734523563.638765812,6,2,-5.415974070,8.283879925,-0.198571828
1734523563.638765812,6,3,2.649836531,2.883041710,0.248607271
1734523563.638765812,6,4,-3.401785839,1.876923500,-0.004972841
1734523563.638765812,6,5,-2.790019723,11.218593884,0.030765703
1734523563.638765812,6,7,-6.942610416,4.465905160,0.021735869
1734523563.638765812,6,8,4.674217339,6.856256324,0.035541843
1734523563.638765812,6,9,-6.520128514,-2.142209856,0.052129104
1734523563.708765745,7,0,-1.510279362,-5.960208747,-0.065437538
1734523563.708765745,7,1,0.381829818,-9.910107115,0.022143339
1734523563.708765745,7,2,1.946092073,-2.983829868,0.180442976
1734523563.708765745,7,3,-6.884837063,-8.918372458,0.008742111
1734523563.708765745,7,4,-4.125980352,-2.110741325,0.029299901
1734523563.708765745,7,5,3.729008272,-6.670204825,0.030440542
1734523563.708765745,7,6,-7.283874335,-4.303682901,0.033873441
1734523563.708765745,7,8,-4.113059885,-12.498815464,0.006076936
1734523563.708765745,7,9,-7.173193019,2.189750398,-0.017178648
1734523563.768765688,8,0,-2.204428797,-5.285247136,-0.010995374
1734523563.768765688,8,1,-4.200112149,-1.434482576,0.126757767
1734523563.768765688,8,2,-6.602182711,-7.294356275,0.007273300
1734523563.768765688,8,3,2.295810658,-3.220591274,-0.020920033
1734523563.768765688,8,4,-0.196205686,-8.784378039,-0.046050390
1734523563.768765688,8,5,-6.770693206,-3.217632186,-0.233573595
1734523563.768765688,8,6,3.333849037,-7.289394944,-0.040410222
1734523563.768765688,8,7,-4.449185328,-10.922335997,-0.035142723
1734523563.768765688,8,9,1.210030441,-7.401424879,-0.068819285
1734523563.838765860,9,0,-6.222749360,5.026106031,-0.159246469
1734523563.838765860,9,1,-5.653877670,4.922893082,-0.220886854
1734523563.838765860,9,2,-9.913409315,1.953695637,-0.216865295
1734523563.838765860,9,3,-3.670030608,9.837626009,-0.223553588
1734523563.838765860,9,4,-3.425311650,2.873081424,0.006592468
1734523563.838765860,9,5,-7.080758256,2.469496163,0.120213261
1734523563.838765860,9,6,-1.091519511,6.475486029,0.013665708
1734523563.838765860,9,7,-6.780243860,-0.386709761,0.029112767
1734523563.838765860,9,8,-4.030806751,6.322842154,-0.155769143
1734523563.898765802,0,1,4.787642075,0.271088392,-0.176203627
1734523563.898765802,0,2,-0.352083659,4.604354839,-0.232356596
1734523563.898765802,0,3,0.404727832,-5.016098426,-0.203046500
1734523563.898765802,0,4,-4.434120321,-0.591789981,-0.087692858
1734523563.898765802,0,5,3.536812346,4.655327067,-0.009989586
1734523563.898765802,0,6,-3.399219728,-3.842561384,-0.096359986
1734523563.898765802,0,7,-4.434628232,4.246818245,-0.042160168
1734523563.898765802,0,8,4.183537669,-3.986586620,0.076371701
1734523563.898765802,0,9,-9.172368090,-0.846256027,0.007673088
1734523563.968765736,1,0,-4.524149009,0.032639576,-0.118772776
1734523563.968765736,1,2,-4.198242050,4.328992069,-0.103334017
1734523563.968765736,1,3,-4.595553154,-5.198998688,-0.018207868
1734523563.968765736,1,4,-8.689123701,-0.379882411,-0.082232137
1734523563.968765736,1,5,-0.566291182,4.339604301,0.097143157
1734523563.968765736,1,6,-8.401337743,-4.660642387,-0.239873001
1734523563.968765736,1,7,-8.379717039,4.038488780,0.073635962
1734523563.968765736,1,8,-0.683580839,-4.096857759,0.123066774
1734523563.968765736,1,9,-7.487338790,-0.382236569,0.208933123
1734523564.028765678,2,0,-5.338373304,1.912732443,-0.061282500
1734523564.028765678,2,1,-6.789053287,-2.939330596,0.117043413
1734523564.028765678,2,3,-9.031143574,2.888310288,0.041770449
1734523564.028765678,2,4,-3.011580642,5.447685099,-0.242561306
1734523564.028765678,2,5,-1.432607489,-3.602102881,0.158094530
1734523564.028765678,2,6,-7.217654057,6.607068082,0.245874624
1734523564.028765678,2,7,0.910862881,3.930003715,0.184274077
1734523564.028765678,2,8,-10.084827882,-0.800987425,-0.071738788
1734523564.028765678,2,9,-2.058915778,10.403263540,0.019793434
1734523564.088765860,3,0,-4.360027076,-1.056538801,-0.061279970
1734523564.088765860,3,1,-6.083923163,2.977395559,-0.020807076
1734523564.088765860,3,2,-9.488569927,-2.998789183,-0.012208018
1734523564.088765860,3,4,-3.501953826,-5.685259360,-0.111299075
1734523564.088765860,3,5,-10.860609578,1.044998801,-0.027884903
1734523564.088765860,3,6,0.452257698,-4.115249406,-0.000361716
1734523564.088765860,3,7,-8.052319886,-6.745442988,-0.059084021
1734523564.088765860,3,8,-1.803919846,3.733168969,0.010114213
1734523564.088765860,3,9,-1.813305128,-9.580620517,0.047465329
1734523564.158765793,4,0,-3.497788219,2.524700600,-0.159717062
1734523564.158765793,4,1,-5.912585076,4.613659753,0.074036476
1734523564.158765793,4,2,-6.434189747,-1.447781198,0.017713423
1734523564.158765793,4,3,-0.390362967,6.560791223,-0.014383103
1734523564.158765793,4,5,-9.407169118,1.400949156,-0.078823354
1734523564.158765793,4,6,2.289019478,3.574253505,-0.009941789
1734523564.158765793,4,7,-2.767414276,-3.165673980,0.031031569
1734523564.158765793,4,8,-3.754929220,7.583714617,0.153409185
1734523564.158765793,4,9,3.791376195,-2.768653441,-0.025678472
1734523564.218765736,5,0,-5.280643624,2.592303557,-0.024497165
1734523564.218765736,5,1,-4.168915830,-1.689079722,0.140519135
1734523564.218765736,5,2,-0.574307685,3.875679028,0.334761469
1734523564.218765736,5,3,-10.017681003,1.506079988,-0.052149127
1734523564.218765736,5,4,-6.040649354,6.461369693,-0.095302059
1734523564.218765736,5,6,-9.943737731,5.267038491,0.053021073
1734523564.218765736,5,7,-1.797842423,7.280603413,0.102842462
1734523564.218765736,5,8,-8.679192054,-2.323753318,-0.027761648
1734523564.218765736,5,9,-4.231781867,6.191675832,-0.071920895
1734523564.278765678,6,0,-1.032719384,5.114474513,-0.003444213
1734523564.278765678,6,1,1.409884683,9.609015043,0.065576854
1734523564.278765678,6,2,-5.787007002,9.612140014,-0.070767973
1734523564.278765678,6,3,2.813857443,2.580018365,-0.084086202
1734523564.278765678,6,4,-3.703867647,2.088543918,-0.025032895
1734523564.278765678,6,5,-2.762125090,11.877446406,0.070051738
1734523564.278765678,6,7,-7.290375234,4.861798406,-0.007275550
1734523564.278765678,6,8,4.430430820,6.454468879,-0.241106153
1734523564.278765678,6,9,-6.589492121,-2.325480003,-0.065866076
1734523564.348765850,7,0,-2.309629861,-5.931017304,0.019195825
1734523564.348765850,7,1,-0.239785446,-9.888172877,-0.056715271
1734523564.348765850,7,2,2.270475510,-3.872920737,0.008781821
1734523564.348765850,7,3,-6.798389627,-7.817512635,-0.078789877
1734523564.348765850,7,4,-4.453497239,-1.929421573,0.003675686
1734523564.348765850,7,5,3.084489211,-7.027093256,-0.005275235
1734523564.348765850,7,6,-7.672830017,-3.961269757,0.023666417
1734523564.348765850,7,8,-4.578921103,-11.255375937,-0.043884008
1734523564.348765850,7,9,-6.247082378,1.911725692,-0.133901297
1734523564.408765793,8,0,-2.439479425,-5.450434212,-0.014101763
1734523564.408765793,8,1,-3.656233696,-1.067399384,-0.020217303
1734523564.408765793,8,2,-7.188275679,-8.348781449,0.053023443
1734523564.408765793,8,3,2.377604722,-3.411861307,0.007064686
1734523564.408765793,8,4,-0.321552496,-8.427742547,-0.043437396
1734523564.408765793,8,5,-8.153669143,-3.716292956,-0.011800026
1734523564.408765793,8,6,3.065309137,-6.936650148,-0.039301033
1734523564.408765793,8,7,-4.749093928,-11.056162593,-0.040730920
1734523564.408765793,8,9,1.007280336,-7.431264806,-0.108118949
1734523564.478765726,9,0,-7.805553106,5.836682655,0.195751710
1734523564.478765726,9,1,-6.008495411,4.486260545,0.146455524
1734523564.478765726,9,2,-7.425261334,1.054135500,-0.065516936
1734523564.478765726,9,3,-4.187029638,9.594497230,-0.228966807
1734523564.478765726,9,4,-3.681757110,2.772400537,-0.005478508
1734523564.478765726,9,5,-7.185629609,2.148435691,0.030841578
1734523564.478765726,9,6,-1.246942524,5.365895423,0.219916093
1734523564.478765726,9,7,-6.640672516,-0.937087086,0.007136262
1734523564.478765726,9,8,-4.449974694,6.034931715,-0.165300992
1734523564.538765669,0,1,7.478329158,0.566762812,-0.058076783
1734523564.538765669,0,2,-0.616157836,4.909074175,0.139681802
1734523564.538765669,0,3,0.109802320,-5.772403057,-0.048546155
1734523564.538765669,0,4,-4.379481879,-0.483887333,-0.027739572
1734523564.538765669,0,5,3.458446385,4.573005397,-0.036379756
1734523564.538765669,0,6,-3.727321889,-4.451010570,0.249803127
1734523564.538765669,0,7,-4.516859166,4.381263945,-0.024014393
1734523564.538765669,0,8,4.307894574,-4.015896666,0.017900440
1734523564.538765669,0,9,-8.679159788,-0.932816521,0.009416270
1734523564.598765850,1,0,-3.712521490,-0.088457674,-0.175884722
1734523564.598765850,1,2,-4.736224798,4.780619813,0.020285190
1734523564.598765850,1,3,-4.535208839,-5.136750494,0.005746126
1734523564.598765850,1,4,-9.049446643,-0.398593956,-0.081697258
1734523564.598765850,1,5,-1.010380976,4.916688783,-0.057005651
1734523564.598765850,1,6,-7.760134491,-3.913696850,-0.037311283
1734523564.598765850,1,7,-7.014354081,3.456955032,-0.063737751
1734523564.598765850,1,8,-0.502436720,-4.801392296,-0.049878065
1734523564.598765850,1,9,-7.487657228,-0.402289922,0.152157984
1734523564.668765783,2,0,-4.690712051,1.346983809,0.124194833
1734523564.668765783,2,1,-6.105959748,-2.879292548,-0.010611881
1734523564.668765783,2,3,-9.504137920,3.005214034,-0.161868064
1734523564.668765783,2,4,-3.208367411,5.225847711,0.141035716
1734523564.668765783,2,5,-1.552689359,-3.692038330,-0.010105055
1734523564.668765783,2,6,-7.601372404,6.597803472,0.006566195
1734523564.668765783,2,7,0.875131223,3.579661061,0.009145692
1734523564.668765783,2,8,-9.528053559,-0.905954434,-0.057843689
1734523564.668765783,2,9,-2.311468790,10.761015798,-0.082720384
1734523564.728765726,3,0,-5.073410501,-1.406607735,0.013624858
1734523564.728765726,3,1,-5.854155093,2.995358121,-0.010897051
1734523564.728765726,3,2,-9.481786024,-2.738761007,0.098682376
1734523564.728765726,3,4,-3.389613488,-5.514221312,0.127939146
1734523564.728765726,3,5,-9.980817904,1.124828083,0.204270819
1734523564.728765726,3,6,0.293406221,-3.557909933,0.002689747
1734523564.728765726,3,7,-8.363908982,-6.767723861,-0.062819030
1734523564.728765726,3,8,-1.659005599,3.597787746,-0.022056184
1734523564.728765726,3,9,-2.202089990,-9.947179467,-0.095572834
1734523564.788765669,4,0,-3.802369951,2.319704885,0.260035147
1734523564.788765669,4,1,-7.491138655,5.097837231,-0.177935509
1734523564.788765669,4,2,-6.204871499,-1.599116363,-0.009640024
1734523564.788765669,4,3,-0.633224999,6.534963460,-0.008228375
1734523564.788765669,4,5,-8.824834949,0.888045631,0.045529627
1734523564.788765669,4,6,2.133979400,3.587554633,0.117767280
1734523564.788765669,4,7,-3.116540988,-3.501458060,-0.013838223
1734523564.788765669,4,8,-5.021816641,9.811492061,0.099118435
1734523564.788765669,4,9,4.058335397,-2.619942406,0.006857274
1734523564.848765850,5,1,-4.362653200,-1.697097486,-0.215527497
1734523564.848765850,5,2,-0.371680992,3.940439577,-0.013470059
1734523564.848765850,5,3,-7.425609452,1.053044583,0.037701084
1734523564.848765850,5,4,-6.684338867,7.345748747,-0.210055811
1734523564.848765850,5,6,-9.423360306,5.246279947,-0.086591191
1734523564.848765850,5,7,-1.596453417,8.730124455,0.219581744
1734523564.848765850,5,8,-8.337407321,-1.709144267,-0.010925333
1734523564.848765850,5,9,-4.098024785,6.278672950,0.185630954
1734523564.918765783,6,0,-1.087763593,5.763636452,0.007533227
1734523564.918765783,6,1,1.512085884,9.077873708,0.004955415
1734523564.918765783,6,2,-5.131933908,8.448660581,-0.064965019
1734523564.918765783,6,3,3.265679889,2.905538653,0.017392229
1734523564.918765783,6,4,-3.418585176,1.992029687,-0.021423316
1734523564.918765783,6,5,-2.659187949,12.267720158,-0.024101917
1734523564.918765783,6,7,-6.709001316,4.760809709,0.195318609
1734523564.918765783,6,8,4.531376533,6.193146807,-0.006515418
1734523564.918765783,6,9,-6.036207005,-1.803133685,-0.040998302
1734523564.978765726,7,0,-2.514340884,-5.574909274,-0.036589936
1734523564.978765726,7,1,-0.798140454,-9.515366405,-0.049388866
1734523564.978765726,7,2,2.107793393,-4.121500797,0.136819263
1734523564.978765726,7,3,-7.220806208,-7.500463585,-0.054211855
1734523564.978765726,7,4,-4.462364789,-1.706480759,0.013561603
1734523564.978765726,7,5,3.213827220,-6.775952968,0.088181507
1734523564.978765726,7,6,-7.649195519,-3.426278044,0.086818708
1734523564.978765726,7,8,-5.195579378,-11.344146892,-0.031958556
1734523564.978765726,7,9,-5.602931853,2.493305193,0.094516735
1734523565.038765669,8,0,-2.379813621,-5.043325089,-0.024914737
1734523565.038765669,8,1,-3.931836415,-1.006903672,0.144473179
1734523565.038765669,8,2,-7.441110989,-7.683337127,0.118411412
1734523565.038765669,8,3,2.252823222,-3.420599650,-0.015842681
1734523565.038765669,8,4,-0.310315702,-9.285784128,0.113872582
1734523565.038765669,8,5,-8.695384212,-3.533420924,-0.119035343
1734523565.038765669,8,6,3.051728814,-7.111100298,0.003644685
1734523565.038765669,8,7,-5.276812274,-11.634755342,-0.070179565
1734523565.038765669,8,9,0.748208579,-7.459176189,0.225553768
1734523565.108765841,9,0,-7.405702283,4.765003505,0.184033125
1734523565.108765841,9,1,-6.326268631,4.028372032,0.023323477
1734523565.108765841,9,2,-9.724177875,0.789855635,0.117436280
1734523565.108765841,9,3,-3.693216298,7.566649410,-0.112183470
1734523565.108765841,9,4,-4.259705952,2.595477145,0.070360491
1734523565.108765841,9,5,-7.262405901,1.865003593,-0.170944818
1734523565.108765841,9,6,-2.257093237,7.146772739,-0.281370823
1734523565.108765841,9,7,-5.960594536,-1.184593983,0.069108335
1734523565.108765841,9,8,-4.468915183,6.022960770,0.052351203
1734523565.168765783,0,1,7.473435621,0.575165461,-0.258736756
1734523565.168765783,0,2,-1.150801011,7.409242070,-0.169673162
1734523565.168765783,0,3,0.092540433,-5.172381905,-0.065775835
1734523565.168765783,0,4,-4.140064242,-0.467540511,-0.010353586
1734523565.168765783,0,5,4.253734673,5.695165284,-0.078535601
1734523565.168765783,0,6,-3.467200215,-4.354115814,-0.159505823
1734523565.168765783,0,7,-4.367121217,4.215305225,0.014578288
1734523565.168765783,0,8,4.157331443,-4.151186599,0.014930099
1734523565.168765783,0,9,-8.776430475,-0.861612005,0.042390701
1734523565.228765726,1,0,-5.197508800,-0.127182275,-0.091333019
1734523565.228765726,1,2,-4.755707317,4.926436732,0.009714511
1734523565.228765726,1,3,-4.430749154,-5.083874419,-0.010756766
1734523565.228765726,1,4,-8.752458047,-0.419701461,0.033552065
1734523565.228765726,1,5,-0.618184209,4.563374270,-0.051080625
1734523565.228765726,1,6,-6.547200645,-3.658171200,0.044127006
1734523565.228765726,1,7,-7.798594670,4.008552306,-0.051380367
1734523565.228765726,1,8,-0.298589012,-4.215439458,0.143169681
1734523565.228765726,1,9,-7.482225289,-0.514423419,0.040905592
1734523565.298765659,2,0,-4.548384131,1.437175847,-0.112992341
1734523565.298765659,2,1,-6.089858501,-3.108427636,-0.051808448
1734523565.298765659,2,3,-9.267718506,2.591653865,0.150881202
1734523565.298765659,2,4,-3.608694297,5.410744246,0.004766222
1734523565.298765659,2,5,-1.446585268,-3.481928549,0.064851795
1734523565.298765659,2,6,-8.128161444,6.701484454,-0.003569186
1734523565.298765659,2,7,1.528518475,7.334805323,-0.338026834
1734523565.298765659,2,8,-9.878744728,-1.090429910,0.041259836
1734523565.298765659,2,9,-2.710338378,10.786686190,0.199057913
1734523565.358765841,3,0,-5.073937612,-1.239354870,-0.048403773
1734523565.358765841,3,1,-6.198872135,3.383000184,-0.056329330
1734523565.358765841,3,2,-9.364330314,-2.468073579,0.192141267
1734523565.358765841,3,4,-3.229123846,-4.530665799,0.171507699
1734523565.358765841,3,5,-11.553620483,1.658351853,0.141934559
1734523565.358765841,3,6,0.217124011,-4.177836573,-0.010691088
1734523565.358765841,3,7,-7.543153776,-5.634392502,-0.069878229
1734523565.358765841,3,8,-1.568595365,3.588825888,0.034907667
1734523565.358765841,3,9,-2.285730806,-9.601694669,0.000787792
1734523565.418765783,4,0,-6.666614190,3.433923176,0.120111891
1734523565.418765783,4,1,-7.869875224,4.937941530,-0.026312619
1734523565.418765783,4,2,-6.249963095,-1.954651372,0.048733936
1734523565.418765783,4,3,-0.879765923,6.445984200,0.001470673
1734523565.418765783,4,5,-9.636745397,0.681909799,0.013997388
1734523565.418765783,4,6,1.941717186,3.705481682,0.038353476
1734523565.418765783,4,7,-2.699048191,-4.119996602,-0.003048115
1734523565.418765783,4,8,-4.699411348,7.595303613,0.000828037
1734523565.418765783,4,9,3.989211874,-2.450501299,0.039724907
1734523565.488765717,5,0,-4.911285602,3.095846116,-0.015490278
1734523565.488765717,5,1,-7.117808131,-2.339582845,-0.336391915
1734523565.488765717,5,2,-0.114313238,3.789814375,0.010856722
1734523565.488765717,5,3,-9.799070128,2.236235355,-0.090185574
1734523565.488765717,5,4,-5.852712677,7.388261772,0.099380197
1734523565.488765717,5,6,-9.371496246,5.935243616,0.077275894
1734523565.488765717,5,7,-0.886108315,7.758311907,0.217928199
1734523565.488765717,5,8,-7.996379036,-1.132850419,-0.212593738
1734523565.488765717,5,9,-3.704877095,6.519178972,0.155535326
1734523565.548765659,6,0,-0.914510963,5.194273672,-0.001074053
1734523565.548765659,6,1,1.584604926,8.985769113,-0.026116495
1734523565.548765659,6,2,-3.894466450,6.404437423,-0.257511866
1734523565.548765659,6,3,3.063884785,2.942177643,-0.189911793
1734523565.548765659,6,4,-3.350256870,1.973473006,0.001068954
1734523565.548765659,6,5,-2.276809389,10.681335688,-0.056465396
1734523565.548765659,6,7,-7.315643401,5.044274524,0.007389224
1734523565.548765659,6,8,4.575993078,5.989354800,0.230435815
1734523565.548765659,6,9,-5.736434699,-1.659834193,-0.007876833
1734523565.608765841,7,0,-2.989491933,-5.689508437,-0.005678241
1734523565.608765841,7,1,-1.261886366,-9.679916128,-0.033785228
1734523565.608765841,7,2,1.888891918,-3.657573823,-0.161553309
1734523565.608765841,7,3,-7.434411656,-6.894585962,0.010841189
1734523565.608765841,7,4,-4.714799202,-1.463481114,-0.023680369
1734523565.608765841,7,5,2.688497095,-7.767495949,-0.156869534
1734523565.608765841,7,6,-8.051924754,-3.076055612,-0.039590527
1734523565.608765841,7,8,-5.073303182,-9.489591886,-0.138673923
1734523565.608765841,7,9,-6.343482980,3.012258074,-0.257965924
1734523565.668765783,8,0,-2.342019397,-4.773947030,-0.041526437
1734523565.668765783,8,1,-3.958616058,-1.007505244,0.133576824
1734523565.668765783,8,2,-7.441157773,-7.431519147,-0.068804000
1734523565.668765783,8,3,2.219644835,-3.438523014,0.001295099
1734523565.668765783,8,4,-0.602161998,-8.402541147,0.015821941
1734523565.668765783,8,5,-7.371252074,-3.129103812,0.230378493
1734523565.668765783,8,6,2.923950593,-7.309626473,0.062563183
1734523565.668765783,8,7,-5.069369450,-10.533730047,-0.024138745
1734523565.668765783,8,9,0.473874089,-7.485014176,0.002475480
1734523565.738765717,9,0,-6.520488965,3.691643192,0.324028086
1734523565.738765717,9,1,-6.452700410,3.821268869,-0.102769884
1734523565.738765717,9,2,-7.490637232,0.359223678,0.106358892
1734523565.738765717,9,3,-5.086889874,9.201656017,0.083968709
1734523565.738765717,9,4,-3.953882790,2.365043776,-0.019380589
1734523565.738765717,9,5,-7.370942738,1.383718484,-0.067277900
1734523565.738765717,9,6,-2.566750780,6.436856746,0.052816899
1734523565.738765717,9,7,-6.516797564,-1.560044478,-0.021281036
1734523565.738765717,9,8,-4.931958544,5.649808630,-0.073806228
1734523565.798765659,0,1,4.664628891,0.024964055,-0.082284936
1734523565.798765659,0,2,-0.465284831,5.250365951,-0.076782127
1734523565.798765659,0,3,0.304837166,-5.438260515,-0.092839659
1734523565.798765659,0,4,-4.332785764,-0.497504132,-0.051883267
1734523565.798765659,0,5,3.839882895,5.027234871,0.010612620
1734523565.798765659,0,6,-3.608726610,-4.549354025,-0.050366001
1734523565.798765659,0,7,-4.593946983,4.420706379,-0.007246027
1734523565.798765659,0,8,4.397902113,-4.486542619,0.006716194
1734523565.798765659,0,9,-8.887421718,-0.915088523,-0.013972578
1734523565.858765841,1,0,-4.401185558,-0.140463515,0.052886763
1734523565.858765841,1,2,-4.747103369,4.885089905,0.039940166
1734523565.858765841,1,3,-4.803838712,-5.467921768,-0.012724648
1734523565.858765841,1,4,-9.628208440,-0.493073978,0.003298754
1734523565.858765841,1,5,-1.227268372,7.398890425,0.015258306
1734523565.858765841,1,6,-7.340141937,-3.867716220,0.072688170
1734523565.858765841,1,7,-10.324945629,5.045493236,-0.104769900
1734523565.858765841,1,8,-0.516194503,-4.327500072,0.209860652
1734523565.858765841,1,9,-7.478444663,-0.568187196,0.005360801
1734523565.918765783,2,0,-5.009784840,0.948496322,0.027834541
1734523565.918765783,2,1,-5.688684869,-3.042708754,-0.036827302
1734523565.918765783,2,3,-9.942863690,2.815115007,-0.148229911
1734523565.918765783,2,4,-3.770203273,5.481325777,-0.045035282
1734523565.918765783,2,5,-1.409102492,-3.733970799,0.007819248
1734523565.918765783,2,6,-7.199581373,5.785137408,0.024971542
1734523565.918765783,2,7,1.004465652,3.760708782,-0.077786351
1734523565.918765783,2,8,-9.144612711,-1.179725610,-0.035008755
1734523565.918765783,2,9,-2.669805033,10.364335342,0.204088320
1734523565.988765717,3,0,-5.021396573,-0.970258872,-0.159915344
1734523565.988765717,3,1,-5.874351834,3.405168156,-0.031538353
1734523565.988765717,3,2,-9.449730954,-2.124533832,0.003404125
1734523565.988765717,3,4,-3.883926593,-5.121384728,-0.258305910
1734523565.988765717,3,5,-10.628356006,1.740587555,-0.037659271
1734523565.988765717,3,6,0.090019383,-3.922028697,-0.033807591
1734523565.988765717,3,7,-8.801206613,-6.406045328,-0.042467865
1734523565.988765717,3,8,-1.481167234,3.510391180,0.015642827
1734523565.988765717,3,9,-2.446557799,-9.655465965,0.010360303
1734523566.048765659,4,0,-3.471623655,1.947486698,0.159822909
1734523566.048765659,4,1,-8.618817895,4.669267263,-0.024377942
1734523566.048765659,4,2,-6.914067488,-2.529547770,0.123699067
1734523566.048765659,4,3,-1.096048246,6.383416298,0.025652115
1734523566.048765659,4,5,-9.100900697,0.168396541,0.037332354
1734523566.048765659,4,6,1.767183653,3.622473213,-0.007551378
1734523566.048765659,4,7,-2.735700877,-3.966631110,0.215245848
1734523566.048765659,4,8,-4.743626260,7.327448282,-0.003347258
1734523566.048765659,4,9,4.114374157,-2.328594899,0.035147373
1734523566.118765831,5,0,-4.776739893,3.361344741,0.019391416
1734523566.118765831,5,1,-4.101472816,-0.948864113,-0.008372109
1734523566.118765831,5,2,0.108016233,4.293503058,0.032416314
1734523566.118765831,5,3,-7.203326671,2.088548578,0.007050071
1734523566.118765831,5,4,-5.041844151,7.367407396,0.075876625
1734523566.118765831,5,6,-10.892835797,7.978837668,-0.126537848
1734523566.118765831,5,7,-0.641056074,8.838628528,0.172880905
1734523566.118765831,5,8,-9.838651603,-0.919960362,0.190104885
1734523566.118765831,5,9,-3.369397151,6.698941915,-0.146082346
1734523566.178765774,6,0,-0.968238128,5.654678023,-0.013006463
1734523566.178765774,6,1,1.756604020,9.129888576,-0.009262075
1734523566.178765774,6,2,-4.937766962,8.440462144,-0.043414453
1734523566.178765774,6,3,2.974658236,2.509367903,-0.108881964
1734523566.178765774,6,4,-3.560645970,2.059305204,0.038005369
1734523566.178765774,6,5,-2.444509507,11.989426738,-0.041285980
1734523566.178765774,6,7,-6.840875514,5.189890917,-0.086851173
1734523566.178765774,6,8,4.798297291,6.168399515,0.072299582
1734523566.178765774,6,9,-6.071326861,-1.747348784,0.023889972
1734523566.238765717,7,0,-3.088164249,-5.178106890,0.024224213
1734523566.238765717,7,1,-1.905305422,-9.500264090,-0.085485579
1734523566.238765717,7,2,1.443951395,-3.623073565,0.022487117
1734523566.238765717,7,3,-8.093409160,-6.694395219,0.066555033
1734523566.238765717,7,4,-4.535972810,-1.116032175,-0.037067521
1734523566.238765717,7,5,2.684989466,-8.646736113,-0.095930623
1734523566.238765717,7,6,-8.492855084,-2.720899548,-0.003699973
1734523566.238765717,7,8,-6.020926128,-9.650538434,-0.008585949
1734523566.238765717,7,9,-6.162290236,3.295592965,0.007375746
1734523566.308765650,8,0,-2.541854303,-4.889134421,0.025031775
1734523566.308765650,8,1,-4.404252261,-1.088178851,-0.142739771
1734523566.308765650,8,2,-6.650805100,-6.587124214,-0.060290828
1734523566.308765650,8,3,1.886902240,-3.014181367,0.084619795
1734523566.308765650,8,4,-0.940331775,-9.064153283,-0.046715318
1734523566.308765650,8,5,-8.252418793,-3.340263163,0.036144397
1734523566.308765650,8,6,2.942902395,-7.919045897,0.016386603
1734523566.308765650,8,7,-5.630183075,-10.858972298,-0.058190656
1734523566.308765650,8,9,0.652166839,-7.471049295,0.090004668
1734523566.368765831,9,0,-8.612687209,4.401832457,-0.246377254
1734523566.368765831,9,1,-6.555413335,3.638069722,0.202496189
1734523566.368765831,9,2,-10.106812675,-0.254696026,0.009050474
1734523566.368765831,9,3,-6.444195335,10.166180218,0.116860878
1734523566.368765831,9,4,-4.129005144,2.189529061,-0.026117891
1734523566.368765831,9,5,-7.404031823,1.187467354,0.142246453
1734523566.368765831,9,6,-2.398486458,5.987474883,-0.037817820
1734523566.368765831,9,7,-6.765350526,-1.897800086,-0.006606415
1734523566.368765831,9,8,-5.160977610,5.441767326,-0.038451008
1734523566.428765774,0,1,4.329923512,0.232381595,0.286929464
1734523566.428765774,0,2,-0.690063861,4.934008215,-0.187822184
1734523566.428765774,0,3,0.328741329,-4.842222240,0.192354253
1734523566.428765774,0,4,-4.297215708,-0.465595792,0.001018115
1734523566.428765774,0,5,3.479586113,4.660319623,0.014085315
1734523566.428765774,0,6,-3.835549566,-4.359612658,0.096206421
1734523566.428765774,0,7,-4.408157425,4.231376710,0.026314900
1734523566.428765774,0,8,4.171836086,-4.091468651,0.205210616
1734523566.428765774,0,9,-8.707500785,-1.086266660,0.010805241
1734523566.488765717,1,0,-3.823548775,-0.149540450,0.053196555
1734523566.488765717,1,2,-4.739548777,4.816147587,0.032825910
1734523566.488765717,1,3,-4.293063657,-4.761049875,0.171389474
1734523566.488765717,1,4,-9.043525893,-0.474779973,-0.048259195
1734523566.488765717,1,5,-0.911208261,4.615512084,0.075635981
1734523566.488765717,1,6,-9.069620626,-4.802161462,0.046416207
1734523566.488765717,1,7,-9.209590137,4.414154828,-0.188035592
1734523566.488765717,1,8,-0.744808255,-4.680293379,0.191400947
1734523566.488765717,1,9,-7.496998252,-0.209971796,0.030480373
1734523566.558765650,2,0,-4.716559856,1.298573702,0.030385299
1734523566.558765650,2,1,-6.041334770,-3.406073755,-0.007052413
1734523566.558765650,2,3,-10.083217398,2.657601556,0.043882121
1734523566.558765650,2,4,-4.276302315,5.738554808,-0.044139215
1734523566.558765650,2,5,-1.188858773,-3.401607920,-0.008236350
1734523566.558765650,2,6,-7.974517121,6.009684088,0.037553732
1734523566.558765650,2,7,0.549834749,3.956832034,0.175794320
1734523566.558765650,2,8,-9.232622577,-1.425931242,-0.008280907
1734523566.558765650,2,9,-2.630635153,9.847623463,-0.028162548
1734523566.618765831,3,0,-5.086593509,-0.743367001,0.002281477
1734523566.618765831,3,1,-6.008013428,3.554690515,0.012591258
1734523566.618765831,3,2,-10.685310769,-2.114354879,-0.074004045
1734523566.618765831,3,4,-4.249205628,-5.728635133,-0.009644664
1734523566.618765831,3,5,-9.837131332,1.788901692,-0.093092630
1734523566.618765831,3,6,-0.149396623,-4.192950772,0.148361585
1734523566.618765831,3,7,-8.447880405,-5.752658677,0.010969467
1734523566.618765831,3,8,-1.440164655,3.647021942,0.013125786
1734523566.618765831,3,9,-2.748245785,-9.511632802,-0.004526851
1734523566.678765774,4,0,-3.640108066,1.873022510,-0.022472266
1734523566.678765774,4,1,-8.234623621,4.468587090,-0.230503016
1734523566.678765774,4,2,-6.528822072,-2.549746495,-0.032487170
1734523566.678765774,4,3,-1.393113201,6.689673380,-0.017637389
1734523566.678765774,4,5,-9.398555435,-0.101971922,-0.057348323
1734523566.678765774,4,6,1.622297503,3.679560968,0.013755978
1734523566.678765774,4,7,-4.298521457,-6.118629816,-0.578863077
1734523566.678765774,4,8,-5.470086505,8.457180343,0.091310118
1734523566.678765774,4,9,6.699619102,-3.349596333,0.381193251
1734523566.738765717,5,0,-4.700282914,3.657632061,-0.024067344
1734523566.738765717,5,1,-4.752999427,-0.907466438,0.013811766
1734523566.738765717,5,2,0.355060833,3.517909850,-0.052429106
1734523566.738765717,5,3,-11.378752652,4.096144927,0.104250465
1734523566.738765717,5,4,-4.796598467,7.778247604,-0.093912084
1734523566.738765717,5,6,-9.326832130,7.353404318,0.154752319
1734523566.738765717,5,7,-0.087254178,7.820173605,0.064690347
1734523566.738765717,5,8,-9.895636690,-0.490438478,-0.012126623
1734523566.738765717,5,9,-3.101638829,6.828530922,-0.031654728
1734523566.808765650,6,0,-0.955994872,5.815117973,0.006195927
1734523566.808765650,6,1,1.787287459,9.369884150,-0.039498879
1734523566.808765650,6,2,-4.979713521,8.777450140,-0.001097301
1734523566.808765650,6,3,3.021167489,2.507093055,0.135837128
1734523566.808765650,6,4,-3.374810890,2.055241789,0.023551993
1734523566.808765650,6,5,-2.322413136,12.231822762,0.014748841
1734523566.808765650,6,7,-6.518224473,4.865921632,-0.246701874
1734523566.808765650,6,8,4.860505552,6.211315693,0.048381704
1734523566.808765650,6,9,-6.578430456,-1.812914120,0.009091688
1734523566.868765831,7,0,-3.354758076,-4.961786405,0.033219944
1734523566.868765831,7,1,-2.513209092,-9.626978334,0.041219044
1734523566.868765831,7,2,1.253683421,-3.633321634,0.088339794
1734523566.868765831,7,3,-8.303819944,-6.030150549,0.068291635
1734523566.868765831,7,4,-4.491528609,-0.856982969,-0.000863184
1734523566.868765831,7,5,1.939152770,-8.695691559,0.142128452
1734523566.868765831,7,6,-7.673023573,-2.081225474,0.026719632
1734523566.868765831,7,8,-6.616625924,-9.507332203,-0.007975142
1734523566.868765831,7,9,-5.874035173,3.635164072,-0.059873379
1734523566.938765764,8,0,-2.876028143,-5.222406873,-0.041972828
1734523566.938765764,8,1,-4.667478203,-0.851411660,-0.136120842
1734523566.938765764,8,2,-7.007328013,-6.399159416,-0.118928647
1734523566.938765764,8,3,2.077848228,-3.479582767,-0.027512798
1734523566.938765764,8,4,-1.206510463,-9.496017429,0.003111034
1734523566.938765764,8,5,-7.601167278,-2.785128282,-0.063080586
1734523566.938765764,8,6,2.591592657,-7.652117732,-0.044376164
1734523566.938765764,8,7,-5.553366820,-10.290345220,-0.081930559
1734523566.938765764,8,9,0.223347688,-7.496614252,0.029842372
1734523566.998765707,9,0,-8.100207643,3.838912287,-0.059463834
1734523566.998765707,9,1,-6.754426310,3.259611521,0.051555358
1734523566.998765707,9,2,-10.610898656,-0.998378842,-0.149137128
1734523566.998765707,9,3,-5.510399218,7.564845494,0.086450737
1734523566.998765707,9,4,-4.680707662,1.811801071,0.003489099
1734523566.998765707,9,5,-7.472910480,0.633395036,0.066480713
1734523566.998765707,9,6,-2.695967357,5.242933741,-0.049689438
1734523566.998765707,9,7,-6.595214111,-2.328392652,0.010382807
1734523566.998765707,9,8,-5.491529139,5.108115809,0.016143268
1734523567.058765650,0,1,4.740469689,0.167105366,0.058850125
1734523567.058765650,0,2,-1.211644277,7.395899689,-0.287377699
1734523567.058765650,0,3,0.290243447,-5.182513089,0.043160429
1734523567.058765650,0,4,-4.287870221,-0.507106264,0.008329332
1734523567.058765650,0,5,3.633596787,4.856518704,-0.001429791
1734523567.058765650,0,6,-3.724693227,-4.510361455,0.024163438
1734523567.058765650,0,7,-4.341570806,4.286010362,0.024496117
1734523567.058765650,0,8,4.148512942,-4.285826014,-0.011283810
1734523567.058765650,0,9,-8.668629642,-0.935892409,-0.116989180
1734523567.128765821,1,0,-4.969417075,-0.008745425,-0.015912663
1734523567.128765821,1,2,-4.683568660,4.823518441,-0.016708956
1734523567.128765821,1,3,-4.723589128,-5.396909287,-0.049409800
1734523567.128765821,1,4,-9.074597862,-0.403119060,0.039764142
1734523567.128765821,1,5,-0.935041165,4.974439997,0.035415872
1734523567.128765821,1,6,-8.859261946,-4.863246612,0.200568840
1734523567.128765821,1,7,-8.712203370,4.300139443,0.038739338
1734523567.128765821,1,8,-0.560277623,-4.139277027,-0.245501655
1734523567.128765821,1,9,-7.497837119,-0.179473670,0.015090886
1734523567.188765764,2,0,-7.342377559,1.515407450,0.207441667
1734523567.188765764,2,1,-5.839679798,-3.531223453,0.006917523
1734523567.188765764,2,3,-9.506441203,2.054079561,-0.020141075
1734523567.188765764,2,4,-4.071625858,5.134169181,-0.028543747
1734523567.188765764,2,5,-1.267155814,-4.065210680,-0.060981736
1734523567.188765764,2,6,-7.859578700,5.493795129,-0.053293005
1734523567.188765764,2,7,0.436370245,4.527424531,0.048557866
1734523567.188765764,2,8,-10.524282687,-1.960124148,-0.037426922
1734523567.188765764,2,9,-2.654016174,8.671583960,-0.052465389
1734523567.248765707,3,0,-5.482424039,-0.826199795,-0.070120321
1734523567.248765707,3,1,-5.673057339,3.564872682,-0.023963480
1734523567.248765707,3,2,-10.701403638,-2.099874649,-0.170453648
1734523567.248765707,3,4,-4.323660414,-5.566200508,-0.064061922
1734523567.248765707,3,5,-10.422863548,2.145850995,-0.075494820
1734523567.248765707,3,6,-0.150327349,-3.685623689,-0.003834605
1734523567.248765707,3,7,-8.937647182,-5.720432468,0.021774472
1734523567.248765707,3,8,-1.370956954,3.635601182,0.008094850
1734523567.248765707,3,9,-2.793787025,-8.997391694,0.031543669
1734523567.318765879,4,0,-4.390442089,1.816484004,-0.029448166
1734523567.318765879,4,1,-8.808543758,4.387456589,0.152421584
1734523567.318765879,4,2,-6.233305332,-2.785311763,0.068963604
1734523567.318765879,4,3,-1.548787939,6.710552240,0.044282188
1734523567.318765879,4,5,-10.145147984,-0.467256392,-0.005557264
1734523567.318765879,4,6,1.438204414,3.590344940,-0.016945050
1734523567.318765879,4,7,-2.365481156,-4.279742350,0.034542889
1734523567.318765879,4,8,-5.796726263,8.080688927,0.126880372
1734523567.318765879,4,9,4.072392479,-2.180573736,0.099678577
1734523567.378765821,5,0,-4.445082475,3.923926312,-0.010025101
1734523567.378765821,5,1,-5.006385373,-0.639741470,-0.029015519
1734523567.378765821,5,2,0.635913464,4.358020687,-0.117578955
1734523567.378765821,5,3,-9.741315166,4.153411648,0.151393197
1734523567.378765821,5,4,-5.062752487,8.926736856,-0.093616643
1734523567.378765821,5,6,-9.055175459,8.001256091,0.022639330
1734523567.378765821,5,7,0.450762101,7.769109226,-0.137610196
1734523567.378765821,5,8,-8.886073122,0.407128558,-0.180900012
1734523567.438765764,6,0,-0.851924193,5.710457560,-0.016060804
1734523567.438765764,6,1,1.907768258,9.472930560,0.023219728
1734523567.438765764,6,2,-5.431063703,9.469269170,-0.051938223
1734523567.438765764,6,3,3.444221110,2.516761556,-0.199476345
1734523567.438765764,6,4,-3.130892420,2.164674147,0.185857711
1734523567.438765764,6,5,-2.072355074,11.555226850,-0.030427146
1734523567.438765764,6,7,-7.087684351,5.024850987,-0.167608711
1734523567.438765764,6,8,5.637810222,6.913188960,-0.073689587
1734523567.438765764,6,9,-6.223303155,-1.753249033,-0.018962906
1734523567.498765707,7,0,-3.660498659,-4.798804981,0.042387815
1734523567.498765707,7,1,-2.867658718,-8.867545458,0.036573645
1734523567.498765707,7,2,1.044443539,-4.178380048,-0.031087616
1734523567.498765707,7,3,-8.926000186,-5.659801760,0.097174021
1734523567.498765707,7,4,-4.409617656,-0.564025281,-0.010055765
1734523567.498765707,7,5,1.195185836,-7.102281968,0.024745892
1734523567.498765707,7,6,-8.024234078,-1.609719349,0.055915807
1734523567.498765707,7,8,-4.564743212,-5.950011628,-0.102376927
1734523567.498765707,7,9,-5.383890664,3.795201402,0.026201449
1734523567.558765650,8,0,-2.817489431,-4.669402934,-0.061313494
1734523567.558765650,8,1,-7.449788197,-0.865728552,-0.034203713
1734523567.558765650,8,2,-8.228483122,-7.303400699,-0.156924055
1734523567.558765650,8,3,2.080844286,-3.287750298,0.178612819
1734523567.558765650,8,4,-1.357702327,-9.194603989,0.012260324
1734523567.558765650,8,5,-8.617752262,-2.663839984,-0.029274097
1734523567.558765650,8,6,2.414127926,-7.793170741,-0.037602987
1734523567.558765650,8,7,-3.920524705,-6.390945978,0.187871094
1734523567.558765650,8,9,0.008105473,-7.499939625,-0.028981334
1734523567.628765821,9,0,-8.157717439,3.105427623,0.127897961
1734523567.628765821,9,1,-7.041568691,2.575795780,-0.177725825
1734523567.628765821,9,2,-10.837545035,-1.563050809,-0.042520928
1734523567.628765821,9,3,-6.272371563,7.896945149,0.000081147
1734523567.628765821,9,4,-4.279024401,1.649829709,-0.009564590
1734523567.628765821,9,5,-7.480901905,0.530986560,0.064497725
1734523567.628765821,9,6,-3.308525385,5.513780829,0.049107218
1734523567.628765821,9,7,-6.690140881,-2.867754989,-0.230241443
1734523567.628765821,9,8,-5.828349883,4.720048530,-0.038464478
1734523567.688765764,0,1,4.535296770,0.174885644,0.005690200
1734523567.688765764,0,2,-0.674449215,7.463997472,-0.289585889
1734523567.688765764,0,3,0.130866456,-5.370874579,-0.150321948
1734523567.688765764,0,4,-4.458366731,-0.496899845,-0.023484849
1734523567.688765764,0,5,3.517906587,4.716894148,0.036413508
1734523567.688765764,0,6,-3.585099932,-4.559177116,-0.142587437
1734523567.688765764,0,7,-4.487330256,4.359775063,-0.027412018
1734523567.688765764,0,8,4.275848602,-4.397988540,-0.026917827
1734523567.688765764,0,9,-9.129914889,-0.914300708,0.172595505
1734523567.748765707,1,0,-4.549748424,-0.105724737,-0.098907513
1734523567.748765707,1,2,-4.937757553,4.836885983,0.083750205
1734523567.748765707,1,3,-4.642701243,-5.398741361,-0.001949654
1734523567.748765707,1,4,-8.821816059,-0.487414868,-0.028558448
1734523567.748765707,1,5,-0.982622980,4.842760399,-0.039706193
1734523567.748765707,1,6,-9.192547414,-4.771822238,-0.129985798
1734523567.748765707,1,7,-8.478950968,4.343823073,-0.035465051
1734523567.748765707,1,8,-0.558469201,-4.332230043,-0.173437236
1734523567.748765707,1,9,-7.481468500,-0.459579570,-0.257712441
1734523567.818765879,2,0,-5.444791704,0.870198757,-0.203270523
1734523567.818765879,2,1,-5.569091943,-3.524347764,-0.027500910
1734523567.818765879,2,3,-10.179547558,2.098682724,-0.125345806
1734523567.818765879,2,4,-4.322479785,5.205101384,0.034107075
1734523567.818765879,2,5,-1.393064503,-4.561154365,-0.024562516
1734523567.818765879,2,6,-8.292576083,5.456146298,-0.282000838
1734523567.818765879,2,7,1.330427408,7.375881850,-0.276278569
1734523567.818765879,2,8,-10.161364913,-2.158093981,-0.053396989
1734523567.818765879,2,9,-3.644613742,10.635443854,0.228169404
1734523567.878765821,3,0,-7.456472088,-0.740461580,0.320531814
1734523567.878765821,3,1,-5.585470305,3.680787926,-0.035803208
1734523567.878765821,3,2,-10.016557067,-1.793398944,-0.005141782
1734523567.878765821,3,4,-4.488751698,-5.257891251,0.029109315
1734523567.878765821,3,5,-10.186430560,2.413769643,-0.001067780
1734523567.878765821,3,6,-0.237177647,-3.930991849,0.009997058
1734523567.878765821,3,7,-9.374223625,-5.762168784,-0.047447353
1734523567.878765821,3,8,-1.272982783,3.616904657,0.026751706
1734523567.878765821,3,9,-3.447671779,-10.447397423,-0.079212396
1734523567.948765755,4,0,-3.715188070,1.585534560,0.120908708
1734523567.948765755,4,1,-7.938070157,4.037460482,-0.054005455
1734523567.948765755,4,2,-6.286899301,-2.887113243,-0.007823752
1734523567.948765755,4,3,-1.498617285,6.029756105,0.012165483
1734523567.948765755,4,5,-9.757867515,-0.532629346,0.012410179
1734523567.948765755,4,6,1.443411858,3.926523792,-0.011218625
1734523567.948765755,4,7,-2.493003573,-4.316112455,0.010214203
1734523567.948765755,4,8,-4.674899721,6.054281805,0.139419157
1734523567.948765755,4,9,4.201545282,-1.908136561,0.201493633
1734523568.008765697,5,0,-4.514964331,4.269930511,0.008925450
1734523568.008765697,5,1,-5.279941890,-0.490827638,0.144846591
1734523568.008765697,5,2,0.715921346,3.941353210,0.284180410
1734523568.008765697,5,3,-10.541807981,4.855142171,0.006935704
1734523568.008765697,5,4,-4.681752913,9.467255596,-0.073384840
1734523568.008765697,5,6,-8.884102263,8.887163055,-0.236941348
1734523568.008765697,5,7,0.497876600,7.480724987,-0.202169628
1734523568.008765697,5,8,-8.289453170,0.272918030,-0.016600716
1734523568.008765697,5,9,-2.158849364,7.178932977,0.228671669
1734523568.068765879,6,0,-0.803846755,5.581300370,-0.009878591
1734523568.068765879,6,1,1.972608104,9.341301793,0.014604986
1734523568.068765879,6,2,-4.726669373,8.329974686,0.041342078
1734523568.068765879,6,3,3.197152477,2.321642807,0.053362690
1734523568.068765879,6,4,-3.809768027,2.202808718,0.060224053
1734523568.068765879,6,5,-2.059137969,11.160869946,-0.011433513
1734523568.068765879,6,7,-7.109059194,5.550030062,-0.061327857
1734523568.068765879,6,8,4.336486622,5.255050310,-0.127490827
1734523568.068765879,6,9,-7.219512826,-2.030466700,0.076416893
1734523568.128765821,7,0,-4.224301901,-4.956948704,0.018611716
1734523568.128765821,7,1,-3.551767069,-9.398493042,-0.013919836
1734523568.128765821,7,2,0.796047141,-3.302235417,0.000967785
1734523568.128765821,7,3,-9.229092160,-5.288075952,-0.005042900
1734523568.128765821,7,4,-5.266422046,-0.386250636,0.009170733
1734523568.128765821,7,5,0.653144540,-7.225716875,-0.179278015
1734523568.128765821,7,6,-8.899119622,-1.227972296,0.001044918
1734523568.128765821,7,8,-4.885003219,-5.690924939,-0.010811736
1734523568.128765821,7,9,-5.503139320,4.325738296,0.010712442
1734523568.208765745,8,0,-3.210028385,-5.022066828,-0.022391505
1734523568.208765745,8,1,-4.661865020,-0.575156729,-0.281362239
1734523568.208765745,8,2,-7.752088935,-6.341817977,0.051000666
1734523568.208765745,8,3,1.702813793,-3.401744046,-0.072381327
1734523568.208765745,8,4,-1.622798625,-8.778782989,-0.006087894
1734523568.208765745,8,5,-8.676099984,-2.608229715,0.059907388
1734523568.208765745,8,6,2.344485228,-8.202871282,-0.021251171
1734523568.208765745,8,7,-3.864778293,-6.426634427,0.108897600
1734523568.208765745,8,9,0.129795682,-7.498667278,0.056054682
1734523568.268765688,9,0,-7.032474113,2.605041651,0.089810065
1734523568.268765688,9,1,-7.091672931,2.436432550,0.148227784
1734523568.268765688,9,2,-10.255810559,-1.824879960,-0.078334426
1734523568.268765688,9,3,-6.561934531,7.445307840,-0.012370149
1734523568.268765688,9,4,-4.276142695,1.485015008,-0.044361575
1734523568.268765688,9,5,-7.498117768,-0.147305017,-0.080815609
1734523568.268765688,9,6,-3.704740941,5.678610841,-0.121346224
1734523568.268765688,9,7,-6.029362086,-2.777361689,-0.074757096
1734523568.268765688,9,8,-5.770146575,4.789810004,-0.114580230
1734523568.328765869,0,1,4.896987590,0.457916673,-0.185051681
1734523568.328765869,0,2,-0.480888869,6.109427621,-0.177924579
1734523568.328765869,0,3,0.287487487,-5.433009360,0.242464002
1734523568.328765869,0,4,-4.147392587,-0.474452509,-0.020452753
1734523568.328765869,0,5,3.356463547,4.645041551,-0.002881117
1734523568.328765869,0,6,-3.649218057,-4.293657197,-0.007584624
1734523568.328765869,0,7,-4.552404402,4.369335176,-0.046745479
1734523568.328765869,0,8,3.909438520,-4.049469355,-0.017267841
1734523568.328765869,0,9,-7.933364355,-0.962683569,-0.137374027
1734523568.398765802,1,0,-4.655440324,0.159897292,0.075090782
1734523568.398765802,1,2,-4.953392443,5.108190655,0.019314283
1734523568.398765802,1,3,-4.521860295,-5.208451001,-0.020110936
1734523568.398765802,1,4,-9.025329877,-0.476342012,-0.063019497
1734523568.398765802,1,5,-0.788434503,4.893189447,-0.031312767
1734523568.398765802,1,6,-7.731865336,-4.029103082,-0.169327968
1734523568.398765802,1,7,-8.768236719,4.419603237,0.029820200
1734523568.398765802,1,8,-0.913741874,-4.855604375,-0.146190707
1734523568.398765802,1,9,-7.495354859,-0.233883597,-0.122286545
1734523568.458765745,2,0,-7.461115858,0.762382800,-0.022860821
1734523568.458765745,2,1,-5.985812030,-3.960557669,-0.011029618
1734523568.458765745,2,3,-10.058177058,1.877518011,0.224620363
1734523568.458765745,2,4,-4.175441130,4.782318376,-0.008908945
1734523568.458765745,2,5,-1.253752611,-4.012909647,0.287956838
1734523568.458765745,2,6,-8.050687975,5.076458883,-0.020443729
1734523568.458765745,2,7,0.206520921,4.263148235,0.024340253
1734523568.458765745,2,8,-8.911181943,-2.225589579,0.000367254
1734523568.458765745,2,9,-3.532158093,9.347288596,0.086154058
1734523568.518765688,3,0,-4.914802389,-0.394678217,0.045379605
1734523568.518765688,3,1,-5.829819005,4.099882383,-0.030316195
1734523568.518765688,3,2,-9.752149501,-1.298688112,-0.036076263
1734523568.518765688,3,4,-4.335269993,-4.868982228,0.229111696
1734523568.518765688,3,5,-10.527064819,2.704878585,0.036115969
1734523568.518765688,3,6,-0.336648278,-3.984463350,0.011874668
1734523568.518765688,3,7,-9.415805053,-5.496044668,0.035909349
1734523568.518765688,3,8,-1.318635762,4.008370675,-0.005593482
1734523568.518765688,3,9,-3.677732041,-10.260317077,-0.043944742
1734523568.578765869,4,0,-4.428882129,1.730089492,0.114572595
1734523568.578765869,4,1,-6.871072134,2.990663897,0.307078469
1734523568.578765869,4,2,-6.001673195,-2.816872199,-0.035414438
1734523568.578765869,4,3,-1.682681455,6.502641971,0.000857006
1734523568.578765869,4,5,-8.818604434,-0.854935768,-0.017537519
1734523568.578765869,4,6,1.372419040,3.835939285,-0.012579368
1734523568.578765869,4,7,-2.354384889,-4.426502905,0.000771981
1734523568.578765869,4,8,-5.962185526,7.835634798,-0.020788456
1734523568.578765869,4,9,4.490645169,-2.041400904,0.027587963
1734523568.648765802,5,0,-4.432097385,4.949721677,0.110836507
1734523568.648765802,5,1,-5.221627231,-0.201821251,0.112950621
1734523568.648765802,5,2,0.848170234,3.958589096,0.275442979
1734523568.648765802,5,3,-10.578965869,5.874439621,-0.128182498
1734523568.648765802,5,4,-3.596173346,8.594998511,0.173599224
1734523568.648765802,5,6,-7.137370547,7.810427482,-0.153674240
1734523568.648765802,5,7,1.330227365,8.302069750,-0.101134308
1734523568.648765802,5,8,-7.206643194,0.806109134,-0.020451899
1734523568.648765802,5,9,-1.843550189,7.269877253,-0.014402526
1734523568.708765745,6,0,-0.853601929,5.971253138,-0.039830824
1734523568.708765745,6,1,1.982659091,9.434553607,0.098630370
1734523568.708765745,6,2,-4.507979877,7.916108231,-0.150549724
1734523568.708765745,6,3,3.247024332,2.604801780,0.169143038
1734523568.708765745,6,4,-3.394283087,2.336464546,-0.049004158
1734523568.708765745,6,5,-2.231980158,12.690721830,-0.010516321
1734523568.708765745,6,7,-5.925264000,4.586008972,0.331312907
1734523568.708765745,6,8,5.035965443,6.109763389,-0.141260496
1734523568.708765745,6,9,-6.765319255,-1.831381380,-0.064868383
1734523568.768765688,7,0,-4.518636368,-4.505166417,-0.182551775
1734523568.768765688,7,1,-4.013608626,-9.258482696,-0.087299272
1734523568.768765688,7,2,0.621517792,-4.298171298,-0.135383507
1734523568.768765688,7,3,-9.230371953,-4.569698583,-0.079082089
1734523568.768765688,7,4,-4.964134983,-0.048711104,-0.189134173
1734523568.768765688,7,5,0.480595717,-7.785796793,0.136637704
1734523568.768765688,7,6,-9.917390542,-0.784857392,0.120494380
1734523568.768765688,7,8,-5.297548437,-5.308403121,-0.082685326
1734523568.768765688,7,9,-5.305210653,4.675320676,-0.047795370
1734523568.838765860,8,0,-3.352397534,-4.968187264,0.043673426
1734523568.838765860,8,1,-7.457161241,-0.678097350,0.425358923
1734523568.838765860,8,2,-9.444574646,-7.526962025,0.055169946
1734523568.838765860,8,3,1.882307133,-3.391436456,0.091170098
1734523568.838765860,8,4,-2.038376451,-10.082926416,0.022269710
1734523568.838765860,8,5,-8.651649721,-2.570672562,-0.145275577
1734523568.838765860,8,6,2.038612094,-7.909873266,-0.048083778
1734523568.838765860,8,7,-4.172767150,-6.228017276,-0.223193029
1734523568.838765860,8,9,-0.050012345,-7.499768685,-0.031119764
1734523568.898765802,9,0,-10.126970566,2.636275298,0.008673509
1734523568.898765802,9,1,-7.246771123,1.932191606,-0.030722781
1734523568.898765802,9,2,-10.017940917,-2.482235059,-0.046214622
1734523568.898765802,9,3,-6.967712841,7.141603899,-0.014305403
1734523568.898765802,9,4,-4.521052080,1.256432338,-0.003309827
1734523568.898765802,9,5,-7.496963925,-0.200188994,-0.073866566
1734523568.898765802,9,6,-3.668658254,5.424715610,-0.005063707
1734523568.898765802,9,7,-6.366313344,-3.367849068,0.026615522
1734523568.898765802,9,8,-6.189543211,4.232966671,-0.146792396
1734523568.968765736,0,1,3.997404713,0.315975610,-0.221172575
1734523568.968765736,0,2,-0.598050937,4.714002256,-0.065597246
1734523568.968765736,0,3,0.017159013,-5.060848300,-0.136012455
1734523568.968765736,0,4,-4.555150116,-0.580713651,0.025688916
1734523568.968765736,0,5,3.568880810,4.886790966,0.051451905
1734523568.968765736,0,6,-3.573754944,-4.461610992,0.181539899
1734523568.968765736,0,7,-4.432743338,4.303611209,0.014234928
1734523568.968765736,0,8,3.943715756,-4.095341231,0.044804763
1734523568.968765736,0,9,-9.170147942,-0.879086215,-0.099785460
1734523569.038765669,1,0,-4.330553508,0.003533559,-0.105069939
1734523569.038765669,1,2,-4.861406874,5.019634261,-0.010570978
1734523569.038765669,1,3,-4.720335970,-5.475835648,-0.034780085
1734523569.038765669,1,4,-9.708823497,-0.461402639,0.014291101
1734523569.038765669,1,5,-0.770308022,4.360043170,0.207348871
1734523569.038765669,1,6,-8.115178569,-4.089532067,-0.257026850
1734523569.038765669,1,7,-8.794480083,4.426293492,-0.083403894
1734523569.038765669,1,8,-0.661206881,-4.253402491,-0.305362431
1734523569.038765669,1,9,-7.489260667,-0.391135031,-0.089375902
1734523569.098765850,2,0,-4.945810057,0.620456285,-0.235818767
1734523569.098765850,2,1,-5.502517768,-3.813572627,0.005195872
1734523569.098765850,2,3,-10.068183101,1.552132390,-0.157574480
1734523569.098765850,2,4,-4.538841224,4.960860477,0.007924178
1734523569.098765850,2,5,-1.030088742,-3.916547009,0.018016206
1734523569.098765850,2,6,-8.572119498,5.070620064,0.030995809
1734523569.098765850,2,7,-0.050089903,3.696580186,0.091376800
1734523569.098765850,2,8,-10.034402574,-2.436925857,-0.021933271
1734523569.098765850,2,9,-4.211192134,10.341125266,-0.037167517
1734523569.158765793,3,0,-5.083987509,-0.560326244,-0.024001706
1734523569.158765793,3,1,-5.894887344,4.294706436,0.032871419
1734523569.158765793,3,2,-10.760133082,-1.190016800,-0.083764863
1734523569.158765793,3,4,-4.317911971,-4.679276869,-0.002121431
1734523569.158765793,3,5,-10.028845630,2.749498270,0.030903999
1734523569.158765793,3,6,-0.462511616,-3.911745109,0.008744208
1734523569.158765793,3,7,-9.752140926,-5.278192708,-0.243801835
1734523569.158765793,3,8,-1.145285043,3.714687777,-0.030705167
1734523569.158765793,3,9,-3.656880032,-9.471713464,-0.065112625
1734523569.228765726,4,0,-3.652123775,1.529547072,-0.135015221
1734523569.228765726,4,1,-6.841092885,3.071062405,0.134252878
1734523569.228765726,4,2,-6.219995199,-3.068461736,0.002688688
1734523569.228765726,4,3,-1.842319084,6.693531567,-0.015515773
1734523569.228765726,4,5,-9.940876446,-0.842859866,0.243785604
1734523569.228765726,4,6,1.198116482,3.578557449,0.003538380
1734523569.228765726,4,7,-2.393585808,-4.371852829,0.192959572
1734523569.228765726,4,8,-5.513936038,6.977968214,-0.065103184
1734523569.228765726,4,9,4.850686065,-2.061751582,0.195201341
1734523569.288765669,5,0,-4.012470492,4.625264505,-0.033420024
1734523569.288765669,5,1,-4.936634514,-0.312528481,-0.177720754
1734523569.288765669,5,2,1.892025450,7.241320650,0.483233834
1734523569.288765669,5,3,-8.128208323,4.848434846,0.003983410
1734523569.288765669,5,4,-3.320051968,8.707869930,0.014343895
1734523569.288765669,5,6,-7.953608140,9.524977962,0.192395436
1734523569.288765669,5,7,1.414710804,8.144630511,-0.043964435
1734523569.288765669,5,8,-9.099046774,1.371228443,0.070813604
1734523569.288765669,5,9,-1.617408141,7.320760047,-0.201154768
1734523569.358765841,6,0,-0.874122535,6.006715723,0.006886763
1734523569.358765841,6,1,2.070358711,9.387442943,0.071888199
1734523569.358765841,6,2,-4.652526192,8.290619473,-0.066149147
1734523569.358765841,6,3,3.445888279,2.555491051,-0.109479593
1734523569.358765841,6,4,-3.467140577,2.140396378,-0.094971823
1734523569.358765841,6,5,-2.038249034,11.893684541,0.009853121
1734523569.358765841,6,7,-6.583267375,4.911910793,-0.168309104
1734523569.358765841,6,8,4.908684064,5.617733068,-0.050654553
1734523569.358765841,6,9,-6.248307835,-1.707514207,-0.033593902
1734523569.418765783,7,0,-4.932675481,-4.576613979,0.006849356
1734523569.418765783,7,1,-4.675983999,-9.296946246,0.041962331
1734523569.418765783,7,2,0.565467896,-4.294354137,-0.077592695
1734523569.418765783,7,3,-10.804510535,-4.547794401,0.090341422
1734523569.418765783,7,4,-4.554732500,0.183990390,0.009873898
1734523569.418765783,7,5,-0.051682863,-8.302200653,-0.170591777
1734523569.418765783,7,6,-8.971505672,-0.342806212,0.007775338
1734523569.418765783,7,9,-5.135165602,5.009118011,-0.039073792
1734523569.478765726,8,0,-3.491747389,-4.817885198,-0.007677202
1734523569.478765726,8,1,-4.379389658,-0.343814943,0.072636833
1734523569.478765726,8,2,-8.174616905,-5.964961239,-0.016357757
1734523569.478765726,8,3,1.666962117,-3.190904542,0.019189619
1734523569.478765726,8,4,-2.142756232,-9.260421410,-0.050617755
1734523569.478765726,8,5,-9.114442084,-1.990704690,0.121282413
1734523569.478765726,8,6,1.716908439,-7.310949854,-0.010113099
1734523569.478765726,8,7,-4.307639953,-6.138609716,-0.108207182
1734523569.478765726,8,9,-0.335886404,-7.491166519,0.140016115
1734523569.538765669,9,0,-7.811633340,1.667096739,-0.097561987
1734523569.538765669,9,1,-7.333717210,1.556987679,-0.205867070
1734523569.538765669,9,2,-9.462075350,-2.888965688,0.019403543
1734523569.538765669,9,3,-8.135554388,7.578488801,-0.023938181
1734523569.538765669,9,4,-4.133959110,1.075050069,-0.002213746
1734523569.538765669,9,5,-7.463069589,-0.742033011,0.044489559
1734523569.538765669,9,6,-3.958967119,4.664401373,-0.159073223
1734523569.538765669,9,7,-6.215712559,-3.715003558,-0.079645499
1734523569.538765669,9,8,-6.385682457,3.929919477,0.169683427
1734523569.608765841,0,1,4.174759152,0.366229555,0.179940041
1734523569.608765841,0,2,-1.074263989,7.406768609,-0.485526160
1734523569.608765841,0,3,0.177532764,-5.095237548,0.039028283
1734523569.608765841,0,4,-4.448869700,-0.527298118,-0.005807032
1734523569.608765841,0,5,3.739927462,5.161431469,-0.021940553
1734523569.608765841,0,6,-4.478620563,-6.005608631,0.353019593
1734523569.608765841,0,7,-4.394834624,4.282053796,-0.015607764
1734523569.608765841,0,8,4.841666155,-5.001296437,-0.056751411
1734523569.608765841,0,9,-9.499144119,-1.048642130,-0.140735937
1734523569.668765783,1,0,-4.275328769,0.141373164,0.027276979
1734523569.668765783,1,2,-4.893678457,5.077607109,-0.003122507
1734523569.668765783,1,3,-4.573582841,-5.328403093,0.004000366
1734523569.668765783,1,4,-9.031504341,-0.642895986,-0.076359629
1734523569.668765783,1,5,-0.857315324,4.635317914,-0.185466435
1734523569.668765783,1,6,-9.692208778,-5.057658458,-0.144597937
1734523569.668765783,1,7,-8.887135516,4.538798966,0.025891705
1734523569.668765783,1,8,-0.802631598,-4.547006363,-0.177034334
1734523569.668765783,1,9,-7.484866335,-0.443315565,0.173917391
1734523569.728765726,2,0,-5.158379994,0.412158521,-0.177335686
1734523569.728765726,2,1,-5.703283424,-4.134356092,-0.037174905
1734523569.728765726,2,3,-9.848391948,1.033961765,0.062255054
1734523569.728765726,2,4,-4.672536577,4.808986822,-0.153762812
1734523569.728765726,2,5,-0.975625639,-3.965373371,-0.015430201
1734523569.728765726,2,6,-9.443414107,5.094487245,-0.082774394
1734523569.728765726,2,7,0.160558107,3.751146951,0.071349356
1734523569.728765726,2,8,-10.294269978,-2.588206305,-0.255781724
1734523569.728765726,2,9,-4.490913023,10.265210472,0.022267941
1734523569.788765669,3,0,-4.807485423,-0.266634301,-0.182659981
1734523569.788765669,3,1,-5.752188535,4.372246644,-0.036960224
1734523569.788765669,3,2,-10.349739642,-1.118757112,-0.133833562
1734523569.788765669,3,4,-4.878670539,-5.385917337,-0.076289599
1734523569.788765669,3,5,-8.462855836,2.510236661,0.000550788
1734523569.788765669,3,6,-0.561931681,-3.760442741,-0.017164309
1734523569.788765669,3,7,-9.760414021,-5.261954353,-0.021689040
1734523569.788765669,3,8,-0.987016371,3.503575715,0.005726225
1734523569.788765669,3,9,-3.943072870,-9.604676238,-0.073034510
1734523569.858765841,4,0,-3.944072496,1.685258885,-0.101955878
1734523569.858765841,4,1,-9.178632691,3.999586840,0.121898330
1734523569.858765841,4,2,-5.912348083,-2.978848976,0.042717296
1734523569.858765841,4,3,-1.773567070,6.391021703,0.017727155
1734523569.858765841,4,5,-8.627943191,-0.961237530,-0.082669534
1734523569.858765841,4,6,1.235442087,3.802238658,-0.023851193
1734523569.858765841,4,7,-2.381211945,-4.659820163,-0.195930952
1734523569.858765841,4,8,-5.958894445,7.604724526,-0.090351589
1734523569.858765841,4,9,4.622660329,-2.035196203,-0.228358364
1734523569.918765783,5,0,-3.837460710,4.836920086,-0.016657842
1734523569.918765783,5,1,-4.492471605,0.371990902,-0.027663709
1734523569.918765783,5,2,1.481816825,3.691499618,0.065041001
1734523569.918765783,5,3,-6.324265245,4.026131803,0.209599172
1734523569.918765783,5,4,-2.958020733,8.794687594,0.039911222
1734523569.918765783,5,6,-7.405405753,9.898039693,0.181711302
1734523569.918765783,5,7,1.657056339,7.357803889,-0.087587866
1734523569.918765783,5,8,-9.644336994,1.884592397,-0.073695350
1734523569.918765783,5,9,-1.110251552,7.414676128,-0.199798429
1734523569.988765717,6,0,-0.810034841,5.873322598,-0.001290073
1734523569.988765717,6,1,2.076403148,9.414940190,-0.001596724
1734523569.988765717,6,2,-5.021563877,8.776587939,-0.055487627
1734523569.988765717,6,3,3.185229127,2.619696935,0.037277905
1734523569.988765717,6,4,-3.152731495,1.932327545,0.036300127
1734523569.988765717,6,5,-2.244202016,12.078122036,0.030176661
1734523569.988765717,6,7,-8.182479969,6.039082812,-0.153165800
1734523569.988765717,6,8,5.030433031,6.155672245,-0.109309639
1734523569.988765717,6,9,-6.268809372,-1.697227031,-0.009348071
1734523570.048765659,7,0,-5.275998233,-4.444772694,-0.004505733
1734523570.048765659,7,1,-5.084365334,-8.789389209,0.026378596
1734523570.048765659,7,2,0.278439017,-3.928188298,0.139261764
1734523570.048765659,7,3,-7.041667889,-2.575735800,0.174637984
1734523570.048765659,7,4,-5.124684856,0.778509413,0.081497338
1734523570.048765659,7,5,-0.288818009,-7.946231104,0.183858518
1734523570.048765659,7,6,-8.741730954,0.109464318,0.038939105
1734523570.048765659,7,8,-5.915997525,-4.608278602,0.121415054
1734523570.048765659,7,9,-4.769885507,5.177363277,-0.008256798
1734523570.108765841,8,0,-3.318010087,-4.346117281,0.018504548
1734523570.108765841,8,1,-4.634103726,-0.307736161,-0.007727051
1734523570.108765841,8,2,-7.883839937,-5.727000348,0.058469696
1734523570.108765841,8,3,1.848913482,-3.810858347,0.300794767
1734523570.108765841,8,4,-2.127175891,-8.528622587,0.023129246
1734523570.108765841,8,5,-8.287705571,-1.858302178,-0.128782337
1734523570.108765841,8,6,1.641895290,-7.799873301,0.030661190
1734523570.108765841,8,7,-4.347449429,-6.111124926,0.061932186
1734523570.108765841,8,9,-0.705234129,-7.463604072,-0.217391543
1734523570.178765774,9,0,-9.044047680,1.593323099,-0.027248635
1734523570.178765774,9,1,-7.333963587,1.562594265,-0.145867298
1734523570.178765774,9,2,-10.175529866,-3.603988474,-0.058654521
1734523570.178765774,9,3,-9.156106355,7.791728987,-0.086330611
1734523570.178765774,9,4,-4.418797714,0.755594167,0.150985911
1734523570.178765774,9,5,-7.408412600,-1.164353928,0.098502141
1734523570.178765774,9,6,-4.445551437,5.017976106,0.153867415
1734523570.178765774,9,7,-6.093630727,-4.025040224,-0.081720413
1734523570.178765774,9,8,-6.601183350,3.559676144,0.055534917
1734523570.238765717,0,1,4.639879192,0.359012402,-0.217355504
1734523570.238765717,0,2,-0.358665907,5.562944689,0.082636698
1734523570.238765717,0,3,0.255108842,-5.112244660,-0.106930490
1734523570.238765717,0,4,-4.626880334,-0.583376657,0.024342175
1734523570.238765717,0,5,3.562485897,4.965273377,0.014474905
1734523570.238765717,0,6,-3.763404292,-4.402713716,-0.194169715
1734523570.238765717,0,7,-4.316079151,4.244509403,-0.011635347
1734523570.238765717,0,8,4.307679851,-4.270348290,0.032691901
1734523570.238765717,0,9,-9.011480636,-1.120575287,0.108097329
1734523570.298765659,1,0,-4.666191936,-0.114117382,0.064042585
1734523570.298765659,1,2,-4.590276289,4.608428047,-0.107362545
1734523570.298765659,1,3,-4.549840224,-5.334466257,0.016169022
1734523570.298765659,1,4,-9.859162886,-0.762576498,-0.047729449
1734523570.298765659,1,5,-0.658949375,4.095879031,-0.122637932
1734523570.298765659,1,6,-8.929556458,-4.622808804,-0.147541699
1734523570.298765659,1,7,-9.277322631,4.731338022,0.044061076
1734523570.298765659,1,8,-0.508816451,-4.394511992,-0.087444581
1734523570.298765659,1,9,-7.492550102,-0.309133124,0.127002701
1734523570.358765841,2,0,-5.234952566,0.254438275,0.055205734
1734523570.358765841,2,1,-5.515005156,-4.168710378,-0.014053115
1734523570.358765841,2,3,-11.402712067,1.160091964,0.033296565
1734523570.358765841,2,4,-4.913947609,4.844857313,-0.001904130
1734523570.358765841,2,5,-0.900609902,-3.920733286,-0.010259190
1734523570.358765841,2,6,-8.882307176,4.730756552,-0.032607136
1734523570.358765841,2,7,0.057294096,3.662061090,-0.140421088
1734523570.358765841,2,8,-10.059686145,-2.857509101,0.023185621
1734523570.358765841,2,9,-4.473512059,9.260642912,-0.114658024
1734523570.418765783,3,0,-7.498191977,0.130474089,-0.100466873
1734523570.418765783,3,1,-5.783434629,4.574755979,-0.034192488
1734523570.418765783,3,2,-10.830604882,-0.937222790,0.162774940
1734523570.418765783,3,4,-5.464831051,-5.114775129,0.474022113
1734523570.418765783,3,5,-10.360290265,3.255634951,-0.005961743
1734523570.418765783,3,6,-0.646151183,-3.850392066,0.018708644
1734523570.418765783,3,7,-8.885657402,-4.410704220,0.285419275
1734523570.418765783,3,8,-1.191612361,4.012152473,-0.157668452
1734523570.418765783,3,9,-4.017963904,-9.317272483,-0.075396957
1734523570.488765717,4,0,-4.118078577,1.559275998,-0.136631006
1734523570.488765717,4,1,-8.305014979,3.758755847,0.145090014
1734523570.488765717,4,2,-5.888767364,-2.931206569,0.026128762
1734523570.488765717,4,3,-1.907653214,6.923547459,0.227883922
1734523570.488765717,4,5,-10.082244971,-1.023726679,-0.095538473
1734523570.488765717,4,6,1.306761339,4.051939636,0.007148449
1734523570.488765717,4,7,-2.429922808,-4.356648038,0.019347202
1734523570.488765717,4,8,-5.438959483,7.325019965,0.216977153
1734523570.488765717,4,9,5.227294139,-2.021970828,0.049841730
1734523570.548765659,5,0,-3.671712117,4.962523708,0.004766461
1734523570.548765659,5,1,-5.248876409,0.446459633,-0.087550156
1734523570.548765659,5,2,1.614146155,3.854826078,0.001993639
1734523570.548765659,5,3,-8.983144300,6.564848920,-0.300878908
1734523570.548765659,5,4,-2.705279615,9.267697789,0.198319062
1734523570.548765659,5,6,-6.166764359,9.428713110,-0.011887296
1734523570.548765659,5,7,2.291472246,8.007021494,0.057082439
1734523570.548765659,5,8,-8.805869125,2.387151943,0.050722474
1734523570.548765659,5,9,-0.669372601,7.469254952,0.110321245
1734523570.608765841,6,0,-0.837874267,5.893897929,-0.032473448
1734523570.608765841,6,1,2.317880980,9.542335405,0.074517252
1734523570.608765841,6,2,-4.683001115,8.366587326,-0.025915301
1734523570.608765841,6,3,3.111477955,2.371959120,0.062386761
1734523570.608765841,6,4,-6.407962847,3.837450301,0.679696503
1734523570.608765841,6,5,-2.150687194,11.678137655,-0.096722940
1734523570.608765841,6,7,-5.876886527,4.659431215,-0.043652020
1734523570.608765841,6,8,4.835965403,5.405294470,-0.113195026
1734523570.608765841,6,9,-6.063040272,-1.680421577,0.015817021
1734523570.678765774,7,0,-5.001186534,-3.740071379,-0.027912537
1734523570.678765774,7,1,-5.632111083,-8.722446111,0.014280744
1734523570.678765774,7,2,0.163954038,-3.707082096,0.089839292
1734523570.678765774,7,3,-10.714277385,-3.132750830,0.042419755
1734523570.678765774,7,4,-4.734591218,0.675778694,0.028229376
1734523570.678765774,7,5,-0.689624795,-7.943449414,0.076049425
1734523570.678765774,7,6,-9.000976173,0.602137373,0.002026692
1734523570.678765774,7,8,-6.165032194,-4.268928715,0.136475891
1734523570.678765774,7,9,-4.796583476,5.735680181,-0.023821942
1734523570.738765717,8,0,-3.647770322,-4.523897127,0.044260789
1734523570.738765717,8,1,-4.465142612,0.221133265,0.068714465
1734523570.738765717,8,2,-8.453237759,-5.719842542,0.037399277
1734523570.738765717,8,3,3.067933925,-6.843800020,-0.013517536
1734523570.738765717,8,4,-2.508088432,-8.811410736,-0.014962007
1734523570.738765717,8,5,-9.344427206,-1.908876189,0.040047051
1734523570.738765717,8,6,1.289944770,-7.495048492,-0.003077810
1734523570.738765717,8,7,-4.645786230,-5.885117182,0.179069986
1734523570.798765659,9,0,-9.313965110,1.187493801,-0.040411075
1734523570.798765659,9,1,-7.456695956,0.801083095,-0.077144643
1734523570.798765659,9,2,-10.315357332,-4.215343094,-0.084733337
1734523570.798765659,9,3,-8.085433657,6.391707335,-0.034315078
1734523570.798765659,9,4,-4.837962304,0.667375413,0.076671147
1734523570.798765659,9,5,-7.388372054,-1.287826154,0.058840403
1734523570.798765659,9,6,-4.562139142,4.395130859,0.177376012
1734523570.798765659,9,7,-6.021580483,-4.302040282,-0.014956894
1734523570.798765659,9,8,-6.660002649,3.446191782,0.134636256
1734523570.868765831,0,1,4.992282869,0.468726083,0.043211784
1734523570.868765831,0,2,-0.592275370,4.975639047,0.021908259
1734523570.868765831,0,3,-0.017723327,-7.477667056,-0.578084152
1734523570.868765831,0,4,-4.524596957,-0.541134678,0.012806119
1734523570.868765831,0,5,3.529048469,5.001482080,0.006299781
1734523570.868765831,0,6,-3.813170559,-4.707999708,0.100027371
1734523570.868765831,0,7,-4.398629382,4.311458425,-0.062586452
1734523570.868765831,0,8,4.200781989,-4.450225268,0.021577320
1734523570.868765831,0,9,-9.367811289,-0.973864928,0.001942085
1734523570.928765774,1,0,-4.860461058,-0.110513382,0.065732426
1734523570.928765774,1,2,-4.918098104,5.071808740,0.005701415
1734523570.928765774,1,3,-4.502412817,-5.233008047,-0.217139702
1734523570.928765774,1,4,-10.098827309,-0.468547847,0.035484158
1734523570.928765774,1,5,-0.843363275,4.745051771,-0.170748559
1734523570.928765774,1,6,-9.231050744,-4.875433330,0.234994336
1734523570.928765774,1,7,-9.177156449,4.713959206,0.209203691
1734523570.928765774,1,8,-1.404564416,-7.367061164,-0.060071651
1734523570.928765774,1,9,-7.480504652,-0.526910102,-0.120066188
1734523570.988765717,2,0,-5.036411587,0.225432044,-0.203835112
1734523570.988765717,2,1,-5.513434805,-4.600445724,0.051955538
1734523570.988765717,2,3,-11.768578445,0.844211633,0.082004225
1734523570.988765717,2,4,-4.933399430,4.762934677,-0.048053907
1734523570.988765717,2,5,-0.839733298,-3.853226140,0.032526811
1734523570.988765717,2,6,-8.982869446,4.525285986,-0.008102790
1734523570.988765717,2,7,-0.069700526,3.862081439,-0.243107857
1734523570.988765717,2,8,-9.947325410,-3.082535787,-0.025201841
1734523570.988765717,2,9,-4.660124208,9.670269362,-0.054965355
1734523571.048765659,3,0,-5.901760982,-0.078311460,0.165139461
1734523571.048765659,3,1,-5.621117364,4.586002629,-0.027713854
1734523571.048765659,3,2,-9.953697424,-0.679298471,0.103835770
1734523571.048765659,3,4,-4.668205538,-4.500589302,0.065609292
1734523571.048765659,3,5,-10.271069456,3.464895682,0.021241691
1734523571.048765659,3,6,-0.807621024,-3.977414009,-0.006164681
1734523571.048765659,3,7,-10.166501459,-4.910804734,0.114280209
1734523571.048765659,3,8,-0.813871795,3.565836108,0.019271766
1734523571.048765659,3,9,-4.221491991,-9.210139125,0.069537975
1734523571.118765831,4,0,-7.121674055,2.337532525,0.260192904
1734523571.118765831,4,1,-9.386320808,3.958778035,0.169745106
1734523571.118765831,4,2,-6.235412288,-3.190926618,-0.002921489
1734523571.118765831,4,3,-1.594515409,5.983910150,0.046050264
1734523571.118765831,4,5,-10.201862253,-1.018699398,0.037688773
1734523571.118765831,4,6,1.285622955,3.925161587,0.034229926
1734523571.118765831,4,7,-2.521780947,-4.848258622,-0.009020532
1734523571.118765831,4,8,-5.208895746,6.948338669,0.192699540
1734523571.118765831,4,9,4.422756810,-1.759390391,0.031750651
1734523571.178765774,5,0,-3.173044119,4.611891222,-0.052374647
1734523571.178765774,5,1,-7.482732844,0.508425804,0.014573717
1734523571.178765774,5,2,1.700895966,4.099302274,-0.045788166
1734523571.178765774,5,3,-9.143661263,7.071627313,-0.068798136
1734523571.178765774,5,4,-2.518902500,9.773148739,-0.095411791
1734523571.178765774,5,6,-6.159303575,9.541220829,0.064496084
1734523571.178765774,5,7,2.652867882,8.681054226,-0.069196070
1734523571.178765774,5,8,-9.176065311,2.702627478,-0.046038767
1734523571.178765774,5,9,-0.445006452,7.485340867,-0.147110058
1734523571.238765717,6,0,-0.829888195,5.718270874,0.043538745
1734523571.238765717,6,1,2.089795795,9.445974961,-0.029127511
1734523571.238765717,6,2,-4.775131505,8.658479513,-0.079818522
1734523571.238765717,6,3,3.583419074,2.513442644,-0.037838852
1734523571.238765717,6,4,-3.699578448,2.253907608,0.278563081
1734523571.238765717,6,5,-2.047707366,11.993384100,-0.040462851
1734523571.238765717,6,7,-6.604315284,5.245000890,-0.018910510
1734523571.238765717,6,8,6.003211974,6.848972194,-0.021042468
1734523571.238765717,6,9,-6.336583328,-1.730872333,-0.024009040
1734523571.308765650,7,0,-6.302350739,-4.031549538,-0.526292206
1734523571.308765650,7,1,-5.980654727,-8.609896247,-0.235987736
1734523571.308765650,7,2,-0.031768770,-3.521330298,0.045313983
1734523571.308765650,7,3,-10.553397190,-2.684231003,-0.097486332
1734523571.308765650,7,4,-5.027963834,0.952732667,0.005541693
1734523571.308765650,7,5,-0.988040382,-8.126830288,-0.125403396
1734523571.308765650,7,6,-9.069192495,1.035042727,-0.016098334
1734523571.308765650,7,8,-6.295892256,-4.073304123,-0.141188600
1734523571.308765650,7,9,-4.639848125,6.192062222,-0.015256860
1734523571.368765831,8,0,-3.749828454,-4.431964262,0.000001325
1734523571.368765831,8,1,-3.964012918,-0.028042607,0.032593545
1734523571.368765831,8,2,-6.218233634,-4.193205125,-0.024520378
1734523571.368765831,8,3,1.450686016,-3.350463661,-0.028268671
1734523571.368765831,8,4,-2.825288338,-9.095307654,-0.005917891
1734523571.368765831,8,5,-10.274862021,-1.738808777,0.175261516
1734523571.368765831,8,6,1.255643241,-7.847751745,-0.009141595
1734523571.368765831,8,7,-4.575733246,-5.940815294,-0.139208152
1734523571.368765831,8,9,-0.960906219,-7.438167326,0.018057256
1734523571.428765774,9,0,-8.699248660,0.969133482,-0.051986652
1734523571.428765774,9,1,-7.463708309,0.736712979,0.017671149
1734523571.428765774,9,2,-9.943897440,-4.431111753,-0.085799999
1734523571.428765774,9,3,-8.644635694,6.206818269,-0.063917349
1734523571.428765774,9,4,-4.697447345,0.466714728,-0.028315012
1734523571.428765774,9,5,-7.274344320,-1.825391475,-0.043135610
1734523571.428765774,9,6,-4.285995229,4.202298829,-0.049989616
1734523571.428765774,9,7,-5.496817030,-4.304161939,-0.072827007
1734523571.428765774,9,8,-6.791423675,3.181299319,0.076805712
1734523571.498765707,0,1,7.464079927,0.667217690,-0.303860819
1734523571.498765707,0,2,-0.696094803,5.529023088,0.014730272
1734523571.498765707,0,3,0.213802208,-5.990142182,-0.199480710
1734523571.498765707,0,4,-4.453418679,-0.568205945,-0.032578990
1734523571.498765707,0,5,3.424155514,4.902327052,0.005940078
1734523571.498765707,0,6,-4.351891459,-5.154504771,-0.032427564
1734523571.498765707,0,7,-4.556524703,4.565049793,-0.009602027
1734523571.498765707,0,8,3.708482109,-3.967113400,-0.001544069
1734523571.498765707,0,9,-7.478178747,-0.571184143,0.024316622
1734523571.558765650,1,0,-4.698066448,-0.134144565,-0.187240242
1734523571.558765650,1,2,-4.951849921,5.080715713,-0.018781059
1734523571.558765650,1,3,-4.689316530,-5.432565329,-0.039273846
1734523571.558765650,1,4,-10.273095640,-0.491108863,-0.016761876
1734523571.558765650,1,5,-0.987112037,4.965706074,0.101512062
1734523571.558765650,1,6,-9.492142992,-5.029610553,-0.169253856
1734523571.558765650,1,7,-8.914715878,4.472482407,-0.042414312
1734523571.558765650,1,8,-0.795125979,-4.613688043,-0.029663473
1734523571.558765650,1,9,-7.492952379,-0.309135055,0.100499554
1734523571.618765831,2,0,-5.742635147,0.395301864,-0.012505815
1734523571.618765831,2,1,-5.509449808,-4.553399109,-0.021400063
1734523571.618765831,2,3,-11.291266230,0.885156017,0.167703373
1734523571.618765831,2,4,-5.270408291,4.765284047,-0.003145954
1734523571.618765831,2,5,-0.788709073,-4.051680315,-0.027654697
1734523571.618765831,2,6,-9.436334833,4.631797779,-0.007813016
1734523571.618765831,2,7,-0.314332372,3.962092654,0.039731265
1734523571.618765831,2,8,-10.303527979,-3.273185932,0.028850419
1734523571.618765831,2,9,-5.192515489,9.890643346,0.007804477
1734523571.688765764,3,0,-5.325892523,-0.099968952,0.032803792
1734523571.688765764,3,1,-5.636896242,4.757235983,0.000710956
1734523571.688765764,3,2,-10.186285524,-0.568883600,-0.051818305
1734523571.688765764,3,4,-4.739319091,-4.354534233,0.100701463
1734523571.688765764,3,5,-10.333638166,3.568594809,-0.020098577
1734523571.688765764,3,6,-0.814691718,-3.730094343,0.008016771
1734523571.688765764,3,7,-9.929218309,-4.433307194,0.067673027
1734523571.688765764,3,8,-1.101443241,3.756794426,-0.088131885
1734523571.688765764,3,9,-3.644712400,-8.065710870,-0.009287082
1734523571.758765697,4,0,-4.056506553,1.422219150,-0.103444006
1734523571.758765697,4,1,-8.938201153,4.143249510,-0.006398869
1734523571.758765697,4,2,-6.262677379,-3.132355563,-0.012325809
1734523571.758765697,4,3,-1.672350603,6.585631131,-0.023712889
1734523571.758765697,4,5,-9.628078346,-1.022868820,-0.130574018
1734523571.758765697,4,6,1.265754518,3.769811632,-0.000915525
1734523571.758765697,4,7,-2.580692513,-4.827543411,-0.041810072
1734523571.758765697,4,8,-5.567539346,7.414408401,-0.033557150
1734523571.758765697,4,9,4.930019733,-2.304465374,0.027407345
1734523571.818765879,5,0,-3.472354265,5.283080406,-0.049363118
1734523571.818765879,5,1,-4.347272856,0.486931238,0.029449524
1734523571.818765879,5,2,1.630369786,3.746709992,-0.177543194
1734523571.818765879,5,3,-8.250445276,6.796889574,-0.036180712
1734523571.818765879,5,4,-1.799936650,8.725002767,-0.006611117
1734523571.818765879,5,6,-5.496826885,9.134898209,-0.128038715
1734523571.818765879,5,7,2.386954482,7.312626889,-0.215150133
1734523571.818765879,5,8,-10.208322843,3.273037477,-0.170035099
1734523571.818765879,5,9,-0.419415579,7.484684749,0.231483866
1734523571.878765821,6,0,-0.845473548,5.825925123,0.011801899
1734523571.878765821,6,1,2.126738820,9.664467483,-0.022348497
1734523571.878765821,6,2,-4.946149597,8.894777327,-0.047661621
1734523571.878765821,6,3,3.095988725,2.338280937,-0.149973800
1734523571.878765821,6,4,-3.351545494,2.047998591,0.016997973
1734523571.878765821,6,5,-2.154742545,12.253072646,0.018133826
1734523571.878765821,6,7,-7.266453133,5.345768353,-0.084213474
1734523571.878765821,6,8,4.168815015,4.835145587,-0.117745283
1734523571.878765821,6,9,-6.427187308,-1.956786866,-0.007564203
1734523571.948765755,7,0,-5.310022027,-3.302590412,-0.179793320
1734523571.948765755,7,1,-6.417721324,-8.029954601,0.022977796
1734523571.948765755,7,2,-0.092937390,-3.968484246,0.063569362
1734523571.948765755,7,3,-11.503862411,-2.218060072,-0.068048565
1734523571.948765755,7,4,-4.942911287,1.170380375,0.007426065
1734523571.948765755,7,5,-1.433525801,-7.569609516,-0.013196113
1734523571.948765755,7,6,-9.143727531,1.483239205,-0.089443561
1734523571.948765755,7,8,-6.573246681,-3.607509508,0.168235618
1734523571.948765755,7,9,-4.015203595,5.801536544,0.040758119
1734523572.008765697,8,0,-3.915469768,-4.420511393,-0.055278938
1734523572.008765697,8,1,-4.583512792,0.262158039,-0.103076595
1734523572.008765697,8,2,-9.990678267,-5.867810965,-0.059292935
1734523572.008765697,8,3,1.574003623,-3.956792335,-0.188348646
1734523572.008765697,8,4,-3.170199511,-9.777040619,-0.274839920
1734523572.008765697,8,5,-8.899046512,-1.433163597,0.027892979
1734523572.008765697,8,6,1.002743679,-7.843330324,-0.018083917
1734523572.008765697,8,7,-4.922183382,-5.658798984,-0.010237746
1734523572.008765697,8,9,-1.209150283,-7.401313584,0.092264945
1734523572.068765879,9,0,-9.208931082,0.256215806,0.055494456
1734523572.068765879,9,1,-7.477365151,0.554779307,0.176721004
1734523572.068765879,9,2,-10.117246216,-5.014988091,-0.112782594
1734523572.068765879,9,3,-8.532825224,5.660676796,-0.037176730
1734523572.068765879,9,4,-5.081731908,0.347499801,-0.004522519
1734523572.068765879,9,5,-7.278935654,-1.806407986,0.063134300
1734523572.068765879,9,6,-4.662709826,4.158662817,0.008985402
1734523572.068765879,9,7,-5.713615765,-4.832861295,0.011958791
1734523572.128765821,0,1,4.882987325,0.114983542,-0.112874393
1734523572.128765821,0,2,-0.667147402,5.935284933,0.246496575
1734523572.128765821,0,3,0.266249138,-5.118252119,0.208175472
1734523572.128765821,0,4,-4.811649089,-0.633035750,0.002906664
1734523572.128765821,0,5,3.313332647,4.783230236,0.019877567
1734523572.128765821,0,6,-3.181409275,-3.989649082,0.079940139
1734523572.128765821,0,7,-4.787937718,4.676774551,-0.011399802
1734523572.128765821,0,8,3.981560758,-4.331914914,0.003576341
1734523572.128765821,0,9,-9.701805400,-1.114405977,-0.325885739
1734523572.198765755,1,0,-4.635780677,0.001962103,-0.135088207
1734523572.198765755,1,2,-5.254276437,5.438499174,0.053819125
1734523572.198765755,1,3,-4.675010087,-5.349385811,0.007810893
1734523572.198765755,1,4,-8.926753897,-0.464970770,-0.004897853
1734523572.198765755,1,5,-0.809923623,3.973098039,0.105601161
1734523572.198765755,1,6,-6.767218340,-3.232859981,-0.058071427
1734523572.198765755,1,7,-8.978070361,4.643358340,0.023957258
1734523572.198765755,1,8,-0.925195745,-7.429228148,-0.447863772
1734523572.198765755,1,9,-7.488476281,-0.344998724,0.231730153
1734523572.258765697,2,0,-4.431419496,0.141554929,-0.072722683
1734523572.258765697,2,1,-5.346384497,-4.582214056,0.028983120
1734523572.258765697,2,3,-10.708141184,0.457019027,0.050355682
1734523572.258765697,2,4,-5.440059608,4.810828853,0.038089759
1734523572.258765697,2,5,-0.524209361,-3.802685202,-0.027873913
1734523572.258765697,2,6,-8.884071692,4.265686324,-0.038820938
1734523572.258765697,2,7,-0.124316123,4.302418875,0.308260327
1734523572.258765697,2,8,-9.759400809,-3.414155121,-0.054059844
1734523572.258765697,2,9,-5.253439827,9.656802350,0.018623420
1734523572.318765879,3,0,-5.682516769,0.174315442,-0.137503121
1734523572.318765879,3,1,-5.338115249,4.640302027,0.002452882
1734523572.318765879,3,2,-11.112899850,-0.464429188,0.049435851
1734523572.318765879,3,4,-5.342829152,-4.894684467,0.112894187
1734523572.318765879,3,5,-9.698715248,3.580234135,-0.028029151
1734523572.318765879,3,6,-0.903671779,-3.781450959,-0.016385211
1734523572.318765879,3,7,-11.540073631,-5.193786040,-0.126081586
1734523572.318765879,3,8,-0.823570314,3.288948744,0.019304760
1734523572.318765879,3,9,-4.725868631,-9.376766010,0.036646600
1734523572.378765821,4,0,-4.317513409,1.750160236,0.167378276
1734523572.378765821,4,1,-8.413410252,4.081068178,-0.083060534
1734523572.378765821,4,2,-6.217696350,-2.958102633,-0.027579479
1734523572.378765821,4,3,-1.633675043,7.019672272,0.037612395
1734523572.378765821,4,5,-10.445538999,-0.936870727,-0.146149785
1734523572.378765821,4,6,1.344673103,3.897097812,-0.037549296
1734523572.378765821,4,7,-2.745145086,-4.811748064,-0.207802604
1734523572.378765821,4,8,-5.506343788,7.516969133,-0.009215559
1734523572.378765821,4,9,4.484309339,-2.237773826,0.105120818
1734523572.438765764,5,0,-3.107409496,5.076131723,-0.052134520
1734523572.438765764,5,1,-4.942364114,0.812258696,-0.204000433
1734523572.438765764,5,2,1.789806407,3.130355417,-0.119647712
1734523572.438765764,5,3,-8.282270076,7.250396744,-0.009535629
1734523572.438765764,5,4,-1.723138899,9.334332105,-0.000024240
1734523572.438765764,5,6,-5.187715913,9.335974049,0.054827331
1734523572.438765764,5,7,2.892332958,7.287359473,0.233475119
1734523572.438765764,5,8,-8.984882306,3.139384625,-0.069131215
1734523572.438765764,5,9,-0.353448533,7.488693328,-0.211060110
1734523572.508765697,6,0,-0.842608323,5.944913871,0.010220513
1734523572.508765697,6,1,1.946286896,8.843016208,-0.076371960
1734523572.508765697,6,2,-5.264829457,9.225821108,-0.013554654
1734523572.508765697,6,3,2.910927298,1.851421068,0.185962864
1734523572.508765697,6,4,-3.335943987,2.022648034,-0.001399935
1734523572.508765697,6,5,-2.240824911,12.146268735,-0.001835264
1734523572.508765697,6,7,-8.354587113,6.389443554,-0.073859699
1734523572.508765697,6,8,5.251153360,5.988373497,-0.024599020
1734523572.508765697,6,9,-6.285733377,-1.856160013,0.017962964
1734523572.568765879,7,0,-5.685351856,-3.082377889,-0.007264028
1734523572.568765879,7,1,-6.949411050,-7.859031895,-0.019493547
1734523572.568765879,7,2,-0.446438539,-3.655622134,-0.101333907
1734523572.568765879,7,3,-11.014326549,-1.721985193,-0.091788542
1734523572.568765879,7,4,-5.071933889,1.599344017,-0.149774720
1734523572.568765879,7,5,-1.999101420,-8.288817909,0.153355100
1734523572.568765879,7,6,-8.758196418,1.816636606,-0.027443311
1734523572.568765879,7,8,-6.690834320,-3.388617954,-0.002112347
1734523572.568765879,7,9,-4.056695193,6.463796561,-0.032660680
1734523572.628765821,8,0,-3.806850996,-4.098621420,0.002546415
1734523572.628765821,8,1,-4.135772740,0.260937375,0.047421190
1734523572.628765821,8,2,-10.112494209,-5.823586321,0.234614247
1734523572.628765821,8,3,1.314354172,-3.791038356,0.064002835
1734523572.628765821,8,4,-3.340381477,-9.488543415,0.016921838
1734523572.628765821,8,5,-9.036747754,-1.251663679,-0.033666876
1734523572.628765821,8,6,0.888323080,-7.375136372,0.065129745
1734523572.628765821,8,7,-5.076121331,-5.517961529,0.187330723
1734523572.628765821,8,9,-1.199074877,-7.400123348,-0.224485813
1734523572.688765764,9,0,-9.729093566,0.224499494,0.149839169
1734523572.688765764,9,1,-7.489529361,0.362366844,-0.160125655
1734523572.688765764,9,2,-9.701749893,-5.215116405,-0.017196639
1734523572.688765764,9,3,-9.727873430,6.107607473,0.048185126
1734523572.688765764,9,4,-4.875426732,0.132591111,-0.230180162
1734523572.688765764,9,5,-7.156989035,-2.240254017,-0.093647715
1734523572.688765764,9,6,-5.220119184,4.281072433,0.224576134
1734523572.688765764,9,7,-5.276985407,-4.797667632,-0.262677539
1734523572.688765764,9,8,-6.990573455,2.708504863,-0.214205927
1734523572.758765697,0,1,5.247392639,0.302694434,0.223051854
1734523572.758765697,0,2,-0.462867151,5.411941574,-0.113625201
1734523572.758765697,0,3,0.148637041,-5.464894210,0.045020994
1734523572.758765697,0,4,-4.665363965,-0.594438540,0.001699212
1734523572.758765697,0,5,2.768602415,4.179616167,-0.074956569
1734523572.758765697,0,6,-3.163581490,-4.196315349,-0.028822984
1734523572.758765697,0,7,-4.463583217,4.472410514,-0.001512638
1734523572.758765697,0,8,4.178061436,-4.330319504,0.156398661
1734523572.758765697,0,9,-8.253560222,-0.961391000,-0.004884424
1734523572.818765879,1,0,-5.426155353,-0.025079390,0.015775876
1734523572.818765879,1,2,-5.111015855,5.321197164,-0.087274818
1734523572.818765879,1,3,-4.879316364,-5.591612154,0.012135560
1734523572.818765879,1,4,-9.116107240,-0.427193443,0.053735644
1734523572.818765879,1,5,-1.165048255,4.860743187,-0.041266593
1734523572.818765879,1,6,-8.235878114,-4.486894017,0.013399851
1734523572.818765879,1,7,-9.619952350,4.919620031,-0.029298010
1734523572.818765879,1,8,-0.808999438,-4.717200114,0.168777401
1734523572.818765879,1,9,-7.481297467,-0.526751414,0.052164660
1734523572.878765821,2,0,-4.910261277,-0.269255980,0.072024657
1734523572.878765821,2,1,-5.354910893,-4.597996040,0.027196929
1734523572.878765821,2,3,-11.338960737,0.737292429,0.098216740
1734523572.878765821,2,4,-4.904903091,4.203314558,-0.059068972
1734523572.878765821,2,5,-0.681850584,-4.121298243,0.026599031
1734523572.878765821,2,6,-9.157423428,4.030685250,0.012563640
1734523572.878765821,2,7,-0.352340344,3.957217579,0.028383182
1734523572.878765821,2,8,-9.867268113,-3.521596997,0.043493244
1734523572.878765821,2,9,-4.863991307,8.687007841,-0.100947210
1734523572.938765764,3,0,-5.736566573,0.190618914,-0.175137954
1734523572.938765764,3,1,-5.106414927,4.567997045,0.037191771
1734523572.938765764,3,2,-10.915311894,-0.435474625,-0.033345199
1734523572.938765764,3,4,-5.067530706,-4.215095944,-0.193637757
1734523572.938765764,3,5,-9.703734077,3.684343784,-0.060828703
1734523572.938765764,3,6,-0.914567337,-3.449601801,-0.007621666
1734523572.938765764,3,7,-9.343113453,-3.671523392,-0.040506674
1734523572.938765764,3,8,-1.157449369,4.108575435,0.015304592
1734523572.938765764,3,9,-4.718504879,-9.239954209,-0.067194902
1734523573.008765697,4,0,-4.395514748,2.055601944,0.238930790
1734523573.008765697,4,1,-9.785994769,4.623600647,-0.086554298
1734523573.008765697,4,2,-6.185141162,-2.845778615,0.007388319
1734523573.008765697,4,3,-1.477334838,6.735560433,0.033078821
1734523573.008765697,4,5,-10.082090124,-0.632002557,-0.014974808
1734523573.008765697,4,6,1.428258896,3.917777796,-0.026554854
1734523573.008765697,4,7,-2.702344796,-4.611693230,0.018662243
1734523573.008765697,4,8,-5.193632393,7.352571988,0.003870764
1734523573.008765697,4,9,4.670393214,-2.269342681,0.220301817
1734523573.068765879,5,0,-2.930728717,4.988832311,0.005463757
1734523573.068765879,5,1,-4.507626140,0.567788984,0.157809077
1734523573.068765879,5,2,1.904914290,3.859320581,0.063135705
1734523573.068765879,5,3,-8.322610039,7.485764481,-0.068458118
1734523573.068765879,5,4,-1.506470127,9.538528830,0.216080050
1734523573.068765879,5,6,-6.110736562,11.177611390,-0.277560065
1734523573.068765879,5,7,2.702531875,7.018081962,-0.042390420
1734523573.068765879,5,8,-8.602855649,3.257259171,-0.215736072
1734523573.068765879,5,9,-0.218857819,7.495755742,-0.125487496
1734523573.128765821,6,0,-0.785267312,5.627512017,-0.013799858
1734523573.128765821,6,1,1.997489459,9.000389042,0.040660627
1734523573.128765821,6,2,-5.001375788,8.885949649,-0.047182060
1734523573.128765821,6,3,3.646714516,2.603463374,-0.048917563
1734523573.128765821,6,4,-3.243669697,1.951973514,-0.015919469
1734523573.128765821,6,5,-2.373525470,12.373230332,-0.104495094
1734523573.128765821,6,7,-7.256898122,5.672314528,-0.074573835
1734523573.128765821,6,8,4.804591185,5.432016291,0.003081569
1734523573.128765821,6,9,-6.804543913,-2.000505398,0.007049085
1734523573.188765764,7,0,-5.553681461,-2.792178013,0.010604741
1734523573.188765764,7,1,-6.889249398,-7.372008761,-0.035355845
1734523573.188765764,7,2,-0.275893279,-3.759465419,0.142367998
1734523573.188765764,7,3,-10.509854884,-1.160185764,-0.005559093
1734523573.188765764,7,4,-4.794050340,1.599322005,0.027719000
1734523573.188765764,7,5,-2.057255470,-7.690587723,0.014362746
1734523573.188765764,7,6,-8.007614506,2.041382663,-0.143675951
1734523573.188765764,7,8,-6.728029584,-3.307286344,-0.213248587
1734523573.188765764,7,9,-3.842792026,6.142226271,0.104982682
1734523573.258765697,8,0,-3.976870150,-4.124950809,0.010147516
1734523573.258765697,8,1,-5.001723847,0.445099083,-0.164680189
1734523573.258765697,8,2,-8.879089478,-4.826341792,0.110327701
1734523573.258765697,8,3,1.521501295,-3.771426671,0.228669917
1734523573.258765697,8,4,-3.311939215,-9.095143034,0.057152462
1734523573.258765697,8,5,-8.073993955,-0.917454246,-0.015525402
1734523573.258765697,8,6,0.778565624,-7.595834446,0.042234888
1734523573.258765697,8,7,-4.871976346,-5.701814846,-0.056159977
1734523573.258765697,8,9,-1.313488304,-7.383993611,0.037240073
1734523573.318765879,9,0,-10.363335087,-0.158005439,-0.216381746
1734523573.318765879,9,1,-7.495862300,0.227495453,0.101460327
1734523573.318765879,9,2,-9.731893323,-5.547082078,-0.066536335
1734523573.318765879,9,3,-9.879385904,5.869890777,0.027431786
1734523573.318765879,9,4,-4.710500534,0.006945433,-0.015130861
1734523573.318765879,9,5,-7.046176198,-2.567134363,-0.105934630
1734523573.318765879,9,6,-5.458913599,4.322441461,-0.014990773
1734523573.318765879,9,7,-5.552327285,-4.941549106,0.059097554
1734523573.318765879,9,8,-7.089745981,2.445221457,0.079962211
1734523573.388765812,0,1,4.975308789,0.317871769,0.240407961
1734523573.388765812,0,2,-0.661418560,5.814164970,-0.168038896
1734523573.388765812,0,3,-0.185702234,-5.448353505,-0.121708694
1734523573.388765812,0,4,-4.753240188,-0.598135322,0.021664178
1734523573.388765812,0,5,3.558721674,5.154234716,-0.006793017
1734523573.388765812,0,6,-4.948347078,-5.622368481,-0.390939722
1734523573.388765812,0,7,-4.578686518,4.595591977,0.019747490
1734523573.388765812,0,8,4.377052542,-4.782548193,0.002215866
1734523573.388765812,0,9,-9.044934406,-1.002788124,-0.156153962
1734523573.458765745,1,0,-4.852465445,-0.133468646,0.057778797
1734523573.458765745,1,2,-4.941839792,5.132336924,0.002381810
1734523573.458765745,1,3,-5.094498734,-5.908517199,-0.025557571
1734523573.458765745,1,4,-8.871114461,-0.368113437,-0.022161218
1734523573.458765745,1,5,-1.141050856,4.813297887,0.035663020
1734523573.458765745,1,6,-6.641800349,-3.482328093,0.099394008
1734523573.458765745,1,7,-9.118517709,4.721664701,-0.033848849
1734523573.458765745,1,8,-0.909169679,-4.516221768,-0.135144446
1734523573.458765745,1,9,-7.490463042,-0.377983993,0.009566440
1734523573.518765688,2,0,-5.384393883,0.133920699,0.067758655
1734523573.518765688,2,1,-5.319924870,-4.744323401,-0.045154490
1734523573.518765688,2,3,-9.840963536,0.434676732,0.156421571
1734523573.518765688,2,4,-5.253218109,4.353445844,-0.053169062
1734523573.518765688,2,5,-0.666116099,-4.344013003,-0.011882354
1734523573.518765688,2,6,-9.487379078,3.950992733,-0.102402689
1734523573.518765688,2,7,-0.382285743,4.354708663,-0.078881410
1734523573.518765688,2,8,-10.201236795,-3.648874776,-0.243015704
1734523573.518765688,2,9,-5.584251479,9.630850517,-0.017343696
1734523573.578765869,3,0,-6.119705771,0.213208998,-0.090316375
1734523573.578765869,3,1,-5.601308351,5.106487284,0.061092971
1734523573.578765869,3,2,-11.512661765,-0.033888152,0.091978317
1734523573.578765869,3,4,-5.585054139,-4.886048217,-0.077791441
1734523573.578765869,3,5,-10.031303476,3.943111753,-0.065294442
1734523573.578765869,3,6,-1.184040790,-4.150717559,0.023519974
1734523573.578765869,3,7,-11.900434184,-4.760607522,-0.146774081
1734523573.578765869,3,8,-1.038861923,3.859539924,-0.154615064
1734523573.578765869,3,9,-4.809624409,-9.301273091,-0.040239633
1734523573.648765802,4,0,-3.834611709,1.645811028,0.198311914
1734523573.648765802,4,1,-9.243137870,4.540171980,-0.134696056
1734523573.648765802,4,2,-6.406365795,-2.768572431,0.013710538
1734523573.648765802,4,3,-1.243896791,6.448310192,0.038336627
1734523573.648765802,4,5,-8.819814775,-0.635200797,0.047043906
1734523573.648765802,4,6,1.516002961,3.937551092,-0.019529754
1734523573.648765802,4,7,-2.665767146,-4.308679696,-0.001723505
1734523573.648765802,4,8,-5.374435332,8.042677548,-0.061507131
1734523573.648765802,4,9,4.339007361,-2.090611986,-0.147913652
1734523573.708765745,5,0,-3.087296200,5.324657439,0.027112175
1734523573.708765745,5,1,-4.274878196,0.548380840,0.003153702
1734523573.708765745,5,2,2.030577073,3.543591521,0.276977923
1734523573.708765745,5,3,-7.849872949,7.305676878,0.014915407
1734523573.708765745,5,4,-1.590817744,9.355157354,0.281020717
1734523573.708765745,5,6,-3.684480688,6.532558548,-0.016759294
1734523573.708765745,5,7,2.622817770,7.019105622,0.320909979
1734523573.708765745,5,8,-7.758715965,2.922630424,-0.079770051
1734523573.708765745,5,9,0.102077297,7.497358997,0.170845840
1734523573.768765688,6,0,-0.804948578,5.549857302,0.006017329
1734523573.768765688,6,1,1.995686740,9.306921743,-0.047512786
1734523573.768765688,6,2,-4.858428334,8.560313100,-0.064953410
1734523573.768765688,6,3,5.944144390,4.556047301,-0.399475231
1734523573.768765688,6,4,-3.489439209,2.065540499,0.015634966
1734523573.768765688,6,5,-2.086115809,11.409130350,-0.006066245
1734523573.768765688,6,7,-7.519197586,5.603700206,-0.074318682
1734523573.768765688,6,8,4.863662305,5.663333808,-0.237789131
1734523573.768765688,6,9,-5.498972076,-1.610154911,0.045204365
1734523573.828765869,7,0,-5.640975872,-2.567097842,-0.155689362
1734523573.828765869,7,1,-7.020624058,-6.875444931,-0.053359501
1734523573.828765869,7,2,-0.594638785,-4.103805605,0.177239736
1734523573.828765869,7,3,-11.566681276,-0.828214687,-0.023921876
1734523573.828765869,7,4,-4.539908094,1.756505708,0.009505287
1734523573.828765869,7,5,-2.299406239,-7.254355410,-0.046424549
1734523573.828765869,7,6,-8.888065733,2.423975363,-0.032548469
1734523573.828765869,7,8,-7.017213998,-2.647305179,0.021977298
1734523573.828765869,7,9,-3.744350430,7.171479139,0.039715337
1734523573.898765802,8,0,-4.216504458,-4.223963429,0.023530989
1734523573.898765802,8,1,-4.363817314,0.347454848,0.037190004
1734523573.898765802,8,2,-9.299883831,-5.019061817,0.026104783
1734523573.898765802,8,3,1.239566584,-4.057377671,-0.018241930
1734523573.898765802,8,4,-3.272537694,-8.669884386,0.003308216
1734523573.898765802,8,5,-9.483657359,-1.013443963,0.038263341
1734523573.898765802,8,6,0.656264304,-8.175773016,0.046806544
1734523573.898765802,8,7,-5.168469221,-5.430235261,0.222420586
1734523573.898765802,8,9,-1.385141616,-7.369957192,-0.122937770
1734523573.958765745,9,0,-9.522727933,-0.347355262,0.093664477
1734523573.958765745,9,1,-7.498473580,-0.088312659,-0.122861101
1734523573.958765745,9,2,-9.877729923,-5.810466723,0.173760974
1734523573.958765745,9,3,-9.084058756,5.123022655,0.004216896
1734523573.958765745,9,4,-4.599895206,-0.042858192,-0.042646351
1734523573.958765745,9,5,-6.979261614,-2.743979256,0.102397084
1734523573.958765745,9,6,-5.761595916,4.151125975,0.171861974
1734523573.958765745,9,7,-5.403386198,-5.187760787,-0.064353481
1734523574.028765678,0,1,4.896447783,0.113038908,-0.116708915
1734523574.028765678,0,2,-0.611485362,5.369481013,0.268592942
1734523574.028765678,0,3,0.028366441,-5.378868006,-0.279228292
1734523574.028765678,0,4,-4.643213003,-0.615971356,0.001963247
1734523574.028765678,0,5,3.521348715,5.195553923,0.022284147
1734523574.028765678,0,6,-3.562446646,-4.656905024,-0.233129387
1734523574.028765678,0,7,-5.020353578,4.954307481,-0.006366192
1734523574.028765678,0,8,3.997849516,-4.347709338,0.013214994
1734523574.028765678,0,9,-10.662237827,-1.260882548,0.122383818
1734523574.098765850,1,0,-4.682532146,-0.263811556,0.047350850
1734523574.098765850,1,2,-5.048663389,5.330628742,-0.007811947
1734523574.098765850,1,3,-5.106711203,-5.889647104,-0.012110028
1734523574.098765850,1,4,-9.546295886,-0.492780253,-0.049464760
1734523574.098765850,1,5,-0.878161438,4.505406851,-0.048673688
1734523574.098765850,1,6,-8.856375215,-4.881124132,0.116578371
1734523574.098765850,1,7,-8.685123392,4.457007901,0.006416187
1734523574.098765850,1,8,-0.853246862,-4.060360664,0.027126027
1734523574.098765850,1,9,-7.490120173,-0.375945604,-0.082247777
1734523574.168765783,2,0,-5.046003431,-0.237843340,-0.039783884
1734523574.168765783,2,1,-5.280664514,-4.792745847,-0.053923579
1734523574.168765783,2,3,-11.142366524,0.095250109,-0.318100703
1734523574.168765783,2,4,-5.897346957,4.574974073,0.191165493
1734523574.168765783,2,5,-0.559886956,-3.946661715,-0.011012557
1734523574.168765783,2,6,-9.462863345,3.958455887,-0.050117181
1734523574.168765783,2,7,-0.278476779,4.200692003,0.062426233
1734523574.168765783,2,8,-10.093011681,-3.770455571,0.088755871
1734523574.168765783,2,9,-5.357793157,9.163907458,0.036604483
1734523574.228765726,3,0,-5.396802583,0.013343007,0.023420261
1734523574.228765726,3,1,-5.713637226,5.095640915,0.179388930
1734523574.228765726,3,2,-11.767937812,0.023297824,0.107855962
1734523574.228765726,3,4,-4.852414827,-4.096549625,0.034629608
1734523574.228765726,3,5,-9.915648880,3.917607768,0.072985736
1734523574.228765726,3,6,-1.137272900,-3.796436667,0.010821254
1734523574.228765726,3,7,-9.700074871,-3.637564630,0.275390056
1734523574.228765726,3,8,-0.673353484,3.602453834,-0.019482751
1734523574.228765726,3,9,-5.552674444,-10.261459856,0.058749861
1734523574.288765669,4,0,-3.866578956,2.004755602,0.094319652
1734523574.288765669,4,1,-8.975390659,4.614360017,0.006070107
1734523574.288765669,4,2,-6.471208968,-2.695076366,0.019450322
1734523574.288765669,4,3,-1.195599397,6.687350782,-0.001256224
1734523574.288765669,4,5,-9.863264606,-0.316171264,-0.080722846
1734523574.288765669,4,6,1.703966884,3.678224515,0.008610235
1734523574.288765669,4,7,-2.752991228,-4.271122463,0.020114645
1734523574.288765669,4,8,-4.898053367,7.678233451,0.027433732
1734523574.288765669,4,9,4.865898549,-2.185183116,0.076466265
1734523574.358765841,5,0,-3.108679709,5.102335052,-0.107338928
1734523574.358765841,5,1,-5.348627608,0.916107780,0.039334317
1734523574.358765841,5,2,1.957493829,2.971762251,0.033872147
1734523574.358765841,5,3,-7.897658871,7.416728848,-0.083104942
1734523574.358765841,5,4,-1.429906321,8.905159652,0.254190858
1734523574.358765841,5,6,-5.610403492,11.029257482,-0.250501285
1734523574.358765841,5,7,3.350467516,7.922556297,-0.012044328
1734523574.358765841,5,8,-7.708305639,3.142530625,0.014312731
1734523574.358765841,5,9,0.053736225,7.497785657,0.174134015
1734523574.418765783,6,0,-0.839198399,5.820867489,-0.017328942
1734523574.418765783,6,1,1.896445221,8.539499734,0.032643393
1734523574.418765783,6,2,-5.722499770,9.624451149,-0.001195419
1734523574.418765783,6,3,5.943223409,4.570912616,-0.186690591
1734523574.418765783,6,4,-3.389196130,1.915272396,0.038791534
1734523574.418765783,6,5,-2.571855607,12.367027958,0.251359293
1734523574.418765783,6,7,-7.984766438,5.892417227,0.164317213
1734523574.418765783,6,8,4.428050087,5.346646311,-0.173638553
1734523574.418765783,6,9,-6.333236276,-1.932167729,0.002043162
1734523574.478765726,7,0,-6.006585150,-2.486543274,0.032286085
1734523574.478765726,7,1,-7.177442407,-6.780585151,-0.038428094
1734523574.478765726,7,2,-0.838845384,-3.809066710,0.198912854
1734523574.478765726,7,3,-10.764372820,-0.487374583,-0.002775141
1734523574.478765726,7,4,-5.395895252,2.090261004,-0.047954823
1734523574.478765726,7,5,-2.721739631,-7.949479954,-0.120914730
1734523574.478765726,7,6,-8.399962599,2.659839975,-0.049339969
1734523574.478765726,7,8,-6.974135308,-2.758499279,0.046026471
1734523574.478765726,7,9,-2.830524621,5.806065970,0.180379261
1734523574.538765669,8,0,-4.498093255,-4.390748978,-0.013713365
1734523574.538765669,8,1,-4.779008506,0.672566107,-0.286628924
1734523574.538765669,8,2,-9.691458653,-5.044934169,-0.032293494
1734523574.538765669,8,3,1.265529510,-3.632154993,0.062458892
1734523574.538765669,8,4,-3.511686638,-8.786202599,-0.056247811
1734523574.538765669,8,5,-9.268356419,-0.810242472,-0.041509070
1734523574.538765669,8,6,0.493706266,-8.172968460,0.015017749
1734523574.538765669,8,7,-5.377952846,-5.227028855,-0.076108727
1734523574.608765841,9,0,-7.852295115,-0.340751081,0.094202140
1734523574.608765841,9,1,-7.489158829,-0.355450672,-0.190144317
1734523574.608765841,9,2,-8.939427328,-5.565075752,-0.010037702
1734523574.608765841,9,3,-9.498374766,5.131639800,0.014719959
1734523574.608765841,9,4,-5.103550967,-0.121965763,0.006693229
1734523574.608765841,9,5,-7.004485420,-2.680067627,0.066494469
1734523574.608765841,9,6,-5.932650208,4.179155138,0.099513533
1734523574.608765841,9,7,-5.262753011,-5.288272470,-0.023613576
1734523574.608765841,9,8,-7.157044401,2.228546831,-0.245549327
1734523574.668765783,0,1,4.836397399,0.312950750,0.353585675
1734523574.668765783,0,2,-0.396195112,5.261906878,-0.024164010
1734523574.668765783,0,3,0.183702855,-5.892751719,0.071797045
1734523574.668765783,0,4,-4.718936173,-0.613841917,0.014500629
1734523574.668765783,0,5,3.822102569,5.485841028,-0.114225126
1734523574.668765783,0,6,-3.794867322,-4.657774877,0.151597541
1734523574.668765783,0,7,-4.492335032,4.665122739,0.077021973
1734523574.668765783,0,8,4.065520440,-4.487324406,0.022590730
1734523574.668765783,0,9,-9.492645866,-1.368894074,0.114940052
1734523574.738765717,1,0,-4.282129367,0.106924310,-0.247076453
1734523574.738765717,1,2,-5.395857121,5.693446702,-0.032824463
1734523574.738765717,1,3,-4.906142256,-5.679180913,-0.064492866
1734523574.738765717,1,4,-9.173983259,-0.520807021,0.009059821
1734523574.738765717,1,5,-0.941009382,4.505501887,-0.112916170
1734523574.738765717,1,6,-9.822725974,-5.242128960,0.136359499
1734523574.738765717,1,7,-9.203466462,4.742813429,0.020854081
1734523574.738765717,1,8,-0.821483453,-4.598015810,0.207616697
1734523574.738765717,1,9,-7.488825027,-0.368474045,0.178119623
1734523574.798765659,2,0,-7.495032490,-0.260902725,-0.080110848
1734523574.798765659,2,1,-5.146443191,-4.765610650,-0.027308864
1734523574.798765659,2,3,-10.856579231,0.138774840,-0.020934403
1734523574.798765659,2,4,-4.673405373,3.671590777,0.060120950
1734523574.798765659,2,5,-0.628610474,-3.726232487,-0.115479152
1734523574.798765659,2,6,-10.361011294,4.091068944,-0.034250019
1734523574.798765659,2,7,-0.404925531,3.573083622,-0.240455308
1734523574.798765659,2,8,-9.973934725,-3.810386053,0.055347667
1734523574.798765659,2,9,-5.514813356,9.202350999,-0.019066580
1734523574.858765841,3,0,-4.736675907,0.177019352,-0.139614743
1734523574.858765841,3,1,-5.433139602,4.994442395,-0.022307281
1734523574.858765841,3,2,-10.938824620,0.177122492,-0.013292700
1734523574.858765841,3,4,-5.003095770,-4.181837693,-0.013281532
1734523574.858765841,3,5,-10.187742588,4.112288078,-0.005085505
1734523574.858765841,3,6,-1.140943796,-3.721817037,-0.012573724
1734523574.858765841,3,7,-10.909328488,-4.149251583,-0.036305493
1734523574.858765841,3,8,-0.992336931,4.105732537,-0.067175472
1734523574.858765841,3,9,-4.960618365,-9.612091051,0.063353480
1734523574.918765783,4,0,-3.940677309,2.098703782,0.192454889
1734523574.918765783,4,1,-9.137305922,5.070690071,0.156457883
1734523574.918765783,4,2,-6.709150116,-2.631080626,0.010327381
1734523574.918765783,4,3,-1.004207098,6.967463231,0.000120461
1734523574.918765783,4,5,-9.809198683,0.140152321,0.091255242
1734523574.918765783,4,6,1.514684867,3.617282142,0.000838571
1734523574.918765783,4,7,-3.081831455,-4.537174841,0.003985305
1734523574.918765783,4,8,-4.807542118,7.963374331,0.014628976
1734523574.918765783,4,9,6.437473273,-3.822987391,0.440119612
1734523574.978765726,5,0,-3.109902653,5.253012610,0.255647646
1734523574.978765726,5,1,-4.630248790,0.759737091,0.202063066
1734523574.978765726,5,2,2.083443865,3.384645922,-0.145616628
1734523574.978765726,5,3,-8.141030190,7.628211306,-0.267388024
1734523574.978765726,5,4,-1.688809417,9.542858581,-0.099190581
1734523574.978765726,5,6,-5.133094850,9.714731961,0.016800256
1734523574.978765726,5,7,2.890052387,6.629697024,0.010977059
1734523574.978765726,5,8,-8.279175374,3.416761724,0.189683722
1734523574.978765726,5,9,0.249030534,7.495770728,-0.037483172
1734523575.048765659,6,0,-0.900408131,5.961981541,-0.026172347
1734523575.048765659,6,1,2.048625970,9.474036915,-0.041547505
1734523575.048765659,6,2,-4.856878569,8.343395682,0.006686473
1734523575.048765659,6,3,3.287595200,2.368479615,0.068542777
1734523575.048765659,6,4,-3.436933542,2.014140796,-0.031481705
1734523575.048765659,6,5,-2.176696428,11.256093128,0.080623483
1734523575.048765659,6,7,-7.304064003,5.463893160,-0.067268438
1734523575.048765659,6,8,5.192311415,6.144396159,-0.082809522
1734523575.048765659,6,9,-6.205553435,-1.945507304,-0.030924836
1734523575.108765841,7,0,-6.754555951,-2.650770010,0.032584740
1734523575.108765841,7,1,-7.402568152,-6.559902889,-0.080352151
1734523575.108765841,7,2,-0.917418694,-3.530066732,-0.016310307
1734523575.108765841,7,3,-11.695770053,-0.175689237,0.126435451
1734523575.108765841,7,4,-4.860118937,2.110843880,-0.020225343
1734523575.108765841,7,5,-2.786372694,-7.471428698,0.007552780
1734523575.108765841,7,6,-9.213132276,3.053190174,0.009806152
1734523575.108765841,7,9,-3.264601365,6.575447484,-0.123208893
1734523575.168765783,8,0,-4.247988605,-4.030589608,-0.024733797
1734523575.168765783,8,1,-4.174337954,0.606252283,-0.099565705
1734523575.168765783,8,2,-9.290269631,-4.501641256,-0.012456763
1734523575.168765783,8,3,1.377925277,-3.860891213,0.054436909
1734523575.168765783,8,4,-3.558374474,-8.534799812,0.076668851
1734523575.168765783,8,5,-10.009390993,-0.823776239,-0.026156902
1734523575.168765783,8,6,0.375860446,-7.550909562,-0.032418642
1734523575.168765783,8,7,-5.233609031,-5.366638950,-0.241915054
1734523575.168765783,8,9,-1.598119109,-7.327632637,0.042605761
1734523575.238765717,9,0,-9.583017705,-0.438143133,0.061327107
1734523575.238765717,9,1,-7.492397113,-0.335713950,-0.035800030
1734523575.238765717,9,2,-9.599819270,-6.037524577,-0.046249130
1734523575.238765717,9,3,-9.425277513,5.001803811,0.007455076
1734523575.238765717,9,4,-5.101395046,-0.193214521,-0.047260154
1734523575.238765717,9,5,-6.951953887,-2.804837071,-0.230707967
1734523575.238765717,9,6,-6.031682381,4.456520748,-0.090721965
1734523575.238765717,9,7,-5.387213520,-5.459387438,-0.022017387
1734523575.238765717,9,8,-7.195204024,2.115995346,-0.040034398
1734523575.298765659,0,1,4.810316184,0.194563276,0.104215142
1734523575.298765659,0,2,-0.792928587,7.454361306,-0.231865860
1734523575.298765659,0,3,-0.174362168,-7.481714972,0.493496613
1734523575.298765659,0,4,-4.469226521,-0.597522046,0.012204117
1734523575.298765659,0,5,3.604766561,5.343773494,0.004084510
1734523575.298765659,0,6,-3.633887556,-4.930416020,-0.094473934
1734523575.298765659,0,7,-4.929611333,5.045033050,0.003944188
1734523575.298765659,0,8,3.984900535,-4.413282576,0.024779523
1734523575.298765659,0,9,-8.531492656,-1.116074001,0.134370608
1734523575.358765841,1,0,-5.203686169,0.028251277,0.121287331
1734523575.358765841,1,2,-5.186279168,5.367605955,-0.018791021
1734523575.358765841,1,3,-4.564276950,-5.261129254,0.263939472
1734523575.358765841,1,4,-9.222620169,-0.427231651,-0.035451209
1734523575.358765841,1,5,-0.820485854,4.240527180,0.145330464
1734523575.358765841,1,6,-8.519419471,-4.623467093,0.023988116
1734523575.358765841,1,7,-9.590231472,5.156171812,-0.253751350
1734523575.358765841,1,8,-0.959088653,-4.524887413,-0.131468271
1734523575.358765841,1,9,-7.478991199,-0.549371102,0.113499067
1734523575.428765774,2,0,-4.994238150,-0.168362584,0.042056503
1734523575.428765774,2,1,-5.377615815,-5.139428205,0.023346986
1734523575.428765774,2,3,-10.422742897,-0.052794258,0.132602722
1734523575.428765774,2,4,-5.119254492,3.906127122,0.036988894
1734523575.428765774,2,5,-0.546856592,-4.047679745,-0.005365623
1734523575.428765774,2,6,-9.649950756,3.636951817,0.057921844
1734523575.428765774,2,7,-0.367285394,4.070864584,0.040718732
1734523575.428765774,2,8,-10.076134455,-3.929735409,-0.043908751
1734523575.428765774,2,9,-5.985605508,9.603079509,0.003861964
1734523575.488765717,3,0,-4.783957565,0.397107072,-0.032669088
1734523575.488765717,3,1,-5.452556676,5.240998436,0.004990611
1734523575.488765717,3,2,-10.807223930,0.472951604,0.174195188
1734523575.488765717,3,4,-4.849235870,-3.651305988,-0.077241465
1734523575.488765717,3,5,-11.226202841,4.446496039,-0.038919507
1734523575.488765717,3,6,-1.285366044,-3.873895622,-0.024881225
1734523575.488765717,3,7,-10.610228505,-3.917602083,-0.126743406
1734523575.488765717,3,8,-0.775878413,4.045569626,-0.152553844
1734523575.488765717,3,9,-4.937035552,-8.996207558,0.059617697
1734523575.548765659,4,0,-4.194316467,2.091123651,-0.135001937
1734523575.548765659,4,1,-8.247290024,4.851351743,-0.068603717
1734523575.548765659,4,2,-6.619603098,-2.430333356,-0.021317565
1734523575.548765659,4,3,-0.732181109,6.156714523,0.005837231
1734523575.548765659,4,5,-10.821745266,-0.053045788,0.030605997
1734523575.548765659,4,6,1.805867424,4.132002647,0.051059079
1734523575.548765659,4,7,-3.242493575,-4.435374730,-0.006045044
1734523575.548765659,4,8,-4.366603312,7.550289177,-0.048350086
1734523575.548765659,4,9,4.497197772,-2.320979630,-0.168959940
1734523575.618765831,5,0,-2.990140308,5.181976718,-0.018704845
1734523575.618765831,5,1,-4.767343033,0.896003778,-0.111376419
1734523575.618765831,5,2,2.136141617,3.028639466,-0.028051355
1734523575.618765831,5,3,-8.221333097,7.724509598,-0.033065876
1734523575.618765831,5,4,-1.670489934,9.846707561,0.170364733
1734523575.618765831,5,6,-5.085828995,9.495098566,0.108056247
1734523575.618765831,5,7,3.018858955,7.225514050,-0.002559034
1734523575.618765831,5,8,-8.478729118,3.420016814,0.182249883
1734523575.618765831,5,9,-0.079477264,7.499243519,0.070922506
1734523575.678765774,6,0,-0.943060921,5.946492057,-0.042660442
1734523575.678765774,6,1,2.126305043,9.963596909,0.047637412
1734523575.678765774,6,2,-5.397802457,9.231902258,-0.100161768
1734523575.678765774,6,3,6.042848070,4.357141932,0.865621969
1734523575.678765774,6,4,-3.764024055,2.158146170,-0.035056969
1734523575.678765774,6,5,-2.354913328,11.681308414,0.044359314
1734523575.678765774,6,7,-7.635500058,5.630218997,-0.085788499
1734523575.678765774,6,8,4.955970350,5.925207939,0.177727070
1734523575.678765774,6,9,-6.783669169,-2.193953224,-0.009612125
1734523575.738765717,7,0,-5.999635663,-2.205743805,0.034807459
1734523575.738765717,7,1,-7.947322495,-6.686943848,-0.002536271
1734523575.738765717,7,2,-1.166799576,-4.359437428,0.020157657
1734523575.738765717,7,3,-11.500238600,0.114760848,0.047498152
1734523575.738765717,7,4,-4.693036638,2.192979495,-0.023463184
1734523575.738765717,7,5,-2.828187880,-7.215932746,0.039595754
1734523575.738765717,7,6,-9.147642878,3.255412423,0.031840925
1734523575.738765717,7,8,-7.080265544,-2.473680974,-0.027244399
1734523575.738765717,7,9,-3.223764234,7.286759051,-0.016635786
1734523575.798765659,8,0,-4.366121432,-3.948565925,0.014620177
1734523575.798765659,8,1,-4.013084246,0.679407378,-0.211974373
1734523575.798765659,8,2,-10.393788396,-4.931765252,-0.031366218
1734523575.798765659,8,3,1.247097172,-3.550381867,0.135960628
1734523575.798765659,8,4,-3.906361642,-9.464782150,0.060313550
1734523575.798765659,8,5,-8.044507142,-0.539242745,-0.001698917
1734523575.798765659,8,6,0.278992715,-7.616501725,-0.001678110
1734523575.798765659,8,7,-5.277426659,-5.328535258,0.074026157
1734523575.798765659,8,9,-1.719454118,-7.297151347,-0.212272845
1734523575.868765831,9,0,-8.883779287,-0.589290523,0.057666288
1734523575.868765831,9,1,-7.498785166,-0.123677900,0.054081469
1734523575.868765831,9,2,-9.236120643,-5.815024804,-0.080219909
1734523575.868765831,9,3,-9.239799853,4.987216204,-0.106493850
1734523575.868765831,9,4,-5.197804013,-0.233131867,-0.004136998
1734523575.868765831,9,5,-6.930928164,-2.858249046,0.206511920
1734523575.868765831,9,6,-6.293872964,4.072069297,0.235403392
1734523575.868765831,9,7,-5.534513716,-5.664107870,-0.055997325
1734523575.868765831,9,8,-7.190069709,2.127236311,0.166623098
1734523575.928765774,0,1,4.328912611,0.310990999,0.147274133
1734523575.928765774,0,2,-0.898008822,6.270742010,-0.134830672
1734523575.928765774,0,3,-0.018422477,-5.619605069,-0.036258476
1734523575.928765774,0,4,-4.671740122,-0.655254622,-0.023516458
1734523575.928765774,0,5,3.411600799,5.109092305,0.034692479
1734523575.928765774,0,6,-4.563878548,-5.951485780,0.028803073
1734523575.928765774,0,7,-4.342678335,4.235858623,0.147356036
1734523575.928765774,0,8,4.199350835,-4.663409353,-0.016062382
1734523575.928765774,0,9,-9.744066785,-1.372251924,0.109921256
1734523575.988765717,1,0,-4.155705088,0.091553885,0.020490300
1734523575.988765717,1,2,-5.212422904,5.430008275,-0.004399037
1734523575.988765717,1,3,-4.913436517,-5.660583682,-0.079984915
1734523575.988765717,1,4,-8.927672279,-0.422621664,-0.006406673
1734523575.988765717,1,5,-1.155295189,5.450690823,0.103446062
1734523575.988765717,1,6,-6.657961417,-3.452217569,-0.061185214
1734523575.988765717,1,7,-9.214161624,4.892114677,-0.009528073
1734523575.988765717,1,8,-0.945124215,-5.190020130,0.172724967
1734523575.988765717,1,9,-7.475397842,-0.601326791,0.082663118
1734523576.048765659,2,0,-7.475599305,-0.465088148,-0.386145100
1734523576.048765659,2,1,-5.411639319,-5.136483945,-0.040190409
1734523576.048765659,2,3,-11.392428583,0.134407771,0.167764031
1734523576.048765659,2,4,-6.152866277,4.496599689,-0.024332627
1734523576.048765659,2,5,-0.538096380,-3.964834370,0.013387028
1734523576.048765659,2,6,-9.643304869,3.608940359,-0.031696235
1734523576.048765659,2,7,-0.266555296,3.588756942,0.132171897
1734523576.048765659,2,8,-9.216411707,-3.793112880,-0.165499443
1734523576.048765659,2,9,-5.955824074,9.462453465,-0.005978009
1734523576.118765831,3,0,-5.252473886,0.371271339,-0.228108381
1734523576.118765831,3,1,-5.438334715,5.180872468,-0.015016976
1734523576.118765831,3,2,-10.966926196,0.246363866,-0.136242017
1734523576.118765831,3,4,-5.202421262,-3.983817650,0.129529530
1734523576.118765831,3,5,-10.617024670,4.304427038,-0.064857111
1734523576.118765831,3,6,-1.247538007,-3.719171668,-0.012316189
1734523576.118765831,3,7,-11.498657728,-4.205932114,-0.257262509
1734523576.118765831,3,8,-0.921157354,4.032173154,-0.021111958
1734523576.118765831,3,9,-5.040886106,-8.913330783,0.064598573
1734523576.178765774,4,0,-4.272956042,2.319332747,-0.162781686
1734523576.178765774,4,1,-7.447604656,4.641892541,-0.040089836
1734523576.178765774,4,2,-6.558637522,-2.268981173,-0.028921403
1734523576.178765774,4,3,-0.734437618,6.187691885,-0.249288786
1734523576.178765774,4,5,-8.919945620,0.247962460,0.050375623
1734523576.178765774,4,6,1.663085862,3.577619476,-0.022657861
1734523576.178765774,4,7,-3.242182104,-4.295763530,-0.016936547
1734523576.178765774,4,8,-4.175363411,7.796922876,-0.076094686
1734523576.178765774,4,9,4.415194709,-2.689103270,-0.057453448
1734523576.238765717,5,0,-3.104282293,5.227634531,0.011297838
1734523576.238765717,5,1,-4.505976397,0.787245941,0.328508013
1734523576.238765717,5,2,4.507078771,5.992411579,-0.165058821
1734523576.238765717,5,3,-8.170391013,7.705958034,-0.028934604
1734523576.238765717,5,4,-1.581525475,9.411111974,-0.074332794
1734523576.238765717,5,6,-5.195399611,10.237719044,-0.042872532
1734523576.238765717,5,7,3.012431421,7.246209493,-0.005827392
1734523576.238765717,5,8,-6.878253058,2.978209758,0.264388942
1734523576.238765717,5,9,0.064350009,7.499064607,-0.099443932
1734523576.298765659,6,0,-0.964008363,5.899954879,0.016167277
1734523576.298765659,6,1,2.097677764,10.047830394,-0.034431392
1734523576.298765659,6,2,-5.230723742,8.724490859,0.125318264
1734523576.298765659,6,3,3.436649882,2.244343002,-0.000563434
1734523576.298765659,6,4,-3.570491286,2.085402832,-0.007697931
1734523576.298765659,6,5,-1.496763629,7.345683105,0.225029694
1734523576.298765659,6,7,-7.493788581,5.563906811,-0.045910569
1734523576.298765659,6,8,5.121418516,5.791167009,0.037457277
1734523576.298765659,6,9,-7.002964514,-2.672987810,0.252238333
1734523576.358765841,7,0,-6.616881628,-2.253172836,-0.104458111
1734523576.358765841,7,1,-7.902671572,-6.601944343,0.069365288
1734523576.358765841,7,2,-0.929342679,-3.783421458,-0.078654634
1734523576.358765841,7,3,-7.492210951,0.289355759,0.181791939
1734523576.358765841,7,4,-4.802370779,2.310298664,0.025084185
1734523576.358765841,7,5,-2.600791493,-6.581701579,0.107668003
1734523576.358765841,7,6,-8.225139163,2.979389326,0.033750003
1734523576.358765841,7,8,-7.192569107,-2.123643701,0.084184727
1734523576.358765841,7,9,-2.912563619,6.729589901,-0.015839030
1734523576.428765774,8,0,-4.504687456,-3.998175538,-0.012423422
1734523576.428765774,8,1,-4.712067703,0.954648970,-0.229455556
1734523576.428765774,8,2,-9.365525188,-4.428306666,0.078557762
1734523576.428765774,8,3,1.378676469,-3.738440413,0.222065619
1734523576.428765774,8,4,-3.781477341,-8.634623930,0.002966977
1734523576.428765774,8,5,-8.139059397,-0.654318897,-0.130062868
1734523576.428765774,8,6,0.298080558,-7.883175335,-0.001046526
1734523576.428765774,8,7,-5.511039875,-5.080302829,-0.262607433
1734523576.428765774,8,9,-1.780471230,-7.283680675,-0.167086873
1734523576.488765717,9,0,-10.181330818,-0.830262312,-0.197872780
1734523576.488765717,9,1,-7.492400389,-0.307903073,-0.138318854
1734523576.488765717,9,2,-9.673900938,-6.231036183,-0.022907308
1734523576.488765717,9,3,-9.181706144,5.156416364,-0.272035392
1734523576.488765717,9,4,-5.192314964,-0.203786625,-0.050426960
1734523576.488765717,9,5,-6.934308558,-2.849519118,0.213554731
1734523576.488765717,9,6,-5.495972428,3.977083210,-0.150110424
1734523576.488765717,9,7,-5.178438414,-5.267932076,-0.028776629
1734523576.488765717,9,8,-7.145460392,2.278184140,0.047673996
1734523576.548765659,0,1,4.687084430,0.624897105,0.158760300
1734523576.548765659,0,2,-1.067732657,7.418117844,0.285437600
1734523576.548765659,0,3,0.320520137,-5.179627751,0.013660880
1734523576.548765659,0,4,-4.740074853,-0.645489045,-0.024919256
1734523576.548765659,0,5,3.659511168,5.510880358,-0.031002710
1734523576.548765659,0,6,-3.542146466,-4.432468057,0.131359977
1734523576.548765659,0,7,-4.573193742,4.707983862,-0.073522918
1734523576.548765659,0,8,3.956904736,-4.487514281,-0.021938835
1734523576.548765659,0,9,-10.319034287,-1.359567663,-0.077746093
1734523576.608765841,1,0,-4.604208722,-0.209081616,0.030543406
1734523576.608765841,1,2,-5.087739129,5.278775409,-0.010325487
1734523576.608765841,1,3,-4.757085909,-5.598348416,0.007812068
1734523576.608765841,1,4,-9.379691852,-0.476762375,-0.026255359
1734523576.608765841,1,5,-1.156003922,4.624329090,-0.051457336
1734523576.608765841,1,6,-8.108943157,-4.057353647,0.052551959
1734523576.608765841,1,7,-9.146945948,4.779955701,0.038289916
1734523576.608765841,1,8,-1.176272710,-4.851879997,-0.027200155
1734523576.608765841,1,9,-7.484288888,-0.485167728,-0.005667516
1734523576.678765774,2,0,-6.260974869,-0.430470357,0.105969451
1734523576.678765774,2,1,-5.137778155,-4.853452852,-0.017683506
1734523576.678765774,2,3,-7.498850705,-0.111768003,-0.068891319
1734523576.678765774,2,4,-5.415534915,4.183346569,0.092798632
1734523576.678765774,2,5,-0.551963080,-4.204874440,-0.016076773
1734523576.678765774,2,6,-9.950748645,3.715799786,0.047078360
1734523576.678765774,2,7,-0.353055182,4.321666682,0.091905611
1734523576.678765774,2,8,-10.543379775,-4.306608889,-0.167275496
1734523576.678765774,2,9,-6.144195848,9.407364573,-0.007695462
1734523576.738765717,3,0,-5.979738751,0.305935331,0.029270457
1734523576.738765717,3,1,-5.802024629,5.583685777,0.024939182
1734523576.738765717,3,2,-11.416907921,0.297175019,-0.014554852
1734523576.738765717,3,4,-5.781009349,-4.776303376,0.129834375
1734523576.738765717,3,5,-10.708584883,4.453001876,0.030318870
1734523576.738765717,3,6,-1.284544504,-3.639144427,0.008227080
1734523576.738765717,3,7,-10.432469079,-3.677491436,0.055112089
1734523576.738765717,3,8,-0.712995188,3.938639677,0.084624524
1734523576.738765717,3,9,-5.173779075,-9.109067230,0.271494090
1734523576.798765659,4,0,-3.729361045,2.440731899,-0.030656011
1734523576.798765659,4,1,-6.370666944,3.952155443,0.212297074
1734523576.798765659,4,2,-6.900109223,-2.172988416,0.014922479
1734523576.798765659,4,3,-0.412314147,6.900304494,-0.029958325
1734523576.798765659,4,5,-9.044900615,0.405358809,0.187640893
1734523576.798765659,4,6,1.838878500,3.731415334,-0.040498155
1734523576.798765659,4,7,-3.269568443,-4.078875458,0.015432443
1734523576.798765659,4,8,-4.031879367,8.043781064,-0.024698838
1734523576.798765659,4,9,3.809573390,-2.690761344,-0.200763090
1734523576.858765841,5,0,-2.985804481,4.935347427,0.035462655
1734523576.858765841,5,1,-4.782015898,0.980143315,-0.058290501
1734523576.858765841,5,2,4.059295938,6.259693880,0.767039121
1734523576.858765841,5,3,-8.851012786,7.969138919,-0.030475501
1734523576.858765841,5,4,-1.684761199,8.566084599,-0.070614184
1734523576.858765841,5,6,-3.752704961,6.491583038,0.162957456
1734523576.858765841,5,7,3.085430518,7.486154974,-0.053354624
1734523576.858765841,5,8,-9.361550699,3.714238840,0.146176642
1734523576.858765841,5,9,0.051522617,7.498372196,-0.147512130
1734523576.928765774,6,0,-0.897132828,5.767077288,-0.001415311
1734523576.928765774,6,1,2.010850683,9.743112381,-0.051504946
1734523576.928765774,6,2,-6.300091161,10.222428332,-0.169585782
1734523576.928765774,6,3,3.380241873,2.201415329,0.037291935
1734523576.928765774,6,4,-3.656993212,2.050097166,-0.036771870
1734523576.928765774,6,5,-1.411172397,7.366016682,0.019766199
1734523576.928765774,6,7,-7.427835202,5.419787409,-0.089609567
1734523576.928765774,6,8,5.571843627,6.560712727,-0.000301670
1734523576.928765774,6,9,-6.647949322,-2.180590597,-0.026288597
1734523576.988765717,7,0,-6.233042925,-2.130252586,-0.033296508
1734523576.988765717,7,1,-8.553031321,-6.931243750,-0.006812224
1734523576.988765717,7,2,-1.054577625,-3.539632072,0.080668482
1734523576.988765717,7,3,-7.494163420,0.247499728,0.162044799
1734523576.988765717,7,4,-4.802343893,2.300339205,0.008349345
1734523576.988765717,7,5,-3.109175045,-6.825042802,-0.042676533
1734523576.988765717,7,6,-8.907864025,3.288789405,0.089640498
1734523576.988765717,7,8,-7.203533158,-2.087800241,-0.014149137
1734523576.988765717,7,9,-3.072493140,7.296946819,0.008457882
1734523577.058765650,8,0,-4.553010033,-3.911345053,-0.005718212
1734523577.058765650,8,1,-4.349420139,0.748456230,-0.163018282
1734523577.058765650,8,2,-8.720314887,-3.985575966,-0.007017240
1734523577.058765650,8,3,0.997123192,-3.406289082,-0.093339045
1734523577.058765650,8,4,-3.995189315,-8.811953420,-0.081321107
1734523577.058765650,8,5,-8.668136556,-0.319191141,-0.259341236
1734523577.058765650,8,6,0.211076184,-7.382074211,0.031774738
1734523577.058765650,8,7,-5.462797997,-5.137764298,0.105905903
1734523577.058765650,8,9,-1.866238411,-7.261669391,-0.187914466
1734523577.118765831,9,0,-9.496590202,-0.748152590,-0.124322739
1734523577.118765831,9,1,-7.494327210,-0.291543623,0.007872894
1734523577.118765831,9,2,-9.526277124,-5.968122140,-0.054429556
1734523577.118765831,9,3,-8.851563922,4.869234667,-0.023257463
1734523577.118765831,9,4,-5.246587306,-0.039502482,-0.160647190
1734523577.118765831,9,5,-6.984489891,-2.721208280,-0.248850282
1734523577.118765831,9,6,-4.802463732,3.316511976,0.033707879
1734523577.118765831,9,7,-5.494270414,-5.546101376,-0.067626442
1734523577.118765831,9,8,-7.119988663,2.356995918,0.018212112
1734523577.178765774,0,1,5.018916893,0.101993609,0.059036441
1734523577.178765774,0,2,-0.737700545,5.792106280,-0.141755433
1734523577.178765774,0,3,0.046614411,-5.493562702,0.020088697
1734523577.178765774,0,4,-4.811847171,-0.666266680,-0.014011821
1734523577.178765774,0,5,3.367739322,4.820092338,0.174308542
1734523577.178765774,0,6,-3.042213503,-3.765500252,0.014978778
1734523577.178765774,0,7,-4.404489146,4.195000399,0.079356563
1734523577.178765774,0,8,3.928933370,-4.504229523,0.023634303
1734523577.178765774,0,9,-10.009963253,-1.320117932,0.118503319
1734523577.238765717,1,0,-4.815415313,0.033601346,-0.188251270
1734523577.238765717,1,2,-5.059429466,5.365878537,-0.015775249
1734523577.238765717,1,3,-4.791863437,-5.631078677,-0.003017460
1734523577.238765717,1,4,-9.302378038,-0.443249585,-0.077535230
1734523577.238765717,1,5,-1.257808681,5.186506574,-0.245970849
1734523577.238765717,1,6,-9.171388709,-4.943185409,-0.147001008
1734523577.238765717,1,7,-8.701153489,4.598664690,0.020603928
1734523577.238765717,1,8,-0.972050452,-5.047640089,0.106898089
1734523577.238765717,1,9,-7.491092454,-0.364683437,0.023234293
1734523577.298765659,2,0,-5.224143550,-0.633865059,0.094234239
1734523577.298765659,2,1,-5.020318310,-4.816035447,0.019024568
1734523577.298765659,2,4,-6.102441377,4.607571954,0.055863930
1734523577.298765659,2,5,-0.511689698,-4.236919909,0.001591119
1734523577.298765659,2,6,-9.430974847,3.348052155,-0.011934012
1734523577.298765659,2,7,-0.238994993,3.463774384,-0.105186699
1734523577.298765659,2,8,-10.982920424,-4.424413159,-0.086704881
1734523577.298765659,2,9,-5.722779422,8.753110111,-0.005189216
1734523577.368765831,3,0,-6.267877591,0.426764771,-0.118547996
1734523577.368765831,3,1,-5.357280771,5.185164141,-0.060220955
1734523577.368765831,3,2,-12.517165392,0.325334822,-0.003742342
1734523577.368765831,3,4,-5.244138469,-4.301743041,-0.108443731
1734523577.368765831,3,5,-10.912839205,4.595263987,0.013628158
1734523577.368765831,3,6,-1.374807824,-3.754676271,0.001946478
1734523577.368765831,3,7,-11.014634718,-3.710298483,0.031763716
1734523577.368765831,3,8,-1.190806244,7.383112112,-0.567129644
1734523577.368765831,3,9,-5.414499786,-9.267613410,0.012770096
1734523577.428765774,4,0,-4.043452421,2.365325374,-0.019858200
1734523577.428765774,4,1,-8.186274438,5.718697466,0.339025428
1734523577.428765774,4,2,-6.261347754,-1.806259337,-0.245465941
1734523577.428765774,4,3,-0.309460196,6.797539619,0.012396204
1734523577.428765774,4,5,-10.966310493,0.760483940,0.012594337
1734523577.428765774,4,6,1.892370808,3.609086565,-0.012504484
1734523577.428765774,4,7,-3.364760990,-4.032992081,-0.034482046
1734523577.428765774,4,8,-4.364953916,9.246570797,0.014906035
1734523577.428765774,4,9,4.499835412,-3.202268043,0.004884225
1734523577.488765717,5,0,-3.231886800,5.200185510,-0.068954303
1734523577.488765717,5,2,2.421551026,4.065912058,0.183914762
1734523577.488765717,5,3,-8.841089815,7.818850155,-0.104532966
1734523577.488765717,5,4,-2.009181786,9.218892804,-0.168842711
1734523577.488765717,5,6,-3.513810214,6.625916816,0.019082112
1734523577.488765717,5,7,2.806723142,7.247218273,-0.004059601
1734523577.488765717,5,8,-8.234132906,3.250490424,-0.220222272
1734523577.488765717,5,9,-0.196414584,7.496923362,0.086956427
1734523577.548765659,6,0,-0.942812807,6.069178474,0.006400848
1734523577.548765659,6,1,2.114395430,10.127537610,0.062458164
1734523577.548765659,6,2,-5.579236148,9.154437222,-0.089431810
1734523577.548765659,6,3,3.339165246,2.126321388,-0.002465970
1734523577.548765659,6,4,-3.616883786,1.998556764,-0.031109548
1734523577.548765659,6,5,-1.692798895,7.306324253,0.045363023
1734523577.548765659,6,7,-7.608699543,5.648382677,-0.103289856
1734523577.548765659,6,8,5.465841706,6.229399688,0.030340869
1734523577.548765659,6,9,-6.673085783,-2.272834826,0.019319144
1734523577.608765841,7,0,-6.258860174,-2.085554783,-0.018231783
1734523577.608765841,7,1,-8.550827940,-6.773658624,-0.303151168
1734523577.608765841,7,2,-1.280824554,-4.421217337,-0.049075963
1734523577.608765841,7,3,-10.203447803,0.187865194,0.017555270
1734523577.608765841,7,4,-4.873980839,2.274679425,0.169651461
1734523577.608765841,7,5,-3.001355648,-7.538643732,-0.092610780
1734523577.608765841,7,6,-9.267525529,3.482396099,-0.321417196
1734523577.608765841,7,8,-7.161251901,-2.214841145,0.246880363
1734523577.608765841,7,9,-3.100899978,7.562988139,-0.002001819
1734523577.678765774,8,0,-4.800412532,-4.111350740,-0.009466135
1734523577.678765774,8,1,-4.685303867,0.733103309,-0.010599761
1734523577.678765774,8,2,-9.910552233,-4.399375010,-0.015134530
1734523577.678765774,8,3,1.364817270,-4.567031499,0.200945911
1734523577.678765774,8,4,-4.011908917,-8.704223084,0.044076248
1734523577.678765774,8,5,-10.197006736,-0.284909406,0.071574077
1734523577.678765774,8,6,0.130802758,-7.729949035,0.000722613
1734523577.678765774,8,7,-5.491576681,-5.107196569,0.095544569
1734523577.738765717,9,0,-9.854823599,-0.674338610,0.028956758
1734523577.738765717,9,2,-9.312887654,-5.839858580,0.040824292
1734523577.738765717,9,3,-9.093615909,5.067980738,-0.003150769
1734523577.738765717,9,4,-5.306481913,-0.205070612,0.004661004
1734523577.738765717,9,5,-7.034238135,-2.594550884,-0.194421117
1734523577.738765717,9,6,-5.954355126,4.274647413,0.138072344
1734523577.738765717,9,7,-5.742411251,-5.683021445,0.034745966
1734523577.738765717,9,8,-7.154495551,2.250144990,-0.006398390
1734523577.798765659,0,1,4.733326350,0.245653903,-0.001126149
1734523577.798765659,0,2,-0.598050499,5.405505354,-0.182862639
1734523577.798765659,0,3,0.171464712,-5.698518772,0.090818982
1734523577.798765659,0,4,-4.648846578,-0.636663788,-0.005451075
1734523577.798765659,0,5,3.469474531,5.329293137,0.018266513
1734523577.798765659,0,6,-3.536443370,-4.781838844,-0.058716953
1734523577.798765659,0,7,-4.546341401,4.391572342,-0.041875712
1734523577.798765659,0,8,3.880944590,-4.436646216,-0.005673149
1734523577.798765659,0,9,-9.220773815,-1.062536477,-0.276194453
1734523577.858765841,1,0,-5.000183848,0.122566830,-0.109030733
1734523577.858765841,1,2,-5.487210977,5.826068585,-0.295038167
1734523577.858765841,1,3,-4.844720039,-5.687261616,0.019666758
1734523577.858765841,1,4,-8.680981494,-0.321833477,-0.059803922
1734523577.858765841,1,5,-0.934795908,4.345677260,0.169087384
1734523577.858765841,1,6,-8.924355804,-4.885591712,-0.007823363
1734523577.858765841,1,7,-8.417378631,4.404190622,0.191207590
1734523577.858765841,1,8,-1.117265177,-4.765691170,0.155691121
1734523577.858765841,1,9,-7.484153776,-0.437228192,0.215113384
1734523577.928765774,2,0,-4.717343885,-0.368994269,-0.009464056
1734523577.928765774,2,1,-5.285171236,-5.184051411,-0.083324776
1734523577.928765774,2,3,-9.922211320,-0.034301428,0.001675916
1734523577.928765774,2,4,-5.481243462,4.129709122,0.065804425
1734523577.928765774,2,5,-0.484749097,-4.058292028,0.024116934
1734523577.928765774,2,6,-10.102053038,3.610684649,0.099750131
1734523577.928765774,2,7,-0.646948825,3.606686268,-0.027997185
1734523577.928765774,2,8,-10.202114231,-4.293639775,-0.007867770
1734523577.928765774,2,9,-6.376381880,9.795326524,-0.059591295
1734523577.988765717,3,0,-6.454859578,0.582747031,0.142216174
1734523577.988765717,3,1,-5.482677354,5.331130894,-0.056487792
1734523577.988765717,3,2,-10.362164737,0.449305916,0.185837533
1734523577.988765717,3,4,-5.171959707,-3.666461606,-0.041501974
1734523577.988765717,3,5,-10.010147693,4.163797919,0.009394286
1734523577.988765717,3,6,-1.473249166,-3.911270355,0.004841715
1734523577.988765717,3,7,-12.948622247,-4.487221146,0.037918785
1734523577.988765717,3,8,-0.723405934,3.783506363,0.117371960
1734523577.988765717,3,9,-4.935060621,-8.479028360,-0.020547459
1734523578.048765659,4,0,-3.725022621,2.708811030,0.071253670
1734523578.048765659,4,1,-6.266697804,4.118397930,0.131518534
1734523578.048765659,4,2,-7.010424348,-1.966202785,-0.038836064
1734523578.048765659,4,3,-0.116891150,7.076295172,0.015973077
1734523578.048765659,4,5,-10.703501867,1.049238551,-0.043393857
1734523578.048765659,4,6,2.010635194,3.682224671,0.023205382
1734523578.048765659,4,7,-3.526871914,-4.033075160,0.028887695
1734523578.048765659,4,8,-4.014588826,9.103404433,0.006281748
1734523578.048765659,4,9,3.725473875,-2.429135570,0.079203349
1734523578.118765831,5,0,-3.412424953,5.174779840,0.025160198
1734523578.118765831,5,1,-4.567363463,0.422858154,0.010324892
1734523578.118765831,5,2,2.035189536,3.864570751,-0.004729764
1734523578.118765831,5,3,-8.161618161,6.964001605,-0.028106576
1734523578.118765831,5,4,-1.559303361,7.326506133,-0.375341063
1734523578.118765831,5,6,-3.927651292,6.385715690,0.214919652
1734523578.118765831,5,7,2.702646763,7.062431626,0.018029323
1734523578.118765831,5,8,-8.845587664,3.260395849,-0.163409796
1734523578.118765831,5,9,-0.470670274,7.485129214,0.036195936
1734523578.178765774,6,0,-0.932103514,5.610928084,0.049501838
1734523578.178765774,6,1,1.926777742,9.469533754,-0.024300392
1734523578.178765774,6,2,-3.806790339,6.457740700,0.236500247
1734523578.178765774,6,3,3.231814714,2.044256245,0.035409480
1734523578.178765774,6,4,-3.734726913,2.076018732,-0.019341675
1734523578.178765774,6,5,-1.417896651,7.360797805,0.241298068
1734523578.178765774,6,7,-7.743741887,5.848858148,0.184875883
1734523578.178765774,6,8,5.279373331,5.943057736,0.101706188
1734523578.178765774,6,9,-6.538551934,-2.205178531,-0.019605053
1734523578.238765717,7,0,-6.345195325,-2.087841601,-0.198582058
1734523578.238765717,7,1,-7.739912730,-6.257398411,-0.066582774
1734523578.238765717,7,2,-0.714557116,-3.786926935,-0.060348968
1734523578.238765717,7,3,-11.652359257,0.382337260,0.133445189
1734523578.238765717,7,4,-4.571243951,2.239916888,-0.012227026
1734523578.238765717,7,5,-2.948692587,-7.443297776,-0.143510480
1734523578.238765717,7,6,-8.157805022,3.051565571,-0.022697736
1734523578.238765717,7,8,-7.193283581,-2.118032337,0.143563020
1734523578.238765717,7,9,-2.718200039,6.579469308,-0.030525588
1734523578.308765650,8,0,-4.226073588,-3.540708460,-0.015292816
1734523578.308765650,8,1,-4.610563983,0.869865488,0.136511385
1734523578.308765650,8,2,-9.825035807,-4.248081826,-0.035698962
1734523578.308765650,8,3,1.334820739,-4.417984793,-0.000549197
1734523578.308765650,8,4,-4.072065023,-8.727801345,-0.009402904
1734523578.308765650,8,5,-9.965509737,-0.570921655,0.059390187
1734523578.308765650,8,6,0.131936963,-7.392276369,-0.017136254
1734523578.308765650,8,7,-5.491881569,-5.105301475,-0.158536071
1734523578.308765650,8,9,-1.729520639,-7.294603371,0.217990870
1734523578.368765831,9,0,-10.502867175,-0.565798153,0.008856166
1734523578.368765831,9,1,-7.497227359,0.046283128,-0.198594567
1734523578.368765831,9,2,-8.612008738,-5.354294576,-0.263797664
1734523578.368765831,9,3,-8.433236254,4.847505145,-0.024568550
1734523578.368765831,9,4,-4.785010144,-0.198285541,0.007866898
1734523578.368765831,9,5,-7.066944787,-2.507885576,0.137117898
1734523578.368765831,9,6,-5.608743483,4.073282380,0.058635945
1734523578.368765831,9,7,-5.653823304,-5.461131238,-0.013704218
1734523578.368765831,9,8,-7.076980763,2.477698727,0.165385315
1734523578.428765774,0,1,4.764162127,0.111417622,0.262442905
1734523578.428765774,0,2,-0.657577734,7.460748939,0.393467655
1734523578.428765774,0,3,0.223029669,-5.504697653,0.265059699
1734523578.428765774,0,4,-4.712956599,-0.846774361,-0.256078671
1734523578.428765774,0,5,3.316292636,5.181441870,0.023316513
1734523578.428765774,0,6,-3.317426970,-4.498258450,-0.092907264
1734523578.428765774,0,7,-4.851739369,4.922453001,-0.003828412
1734523578.428765774,0,8,3.999284984,-4.657837462,-0.011731312
1734523578.428765774,0,9,-9.623792013,-1.049599935,-0.042530981
1734523578.488765717,1,0,-4.614880982,0.062748998,-0.042354283
1734523578.488765717,1,2,-5.126955324,5.435870773,-0.028140848
1734523578.488765717,1,3,-4.977289225,-5.760660653,-0.001847377
1734523578.488765717,1,4,-9.350277721,-0.285128355,0.012325039
1734523578.488765717,1,5,-1.099671939,4.731813439,-0.109007542
1734523578.488765717,1,6,-8.200223351,-4.096233841,0.155141217
1734523578.488765717,1,7,-9.068862472,4.772508491,0.028200844
1734523578.488765717,1,8,-0.981563379,-4.603004928,0.198255152
1734523578.488765717,1,9,-7.480827858,-0.502621490,0.185973649
1734523578.548765659,2,0,-6.179186545,-0.432613093,-0.235670975
1734523578.548765659,2,1,-5.663667603,-5.458455819,0.039877769
1734523578.548765659,2,3,-10.449353459,-0.085123641,0.047484871
1734523578.548765659,2,4,-5.371746333,3.816940715,0.017367259
1734523578.548765659,2,5,-0.514280387,-4.086327790,0.004473510
1734523578.548765659,2,6,-9.588070479,3.369882343,0.001363135
1734523578.548765659,2,7,-0.627712859,3.919409414,0.030985992
1734523578.548765659,2,8,-10.042940708,-4.069657006,0.036864515
1734523578.548765659,2,9,-6.058236706,9.060183614,-0.040183893
1734523578.608765841,3,0,-5.086309408,0.495971830,0.027717362
1734523578.608765841,3,1,-5.396178471,5.287851362,-0.020646077
1734523578.608765841,3,2,-12.327439033,0.550457055,-0.166352132
1734523578.608765841,3,4,-5.080771398,-4.075686798,0.024212586
1734523578.608765841,3,5,-9.310004449,3.901850361,-0.043426843
1734523578.608765841,3,6,-1.393662230,-3.412027893,0.087434208
1734523578.608765841,3,7,-10.659526478,-3.460102766,0.028279866
1734523578.608765841,3,8,-0.855333361,4.457063455,0.075540880
1734523578.608765841,3,9,-5.649801250,-9.561543059,-0.032437560
1734523578.678765774,4,0,-5.923379152,4.599770579,-0.075432348
1734523578.678765774,4,1,-6.743072053,5.145266990,0.067697788
1734523578.678765774,4,2,-7.048458600,-1.789459829,0.068427440
1734523578.678765774,4,3,0.021283055,6.987282504,0.015232294
1734523578.678765774,4,5,-8.567830407,0.890595851,-0.019982190
1734523578.678765774,4,6,2.132637275,3.654046399,-0.013893381
1734523578.678765774,4,7,-3.766118228,-4.267199816,-0.183651665
1734523578.678765774,4,8,-3.617651564,8.391742387,-0.044712130
1734523578.678765774,4,9,4.024212136,-3.100084013,0.181115283
1734523578.738765717,5,0,-3.498147697,4.977640290,0.007977345
1734523578.738765717,5,1,-5.252642382,0.620104118,0.024115528
1734523578.738765717,5,2,2.043442818,3.719777435,0.246912364
1734523578.738765717,5,3,-8.638544745,6.974666928,-0.140951103
1734523578.738765717,5,4,-2.197929910,9.940941304,0.099978348
1734523578.738765717,5,6,-3.964731509,6.363306504,0.198076739
1734523578.738765717,5,7,2.886825177,8.162467975,-0.035302640
1734523578.738765717,5,8,-9.063925787,3.323596189,-0.277155899
1734523578.738765717,5,9,-0.575846272,7.477281427,0.093078089
1734523578.798765659,6,0,-0.801382547,5.287815153,0.072945576
1734523578.798765659,6,1,2.159188494,9.752942045,0.000225402
1734523578.798765659,6,2,-5.667442495,9.361136245,0.231471172
1734523578.798765659,6,3,3.380085802,2.107781080,0.017382863
1734523578.798765659,6,4,-3.452422103,1.907594007,0.191708984
1734523578.798765659,6,5,-1.741430187,7.294284281,-0.104104410
1734523578.798765659,6,7,-8.517496575,5.948952136,-0.043593369
1734523578.798765659,6,8,4.885245569,5.386972031,0.245283185
1734523578.798765659,6,9,-6.811046379,-2.281278876,-0.054500339
1734523578.868765831,7,0,-6.219307283,-2.206725306,0.001664852
1734523578.868765831,7,1,-8.076249390,-6.601361690,-0.025065299
1734523578.868765831,7,2,-0.657368233,-3.810963494,-0.090208179
1734523578.868765831,7,3,-12.526116702,0.180640246,0.056290054
1734523578.868765831,7,4,-4.664975926,2.240449745,0.012315019
1734523578.868765831,7,5,-3.242881575,-7.410591670,-0.132455406
1734523578.868765831,7,6,-8.770039367,3.134732799,-0.039567848
1734523578.868765831,7,8,-7.105749757,-2.394509949,-0.156979285
1734523578.868765831,7,9,-3.197150810,7.408806091,0.017947591
1734523578.928765774,8,0,-4.803912161,-4.294659894,-0.050250358
1734523578.928765774,8,1,-4.690370696,1.070664535,-0.024542273
1734523578.928765774,8,2,-6.786508688,-3.187885220,-0.175178904
1734523578.928765774,8,3,1.102937881,-4.060744516,0.108162674
1734523578.928765774,8,4,-4.096723224,-8.543911604,-0.064842598
1734523578.928765774,8,5,-9.684432530,-0.653554582,-0.178257379
1734523578.928765774,8,6,0.020539019,-8.154713075,0.014041885
1734523578.928765774,8,9,-1.612187810,-7.324440363,-0.058513594
1734523578.998765707,9,0,-10.836353880,-0.040500595,-0.136781293
1734523578.998765707,9,1,-7.496337537,0.203893253,-0.115546818
1734523578.998765707,9,2,-10.294849637,-6.055300012,-0.057210700
1734523578.998765707,9,3,-9.907603893,5.981025286,-0.086348975
1734523578.998765707,9,4,-5.373284053,-0.032160008,-0.010323965
1734523578.998765707,9,5,-7.005711250,-2.677605109,0.020994181
1734523578.998765707,9,6,-5.606889591,4.106074830,0.020513624
1734523578.998765707,9,7,-5.918512769,-5.537421656,0.008632796
1734523578.998765707,9,8,-7.077128141,2.480773304,0.100105425
1734523579.058765650,0,1,4.733839459,0.546224690,0.098898358
1734523579.058765650,0,2,-0.568404033,4.968100256,-0.154949797
1734523579.058765650,0,3,-0.169646736,-5.525996843,0.022572112
1734523579.058765650,0,4,-4.599769133,-0.619825304,0.020233852
1734523579.058765650,0,5,3.144657484,4.978718515,0.047085801
1734523579.058765650,0,6,-3.539210290,-4.490592458,0.016774758
1734523579.058765650,0,7,-4.496940312,4.519510565,0.042404754
1734523579.058765650,0,8,3.881064386,-4.573976507,0.054659237
1734523579.058765650,0,9,-7.460356163,-0.750096986,-0.174471867
1734523579.128765821,1,0,-5.174100583,0.128973094,0.100381776
1734523579.128765821,1,2,-5.158797964,5.449972614,-0.007155010
1734523579.128765821,1,3,-5.525037988,-6.407927888,-0.034584036
1734523579.128765821,1,4,-10.169862703,-0.589476091,-0.038860002
1734523579.128765821,1,5,-1.275599624,5.147076813,0.244723996
1734523579.128765821,1,6,-9.063518764,-4.628634990,-0.047802492
1734523579.128765821,1,7,-9.547595833,4.889954336,-0.001239949
1734523579.128765821,1,8,-1.336303065,-4.722589380,0.064367860
1734523579.128765821,1,9,-7.483065895,-0.499735263,-0.063162269
1734523579.188765764,2,0,-5.760818955,-0.645266790,0.066489392
1734523579.188765764,2,1,-5.587995380,-5.463210274,-0.020999758
1734523579.188765764,2,3,-11.735252946,-0.206746235,0.081028695
1734523579.188765764,2,4,-6.087026687,4.381503732,0.023046717
1734523579.188765764,2,5,-0.470313325,-4.147202398,-0.072433040
1734523579.188765764,2,6,-9.811264333,3.357918843,-0.109437741
1734523579.188765764,2,7,-0.486636543,3.861072150,0.105375623
1734523579.188765764,2,8,-10.433326761,-4.141839178,-0.043232732
1734523579.188765764,2,9,-6.548300875,9.870650217,0.046007946
1734523579.258765697,3,0,-5.551013130,0.517827891,0.068942338
1734523579.258765697,3,1,-5.508571321,5.429670314,0.032501173
1734523579.258765697,3,2,-12.363651190,0.603108449,0.036240035
1734523579.258765697,3,4,-5.459576456,-4.004196213,-0.116227268
1734523579.258765697,3,5,-11.099232861,4.689227051,-0.012979265
1734523579.258765697,3,6,-1.472498608,-3.726306906,-0.008059325
1734523579.258765697,3,7,-10.166046832,-3.305061335,-0.161409188
1734523579.258765697,3,8,-0.663904643,3.890863341,-0.046436024
1734523579.258765697,3,9,-5.342597043,-9.348272368,0.143816826
1734523579.328765869,4,0,-5.737330815,4.817521008,0.352883064
1734523579.328765869,4,1,-7.496961375,6.117118645,0.151238538
1734523579.328765869,4,2,-7.672490422,-1.762671551,0.007274131
1734523579.328765869,4,3,0.256350921,7.160019947,-0.018633979
1734523579.328765869,4,5,-10.388594962,1.537095601,0.085380097
1734523579.328765869,4,6,1.995973375,3.320978597,0.004654502
1734523579.328765869,4,7,-3.506575875,-3.595783896,-0.012715965
1734523579.328765869,4,8,-3.598739637,9.253163651,0.053263038
1734523579.328765869,4,9,4.181659754,-3.032747971,-0.136298686
1734523579.388765812,5,0,-3.611832609,4.921755118,-0.005157209
1734523579.388765812,5,1,-5.157314701,0.566027729,0.143779130
1734523579.388765812,5,2,1.744981526,3.346221114,0.042270463
1734523579.388765812,5,3,-8.473409265,6.626311961,-0.043590202
1734523579.388765812,5,4,-2.903196078,10.873082779,-0.034243614
1734523579.388765812,5,6,-4.019169430,6.331980483,-0.047960985
1734523579.388765812,5,7,2.529657608,7.665390750,0.014518174
1734523579.388765812,5,8,-8.706951628,2.757919620,0.050634745
1734523579.388765812,5,9,-0.695527741,7.464618031,0.213819576
1734523579.458765745,6,0,-0.969027191,5.895504014,0.019787925
1734523579.458765745,6,1,2.003753105,9.414025872,-0.060290149
1734523579.458765745,6,2,-5.504025853,9.072744630,-0.102165635
1734523579.458765745,6,3,3.369252651,2.101281810,-0.003654381
1734523579.458765745,6,4,-3.734864094,1.987713879,0.003491612
1734523579.458765745,6,7,-6.917955103,4.996815726,-0.039693652
1734523579.458765745,6,8,5.145741242,5.656089590,-0.111157158
1734523579.458765745,6,9,-6.760471023,-2.370096177,-0.051778479
1734523579.518765688,7,0,-5.969642833,-2.281783445,0.086725177
1734523579.518765688,7,1,-7.931897539,-6.684460271,0.009710177
1734523579.518765688,7,2,-1.054774038,-3.946208441,0.088503127
1734523579.518765688,7,3,-11.231353905,0.246669579,0.014952608
1734523579.518765688,7,4,-4.792572910,2.224703189,0.001352628
1734523579.518765688,7,5,-2.885713725,-7.099164025,0.174989400
1734523579.518765688,7,6,-9.248283103,3.167669433,-0.013605370
1734523579.518765688,7,8,-7.163271558,-2.217601011,-0.140663940
1734523579.518765688,7,9,-3.117751748,7.048643349,-0.029406854
1734523579.578765869,8,0,-4.687538375,-3.869827090,-0.022745906
1734523579.578765869,8,1,-4.779626971,0.862580922,-0.126069225
1734523579.578765869,8,2,-9.248586553,-3.949956473,-0.003525881
1734523579.578765869,8,3,1.324892160,-4.134161560,-0.041519535
1734523579.578765869,8,4,-3.637919979,-7.531107244,-0.025099536
1734523579.578765869,8,5,-11.014757786,-0.282789382,0.022072903
1734523579.578765869,8,6,0.024468822,-7.630091842,0.030431089
1734523579.578765869,8,7,-5.671810105,-4.906953858,0.048723422
1734523579.578765869,8,9,-1.893360435,-7.256872826,0.054617360
1734523579.638765812,9,0,-10.191633657,0.163387809,-0.091512431
1734523579.638765812,9,1,-7.497893922,0.147443797,0.099232357
1734523579.638765812,9,2,-9.788200265,-5.472855961,0.092862342
1734523579.638765812,9,3,-9.494631325,6.029305616,0.126858298
1734523579.638765812,9,4,-5.550777939,0.132433212,-0.031232743
1734523579.638765812,9,5,-7.101007862,-2.412232251,-0.082600948
1734523579.638765812,9,6,-5.193669977,4.092095528,0.149427983
1734523579.638765812,9,7,-6.056207551,-5.073608395,-0.114971104
1734523579.638765812,9,8,-7.015378055,2.650799807,-0.087926857
1734523579.708765745,0,1,4.880403588,0.401969267,-0.056298736
1734523579.708765745,0,2,-0.558366066,5.986326274,0.144555369
1734523579.708765745,0,3,0.118855833,-5.876251868,-0.068007282
1734523579.708765745,0,4,-5.197926233,-0.705110931,0.012302842
1734523579.708765745,0,5,3.375226747,5.259315818,-0.043137862
1734523579.708765745,0,6,-3.854507486,-4.583029114,0.117372893
1734523579.708765745,0,7,-4.640784094,4.755602833,-0.010942433
1734523579.708765745,0,8,3.861206744,-4.574538679,-0.002767299
1734523579.708765745,0,9,-10.287164673,-1.331323757,-0.119477163
1734523579.768765688,1,0,-7.483556102,0.400991339,0.292564542
1734523579.768765688,1,2,-5.276253082,5.542820910,0.009696531
1734523579.768765688,1,3,-4.952854800,-5.868133345,-0.017717128
1734523579.768765688,1,4,-9.263310492,-0.700680491,0.182344779
1734523579.768765688,1,5,-1.183676356,5.028640550,0.086177264
1734523579.768765688,1,6,-7.794083845,-4.070644694,-0.087969236
1734523579.768765688,1,7,-8.450652553,4.500674673,-0.097166373
1734523579.768765688,1,8,-1.364884549,-4.727479077,-0.131185676
1734523579.768765688,1,9,-7.484275666,-0.434925381,0.215540396
1734523579.828765869,2,0,-7.481170511,-0.463058185,-0.260124789
1734523579.828765869,2,1,-5.339449028,-5.113842823,0.042609915
1734523579.828765869,2,3,-11.298915683,-0.318325283,0.034702206
1734523579.828765869,2,4,-5.314440146,3.752781918,0.022164547
1734523579.828765869,2,5,-0.497743058,-4.037674272,-0.016377042
1734523579.828765869,2,6,-10.404341195,3.621155027,-0.099889082
1734523579.828765869,2,7,-0.286616558,4.178669306,-0.026842787
1734523579.828765869,2,8,-10.112263548,-4.061395732,-0.022533364
1734523579.828765869,2,9,-6.485346520,9.582117737,-0.060199210
1734523579.888765812,3,0,-6.088497214,0.628073454,-0.201265256
1734523579.888765812,3,1,-5.637077494,5.553545268,-0.025558318
1734523579.888765812,3,2,-10.675649772,0.628439704,-0.141747395
1734523579.888765812,3,4,-6.265991140,-4.710449112,-0.126408695
1734523579.888765812,3,5,-11.402626049,4.759165641,0.017160650
1734523579.888765812,3,6,-1.331025493,-3.372767280,0.009462581
1734523579.888765812,3,7,-11.061943432,-3.679497109,-0.089520983
1734523579.888765812,3,8,-0.877599321,4.179950846,0.071862841
1734523579.888765812,3,9,-5.556848371,-9.631181995,-0.028186480
1734523579.958765745,4,0,-4.241654052,3.337297550,0.161177300
1734523579.958765745,4,1,-7.413433217,5.869727112,-0.251871894
1734523579.958765745,4,2,-7.441152403,-1.510875923,-0.020167709
1734523579.958765745,4,3,0.398225080,7.265693653,0.035531397
1734523579.958765745,4,5,-9.399261336,1.706117661,-0.136711584
1734523579.958765745,4,6,2.109648288,3.418868205,0.001252876
1734523579.958765745,4,7,-3.883222414,-3.775628134,-0.004352676
1734523579.958765745,4,8,-3.212582597,8.925980419,0.007539175
1734523579.958765745,4,9,3.479105057,-2.809283268,0.016000574
1734523580.018765688,5,0,-3.823635423,4.913590719,-0.009002203
1734523580.018765688,5,1,-4.416965318,0.328196361,0.136654557
1734523580.018765688,5,2,1.700480389,3.237712071,-0.007183385
1734523580.018765688,5,3,-9.092623757,6.699749776,0.052300347
1734523580.018765688,5,4,-2.659353832,9.051970984,-0.178312326
1734523580.018765688,5,6,-4.099881394,6.280138691,-0.028819769
1734523580.018765688,5,7,2.063425077,7.378460785,0.103617181
1734523580.018765688,5,8,-8.947658805,2.361735820,-0.161855553
1734523580.018765688,5,9,-0.900860268,7.443224084,-0.192005256
1734523580.078765869,6,0,-1.064609683,5.851150425,-0.262137701
1734523580.078765869,6,1,2.019106395,9.662783510,0.016162473
1734523580.078765869,6,2,-5.963314850,9.356842569,0.186239927
1734523580.078765869,6,3,3.394696574,2.082360172,0.042261686
1734523580.078765869,6,4,-3.824927063,2.041366035,0.007234372
1734523580.078765869,6,5,-1.644936791,7.317124170,0.062264212
1734523580.078765869,6,7,-7.082278566,5.256622000,0.018487609
1734523580.078765869,6,8,5.286856303,6.106298231,0.274891547
1734523580.078765869,6,9,-6.582606075,-2.341054402,-0.003282840
1734523580.138765812,7,0,-6.393269970,-2.396952451,0.004476536
1734523580.138765812,7,1,-8.097054981,-6.953053960,-0.070034810
1734523580.138765812,7,2,-0.732901257,-3.989310985,-0.146463969
1734523580.138765812,7,3,-12.186403848,0.028872413,0.012567363
1734523580.138765812,7,4,-5.004185987,2.232400096,-0.006127816
1734523580.138765812,7,5,-3.360648564,-8.315544453,0.102894322
1734523580.138765812,7,6,-8.893531523,2.971804279,-0.058272821
1734523580.138765812,7,8,-7.086274881,-2.451777863,0.153276304
1734523580.138765812,7,9,-3.291537363,7.028577542,-0.021464323
1734523580.208765745,8,0,-5.068623538,-4.138951494,-0.022063102
1734523580.208765745,8,1,-4.990995611,0.813056787,-0.008156980
1734523580.208765745,8,2,-10.095438164,-4.314340740,0.071361445
1734523580.208765745,8,3,1.199306812,-3.585542149,-0.174432742
1734523580.208765745,8,4,-3.979711545,-8.572266106,-0.085367477
1734523580.208765745,8,5,-9.816214160,-0.553760133,-0.191710247
1734523580.208765745,8,6,0.052371495,-7.036939666,-0.029013683
1734523580.208765745,8,7,-5.572355463,-5.019177755,0.081910107
1734523580.268765688,9,0,-10.258432662,0.186267723,0.123652872
1734523580.268765688,9,1,-7.492555423,0.259004133,-0.211021541
1734523580.268765688,9,2,-10.360661892,-5.495943373,0.005729064
1734523580.268765688,9,3,-8.595632862,5.731420730,0.056840796
1734523580.268765688,9,4,-5.469940399,0.203470854,-0.024380312
1734523580.268765688,9,5,-7.205808860,-2.075802467,-0.131767955
1734523580.268765688,9,6,-5.838479357,4.578208679,-0.082703477
1734523580.268765688,9,7,-5.574875410,-4.702308352,0.031710710
1734523580.268765688,9,8,-6.956268653,2.795965827,-0.207126832
1734523580.328765869,0,1,4.768452107,0.442191198,-0.027275298
1734523580.328765869,0,2,-0.838190577,5.459616671,0.132878169
1734523580.328765869,0,3,0.261677449,-5.770908965,0.183512869
1734523580.328765869,0,4,-4.656134988,-0.644004850,-0.017069800
1734523580.328765869,0,5,3.360497389,5.352278566,-0.041228038
1734523580.328765869,0,6,-4.757313430,-5.798076297,-0.016738483
1734523580.328765869,0,7,-4.701569327,4.802500314,-0.040584230
1734523580.328765869,0,8,4.089146769,-4.791794798,0.022789435
1734523580.328765869,0,9,-9.117109549,-1.108763099,0.179822405
1734523580.398765802,1,0,-5.157028235,-0.037096831,0.273133441
1734523580.398765802,1,2,-5.348211420,5.569733251,0.032755461
1734523580.398765802,1,3,-5.217883984,-6.100959172,0.055560497
1734523580.398765802,1,4,-8.953623062,-0.444592444,-0.054344052
1734523580.398765802,1,5,-1.295785784,4.830025468,0.212500305
1734523580.398765802,1,6,-8.426978184,-4.298142376,-0.186620678
1734523580.398765802,1,7,-9.378918521,5.018042512,0.029501491
1734523580.398765802,1,8,-1.231258815,-4.238284387,0.008399621
1734523580.458765745,2,0,-5.585175882,-0.325369827,0.139507606
1734523580.458765745,2,1,-5.409597350,-5.287798704,-0.003959783
1734523580.458765745,2,3,-11.038351992,-0.125526584,0.282204387
1734523580.458765745,2,4,-6.429537028,4.370332323,0.003154163
1734523580.458765745,2,5,-0.350023495,-3.540498282,0.094120490
1734523580.458765745,2,6,-11.034667245,3.732550184,0.053615995
1734523580.458765745,2,7,-0.255440790,3.630505969,-0.123120175
1734523580.458765745,2,8,-10.755573332,-4.293519041,0.018320428
1734523580.458765745,2,9,-6.334609791,9.106044303,0.049746204
1734523580.518765688,3,0,-5.190382178,0.448540958,0.196569218
1734523580.518765688,3,1,-5.844261899,5.733147684,0.045997203
1734523580.518765688,3,2,-11.204908808,0.592772562,0.091364711
1734523580.518765688,3,4,-5.274541467,-3.767172342,-0.079055922
1734523580.518765688,3,5,-10.836018416,4.458427052,-0.095729600
1734523580.518765688,3,6,-1.494246745,-3.652043768,-0.029083772
1734523580.518765688,3,7,-11.634422629,-4.078332237,-0.000005929
1734523580.518765688,3,8,-1.688974497,7.268578158,-0.751755755
1734523580.518765688,3,9,-5.494104651,-9.499662740,0.035873079
1734523580.578765869,4,0,-4.175637537,3.327164167,-0.233985224
1734523580.578765869,4,1,-7.678189325,6.256333156,0.036032111
1734523580.578765869,4,2,-8.019145794,-1.596581640,0.006292777
1734523580.578765869,4,3,0.467009458,6.980689118,-0.018733654
1734523580.578765869,4,5,-9.607844810,1.686184310,0.007624207
1734523580.578765869,4,6,2.233716270,3.458692617,0.008472682
1734523580.578765869,4,7,-3.994469373,-3.849390865,-0.006182090
1734523580.578765869,4,8,-2.785101010,8.840556684,0.093518761
1734523580.578765869,4,9,5.540614221,-5.048701451,0.249414739
1734523580.638765812,5,0,-3.635143228,4.415806327,-0.037127083
1734523580.638765812,5,1,-4.921687594,-0.019970160,-0.095047016
1734523580.638765812,5,2,1.298061826,3.471114470,-0.211075990
1734523580.638765812,5,3,-10.251575223,7.082322724,-0.046689015
1734523580.638765812,5,4,-2.941055557,8.840845963,0.109675533
1734523580.638765812,5,6,-4.568060146,5.945049716,-0.198016087
1734523580.638765812,5,7,2.111530574,7.190711463,-0.291731552
1734523580.638765812,5,8,-8.824232850,2.494510521,0.027449352
1734523580.638765812,5,9,-0.785683523,7.457976229,-0.106263691
1734523580.708765745,6,0,-1.074860233,5.967712878,0.011426671
1734523580.708765745,6,1,1.598006255,9.122550944,-0.060761754
1734523580.708765745,6,2,-5.948152488,9.588765559,-0.095584781
1734523580.708765745,6,3,3.322417641,2.012222840,0.033695509
1734523580.708765745,6,4,-3.590719592,1.928294739,-0.013953813
1734523580.708765745,6,5,-1.730560890,7.297270869,-0.070688512
1734523580.708765745,6,7,-7.307748506,5.347566508,0.084885365
1734523580.708765745,6,8,5.065313980,5.728349722,-0.227007172
1734523580.708765745,6,9,-6.881383201,-2.488244787,0.000659385
1734523580.778765678,7,0,-6.021374734,-2.384344763,-0.032682361
1734523580.778765678,7,1,-7.420985552,-6.710370161,-0.025861460
1734523580.778765678,7,2,-0.608469017,-3.753946955,0.050948527
1734523580.778765678,7,3,-11.215396750,-0.080374547,-0.097829402
1734523580.778765678,7,4,-5.257985996,2.244251678,-0.032946303
1734523580.778765678,7,5,-2.276121363,-6.250796059,-0.116397916
1734523580.778765678,7,6,-9.151313380,2.901493356,-0.063519013
1734523580.778765678,7,8,-7.111347747,-2.382973530,0.013052687
1734523580.778765678,7,9,-3.812910197,7.904882023,-0.026433721
1734523580.838765860,8,0,-4.737794184,-3.817436696,0.008582624
1734523580.838765860,8,1,-4.847242459,1.068344332,-0.081282591
1734523580.838765860,8,2,-10.655050012,-4.404813144,0.014557458
1734523580.838765860,8,3,1.106921950,-3.488385254,0.128709503
1734523580.838765860,8,4,-4.123376022,-9.025408605,-0.021722115
1734523580.838765860,8,5,-10.054750058,-0.513841589,-0.012357384
1734523580.838765860,8,6,0.009107403,-8.205669443,-0.001147519
1734523580.838765860,8,7,-5.598479869,-4.987408181,0.181060204
1734523580.838765860,8,9,-1.848411035,-7.266629702,-0.171666604
1734523580.898765802,9,0,-9.120625251,0.441540857,-0.100947828
1734523580.898765802,9,1,-7.482208762,0.455015868,-0.243952046
1734523580.898765802,9,2,-10.397604600,-5.271141439,-0.066679289
1734523580.898765802,9,3,-9.069675006,6.317778497,-0.034863317
1734523580.898765802,9,4,-5.276273443,0.297747186,-0.020013796
1734523580.898765802,9,5,-7.185323626,-2.149114514,0.049307105
1734523580.898765802,9,6,-5.371757411,4.129012370,0.026125426
1734523580.898765802,9,7,-6.076496358,-5.069288371,0.019099829
1734523580.898765802,9,8,-6.970656346,2.767232731,0.048714717
1734523580.968765736,0,1,4.328688231,0.447089394,0.048292450
1734523580.968765736,0,2,-0.510686900,6.186635887,0.078876790
1734523580.968765736,0,3,0.017891255,-6.074745100,-0.265972458
1734523580.968765736,0,4,-4.608789638,-0.641758232,0.017805973
1734523580.968765736,0,5,2.884002666,4.627352809,0.004444611
1734523580.968765736,0,6,-3.484199094,-4.214465469,0.001597657
1734523580.968765736,0,7,-4.646014587,4.785898128,0.005484794
1734523580.968765736,0,8,3.874581885,-4.629690973,0.040269946
1734523580.968765736,0,9,-8.312171381,-1.103989856,0.155298516
1734523581.028765678,1,0,-7.494504553,-0.117212875,0.262035597
1734523581.028765678,1,2,-5.339195225,5.525129110,0.024054983
1734523581.028765678,1,3,-5.276591721,-6.145376280,-0.042066146
1734523581.028765678,1,4,-8.914823567,-0.472837720,0.021325403
1734523581.028765678,1,5,-1.820334706,7.266109219,-0.374217024
1734523581.028765678,1,6,-8.694523745,-4.684822375,0.035466625
1734523581.028765678,1,7,-9.787736935,5.010256605,0.051635665
1734523581.028765678,1,8,-1.315284531,-4.786396139,0.049436711
1734523581.028765678,1,9,-7.482805973,-0.507352973,-0.014412831
1734523581.088765860,2,0,-5.067403464,-0.584599514,0.017359743
1734523581.088765860,2,1,-5.470158003,-5.243304607,-0.036378422
1734523581.088765860,2,3,-7.496193264,-0.204302491,-0.123883200
1734523581.088765860,2,4,-6.382597111,4.398912748,-0.091597334
1734523581.088765860,2,5,-0.515113154,-4.213868030,0.167220613
1734523581.088765860,2,6,-9.723516421,3.342964930,0.007218941
1734523581.088765860,2,7,-0.457961232,4.047710424,-0.074375735
1734523581.088765860,2,8,-10.248037905,-4.047084024,0.086270905
1734523581.088765860,2,9,-6.529825650,9.613195907,0.089161051
1734523581.158765793,3,0,-5.986932256,0.778225673,-0.013935593
1734523581.158765793,3,1,-5.558319300,5.402546262,0.024409337
1734523581.158765793,3,2,-11.848019020,0.307008222,0.172314197
1734523581.158765793,3,4,-5.150464771,-3.793329538,0.064679256
1734523581.158765793,3,5,-10.785527189,4.446010106,-0.083380215
1734523581.158765793,3,6,-1.535307452,-3.726203820,-0.014632435
1734523581.158765793,3,7,-10.506057049,-3.391240499,0.074386335
1734523581.158765793,3,8,-0.930028688,3.550066693,0.185359314
1734523581.158765793,3,9,-5.464409218,-9.308887216,0.013732935
1734523581.218765736,4,0,-3.224673600,2.815755291,0.119346098
1734523581.218765736,4,1,-6.656033871,6.010246232,0.099190234
1734523581.218765736,4,2,-6.869099636,-1.282851488,0.005547088
1734523581.218765736,4,3,0.564768702,6.831501233,-0.027580978
1734523581.218765736,4,5,-9.424391810,1.819087845,0.079002246
1734523581.218765736,4,6,2.435451964,3.689567770,-0.002568721
1734523581.218765736,4,7,-5.584526660,-5.004655086,0.128411255
1734523581.218765736,4,8,-2.964482911,9.128587692,0.061192864
1734523581.218765736,4,9,3.746668066,-3.382324551,-0.138750918
1734523581.278765678,5,0,-4.027649233,4.652324620,0.028635963
1734523581.278765678,5,1,-5.028690011,-0.029295076,-0.237898436
1734523581.278765678,5,2,2.645081421,7.011073519,-0.313675612
1734523581.278765678,5,3,-9.318898989,6.221263493,0.049634417
1734523581.278765678,5,4,-2.388171213,7.109608830,0.010026847
1734523581.278765678,5,6,-4.787307059,5.772600070,0.093699257
1734523581.278765678,5,7,1.721869183,7.279523806,-0.123067693
1734523581.278765678,5,8,-8.291280565,2.015821524,0.006858153
1734523581.278765678,5,9,-1.121158957,7.414941529,-0.107910682
1734523581.338765860,6,0,-0.985681473,5.716530218,0.029924981
1734523581.338765860,6,1,1.882177608,9.471712567,0.023807220
1734523581.338765860,6,2,-5.715645857,9.493334209,0.135331823
1734523581.338765860,6,3,3.442167946,2.077986511,0.007292335
1734523581.338765860,6,4,-3.606935261,1.898321257,0.004363136
1734523581.338765860,6,5,-1.772883427,7.283655560,0.235044768
1734523581.338765860,6,7,-7.732021526,5.567373440,-0.004019698
1734523581.338765860,6,8,4.631853426,5.892979424,0.262159018
1734523581.338765860,6,9,-6.793037233,-2.319058435,-0.018856901
1734523581.398765802,7,0,-6.560818971,-2.716346576,0.020361515
1734523581.398765802,7,1,-8.167016957,-7.640001863,-0.002753577
1734523581.398765802,7,2,-0.498855730,-4.200839833,-0.010947408
1734523581.398765802,7,3,-11.861472645,-0.624368304,-0.144906073
1734523581.398765802,7,4,-5.191201420,2.080921350,0.299483062
1734523581.398765802,7,5,-2.459552234,-7.625660967,-0.006906083
1734523581.398765802,7,6,-9.420855688,2.647709722,-0.006100841
1734523581.398765802,7,8,-7.031194287,-2.602145806,-0.202840084
1734523581.398765802,7,9,-3.598814798,7.068445896,-0.048999810
1734523581.458765745,8,0,-4.758189821,-3.872369082,-0.011839900
1734523581.458765745,8,1,-4.973434828,1.081865276,0.113077295
1734523581.458765745,8,2,-10.279579886,-4.292279844,-0.011524256
1734523581.458765745,8,3,0.969703488,-3.540092059,-0.193746217
1734523581.458765745,8,4,-4.134239941,-7.958986190,-0.060952602
1734523581.458765745,8,5,-9.113311492,-0.378097181,0.138441165
1734523581.458765745,8,6,0.023725566,-7.448811734,0.001616094
1734523581.458765745,8,9,-1.893119012,-7.255331652,0.162058727
1734523581.528765678,9,0,-10.216604441,0.570619441,-0.158453199
1734523581.528765678,9,2,-10.401935537,-4.990907836,-0.147879362
1734523581.528765678,9,3,-8.664431147,6.289354446,0.002598314
1734523581.528765678,9,4,-5.215628030,0.391349359,-0.026650976
1734523581.528765678,9,5,-7.282904218,-1.791285882,0.024515973
1734523581.528765678,9,6,-4.898553844,4.269063465,-0.076488717
1734523581.528765678,9,7,-6.839418310,-5.591933826,-0.269073200
1734523581.528765678,9,8,-6.870288387,3.007595837,-0.059200953
1734523581.588765860,0,1,7.458056558,0.646898615,0.457071718
1734523581.588765860,0,2,-0.636908841,6.277171219,-0.103412423
1734523581.588765860,0,3,0.135609484,-5.584134335,-0.267641179
1734523581.588765860,0,4,-4.852467798,-0.709544682,-0.015278841
1734523581.588765860,0,5,3.539126386,5.661982599,0.019747426
1734523581.588765860,0,6,-3.782674874,-4.502970766,0.003790631
1734523581.588765860,0,7,-4.781307695,4.862955848,0.024915808
1734523581.588765860,0,8,3.868073175,-4.708395935,-0.001788425
1734523581.588765860,0,9,-10.531908111,-1.386710990,0.002993170
1734523581.648765802,1,0,-4.965414907,-0.190928296,0.093106834
1734523581.648765802,1,2,-5.348018042,5.662494382,0.008858793
1734523581.648765802,1,3,-5.147265777,-6.062882356,-0.064083238
1734523581.648765802,1,4,-9.301059362,-0.597310431,0.014692193
1734523581.648765802,1,5,-1.337674396,4.951847267,0.129693038
1734523581.648765802,1,6,-7.922662696,-4.228480150,-0.057487943
1734523581.648765802,1,7,-10.000867077,5.381094017,-0.079606356
1734523581.648765802,1,8,-1.171261520,-4.725450958,-0.108320298
1734523581.648765802,1,9,-7.484953299,-0.455736917,0.133334048
1734523581.708765745,2,0,-5.914346420,-0.663243291,0.149408055
1734523581.708765745,2,1,-5.344571435,-5.234976506,0.005905491
1734523581.708765745,2,3,-9.708102892,-0.257082837,-0.147846391
1734523581.708765745,2,4,-6.022355670,4.627972278,-0.136517341
1734523581.708765745,2,5,-0.464484310,-3.852733650,-0.067430301
1734523581.708765745,2,6,-10.589206711,3.617313040,0.021775963
1734523581.708765745,2,7,-0.321210302,3.936760631,-0.001028908
1734523581.708765745,2,8,-10.267123313,-4.028879403,0.035096369
1734523581.708765745,2,9,-6.776406820,10.088694238,0.051349119
1734523581.768765688,3,0,-5.976973458,0.661769010,0.004482647
1734523581.768765688,3,1,-5.255703680,5.060565079,0.006455987
1734523581.768765688,3,2,-10.465937471,0.278387436,-0.099256355
1734523581.768765688,3,4,-6.618319616,-4.899925571,-0.089358135
1734523581.768765688,3,5,-11.258526465,4.544528550,-0.091060865
1734523581.768765688,3,6,-1.431369823,-3.424004163,0.039193149
1734523581.768765688,3,7,-11.118048677,-3.461531426,-0.061879225
1734523581.768765688,3,8,-0.812750430,3.321985385,-0.017534806
1734523581.768765688,3,9,-5.318752921,-9.128429354,0.046543019
1734523581.828765869,4,0,-3.544633355,2.922040163,-0.230355695
1734523581.828765869,4,1,-5.458445488,5.136850710,-0.261031877
1734523581.828765869,4,2,-7.033486524,-1.152327196,-0.026792804
1734523581.828765869,4,3,0.832673695,7.720635729,0.030246174
1734523581.828765869,4,5,-9.881366721,2.001436769,0.018230294
1734523581.828765869,4,6,2.430448884,3.568519958,-0.019435654
1734523581.828765869,4,7,-4.117590620,-3.885870613,-0.142625828
1734523581.828765869,4,8,-2.886696083,9.540128277,-0.029508647
1734523581.828765869,4,9,3.746344908,-3.187657588,-0.257494320
1734523581.898765802,5,0,-4.078787698,4.446119962,-0.025023346
1734523581.898765802,5,1,-5.429920183,-0.299622808,-0.022034998
1734523581.898765802,5,2,1.314995449,3.972765954,-0.183049455
1734523581.898765802,5,3,-9.298937141,5.750002681,0.071918545
1734523581.898765802,5,4,-3.125125211,8.102304757,-0.012932138
1734523581.898765802,5,7,1.672136030,7.771771674,-0.197113218
1734523581.898765802,5,8,-9.305333333,1.954190979,-0.261111367
1734523581.898765802,5,9,-1.426710597,7.363048659,0.003364968
1734523581.958765745,6,0,-1.006151320,5.880786702,0.004524245
1734523581.958765745,6,1,1.997618116,10.122101880,-0.072086610
1734523581.958765745,6,2,-6.009714473,9.643132656,-0.103773880
1734523581.958765745,6,3,3.311816992,1.978226793,-0.000450684
1734523581.958765745,6,4,-3.646817054,1.914618304,-0.027990279
1734523581.958765745,6,5,-1.857662839,7.263356509,0.206738953
1734523581.958765745,6,7,-6.651140367,4.805005822,0.175518299
1734523581.958765745,6,8,5.295627783,6.151539692,-0.093114208
1734523581.958765745,6,9,-7.182951417,-2.599518583,0.016971744
1734523582.018765688,7,0,-6.091070115,-2.745302733,-0.037489837
1734523582.018765688,7,1,-7.747323563,-7.477107587,-0.035368034
1734523582.018765688,7,2,-0.421392337,-3.198482666,0.059308945
1734523582.018765688,7,3,-11.404801837,-0.719468038,0.190155236
1734523582.018765688,7,4,-5.025794284,1.912226116,-0.032502233
1734523582.018765688,7,5,-2.253825809,-7.153329653,0.012004004
1734523582.018765688,7,6,-8.948803894,2.303036422,0.007918175
1734523582.018765688,7,8,-7.003291713,-2.683153369,-0.067772984
1734523582.018765688,7,9,-3.732704066,7.008093716,-0.030756798
1734523582.078765869,8,0,-4.547247361,-3.425425824,-0.043400636
1734523582.078765869,8,1,-5.003687376,1.167511002,0.173822159
1734523582.078765869,8,2,-10.465725104,-4.388717430,0.005418539
1734523582.078765869,8,3,1.179812762,-3.821919490,-0.082684001
1734523582.078765869,8,4,-4.564222394,-9.310120843,0.085151578
1734523582.078765869,8,5,-7.488731812,-0.267933044,-0.311621134
1734523582.078765869,8,6,-0.047919888,-7.711146962,-0.042357505
1734523582.078765869,8,7,-5.742994020,-4.821833809,0.133934338
1734523582.078765869,8,9,-1.866259017,-7.264021276,0.032744205
1734523582.138765812,9,0,-9.837371200,0.621574961,-0.166433260
1734523582.138765812,9,2,-10.402805274,-4.670673941,-0.128368441
1734523582.138765812,9,3,-9.036616665,6.950306518,-0.065783951
1734523582.138765812,9,4,-5.685353307,0.598568172,-0.009935223
1734523582.138765812,9,5,-7.321713448,-1.625006061,-0.043214505
1734523582.138765812,9,6,-5.745191265,4.592846149,-0.007267509
1734523582.138765812,9,7,-6.464860120,-4.788761969,-0.012874323
1734523582.138765812,9,8,-6.738118969,3.293385947,-0.036902181
1734523582.208765745,0,1,5.097882800,0.279864127,-0.050269396
1734523582.208765745,0,2,-0.980645471,6.465524525,0.126254241
1734523582.208765745,0,3,-0.009729462,-6.170988171,0.210229756
1734523582.208765745,0,4,-4.747061463,-0.683098339,0.002607340
1734523582.208765745,0,5,3.346070628,5.508463491,0.049693818
1734523582.208765745,0,6,-3.870796256,-4.729150611,0.166429170
1734523582.208765745,0,7,-4.922213443,5.014228856,-0.025616693
1734523582.208765745,0,8,3.836134501,-4.654214001,0.019151658
1734523582.208765745,0,9,-11.028108083,-1.480935309,0.014150447
1734523582.268765688,1,0,-4.513376952,-0.160135464,0.250533231
1734523582.268765688,1,2,-5.425223952,5.661224219,-0.020799640
1734523582.268765688,1,3,-5.129917615,-5.979860658,0.024302252
1734523582.268765688,1,4,-9.781420011,-0.547069567,0.045229875
1734523582.268765688,1,5,-1.551629904,4.927112700,-0.057343954
1734523582.268765688,1,6,-8.959383211,-4.497542681,-0.015603607
1734523582.268765688,1,7,-9.414645076,5.003397297,-0.075639716
1734523582.268765688,1,8,-1.088271926,-4.906850380,-0.001785272
1734523582.328765869,2,0,-5.618959491,-0.490285069,-0.059527220
1734523582.328765869,2,1,-5.655001343,-5.482340606,-0.060240411
1734523582.328765869,2,3,-7.494270147,-0.183848473,0.228286455
1734523582.328765869,2,4,-5.741874579,4.275721276,0.217091508
1734523582.328765869,2,5,-0.368491847,-3.840285989,-0.036867006
1734523582.328765869,2,6,-10.829102938,3.608135410,-0.010593708
1734523582.328765869,2,7,-0.463799286,3.632999720,0.159613470
1734523582.328765869,2,8,-11.062657604,-4.240879010,-0.021464336
1734523582.328765869,2,9,-6.870937109,10.276572336,0.003980630
1734523582.388765812,3,0,-5.785197432,0.496182350,0.091706662
1734523582.388765812,3,1,-5.838137787,5.650638817,-0.001271555
1734523582.388765812,3,2,-11.828149464,0.394609066,-0.063922410
1734523582.388765812,3,4,-5.408139089,-3.712315562,0.033249394
1734523582.388765812,3,5,-10.433664496,4.196934760,0.027087882
1734523582.388765812,3,6,-1.552366610,-3.678793062,0.011900675
1734523582.388765812,3,7,-11.578742491,-4.002241655,0.107483143
1734523582.388765812,3,8,-0.830819071,3.999498556,-0.059950881
1734523582.388765812,3,9,-3.558287032,-6.602161936,-0.007153148
1734523582.458765745,4,0,-3.155796801,2.599961150,-0.032756065
1734523582.458765745,4,1,-6.985187280,6.759140448,0.094117411
1734523582.458765745,4,2,-8.054408199,-1.272468536,0.011613910
1734523582.458765745,4,3,0.822128669,6.690340838,0.050967071
1734523582.458765745,4,5,-9.493564243,2.079874250,0.076420355
1734523582.458765745,4,6,2.391819561,3.396336004,-0.023681052
1734523582.458765745,4,7,-4.302067339,-3.816912837,0.185237600
1734523582.458765745,4,8,-2.384572201,8.182034233,0.030507847
1734523582.458765745,4,9,4.602814739,-3.910114972,0.087397665
1734523582.528765678,5,0,-4.370183739,4.527949811,-0.000561802
1734523582.528765678,5,1,-4.915053356,-0.348819676,0.006704349
1734523582.528765678,5,2,2.918751385,6.903395775,-0.272060888
1734523582.528765678,5,3,-10.456648218,6.077623141,0.017773265
1734523582.528765678,5,4,-3.511796197,8.664659286,-0.165580476
1734523582.528765678,5,6,-4.797563963,5.762146777,0.176194615
1734523582.528765678,5,7,1.816118528,8.765817034,-0.104092677
1734523582.528765678,5,8,-7.368844791,1.388334926,0.150507727
1734523582.528765678,5,9,-1.656964972,7.313752262,0.116167687
1734523582.588765860,6,0,-0.955933271,5.347625658,0.009486845
1734523582.588765860,6,1,1.917390173,9.830633248,-0.022672561
1734523582.588765860,6,2,-6.049383869,9.776975719,0.026055562
1734523582.588765860,6,3,3.629734951,2.127999934,0.015441653
1734523582.588765860,6,4,-6.893673829,2.952763421,-0.091920191
1734523582.588765860,6,5,-1.969776315,7.235159117,-0.149846006
1734523582.588765860,6,7,-6.107759092,4.347810977,0.204495918
1734523582.588765860,6,8,5.370989281,6.263973641,-0.118318463
1734523582.588765860,6,9,-6.616707057,-2.432525229,-0.011512123
1734523582.658765793,7,0,-6.282069796,-2.967062710,-0.030109385
1734523582.658765793,7,1,-7.486018364,-7.602795119,0.015640030
1734523582.658765793,7,2,-0.712052251,-3.671661894,-0.026948214
1734523582.658765793,7,3,-7.481214330,-0.529859921,0.026088640
1734523582.658765793,7,4,-5.129608986,1.887026121,-0.004796548
1734523582.658765793,7,5,-2.103855721,-6.876393292,-0.031465829
1734523582.658765793,7,6,-9.402066062,2.129344461,0.067761114
1734523582.658765793,7,8,-6.947728435,-2.817498869,-0.201915139
1734523582.658765793,7,9,-3.936662661,6.947298438,0.003945432
1734523582.718765736,8,0,-4.456267517,-3.300615081,0.065340076
1734523582.718765736,8,1,-4.881514732,1.016478544,0.027673322
1734523582.718765736,8,2,-10.198144689,-4.308128894,0.002937107
1734523582.718765736,8,3,1.338013855,-4.082754295,0.188201236
1734523582.718765736,8,4,-4.231988973,-8.760938861,-0.234661200
1734523582.718765736,8,5,-7.486077408,-0.437197421,-0.132300654
1734523582.718765736,8,6,-0.038170708,-7.788939090,0.048679858
1734523582.718765736,8,7,-5.813922611,-4.737902755,-0.024111284
1734523582.718765736,8,9,-1.829130331,-7.273352771,0.051202592
1734523582.778765678,9,0,-10.513980200,1.066883029,0.011671768
1734523582.778765678,9,2,-10.896049970,-4.664222331,-0.084776678
1734523582.778765678,9,3,-9.364051746,7.525751985,-0.003896071
1734523582.778765678,9,4,-5.334697255,0.624319483,-0.014570697
1734523582.778765678,9,5,-7.308829521,-1.678374710,-0.118614336
1734523582.778765678,9,6,-5.625958831,5.184899566,-0.017721003
1734523582.778765678,9,7,-7.128301039,-4.992475381,0.034078683
1734523582.778765678,9,8,-6.601394061,3.559629724,-0.025152946
1734523582.838765860,0,1,4.062580992,0.418762084,0.081665443
1734523582.838765860,0,2,-0.894309681,5.808754894,-0.205925157
1734523582.838765860,0,3,0.079051591,-6.112420247,-0.062395204
1734523582.838765860,0,4,-4.844048550,-0.671949059,-0.003270556
1734523582.838765860,0,5,3.302860137,5.419303604,-0.023577847
1734523582.838765860,0,6,-3.500796802,-4.669606408,0.247199119
1734523582.838765860,0,7,-4.916537440,5.005937830,-0.000529635
1734523582.838765860,0,8,4.039637236,-4.887315359,0.024301140
1734523582.838765860,0,9,-11.109312376,-1.547446304,0.240354009
1734523582.908765793,1,0,-4.698192698,-0.367306400,-0.009667141
1734523582.908765793,1,2,-5.659452779,6.139749055,0.001389474
1734523582.908765793,1,3,-5.400163316,-6.479946052,-0.091480784
1734523582.908765793,1,4,-9.369990047,-0.458564219,0.010259789
1734523582.908765793,1,5,-1.966615730,7.230815335,0.312621431
1734523582.908765793,1,6,-8.381129762,-4.345086499,-0.227863920
1734523582.908765793,1,7,-9.712572961,5.269686029,-0.001134579
1734523582.908765793,1,8,-1.279963924,-4.898127753,0.067359845
1734523582.968765736,2,0,-5.690079932,-0.672484407,-0.242030164
1734523582.968765736,2,1,-5.407534042,-5.160166612,0.039460258
1734523582.968765736,2,3,-12.867346305,-0.250047566,-0.095836214
1734523582.968765736,2,4,-6.671937002,4.599312031,-0.116080853
1734523582.968765736,2,5,-0.681027096,-4.388247137,0.090603073
1734523582.968765736,2,6,-10.471481846,3.448909389,-0.044038906
1734523582.968765736,2,7,-0.822718349,3.995639014,-0.020801855
1734523582.968765736,2,8,-10.587028856,-4.039374011,-0.024539476
1734523582.968765736,2,9,-6.447287962,9.839986070,-0.147896306
1734523583.028765678,3,0,-7.460671432,0.764839096,-0.058334747
1734523583.028765678,3,1,-5.668631549,5.430932097,0.040231402
1734523583.028765678,3,2,-11.631691596,0.371066097,0.103085355
1734523583.028765678,3,4,-5.977902729,-4.561913463,0.071794052
1734523583.028765678,3,5,-10.817899187,4.341557996,-0.017876269
1734523583.028765678,3,6,-1.542268654,-3.640691040,-0.040968955
1734523583.028765678,3,7,-10.386003190,-3.230063747,0.067111908
1734523583.028765678,3,8,-0.584274646,3.402729890,0.045042842
1734523583.028765678,3,9,-5.546830453,-9.583986598,0.020393538
1734523583.098765850,4,0,-3.327463819,3.272218263,-0.129783649
1734523583.098765850,4,1,-6.868828821,6.481032909,0.022089583
1734523583.098765850,4,2,-7.630140746,-1.104716996,0.050604211
1734523583.098765850,4,3,1.046173830,7.404520687,0.004379122
1734523583.098765850,4,5,-9.482119173,2.211990248,0.050366734
1734523583.098765850,4,6,2.581104110,3.574227412,-0.010406600
1734523583.098765850,4,7,-4.014636546,-3.662821650,0.058497040
1734523583.098765850,4,8,-2.580438128,9.351284942,-0.047607799
1734523583.098765850,4,9,4.097301177,-3.846357881,0.071159023
1734523583.158765793,5,0,-4.447250948,4.362843246,-0.062522725
1734523583.158765793,5,1,-5.756324397,-0.835997365,-0.117952635
1734523583.158765793,5,2,1.512741648,3.635974429,-0.015792042
1734523583.158765793,5,3,-9.987980021,5.496711971,-0.132180525
1734523583.158765793,5,4,-3.612835087,8.022006128,-0.032866179
1734523583.158765793,5,6,-4.999059580,5.588401354,-0.170802853
1734523583.158765793,5,7,1.433472102,8.052042025,-0.097919652
1734523583.158765793,5,8,-10.703121209,2.021437577,-0.048880217
1734523583.158765793,5,9,-1.730720858,7.296740212,-0.110397440
1734523583.218765736,6,0,-1.044872210,5.967377171,0.015015728
1734523583.218765736,6,1,1.967449458,9.969041599,-0.028654440
1734523583.218765736,6,2,-5.526166677,8.828757161,0.250898392
1734523583.218765736,6,3,3.476172777,1.986273213,-0.000918289
1734523583.218765736,6,4,-3.368184952,1.864022737,0.127043383
1734523583.218765736,6,5,-1.727471620,7.298240646,-0.039054691
1734523583.218765736,6,7,-7.682508760,5.504288025,0.028490939
1734523583.218765736,6,8,4.918379567,5.657933106,-0.217566996
1734523583.218765736,6,9,-6.944547458,-2.672653588,-0.057537610
1734523583.278765678,7,0,-5.688617156,-2.877207618,-0.044827184
1734523583.278765678,7,1,-7.467976575,-7.919261291,-0.002742761
1734523583.278765678,7,2,-0.535883012,-4.077197493,-0.273858691
1734523583.278765678,7,3,-12.742091707,-1.220109001,0.153875876
1734523583.278765678,7,4,-5.340295023,1.780610108,-0.006177489
1734523583.278765678,7,5,-2.058121283,-7.860559181,0.031694025
1734523583.278765678,7,6,-9.098764057,1.958268423,-0.025204810
1734523583.278765678,7,8,-6.830001731,-3.098556348,0.004991428
1734523583.278765678,7,9,-4.160598181,7.057373219,0.012630508
1734523583.348765850,8,0,-4.697609640,-3.672435110,-0.047305217
1734523583.348765850,8,1,-4.782692600,1.158681821,0.325411708
1734523583.348765850,8,2,-9.793564547,-3.900167259,0.099109857
1734523583.348765850,8,3,2.282496162,-7.141877646,0.183834050
1734523583.348765850,8,4,-3.876688313,-8.226821464,0.156734159
1734523583.348765850,8,5,-9.532095259,-0.413140011,0.058775464
1734523583.348765850,8,6,0.054954000,-7.817077870,-0.045164199
1734523583.348765850,8,7,-5.602226853,-4.983171109,-0.181824033
1734523583.348765850,8,9,-1.671932439,-7.311224909,-0.025144483
1734523583.408765793,9,0,-10.463013932,1.248713810,-0.067875875
1734523583.408765793,9,2,-10.536200791,-4.253798003,-0.104311939
1734523583.408765793,9,3,-8.319593025,7.101092746,-0.048696544
1734523583.408765793,9,4,-5.459303044,0.788116096,-0.001792502
1734523583.408765793,9,5,-7.334839866,-1.547015607,-0.238467719
1734523583.408765793,9,6,-4.930206187,4.783341727,-0.235296281
1734523583.408765793,9,7,-7.035214357,-4.714396391,-0.025262698
1734523583.408765793,9,8,-6.658630446,3.451370289,-0.026147989
1734523583.468765736,0,1,5.616318789,0.198809337,0.018669112
1734523583.468765736,0,2,-0.730107462,5.928195472,-0.078290209
1734523583.468765736,0,3,0.027989791,-6.605100356,-0.210028787
1734523583.468765736,0,4,-4.570878701,-0.673342102,0.029369478
1734523583.468765736,0,5,3.083875884,5.126864938,0.022782781
1734523583.468765736,0,6,-3.702254669,-5.021221619,0.030772312
1734523583.468765736,0,7,-4.532333317,4.593346919,-0.022482040
1734523583.468765736,0,8,3.709811708,-4.547967512,0.228323993
1734523583.468765736,0,9,-9.337727106,-1.210208211,0.034693152
1734523583.538765669,1,0,-7.477147724,-0.433564308,0.392789892
1734523583.538765669,1,2,-5.645654271,5.877193117,0.001941384
1734523583.538765669,1,3,-5.280949000,-6.196738770,0.055049928
1734523583.538765669,1,4,-10.040361660,-0.600971177,0.087919726
1734523583.538765669,1,5,-1.368594666,4.738386516,-0.280866817
1734523583.538765669,1,6,-9.029640211,-4.557223206,-0.014360816
1734523583.538765669,1,7,-8.627030686,4.624987245,-0.072687159
1734523583.538765669,1,8,-0.978502973,-4.847898798,-0.042950743
1734523583.598765850,2,0,-5.703056017,-0.373071053,0.140354977
1734523583.598765850,2,1,-5.856564816,-5.637188473,0.023013995
1734523583.598765850,2,3,-11.724076032,-0.177105148,0.139761045
1734523583.598765850,2,4,-6.496856278,4.517662560,-0.187706415
1734523583.598765850,2,5,-0.217343074,-7.485831450,-0.406312067
1734523583.598765850,2,6,-9.821843127,3.301878971,-0.034826692
1734523583.598765850,2,7,-0.554128329,3.670407327,-0.058865463
1734523583.598765850,2,8,-10.913608348,-4.284061034,-0.092088094
1734523583.598765850,2,9,-5.993879519,8.681680848,-0.219352925
1734523583.658765793,3,0,-5.992350076,0.415507164,0.040798961
1734523583.658765793,3,1,-5.655854463,5.429154809,-0.047197052
1734523583.658765793,3,2,-11.304089943,0.457412663,0.141180223
1734523583.658765793,3,4,-5.839822258,-4.242165889,0.245013165
1734523583.658765793,3,5,-9.780501095,4.038515861,0.143287760
1734523583.658765793,3,6,-1.597895668,-3.653036956,-0.021379061
1734523583.658765793,3,7,-9.634094135,-3.002427336,0.076225494
1734523583.658765793,3,8,-0.907796047,7.444656749,-0.054701214
1734523583.658765793,3,9,-5.583232770,-9.692079680,-0.037984310
1734523583.728765726,4,0,-3.686189138,3.362796426,0.051454723
1734523583.728765726,4,1,-6.094349754,6.215871613,0.199676315
1734523583.728765726,4,2,-7.385733086,-1.009119437,-0.040482091
1734523583.728765726,4,3,0.948510099,6.485601407,0.055301826
1734523583.728765726,4,5,-10.038920062,2.263653335,0.009872841
1734523583.728765726,4,6,2.487528479,3.458292522,-0.003937774
1734523583.728765726,4,7,-4.112983681,-3.264188248,-0.000539676
1734523583.728765726,4,8,-2.313639523,8.984822556,0.057370042
1734523583.728765726,4,9,3.649140106,-3.662452559,-0.042110016
1734523583.788765669,5,0,-4.597496562,4.197619903,-0.028365271
1734523583.788765669,5,1,-5.080507883,-0.534456234,0.020341501
1734523583.788765669,5,2,1.388152351,3.917648529,-0.171886040
1734523583.788765669,5,3,-10.776723941,5.737444612,-0.038642176
1734523583.788765669,5,4,-4.900432400,10.091684735,0.043977883
1734523583.788765669,5,6,-5.336319255,5.269346851,-0.087638882
1734523583.788765669,5,7,0.979150481,7.730102648,0.257878297
1734523583.788765669,5,8,-7.426905362,0.992223947,0.326448137
1734523583.858765841,6,0,-0.771676343,5.382044936,-0.110688610
1734523583.858765841,6,1,1.797695454,9.097842019,0.050543990
1734523583.858765841,6,2,-5.626955370,9.041411710,-0.048811580
1734523583.858765841,6,3,3.435844017,1.961336823,0.027551474
1734523583.858765841,6,4,-3.576648332,1.851581215,-0.041546518
1734523583.858765841,6,5,-1.827301142,7.268389223,-0.285462147
1734523583.858765841,6,7,-8.035877545,5.774888766,0.012476673
1734523583.858765841,6,8,4.915880945,5.569626956,-0.159206987
1734523583.858765841,6,9,-6.692181456,-2.508810611,-0.004955973
1734523583.918765783,7,0,-6.096137004,-3.223124412,-0.005675250
1734523583.918765783,7,1,-7.380164860,-8.124043725,-0.004636598
1734523583.918765783,7,2,-0.380455356,-3.903175921,0.186563165
1734523583.918765783,7,3,-11.766991699,-1.184660440,-0.010224299
1734523583.918765783,7,4,-5.362617611,1.634156410,0.002911728
1734523583.918765783,7,5,-1.559592427,-6.725038665,-0.246621094
1734523583.918765783,7,6,-9.582018500,1.772944070,-0.090542956
1734523583.918765783,7,9,-4.367555344,6.916806805,-0.068489280
1734523583.978765726,8,0,-4.735283207,-3.666355328,0.025455881
1734523583.978765726,8,1,-4.529338463,1.028636132,-0.049746352
1734523583.978765726,8,2,-10.976609281,-4.515990174,-0.247406852
1734523583.978765726,8,3,1.378047948,-3.711577271,-0.133186439
1734523583.978765726,8,4,-3.906035548,-8.073977659,0.096195204
1734523583.978765726,8,5,-9.171440084,-0.335301465,0.060392641
1734523583.978765726,8,6,0.057772336,-7.652974243,0.008967544
1734523583.978765726,8,7,-5.676906752,-4.899831962,-0.119901927
1734523583.978765726,8,9,-1.886707293,-7.257241433,0.150938328
1734523584.038765669,9,0,-10.349971861,1.679529196,0.105869493
1734523584.038765669,9,2,-10.794808648,-4.107010964,-0.043766234
1734523584.038765669,9,3,-8.353468950,7.323550981,-0.006290187
1734523584.038765669,9,4,-5.122510071,0.889757715,-0.041170510
1734523584.038765669,9,5,-7.399379520,-1.223937130,-0.034067854
1734523584.038765669,9,6,-5.195052360,5.145699977,-0.010682003
1734523584.038765669,9,7,-7.029915679,-4.590173676,-0.073178009
1734523584.038765669,9,8,-6.555773673,3.637494105,-0.201167037
1734523584.108765841,0,1,4.936765089,0.397606510,-0.056720751
1734523584.108765841,0,2,-0.591973710,5.820536183,-0.126988767
1734523584.108765841,0,3,-0.181702230,-5.987679301,-0.274558241
1734523584.108765841,0,4,-4.768217773,-0.702739470,0.006877254
1734523584.108765841,0,5,3.208212651,5.566651408,-0.045716216
1734523584.108765841,0,6,-3.379128430,-4.528063644,-0.014297706
1734523584.108765841,0,7,-4.655845400,4.758795939,-0.037412009
1734523584.108765841,0,8,3.738377709,-4.549753504,0.025749183
1734523584.108765841,0,9,-9.918478134,-1.450477127,-0.073163738
1734523584.168765783,1,0,-5.300855982,0.045717450,0.097595695
1734523584.168765783,1,2,-5.214640943,5.596345617,-0.043195141
1734523584.168765783,1,3,-5.152901267,-6.270646595,-0.051119913
1734523584.168765783,1,4,-10.155652370,-0.645949463,-0.028087226
1734523584.168765783,1,5,-1.450060298,4.506493929,-0.007444651
1734523584.168765783,1,6,-8.190130017,-4.487247290,-0.074534479
1734523584.168765783,1,7,-9.892670185,5.228577708,0.000985030
1734523584.168765783,1,8,-1.278345913,-4.518305334,-0.256218461
1734523584.228765726,2,0,-5.236857573,-0.527727302,-0.073277908
1734523584.228765726,2,1,-5.820494504,-5.577962950,0.029832832
1734523584.228765726,2,3,-11.688784707,-0.380871069,0.018689945
1734523584.228765726,2,4,-6.487485958,4.819728839,-0.035489459
1734523584.228765726,2,5,-0.855276333,-7.416444494,0.717532900
1734523584.228765726,2,6,-8.766305665,2.990304518,0.146613368
1734523584.228765726,2,7,-0.596195832,3.724267434,0.026460683
1734523584.228765726,2,8,-10.523965641,-3.968021295,-0.021534089
1734523584.228765726,2,9,-7.099780249,10.392150038,0.070902828
1734523584.298765659,3,0,-6.065023183,0.986479053,-0.017248917
1734523584.298765659,3,1,-5.335208776,5.132716313,-0.002636266
1734523584.298765659,3,2,-11.279339508,0.579060200,-0.074624605
1734523584.298765659,3,4,-6.002684467,-4.488406840,0.268296897
1734523584.298765659,3,5,-10.229110127,3.889843819,-0.050161438
1734523584.298765659,3,6,-1.400165312,-3.121844843,-0.223886362
1734523584.298765659,3,7,-10.477276494,-3.377054710,-0.117318326
1734523584.298765659,3,8,-1.164096072,4.312741117,0.073433336
1734523584.298765659,3,9,-5.803440276,-10.007882325,-0.021711212
1734523584.358765841,4,0,-3.618234874,3.129256500,-0.044668952
1734523584.358765841,4,1,-7.275956242,7.261249743,-0.086309854
1734523584.358765841,4,2,-7.639844662,-0.955524404,-0.000507794
1734523584.358765841,4,3,1.111184898,6.995740764,-0.000847994
1734523584.358765841,4,5,-10.473571799,2.526432704,0.133020886
1734523584.358765841,4,6,2.399717991,3.266041039,-0.001666799
1734523584.358765841,4,7,-3.795085952,-3.247733834,-0.113456654
1734523584.358765841,4,8,-2.196957336,8.620824178,-0.060692783
1734523584.358765841,4,9,4.078643686,-3.902238185,0.135934088
1734523584.428765774,5,0,-4.659628949,4.149391831,-0.011486276
1734523584.428765774,5,1,-5.121073289,-0.616729277,0.048733825
1734523584.428765774,5,2,1.410275721,4.497938507,-0.149827966
1734523584.428765774,5,3,-10.679225930,5.181393766,0.007652034
1734523584.428765774,5,4,-5.011042711,10.258424414,-0.132008553
1734523584.428765774,5,6,-5.308785755,5.295520789,-0.155734991
1734523584.428765774,5,7,1.089359706,7.114335586,-0.223478823
1734523584.428765774,5,8,-9.942608283,1.101589412,0.039070215
1734523584.498765707,6,0,-1.094199431,6.043496808,0.035495187
1734523584.498765707,6,1,1.937341888,9.429470319,0.067158124
1734523584.498765707,6,2,-5.277945698,8.192813798,-0.203585636
1734523584.498765707,6,3,3.425119638,1.919211859,-0.005825470
1734523584.498765707,6,4,-3.619151441,1.831177450,-0.012791611
1734523584.498765707,6,5,-1.703711840,7.303112111,0.109176291
1734523584.498765707,6,7,-7.603328169,5.261346401,-0.214291383
1734523584.498765707,6,8,4.937839568,5.635193951,0.335155995
1734523584.498765707,6,9,-7.141180021,-2.787116533,-0.117793931
1734523584.558765650,7,0,-5.904596133,-3.259875063,0.012982044
1734523584.558765650,7,1,-7.084426764,-8.374208916,-0.037194849
1734523584.558765650,7,2,0.030401266,-4.079998558,-0.025701571
1734523584.558765650,7,3,-11.396354627,-1.424726527,-0.134538721
1734523584.558765650,7,4,-5.445519779,1.521810896,0.029783642
1734523584.558765650,7,5,-1.328641508,-7.076725636,0.213296987
1734523584.558765650,7,6,-9.841947083,1.561494339,0.009876482
1734523584.558765650,7,8,-6.770270560,-3.218139556,-0.238776764
1734523584.558765650,7,9,-4.671751661,7.018986704,0.047091035
1734523584.618765831,8,0,-4.952835311,-3.835845383,0.034190016
1734523584.618765831,8,1,-4.687273868,1.225935194,-0.223384454
1734523584.618765831,8,2,-10.670651282,-4.465588071,-0.024931582
1734523584.618765831,8,3,1.304385185,-3.933702297,0.046534098
1734523584.618765831,8,4,-3.776764943,-8.031978552,0.202109778
1734523584.618765831,8,5,-7.476640550,-0.579375818,-0.119036753
1734523584.618765831,8,6,0.007609674,-7.542050570,0.080178036
1734523584.618765831,8,7,-5.585256647,-5.004812797,-0.082201273
1734523584.618765831,8,9,-1.824984329,-7.271431130,0.213825907
1734523584.688765764,9,0,-10.433455294,1.793746360,0.173975987
1734523584.688765764,9,2,-11.936576774,-4.257844080,-0.081160824
1734523584.688765764,9,3,-8.138912905,7.543112181,0.055298411
1734523584.688765764,9,4,-5.381820262,1.040400226,0.005442933
1734523584.688765764,9,6,-4.845895885,5.032978502,-0.018604669
1734523584.688765764,9,7,-7.040641092,-4.249130718,-0.004799522
1734523584.688765764,9,8,-6.451039935,3.816837802,-0.256579308
1734523584.748765707,0,1,5.241346919,0.272203845,0.186213564
1734523584.748765707,0,2,-0.732845934,4.688497549,0.038147840
1734523584.748765707,0,3,-0.121161878,-5.251807304,-0.022535661
1734523584.748765707,0,4,-4.497689011,-0.552384495,-0.246912866
1734523584.748765707,0,5,2.978159235,5.072106815,0.045832392
1734523584.748765707,0,6,-3.545634121,-4.520442077,-0.027817174
1734523584.748765707,0,7,-5.158525903,5.245288977,-0.035358558
1734523584.748765707,0,8,3.691567745,-4.548918835,0.031840225
1734523584.748765707,0,9,-11.342653411,-1.486124502,0.047134023
1734523584.818765879,1,0,-4.850492504,-0.103007007,-0.168261374
1734523584.818765879,1,2,-5.138334869,5.453702502,-0.055600141
1734523584.818765879,1,3,-5.041261150,-6.072144333,0.008690637
1734523584.818765879,1,4,-10.469327894,-0.421863418,0.164124293
1734523584.818765879,1,5,-1.649126493,5.512989244,0.102600909
1734523584.818765879,1,6,-9.523190077,-5.132281866,-0.108322068
1734523584.818765879,1,7,-9.423729961,5.028653995,0.023464027
1734523584.818765879,1,8,-1.381257164,-5.079327591,0.067866253
1734523584.878765821,2,0,-5.955040194,-0.469069239,-0.234849538
1734523584.878765821,2,1,-5.755382461,-5.429807098,-0.079015947
1734523584.878765821,2,3,-10.106597483,-0.119867359,0.217411179
1734523584.878765821,2,4,-5.470822005,3.802230313,0.077260259
1734523584.878765821,2,5,-0.709438170,-4.137861365,0.190614459
1734523584.878765821,2,6,-10.734678940,3.509151185,-0.078280973
1734523584.878765821,2,7,-0.701823406,4.559503128,-0.132053874
1734523584.878765821,2,8,-11.196039619,-4.196581175,-0.043697390
1734523584.878765821,2,9,-7.039384808,10.386066846,0.035901378
1734523584.938765764,3,0,-7.067721938,0.703805919,-0.035497764
1734523584.938765764,3,1,-6.001284168,5.763735199,0.028257615
1734523584.938765764,3,2,-13.707849984,0.358203774,0.012406742
1734523584.938765764,3,4,-5.207241158,-3.627243520,-0.021469632
1734523584.938765764,3,5,-11.388571800,4.545692542,-0.048152351
1734523584.938765764,3,6,-1.545330052,-3.524237702,0.009760350
1734523584.938765764,3,7,-12.280772939,-3.909363220,0.071487134
1734523584.938765764,3,8,-1.006988431,4.003241976,-0.144009038
1734523584.938765764,3,9,-5.680651132,-9.964179377,-0.070282840
1734523585.008765697,4,0,-3.599723840,3.799572767,0.043943354
1734523585.008765697,4,1,-6.834357333,6.602166454,0.133567260
1734523585.008765697,4,2,-7.229994135,-0.996183509,-0.074755577
1734523585.008765697,4,3,1.227939622,7.281388937,0.034998513
1734523585.008765697,4,5,-10.225449354,2.613800278,-0.037977981
1734523585.008765697,4,6,2.748396743,3.757512367,-0.029801536
1734523585.008765697,4,7,-4.677946167,-3.456487933,-0.013891667
1734523585.008765697,4,8,-2.216987015,9.299323161,0.051499323
1734523585.008765697,4,9,3.842282103,-3.970189936,-0.134473559
1734523585.068765879,5,0,-5.263730573,4.214244405,0.010624347
1734523585.068765879,5,1,-5.139418467,-0.922444431,-0.165055520
1734523585.068765879,5,2,1.135434908,3.579359523,-0.171813692
1734523585.068765879,5,3,-10.170841994,4.741044282,0.004733474
1734523585.068765879,5,4,-4.411409071,8.204669338,-0.063502594
1734523585.068765879,5,6,-5.593115815,4.993077612,-0.190345579
1734523585.068765879,5,7,1.016584882,7.639138217,0.130113041
1734523585.068765879,5,8,-11.044645708,1.252864250,-0.108203743
1734523585.128765821,6,0,-1.039687758,5.958309941,-0.001258531
1734523585.128765821,6,1,2.138499011,10.714006557,0.059720592
1734523585.128765821,6,2,-5.873275506,8.906205680,-0.038092360
1734523585.128765821,6,3,3.339839470,1.857904723,-0.008875054
1734523585.128765821,6,4,-3.612139161,1.798684148,-0.000543034
1734523585.128765821,6,5,-1.915900185,7.251128387,-0.021531363
1734523585.128765821,6,7,-8.978030271,6.482673166,0.019726642
1734523585.128765821,6,8,4.914412393,5.742125054,-0.058243700
1734523585.128765821,6,9,-6.226833566,-2.436358936,-0.067219862
1734523585.198765755,7,0,-6.249976885,-3.631312355,-0.006080192
1734523585.198765755,7,1,-6.829535215,-8.401639509,-0.105816549
1734523585.198765755,7,2,-0.036018626,-4.650692748,0.091745383
1734523585.198765755,7,3,-12.818841564,-2.011904238,0.014710798
1734523585.198765755,7,4,-5.227346383,1.506116380,0.102542212
1734523585.198765755,7,5,-1.475951023,-7.426933351,-0.227749282
1734523585.198765755,7,6,-9.669252457,1.519066904,0.106351146
1734523585.198765755,7,8,-6.600850547,-3.559828080,-0.079975599
1734523585.198765755,7,9,-4.455387029,6.463058679,-0.010725385
1734523585.258765697,8,0,-4.854393020,-3.770908238,-0.000156107
1734523585.258765697,8,1,-4.579866791,1.089786230,-0.122904878
1734523585.258765697,8,2,-10.512554600,-4.488786892,0.011327839
1734523585.258765697,8,3,1.636934481,-3.708323817,0.091325284
1734523585.258765697,8,4,-3.326032529,-6.713553244,0.340162390
1734523585.258765697,8,5,-9.705852605,-0.465731836,-0.083255949
1734523585.258765697,8,6,0.009880894,-7.052298252,-0.053671893
1734523585.258765697,8,7,-5.743773193,-4.822572537,0.043169816
1734523585.258765697,8,9,-1.973963747,-7.234722294,0.110726957
1734523585.318765879,9,0,-10.952000610,2.212097533,-0.037871848
1734523585.318765879,9,2,-11.116176345,-3.736133487,-0.115943939
1734523585.318765879,9,3,-8.104032154,7.912638392,-0.128246457
1734523585.318765879,9,4,-5.021005684,0.880194510,0.020023994
1734523585.318765879,9,6,-5.102526481,5.425259277,-0.029298715
1734523585.318765879,9,7,-6.980542685,-4.034163450,-0.093417953
1734523585.318765879,9,8,-6.362266292,3.968006628,-0.162760667
1734523585.378765821,0,1,5.441162696,0.349428154,-0.084722842
1734523585.378765821,0,2,-0.843530792,5.835466685,-0.097249371
1734523585.378765821,0,3,0.304592167,-5.927112435,-0.023601755
1734523585.378765821,0,4,-4.705416795,-0.675478322,-0.071771568
1734523585.378765821,0,5,3.300537096,5.627398834,-0.010165253
1734523585.378765821,0,6,-3.849951230,-4.940655892,-0.105897880
1734523585.378765821,0,7,-4.762231559,4.840202881,-0.064007955
1734523585.378765821,0,8,3.993827218,-5.347060814,-0.069873085
1734523585.378765821,0,9,-9.115596450,-1.368382783,0.053495772
1734523585.448765755,1,0,-5.550418069,-0.057641858,-0.132307513
1734523585.448765755,1,2,-5.070770875,5.336162798,-0.007199724
1734523585.448765755,1,3,-5.500770222,-6.402968515,0.009130748
1734523585.448765755,1,4,-9.580991080,-0.492919837,-0.007026338
1734523585.448765755,1,5,-1.607157190,4.881652787,0.030634227
1734523585.448765755,1,6,-9.556412682,-4.904682095,-0.126434118
1734523585.448765755,1,7,-9.091556971,4.939147654,-0.042260175
1734523585.448765755,1,8,-1.377223184,-4.824280567,0.287591860
1734523585.508765697,2,0,-6.601379333,-0.521429440,-0.066658123
1734523585.508765697,2,1,-6.075501429,-5.754640737,0.009643754
1734523585.508765697,2,3,-10.997705760,-0.178260747,-0.120380648
1734523585.508765697,2,4,-6.570610600,4.560327949,0.171755245
1734523585.508765697,2,5,-0.519047844,-4.121869559,0.066876554
1734523585.508765697,2,6,-10.262199033,3.159345232,-0.192544667
1734523585.508765697,2,7,-0.497478121,4.128810011,-0.004289083
1734523585.508765697,2,8,-10.894345648,-4.083354526,-0.047250387
1734523585.508765697,2,9,-6.946237206,9.795532707,-0.005292782
1734523585.578765869,3,0,-6.417022330,0.531616223,0.122099282
1734523585.578765869,3,1,-5.903603041,5.716554993,0.031799937
1734523585.578765869,3,2,-11.509077901,0.216324472,-0.031020300
1734523585.578765869,3,4,-5.171083776,-3.932207328,0.148536694
1734523585.578765869,3,5,-11.065705792,4.218013496,-0.004667545
1734523585.578765869,3,6,-1.712954272,-3.749835929,0.011113129
1734523585.578765869,3,7,-7.190929300,-2.125468684,-0.151389134
1734523585.578765869,3,8,-1.181768704,3.929745000,-0.168191143
1734523585.578765869,3,9,-5.518505590,-9.779065330,-0.031028840
1734523585.638765812,4,0,-3.357593122,3.439902186,0.165718967
1734523585.638765812,4,1,-6.680141471,6.656946792,-0.079227407
1734523585.638765812,4,2,-7.502596115,-0.951021405,0.042018804
1734523585.638765812,4,3,1.279627744,7.020456884,0.010713011
1734523585.638765812,4,5,-9.895621306,2.541280237,-0.016017210
1734523585.638765812,4,6,2.595500809,3.520194352,0.015070138
1734523585.638765812,4,7,-4.496835616,-3.547497353,-0.079998399
1734523585.638765812,4,8,-2.122773675,8.926964587,-0.019007636
1734523585.638765812,4,9,3.824224006,-4.044997369,-0.056001791
1734523585.698765755,5,0,-4.983545113,3.943794946,0.032707005
1734523585.698765755,5,1,-5.450636744,-1.153157475,-0.124527297
1734523585.698765755,5,2,0.964463453,4.338004618,-0.001145495
1734523585.698765755,5,3,-11.049987920,4.870848718,-0.139865462
1734523585.698765755,5,4,-5.427795256,9.900130813,-0.230636263
1734523585.698765755,5,6,-5.482366330,5.116527847,-0.121664383
1734523585.698765755,5,7,0.752155173,8.289694570,0.086270027
1734523585.698765755,5,8,-9.846623589,1.160673758,0.016338279
1734523585.758765697,6,0,-1.063053899,5.807229680,0.005266555
1734523585.758765697,6,1,2.015268839,10.018124042,0.011793378
1734523585.758765697,6,2,-5.778644003,8.708687540,0.154476576
1734523585.758765697,6,3,3.705171224,2.022952680,0.015059697
1734523585.758765697,6,4,-3.785410252,1.920637372,0.005928918
1734523585.758765697,6,5,-1.959634610,7.238710382,-0.104423144
1734523585.758765697,6,7,-7.515357826,5.466647082,-0.042344159
1734523585.758765697,6,8,5.890732522,6.527012063,0.145453411
1734523585.758765697,6,9,-6.834138655,-2.686146339,-0.033645180
1734523585.818765879,7,0,-5.704764961,-3.574908025,0.026845521
1734523585.818765879,7,1,-6.822366355,-8.647312060,-0.053764233
1734523585.818765879,7,2,0.044791383,-4.195577783,-0.031109105
1734523585.818765879,7,3,-7.357156664,-1.443101097,-0.199261230
1734523585.818765879,7,4,-5.470408028,1.324428171,-0.006310505
1734523585.818765879,7,5,-1.291386673,-7.378605264,0.372162350
1734523585.818765879,7,6,-10.212369738,1.166949263,-0.088025981
1734523585.818765879,7,8,-6.613056406,-3.531416865,0.215823742
1734523585.818765879,7,9,-4.963951651,6.756279249,-0.037068807
1734523585.888765812,8,0,-4.742463057,-3.620109404,-0.004054211
1734523585.888765812,8,1,-7.310086232,1.673403604,-0.111173980
1734523585.888765812,8,2,-11.008965759,-4.563449464,-0.058169720
1734523585.888765812,8,3,2.350358433,-7.114454962,0.332183436
1734523585.888765812,8,4,-3.640340283,-7.839160768,-0.014372707
1734523585.888765812,8,5,-10.556921922,-0.417226513,-0.021451859
1734523585.888765812,8,6,0.036668585,-7.446691830,0.054512280
1734523585.888765812,8,7,-5.562536202,-5.029715602,-0.100756936
1734523585.888765812,8,9,-1.903081084,-7.254476417,-0.029228524
1734523585.948765755,9,0,-10.007525699,2.297091218,-0.260240446
1734523585.948765755,9,2,-11.603344952,-3.618831872,0.037556088
1734523585.948765755,9,3,-7.992718137,7.923671818,-0.016270617
1734523585.948765755,9,4,-5.389960103,1.279969279,0.008182618
1734523585.948765755,9,6,-4.779927734,5.170714098,0.012556671
1734523585.948765755,9,7,-7.199986746,-3.965501450,0.019576120
1734523585.948765755,9,8,-6.302609135,4.065343764,-0.009908075
1734523586.008765697,0,1,5.081478078,0.002370381,0.050631878
1734523586.008765697,0,2,-1.213834477,6.254575885,0.017406097
1734523586.008765697,0,3,0.045885046,-6.573015049,-0.121872404
1734523586.008765697,0,4,-4.957684433,-0.784137175,-0.000762235
1734523586.008765697,0,5,3.067815254,5.383108883,0.010895554
1734523586.008765697,0,6,-3.372303457,-4.360301190,0.277683785
1734523586.008765697,0,7,-4.920900037,5.288365951,-0.069838662
1734523586.008765697,0,8,3.806899600,-4.747645068,-0.017606645
1734523586.008765697,0,9,-10.579374390,-1.484474502,-0.215966515
1734523586.078765869,1,0,-4.694596780,0.028478787,0.102339960
1734523586.078765869,1,2,-5.283016929,5.557307709,0.030371450
1734523586.078765869,1,3,-5.417147610,-6.523818872,-0.028001366
1734523586.078765869,1,4,-10.610171619,-0.587666690,-0.049289484
1734523586.078765869,1,5,-1.751847176,5.778912114,-0.114706514
1734523586.078765869,1,6,-6.642384712,-3.480616537,0.118464594
1734523586.078765869,1,7,-9.837883604,5.311003555,-0.006010085
1734523586.078765869,1,8,-1.206408948,-5.185099103,0.173813882
1734523586.138765812,2,0,-5.413817158,-0.540757454,0.158498384
1734523586.138765812,2,1,-5.933288946,-5.607379959,0.032057511
1734523586.138765812,2,3,-7.498144847,-0.050430251,0.158998861
1734523586.138765812,2,4,-6.565149674,4.181682480,0.146821572
1734523586.138765812,2,5,-0.649400449,-4.199310364,-0.019632786
1734523586.138765812,2,6,-9.853316006,3.308293139,-0.099773943
1734523586.138765812,2,7,-0.828368849,3.822587731,-0.136283916
1734523586.138765812,2,8,-9.941786420,-3.649494829,-0.077865153
1734523586.138765812,2,9,-4.361434591,6.101441747,-0.017231495
1734523586.198765755,3,0,-6.006180926,0.610101136,-0.036875013
1734523586.198765755,3,1,-5.841780716,5.583388332,-0.008820926
1734523586.198765755,3,2,-7.485220807,0.383849356,-0.272266683
1734523586.198765755,3,4,-6.677267173,-4.862390167,0.123274406
1734523586.198765755,3,5,-6.962479205,2.778356443,0.233706636
1734523586.198765755,3,6,-1.596162141,-3.545480570,-0.000787024
1734523586.198765755,3,7,-7.123324808,-2.346169215,0.061103926
1734523586.198765755,3,8,-0.828958300,3.546695211,0.115257438
1734523586.198765755,3,9,-5.463080576,-9.395450497,-0.065888060
1734523586.268765688,4,0,-3.206929330,3.043306509,-0.129445950
1734523586.268765688,4,1,-7.161993537,7.091480453,-0.139292786
1734523586.268765688,4,2,-6.220921159,-0.729441253,-0.050790032
1734523586.268765688,4,3,1.245635751,6.867420348,-0.039530453
1734523586.268765688,4,5,-9.845682404,2.521044553,0.102798268
1734523586.268765688,4,6,2.577293857,3.466680460,-0.010458397
1734523586.268765688,4,7,-4.127944185,-3.429083819,-0.053358931
1734523586.268765688,4,8,-1.972620898,8.976524191,0.058163467
1734523586.268765688,4,9,3.649065735,-3.265706377,0.126106736
1734523586.328765869,5,0,-4.594368997,3.492755941,0.014184691
1734523586.328765869,5,1,-5.685118463,-1.189050127,-0.062271079
1734523586.328765869,5,2,0.831548172,3.524266253,-0.127392922
1734523586.328765869,5,3,-6.835340144,3.086363474,-0.049855980
1734523586.328765869,5,4,-4.604170631,8.015279224,-0.202704822
1734523586.328765869,5,6,-5.741582767,4.821763508,-0.186611902
1734523586.328765869,5,7,0.659865160,8.184112745,0.149980144
1734523586.328765869,5,8,-9.758699310,0.652716009,-0.232787594
1734523586.388765812,6,0,-1.073837079,5.386878796,0.045206452
1734523586.388765812,6,1,1.933818134,9.502870060,-0.054947708
1734523586.388765812,6,2,-6.043908039,9.200766017,0.095724435
1734523586.388765812,6,3,3.338043711,1.793051542,-0.003612446
1734523586.388765812,6,4,-3.982843236,1.933252051,-0.031566119
1734523586.388765812,6,5,-1.798667481,7.277437410,-0.231732670
1734523586.388765812,6,7,-7.248499276,5.152868019,-0.301933847
1734523586.388765812,6,8,5.481501196,6.207465181,0.091369364
1734523586.388765812,6,9,-6.947058263,-2.744960164,-0.028587743
1734523586.458765745,7,0,-6.409398925,-4.015464000,-0.138502693
1734523586.458765745,7,1,-6.932150344,-9.244751255,0.001217965
1734523586.458765745,7,2,0.172533459,-4.235604267,-0.062945466
1734523586.458765745,7,3,-7.371102661,-1.383823223,-0.043345637
1734523586.458765745,7,4,-5.991366607,1.275892056,0.015544784
1734523586.458765745,7,5,-1.030078577,-7.212124648,0.169002308
1734523586.458765745,7,6,-9.418225959,0.765583073,-0.019604479
1734523586.458765745,7,8,-6.451491346,-3.824370752,-0.049474921
1734523586.458765745,7,9,-5.101673987,6.571959084,-0.085560704
1734523586.518765688,8,0,-4.371140185,-3.408555347,-0.156484834
1734523586.518765688,8,1,-5.275178477,1.551801698,0.082688594
1734523586.518765688,8,2,-10.791890716,-4.541454930,-0.076291424
1734523586.518765688,8,3,1.509457046,-4.084920374,0.011810195
1734523586.518765688,8,4,-4.706269053,-9.210586229,0.034723724
1734523586.518765688,8,5,-9.666814222,-0.434971657,-0.090854606
1734523586.518765688,8,6,-0.061606849,-7.590875829,-0.033623196
1734523586.518765688,8,7,-5.579166774,-5.012274647,-0.000985483
1734523586.518765688,8,9,-1.849822084,-7.266569662,0.158504273
1734523586.578765869,9,0,-10.076067970,2.477933120,-0.141311516
1734523586.578765869,9,2,-11.845634106,-3.482742329,-0.069043381
1734523586.578765869,9,3,-7.961393685,8.238894642,0.044917577
1734523586.578765869,9,4,-5.210058224,1.346513183,-0.014617792
1734523586.578765869,9,6,-5.132362482,5.868037644,-0.045184949
1734523586.578765869,9,7,-7.374563866,-3.955736890,-0.087739562
1734523586.578765869,9,8,-6.062558194,4.410871942,-0.198989588
1734523586.648765802,0,1,5.339109401,0.327915352,0.259678101
1734523586.648765802,0,2,-0.897446647,5.972015133,0.206799230
1734523586.648765802,0,3,-0.235265999,-5.160152576,0.033893342
1734523586.648765802,0,4,-5.016254945,-0.715997387,-0.007799973
1734523586.648765802,0,5,3.250598619,5.696667230,0.014235816
1734523586.648765802,0,6,-3.314754845,-4.660768565,0.004653946
1734523586.648765802,0,7,-4.682190927,4.855203194,-0.033375773
1734523586.648765802,0,8,3.357569659,-4.322232072,0.010060874
1734523586.648765802,0,9,-10.506790673,-1.465106963,-0.041374181
1734523586.708765745,1,0,-4.839847397,-0.128568676,-0.053914080
1734523586.708765745,1,2,-5.468918151,5.700931801,0.002887068
1734523586.708765745,1,3,-5.398681934,-6.360592685,0.049284809
1734523586.708765745,1,4,-9.757473293,-0.540998919,0.006863508
1734523586.708765745,1,5,-1.695900644,4.806789315,0.074448837
1734523586.708765745,1,6,-8.467271506,-4.514849081,-0.024465660
1734523586.708765745,1,7,-9.884610774,5.313001611,0.045534819
1734523586.708765745,1,8,-1.444400993,-5.154431337,-0.035377858
1734523586.768765688,2,0,-6.040401721,-0.470580979,0.097998809
1734523586.768765688,2,1,-5.793806722,-5.470098323,0.036666368
1734523586.768765688,2,3,-7.498386204,0.154735148,0.016166774
1734523586.768765688,2,4,-6.251959598,4.498629154,0.061006147
1734523586.768765688,2,5,-0.606775095,-3.617328033,0.112216161
1734523586.768765688,2,6,-10.743375437,3.619238694,-0.037736895
1734523586.768765688,2,7,-0.657296167,3.617711692,-0.019176759
1734523586.768765688,2,8,-11.221881346,-4.072351180,-0.013634758
1734523586.768765688,2,9,-4.133999802,6.254864048,-0.191628243
1734523586.828765869,3,0,-5.816014309,0.511134334,-0.004245425
1734523586.828765869,3,1,-6.519652079,6.160189118,-0.025075053
1734523586.828765869,3,2,-7.493636465,0.277795464,0.135063701
1734523586.828765869,3,4,-5.153818586,-3.876166904,-0.052821646
1734523586.828765869,3,5,-7.019222383,2.639935726,-0.106096636
1734523586.828765869,3,6,-1.587848047,-3.481678871,-0.001434667
1734523586.828765869,3,7,-7.112582039,-2.378461911,-0.063997429
1734523586.828765869,3,8,-0.757193457,4.249792146,-0.033525254
1734523586.828765869,3,9,-5.565135477,-9.798229151,-0.052630217
1734523586.898765802,4,0,-3.540039540,3.442276798,0.050668532
1734523586.898765802,4,1,-5.094085394,5.503817283,-0.091045684
1734523586.898765802,4,2,-7.880882412,-0.956526981,0.005047892
1734523586.898765802,4,3,1.358178860,7.308596080,0.062859954
1734523586.898765802,4,5,-10.022869631,2.502453832,-0.019755423
1734523586.898765802,4,6,2.634533091,3.497495088,-0.002198734
1734523586.898765802,4,7,-4.139627242,-3.195550861,-0.023056441
1734523586.898765802,4,8,-2.140698583,9.640529329,-0.036209251
1734523586.898765802,4,9,3.900100291,-3.845619326,0.001289359
1734523586.958765745,5,0,-4.967728752,3.598082027,-0.036502788
1734523586.958765745,5,1,-5.462729060,-1.236710961,-0.309835912
1734523586.958765745,5,2,1.112255405,4.139540711,0.140614761
1734523586.958765745,5,3,-6.905655273,2.925413595,-0.062294048
1734523586.958765745,5,4,-4.522876882,7.752273433,-0.089167541
1734523586.958765745,5,6,-5.854261579,4.685722126,-0.147069811
1734523586.958765745,5,7,0.452201160,8.727811857,-0.037022511
1734523586.958765745,5,8,-9.151893013,0.494296240,0.174331613
1734523587.018765688,6,0,-1.073902807,6.073142258,-0.040003616
1734523587.018765688,6,1,2.109725341,10.682280799,0.047829435
1734523587.018765688,6,2,-6.111190946,9.234224669,-0.020342397
1734523587.018765688,6,3,3.416433723,1.802514507,0.031883223
1734523587.018765688,6,4,-3.766543546,1.842782012,-0.033258101
1734523587.018765688,6,5,-1.895700477,7.256300524,-0.049217990
1734523587.018765688,6,7,-8.742711525,6.032633449,0.083290735
1734523587.018765688,6,8,4.794658535,5.558607356,-0.075270318
1734523587.018765688,6,9,-6.701126232,-2.737809017,-0.053199370
1734523587.088765860,7,0,-5.658317623,-4.016805409,-0.105467478
1734523587.088765860,7,1,-6.316808156,-8.814440482,0.108269864
1734523587.088765860,7,2,-0.030304823,-4.159995878,0.207953674
1734523587.088765860,7,3,-7.279257624,-1.806094582,0.020755968
1734523587.088765860,7,4,-5.853345232,1.107756175,-0.026753532
1734523587.088765860,7,5,-0.990517204,-7.433161470,0.130331209
1734523587.088765860,7,6,-9.684267794,0.643658941,0.020311708
1734523587.088765860,7,8,-6.420701898,-3.875290969,0.081896527
1734523587.088765860,7,9,-5.010523578,6.237370696,0.004876902
1734523587.148765802,8,0,-4.729845818,-3.610823032,-0.012067453
1734523587.148765802,8,1,-5.101357807,1.532826026,-0.107694959
1734523587.148765802,8,2,-9.794839625,-3.958602040,-0.056849936
1734523587.148765802,8,3,1.413735669,-3.283531287,0.076386249
1734523587.148765802,8,4,-4.281335066,-8.689842762,-0.259587070
1734523587.148765802,8,5,-9.950638094,-0.294354693,-0.252476638
1734523587.148765802,8,6,-0.011907623,-7.736140025,0.021787513
1734523587.148765802,8,7,-5.714931988,-4.850488875,-0.249619814
1734523587.148765802,8,9,-1.670828684,-7.311092315,0.079124385
1734523587.208765745,9,0,-7.305828699,1.694962496,-0.044375132
1734523587.208765745,9,2,-7.219589613,-2.031627513,0.003932091
1734523587.208765745,9,3,-7.437757873,7.993249394,-0.010627314
1734523587.208765745,9,4,-5.182277597,1.385516143,0.002053127
1734523587.208765745,9,6,-4.924308881,5.747405202,-0.082890374
1734523587.208765745,9,7,-6.714624474,-3.422805765,-0.058287384
1734523587.208765745,9,8,-6.014615922,4.480080424,0.057225006
1734523587.278765678,0,1,4.479554709,0.314508618,0.124030100
1734523587.278765678,0,2,-0.978775285,6.360144108,0.031486999
1734523587.278765678,0,3,-0.332843622,-6.345507937,-0.186714727
1734523587.278765678,0,4,-4.980324824,-0.755348631,0.020294026
1734523587.278765678,0,5,3.194708062,5.690185832,0.037085900
1734523587.278765678,0,6,-4.010915566,-5.080323342,0.021115063
1734523587.278765678,0,7,-4.857860350,5.048399586,0.007679955
1734523587.278765678,0,8,3.691283795,-4.697913019,0.010160993
1734523587.278765678,0,9,-10.873904151,-1.689446123,0.143474621
1734523587.338765860,1,0,-5.426185657,-0.069147198,0.136318552
1734523587.338765860,1,2,-5.281774509,5.555764233,-0.036775279
1734523587.338765860,1,3,-5.391385881,-6.370726758,-0.028002143
1734523587.338765860,1,4,-9.298257819,-0.519406106,-0.310908512
1734523587.338765860,1,5,-1.252979063,5.066061382,-0.035753394
1734523587.338765860,1,6,-8.165988173,-4.424976835,-0.226790709
1734523587.338765860,1,7,-9.914954728,5.300477107,-0.040106767
1734523587.338765860,1,8,-1.504385190,-4.746713246,-0.185817005
1734523587.408765793,2,0,-5.239649247,-0.430730676,-0.002182901
1734523587.408765793,2,1,-6.158166313,-5.724779909,-0.157000430
1734523587.408765793,2,3,-7.497969835,0.016017232,0.173757873
1734523587.408765793,2,4,-6.242828275,4.335632200,-0.075023745
1734523587.408765793,2,5,-0.569897416,-3.951115805,-0.190548517
1734523587.408765793,2,6,-10.354720217,3.474071409,0.269020415
1734523587.408765793,2,7,-0.556312490,4.465909699,-0.118103900
1734523587.408765793,2,8,-11.169771250,-4.085231316,-0.059501911
1734523587.408765793,2,9,-4.207985491,6.208243635,-0.023855326
1734523587.468765736,3,0,-5.796575529,0.477272544,-0.111158769
1734523587.468765736,3,1,-5.861735181,5.665558492,-0.050112804
1734523587.468765736,3,2,-7.486442726,0.435037924,0.117971665
1734523587.468765736,3,4,-6.021843061,-4.286637569,-0.030377795
1734523587.468765736,3,5,-6.989561084,2.717651394,-0.102013499
1734523587.468765736,3,6,-1.685803308,-3.610208006,-0.021316137
1734523587.468765736,3,7,-7.172447040,-2.183971591,0.190450918
1734523587.468765736,3,8,-1.550719188,7.326451485,-0.410339664
1734523587.468765736,3,9,-5.523962296,-9.787015701,0.023365271
1734523587.528765678,4,0,-5.502592907,5.088928826,-0.272533854
1734523587.528765678,4,1,-6.903912123,7.090728052,-0.047184029
1734523587.528765678,4,2,-7.537984005,-0.895244914,-0.013976853
1734523587.528765678,4,3,1.390968890,7.117317908,0.067574328
1734523587.528765678,4,5,-9.945948408,2.540262541,0.017545667
1734523587.528765678,4,6,2.473630545,3.293529607,0.002979159
1734523587.528765678,4,7,-4.642636931,-3.296804383,-0.174770408
1734523587.528765678,4,8,-1.920510845,8.846323409,0.011956835
1734523587.528765678,4,9,4.281805370,-4.212157147,-0.027876982
1734523587.598765850,5,0,-5.196951163,3.662384130,-0.000954126
1734523587.598765850,5,1,-5.093388370,-1.613020629,-0.105185877
1734523587.598765850,5,2,0.992787713,4.193881845,-0.056032533
1734523587.598765850,5,3,-6.970111375,2.760869237,-0.212481724
1734523587.598765850,5,4,-5.731383628,9.058430650,0.150124587
1734523587.598765850,5,6,-5.858914687,4.680514716,-0.126097917
1734523587.598765850,5,7,0.423559524,8.209354404,0.126178346
1734523587.598765850,5,8,-10.899854716,0.289959469,-0.120763915
1734523587.658765793,6,0,-1.078763147,6.001245929,0.006526651
1734523587.658765793,6,1,1.975476224,9.857171768,-0.062459094
1734523587.658765793,6,2,-6.089930261,9.100537376,-0.239595779
1734523587.658765793,6,3,3.339570136,1.726886922,0.018600936
1734523587.658765793,6,4,-3.505438059,1.730428000,0.006276451
1734523587.658765793,6,5,-1.715132435,7.299464240,0.161686557
1734523587.658765793,6,7,-7.843343442,5.985939282,-0.030201877
1734523587.658765793,6,8,4.831256890,5.150732476,0.123333857
1734523587.658765793,6,9,-6.675757956,-2.714296246,-0.042308240
1734523587.718765736,7,0,-5.959196650,-4.129736764,0.032606922
1734523587.718765736,7,1,-6.552997051,-9.445156391,-0.030720514
1734523587.718765736,7,2,0.328974589,-4.098540220,-0.028423243
1734523587.718765736,7,3,-7.315195538,-1.650683346,0.114711540
1734523587.718765736,7,4,-5.775528766,0.996147846,-0.009041222
1734523587.718765736,7,5,-0.641489780,-7.820047673,-0.132621674
1734523587.718765736,7,6,-9.816289428,0.454650905,-0.050101022
1734523587.718765736,7,8,-6.276085911,-4.099534330,-0.233589211
1734523587.718765736,7,9,-5.536849212,6.780888434,-0.025684106
1734523587.788765669,8,0,-4.659197188,-3.526145666,0.306043879
1734523587.788765669,8,1,-5.087909161,1.371539232,0.153504777
1734523587.788765669,8,2,-10.006375751,-4.336141447,0.165579377
1734523587.788765669,8,3,1.598600361,-3.968564227,0.202027601
1734523587.788765669,8,4,-4.658015748,-9.479084790,-0.010697469
1734523587.788765669,8,5,-11.792880087,-0.195996416,-0.004419922
1734523587.788765669,8,6,-0.020588519,-7.469907993,-0.066428296
1734523587.788765669,8,7,-5.722131255,-4.845538499,-0.167244012
1734523587.788765669,8,9,-1.887670645,-7.258440799,-0.041673744
1734523587.848765850,9,0,-10.090539693,2.933317217,0.089314651
1734523587.848765850,9,2,-7.240138526,-1.956080998,0.064352538
1734523587.848765850,9,3,-6.902561158,7.636576706,0.019292977
1734523587.848765850,9,4,-5.392435298,1.520819230,-0.020651414
1734523587.848765850,9,6,-4.552641326,5.407854635,0.131951293
1734523587.848765850,9,7,-7.075086501,-3.422453397,-0.046684594
1734523587.848765850,9,8,-5.975277864,4.531413870,0.111098088
1734523587.918765783,0,1,4.708917559,0.358208197,0.067886876
1734523587.918765783,0,2,-0.763570745,5.917285254,0.026626769
1734523587.918765783,0,3,0.034489354,-5.948546822,0.074595559
1734523587.918765783,0,4,-4.793799162,-0.752894987,-0.029126586
1734523587.918765783,0,5,3.062772495,5.550653658,-0.009211013
1734523587.918765783,0,6,-3.586179325,-5.158272255,0.070492670
1734523587.918765783,0,7,-5.087337591,5.155471490,0.224704010
1734523587.918765783,0,8,3.805035643,-4.917772881,-0.003065942
1734523587.918765783,0,9,-9.080862136,-1.193488056,-0.109756827
1734523587.978765726,1,0,-4.866806772,-0.049301870,-0.006221673
1734523587.978765726,1,2,-5.655520115,5.957271091,0.027624599
1734523587.978765726,1,3,-5.344885544,-6.275475624,0.004002853
1734523587.978765726,1,4,-9.635666604,-0.656808536,-0.061697636
1734523587.978765726,1,5,-1.834645989,5.938451380,-0.072927604
1734523587.978765726,1,6,-10.125005682,-5.275130997,-0.172266637
1734523587.978765726,1,7,-9.704798034,5.200659621,-0.076881025
1734523587.978765726,1,8,-1.275729092,-5.303407440,-0.132199757
1734523588.038765669,2,0,-7.466306800,-0.683546985,0.192422180
1734523588.038765669,2,1,-5.526666609,-5.085895982,0.013172839
1734523588.038765669,2,3,-7.498035088,-0.164012213,-0.050693266
1734523588.038765669,2,4,-7.260898566,4.986394594,-0.168510228
1734523588.038765669,2,5,-0.677045602,-4.400454918,-0.028531216
1734523588.038765669,2,6,-11.657388884,3.654629860,-0.039526233
1734523588.038765669,2,7,-0.774612089,4.504237673,-0.064083201
1734523588.038765669,2,8,-7.006979199,-2.670862939,-0.136870974
1734523588.038765669,2,9,-4.208271603,6.207169617,-0.107216904
1734523588.098765850,3,0,-7.477093794,0.583120788,-0.055123024
1734523588.098765850,3,1,-5.986423618,5.704284838,-0.051708646
1734523588.098765850,3,2,-7.495885816,0.237760207,-0.071874276
1734523588.098765850,3,4,-5.864236192,-4.665709514,-0.303131350
1734523588.098765850,3,5,-7.042481846,2.574444123,0.160271351
1734523588.098765850,3,6,-1.683283303,-3.468604420,0.028591856
1734523588.098765850,3,7,-7.151233068,-2.247703068,-0.240201014
1734523588.098765850,3,8,-0.939916006,3.729805480,-0.226445208
1734523588.098765850,3,9,-5.583780923,-9.911054564,-0.018567056
1734523588.168765783,4,0,-3.571827319,3.253172719,-0.233541380
1734523588.168765783,4,1,-6.346044082,6.728933415,0.033510377
1734523588.168765783,4,2,-7.450208742,-0.861775289,0.023761431
1734523588.168765783,4,3,1.371467748,7.191548796,0.021683745
1734523588.168765783,4,5,-9.953929904,2.524202793,0.085393729
1734523588.168765783,4,6,2.553669436,3.447753645,-0.009386763
1734523588.168765783,4,7,-4.108863574,-3.160647625,0.234862011
1734523588.168765783,4,8,-2.005374234,9.558223861,-0.007252830
1734523588.168765783,4,9,3.926362470,-3.824609078,0.092846747
1734523588.228765726,5,0,-5.194533639,3.547593105,-0.040747504
1734523588.228765726,5,1,-5.678948716,-1.719065239,0.040697083
1734523588.228765726,5,2,0.821284194,3.918220523,-0.062568827
1734523588.228765726,5,3,-6.955221697,2.799897208,-0.188326218
1734523588.228765726,5,4,-5.277772171,8.249121956,0.276651151
1734523588.228765726,5,6,-5.939911364,4.578752025,0.049828503
1734523588.228765726,5,7,0.224699272,7.627183963,0.252584531
1734523588.228765726,5,8,-7.484640309,0.479563976,0.013335850
1734523588.288765669,6,0,-1.073469834,6.063196969,-0.011993222
1734523588.288765669,6,1,1.948085167,9.754112839,-0.012406533
1734523588.288765669,6,2,-6.387006140,9.404381516,-0.025012189
1734523588.288765669,6,3,3.293704028,1.681801460,0.030116757
1734523588.288765669,6,4,-3.982183658,1.941598957,-0.018527848
1734523588.288765669,6,5,-1.850223070,7.264632108,0.227584975
1734523588.288765669,6,7,-7.430697410,5.548394484,-0.065248055
1734523588.288765669,6,8,4.730060713,5.818404671,0.150641105
1734523588.288765669,6,9,-6.954578364,-2.861413958,0.028117512
1734523588.358765841,7,0,-5.764247771,-4.223577393,0.032529110
1734523588.358765841,7,1,-6.153642094,-9.328215754,-0.109422951
1734523588.358765841,7,2,1.137028294,-7.408335241,-0.271543039
1734523588.358765841,7,3,-7.284360839,-1.782756733,-0.099325744
1734523588.358765841,7,4,-5.516646990,0.818275631,0.010614828
1734523588.358765841,7,5,-0.794148984,-7.449090491,-0.361079283
1734523588.358765841,7,6,-10.332054018,0.266869445,-0.010405701
1734523588.358765841,7,8,-6.241932506,-4.153357370,0.194682180
1734523588.358765841,7,9,-5.759872883,6.660781737,-0.037024216
1734523588.418765783,8,0,-4.484020918,-3.568478179,0.136452381
1734523588.418765783,8,1,-4.660852966,1.377024680,0.079655646
1734523588.418765783,8,2,-11.878513723,-4.906848517,-0.088132914
1734523588.418765783,8,3,1.318175922,-3.441697487,0.167110222
1734523588.418765783,8,4,-3.832168724,-8.031806234,-0.164882761
1734523588.418765783,8,5,-10.751952478,-0.459442639,-0.188406804
1734523588.418765783,8,6,0.033783708,-7.434010574,-0.054769767
1734523588.418765783,8,7,-5.767707791,-4.794111938,-0.006129276
1734523588.418765783,8,9,-1.784794688,-7.284280386,0.061377386
1734523588.478765726,9,0,-11.760625910,3.463093148,-0.171135502
1734523588.478765726,9,2,-7.283960518,-1.771408908,-0.236705830
1734523588.478765726,9,3,-7.280063826,8.371888753,0.004864292
1734523588.478765726,9,4,-5.341860959,1.578432016,-0.014473313
1734523588.478765726,9,6,-4.894226837,5.934027759,-0.012675903
1734523588.478765726,9,7,-8.041000983,-3.825245552,-0.089298590
1734523588.478765726,9,8,-5.981723914,4.523524299,0.081895860
1734523588.538765669,0,1,5.492130285,0.562686043,0.007023064
1734523588.538765669,0,2,-0.683124490,5.920874833,-0.126936792
1734523588.538765669,0,3,0.031816022,-6.166609116,-0.013582063
1734523588.538765669,0,4,-5.129801005,-0.779008607,0.009920707
1734523588.538765669,0,5,3.110606072,5.611839387,0.009324104
1734523588.538765669,0,6,-4.133637142,-5.333822576,-0.073905295
1734523588.538765669,0,7,-4.548235067,4.908519143,0.006542580
1734523588.538765669,0,8,3.455291519,-4.598863301,0.017053708
1734523588.538765669,0,9,-7.422642415,-1.062442394,0.159986677
1734523588.608765841,1,0,-5.261506617,-0.248302939,-0.302802626
1734523588.608765841,1,2,-5.709295397,6.081024260,0.050802223
1734523588.608765841,1,3,-5.521612504,-6.586749970,-0.028458466
1734523588.608765841,1,4,-10.009770790,-0.601379097,-0.047837421
1734523588.608765841,1,5,-1.559633062,5.380294999,0.135050084
1734523588.608765841,1,6,-9.026144416,-4.975463595,-0.192129207
1734523588.608765841,1,7,-9.522335168,5.101710698,0.010978902
1734523588.608765841,1,8,-2.004223905,-7.224027153,-0.215680838
1734523588.668765783,2,0,-6.194833746,-0.593533802,0.208451680
1734523588.668765783,2,1,-5.924561560,-5.588664910,-0.043784866
1734523588.668765783,2,3,-7.494643153,-0.260880858,0.110748323
1734523588.668765783,2,4,-5.659171839,3.965203838,0.046703357
1734523588.668765783,2,5,-0.647730362,-4.373297913,0.053030065
1734523588.668765783,2,6,-11.586539889,3.696377714,-0.072571585
1734523588.668765783,2,7,-0.891997806,7.444826141,-0.170010719
1734523588.668765783,2,8,-11.042148740,-3.983357620,-0.060499871
1734523588.668765783,2,9,-4.364362900,6.098814479,-0.082452541
1734523588.728765726,3,0,-6.429275209,0.854551886,-0.242329176
1734523588.728765726,3,1,-6.027249937,5.694810994,-0.037023611
1734523588.728765726,3,2,-7.499445567,-0.078780971,-0.045932033
1734523588.728765726,3,4,-6.411051469,-4.608303330,0.054492271
1734523588.728765726,3,5,-6.984620441,2.725541701,-0.191049036
1734523588.728765726,3,6,-1.721848411,-3.578186143,-0.012928574
1734523588.728765726,3,7,-7.130608080,-2.320917215,-0.133310506
1734523588.728765726,3,8,-1.158088460,4.061732260,0.028488622
1734523588.728765726,3,9,-6.029380893,-10.493821241,-0.086021258
1734523588.788765669,4,0,-3.674944142,3.406911387,0.314244133
1734523588.788765669,4,1,-6.058474648,6.384766849,-0.095009775
1734523588.788765669,4,2,-8.023137145,-0.804124789,-0.105512677
1734523588.788765669,4,3,1.427544090,7.024386957,-0.048719239
1734523588.788765669,4,5,-9.704393667,2.547663242,-0.017641217
1734523588.788765669,4,6,2.587566224,3.530227531,-0.026479558
1734523588.788765669,4,7,-4.556126399,-3.494975822,0.189336626
1734523588.788765669,4,8,-1.824761796,8.580039686,-0.003175729
1734523588.788765669,4,9,5.324548227,-5.278196037,0.199581502
1734523588.848765850,5,0,-5.872008533,3.906635187,-0.063915894
1734523588.848765850,5,1,-4.749841164,-1.407701952,-0.016108851
1734523588.848765850,5,2,1.120301438,4.191377055,0.103498013
1734523588.848765850,5,3,-7.099316538,2.416285461,-0.106156818
1734523588.848765850,5,4,-5.501324896,8.521495974,-0.146993181
1734523588.848765850,5,6,-5.932306736,4.588485500,0.059477786
1734523588.848765850,5,7,0.026516643,8.487180337,0.138171063
1734523588.848765850,5,8,-10.737169710,0.292472015,-0.108239314
1734523588.908765793,6,0,-1.127246424,5.975517380,0.005437768
1734523588.908765793,6,1,2.146427642,11.338576508,-0.180855961
1734523588.908765793,6,2,-5.956030563,8.841454440,0.016272246
1734523588.908765793,6,3,3.579670115,1.816913539,0.006532986
1734523588.908765793,6,4,-3.967589171,1.924182368,0.011800851
1734523588.908765793,6,5,-1.910946306,7.251310875,-0.129517619
1734523588.908765793,6,7,-7.661961604,5.494037349,0.030817230
1734523588.908765793,6,8,4.524545427,5.186824487,-0.032295928
1734523588.908765793,6,9,-5.472718870,-2.145234018,0.060808329
1734523588.978765726,7,0,-5.537674277,-4.106205755,-0.030447349
1734523588.978765726,7,1,-6.087373995,-9.479424217,-0.024841228
1734523588.978765726,7,2,0.404695529,-4.319824113,-0.108742329
1734523588.978765726,7,4,-5.370442657,0.777075099,0.258326964
1734523588.978765726,7,5,-0.330425961,-7.700742110,0.108557493
1734523588.978765726,7,6,-9.874264094,0.084437940,0.009834217
1734523588.978765726,7,8,-6.343405468,-3.997970098,0.165656758
1734523588.978765726,7,9,-5.680717217,6.331263711,-0.060571922
1734523589.038765669,8,0,-4.725923454,-3.536987106,0.014013773
1734523589.038765669,8,1,-4.816734700,1.211829632,-0.153419283
1734523589.038765669,8,2,-9.631206294,-4.204068557,-0.085677721
1734523589.038765669,8,3,2.260379588,-7.148713832,-0.191245050
1734523589.038765669,8,4,-3.907450295,-8.014078542,0.105962272
1734523589.038765669,8,5,-10.597001216,-0.499516551,-0.199445690
1734523589.038765669,8,6,-0.004137680,-7.424202174,-0.065396880
1734523589.038765669,8,7,-5.789324095,-4.767268089,-0.082954745
1734523589.038765669,8,9,-1.678442628,-7.307665503,0.175656591
1734523589.108765841,9,0,-11.537870587,3.257034534,-0.015816873
1734523589.108765841,9,2,-7.336017773,-1.557928233,0.075517240
1734523589.108765841,9,3,-7.547164766,8.776907634,-0.077675750
1734523589.108765841,9,4,-5.414018362,1.695511238,-0.047764725
1734523589.108765841,9,6,-4.675252904,5.942318404,-0.136668871
1734523589.108765841,9,7,-8.478374410,-3.921531199,-0.040633581
1734523589.108765841,9,8,-5.990251036,4.509814778,0.168710387
1734523589.168765783,0,1,5.414231827,0.407434449,0.133786173
1734523589.168765783,0,2,-1.125050797,6.576169947,-0.199537817
1734523589.168765783,0,3,0.177246384,-6.495157663,0.087953776
1734523589.168765783,0,4,-5.135172594,-0.820226536,0.028028458
1734523589.168765783,0,5,3.257375698,5.958082641,0.013881644
1734523589.168765783,0,6,-4.174396224,-5.643186959,0.163831987
1734523589.168765783,0,7,-5.275982346,5.434274861,0.003220139
1734523589.168765783,0,8,3.621416969,-4.706530010,-0.032217616
1734523589.168765783,0,9,-9.357878698,-1.166677074,-0.053895180
1734523589.238765717,1,0,-7.474647668,-0.611605392,-0.074706609
1734523589.238765717,1,2,-5.826155857,6.235191207,-0.005932372
1734523589.238765717,1,3,-5.205167924,-6.249378372,-0.019634716
1734523589.238765717,1,4,-9.767364964,-0.550067139,-0.101749530
1734523589.238765717,1,5,-1.620593971,5.440729345,-0.102358673
1734523589.238765717,1,6,-8.758066784,-4.812812188,-0.052071872
1734523589.238765717,1,7,-10.061901220,5.486353291,0.059764849
1734523589.238765717,1,8,-1.685081938,-5.915142041,0.119499342
1734523589.298765659,2,0,-6.069874051,-0.641845634,-0.056850733
1734523589.298765659,2,1,-5.705043268,-5.359055227,-0.015483877
1734523589.298765659,2,3,-7.497327024,-0.087566186,0.180054581
1734523589.298765659,2,4,-6.298291132,4.037452374,-0.109014325
1734523589.298765659,2,5,-0.817027878,-7.453669196,0.158999881
1734523589.298765659,2,6,-9.237562036,2.889740480,0.117101481
1734523589.298765659,2,7,-0.569879410,3.836129229,-0.287474719
1734523589.298765659,2,8,-10.885653366,-3.731140833,-0.020554023
1734523589.298765659,2,9,-4.394537200,6.076777662,0.104000241
1734523589.358765841,3,0,-6.868602277,0.803988619,-0.103031221
1734523589.358765841,3,1,-6.041395176,5.769282928,0.048535858
1734523589.358765841,3,2,-7.496772053,0.197717473,-0.096522474
1734523589.358765841,3,4,-5.324617201,-3.817556536,0.283747225
1734523589.358765841,3,5,-7.050804719,2.556452061,-0.026564630
1734523589.358765841,3,6,-1.803318645,-3.688579025,0.013640863
1734523589.358765841,3,7,-7.152426898,-2.255106417,0.085349406
1734523589.358765841,3,8,-1.204074848,4.006893178,0.132828685
1734523589.358765841,3,9,-5.720468669,-10.026858596,-0.050089487
1734523589.428765774,4,0,-3.669233970,3.627940048,0.017324553
1734523589.428765774,4,1,-7.564013772,8.227762770,0.044095456
1734523589.428765774,4,2,-7.788140875,-0.934351216,-0.055964833
1734523589.428765774,4,3,1.586113735,7.701509698,0.021718530
1734523589.428765774,4,5,-9.941943104,2.587759265,-0.002098801
1734523589.428765774,4,6,2.477690557,3.389737831,-0.019010821
1734523589.428765774,4,7,-4.347394114,-3.046352233,0.058241126
1734523589.428765774,4,8,-2.405250083,10.646902787,-0.045477676
1734523589.428765774,4,9,3.961135384,-3.940291698,0.065303972
1734523589.488765717,5,0,-5.499022682,3.558577191,0.034023900
1734523589.488765717,5,1,-5.201608728,-1.673088590,0.058784534
1734523589.488765717,5,2,0.902915383,4.211174129,-0.049650058
1734523589.488765717,5,4,-5.275019013,7.917677911,-0.193492547
1734523589.488765717,5,6,-5.934574543,4.579272762,-0.247155763
1734523589.488765717,5,7,0.382483295,7.487318137,-0.209221525
1734523589.488765717,5,8,-11.330893436,0.125546297,-0.275331200
1734523589.558765650,6,0,-1.133525450,6.059557514,-0.030514058
1734523589.558765650,6,1,2.003550917,9.759122224,0.009795363
1734523589.558765650,6,2,-6.157546115,9.248799624,0.142392059
1734523589.558765650,6,3,3.592857480,1.741123696,0.007790842
1734523589.558765650,6,4,-4.141564035,2.001349917,0.006090161
1734523589.558765650,6,5,-1.744715795,7.294017524,0.057228989
1734523589.558765650,6,7,-6.060224439,4.407157433,0.317242980
1734523589.558765650,6,8,4.117188632,4.621279928,0.123806172
1734523589.558765650,6,9,-6.509414473,-2.719245302,-0.069463161
1734523589.628765821,7,0,-5.375343551,-4.135035694,-0.054221597
1734523589.628765821,7,1,-5.705620108,-9.154369242,0.041778154
1734523589.628765821,7,2,0.601326387,-4.203490200,-0.195129779
1734523589.628765821,7,3,-7.221701914,-2.022842899,0.071610524
1734523589.628765821,7,4,-6.111249623,0.733767577,-0.043601608
1734523589.628765821,7,5,-0.322388551,-8.776352804,-0.143969003
1734523589.628765821,7,6,-10.069619381,-0.086234212,-0.164122957
1734523589.628765821,7,8,-6.311570070,-4.051401445,0.015152014
1734523589.628765821,7,9,-6.149294284,6.802103580,0.020207348
1734523589.688765764,8,0,-5.054061955,-3.822426473,0.001523123
1734523589.688765764,8,1,-4.562730836,1.274868077,0.064193330
1734523589.688765764,8,2,-10.508979722,-4.528357194,-0.006682257
1734523589.688765764,8,3,1.645839802,-3.787466241,-0.029155231
1734523589.688765764,8,4,-3.312790304,-6.728184542,0.083385703
1734523589.688765764,8,5,-9.743745351,-0.379019348,0.150349984
1734523589.688765764,8,6,-0.073283829,-7.615249932,-0.019147085
1734523589.688765764,8,7,-5.722507026,-4.845677926,0.149394681
1734523589.688765764,8,9,-1.818122118,-7.274928090,0.140901558
1734523589.748765707,9,0,-10.682815941,3.361740773,-0.045099385
1734523589.748765707,9,2,-7.341954637,-1.531060737,-0.039435077
1734523589.748765707,9,3,-7.224526438,8.523799526,0.004445670
1734523589.748765707,9,4,-5.758292749,1.822763321,-0.009321134
1734523589.748765707,9,6,-4.892494559,6.221293596,-0.034213160
1734523589.748765707,9,7,-8.364729663,-3.805156075,0.004280876
1734523589.748765707,9,8,-5.862556356,4.674960410,-0.158676226
1734523589.808765650,0,1,5.166038080,0.499642281,0.065478871
1734523589.808765650,0,2,-1.177031090,5.885127879,-0.145944671
1734523589.808765650,0,3,0.048882831,-6.631899827,-0.116335587
1734523589.808765650,0,4,-4.826903871,-0.770222693,-0.027104126
1734523589.808765650,0,5,3.078582351,5.710242013,0.003475040
1734523589.808765650,0,6,-4.076931280,-5.442275707,-0.186101173
1734523589.808765650,0,7,-4.945374587,5.120276467,0.049214218
1734523589.808765650,0,8,4.061737650,-5.195540427,0.100603061
1734523589.808765650,0,9,-11.564723323,-1.627102889,0.115135690
1734523589.868765831,1,0,-5.758700859,-0.077787135,0.051530822
1734523589.868765831,1,2,-6.101001898,6.398489807,-0.016785074
1734523589.868765831,1,3,-5.938934875,-7.256551166,0.123732604
1734523589.868765831,1,4,-10.181682175,-0.600851392,0.036963947
1734523589.868765831,1,5,-1.853624169,5.912752560,0.142382656
1734523589.868765831,1,6,-6.571631580,-3.609766272,0.182334401
1734523589.868765831,1,7,-9.508714937,5.219135247,-0.124725975
1734523589.868765831,1,8,-1.592233562,-4.880279694,-0.293940119
1734523589.928765774,2,0,-6.105076557,-0.544225690,-0.147348968
1734523589.928765774,2,1,-6.272271537,-5.844605494,0.018369323
1734523589.928765774,2,3,-7.493392810,-0.167470379,-0.266491788
1734523589.928765774,2,4,-6.933751506,4.760275241,0.184970261
1734523589.928765774,2,5,-0.552379107,-3.783572094,0.037993084
1734523589.928765774,2,6,-10.840049222,3.559982510,-0.043294909
1734523589.928765774,2,7,-0.669041213,4.282493663,0.002124218
1734523589.928765774,2,8,-10.265967410,-3.569312724,-0.143306887
1734523589.928765774,2,9,-4.124653328,6.263934639,-0.018914714
1734523589.988765717,3,0,-7.008497069,0.868461528,0.240532757
1734523589.988765717,3,1,-6.272325773,5.776368413,-0.075739013
1734523589.988765717,3,4,-6.163810678,-4.272390618,0.083629219
1734523589.988765717,3,5,-7.017339892,2.632145588,-0.280625104
1734523589.988765717,3,6,-1.718353548,-3.524522942,-0.001695702
1734523589.988765717,3,7,-7.165158407,-2.215915040,-0.015018017
1734523589.988765717,3,8,-1.208135203,4.161617990,-0.020641077
1734523589.988765717,3,9,-5.767173891,-10.066725458,-0.021766343
1734523590.058765650,4,0,-3.292513299,3.389194180,0.080956204
1734523590.058765650,4,1,-5.793424299,6.449787423,-0.061590809
1734523590.058765650,4,2,-8.230350203,-0.989720211,0.025134012
1734523590.058765650,4,3,1.437702063,7.020372332,-0.002616073
1734523590.058765650,4,5,-10.113121795,2.436656677,-0.082364797
1734523590.058765650,4,6,2.727988874,3.760299228,-0.006377535
1734523590.058765650,4,7,-4.493588843,-3.107956287,0.008555872
1734523590.058765650,4,8,-2.100542278,9.193751771,-0.229386290
1734523590.058765650,4,9,5.561443686,-5.027104173,-0.220380957
1734523590.118765831,5,0,-6.352683764,3.986037092,0.070123418
1734523590.118765831,5,1,-4.597358252,-1.488734369,-0.175638089
1734523590.118765831,5,2,0.888277383,3.559870002,-0.129512107
1734523590.118765831,5,3,-7.100732393,2.401314187,-0.251574349
1734523590.118765831,5,4,-5.196428081,7.665772366,-0.103063220
1734523590.118765831,5,7,0.278960804,7.693757967,-0.129209115
1734523590.118765831,5,8,-10.716078299,-0.112898631,-0.145116425
1734523590.178765774,6,0,-1.151020675,6.331711044,0.032836271
1734523590.178765774,6,1,1.964740120,9.811129897,-0.074668796
1734523590.178765774,6,2,-5.923001281,9.133651283,0.137417758
1734523590.178765774,6,3,3.512365204,1.698909620,0.041827320
1734523590.178765774,6,4,-3.876371266,1.854278076,-0.015756862
1734523590.178765774,6,5,-2.124621852,7.192082640,0.099645776
1734523590.178765774,6,7,-8.585439509,6.076469066,0.007626981
1734523590.178765774,6,8,5.547660859,5.937463018,0.161479090
1734523590.178765774,6,9,-7.473476518,-3.115272856,0.010791561
1734523590.238765717,7,0,-5.788490927,-4.570460592,0.182030749
1734523590.238765717,7,1,-5.668292273,-9.386580146,0.007419463
1734523590.238765717,7,2,0.856311465,-7.413549385,0.745664937
1734523590.238765717,7,3,-7.147311490,-2.270727004,0.098677941
1734523590.238765717,7,4,-6.162885983,0.688190291,-0.050406685
1734523590.238765717,7,5,-0.121193006,-6.793320609,0.047729034
1734523590.238765717,7,6,-11.280425572,-0.240384607,-0.143082782
1734523590.238765717,7,8,-6.085279419,-4.383079910,-0.089358242
1734523590.238765717,7,9,-6.351576775,6.798113157,-0.084691091
1734523590.308765650,8,0,-5.051018554,-3.691486273,0.011417592
1734523590.308765650,8,1,-5.685341027,1.662876155,0.196516890
1734523590.308765650,8,2,-11.064119044,-4.542310079,0.098303443
1734523590.308765650,8,3,1.116218485,-3.678197139,-0.098544696
1734523590.308765650,8,4,-4.055143547,-8.270732360,0.027577084
1734523590.308765650,8,5,-10.623855214,-0.734889040,0.041375805
1734523590.308765650,8,6,-0.032744147,-7.576087310,0.006130059
1734523590.308765650,8,7,-5.754806859,-4.801431736,-0.280091607
1734523590.308765650,8,9,-1.754755931,-7.291778830,-0.028162463
1734523590.368765831,9,0,-9.970147080,2.873895161,-0.033701854
1734523590.368765831,9,2,-7.324860363,-1.587585384,-0.275668833
1734523590.368765831,9,3,-7.299880493,8.748222311,-0.151009141
1734523590.368765831,9,4,-5.610441979,1.788703526,-0.132566185
1734523590.368765831,9,6,-4.505288894,5.722686480,-0.043176469
1734523590.368765831,9,7,-8.543828727,-3.807329129,-0.055937968
1734523590.368765831,9,8,-5.847941978,4.692528742,-0.178181443
1734523590.428765774,0,1,4.221753274,0.380800004,-0.092463017
1734523590.428765774,0,2,-1.230580242,6.100894466,-0.113648697
1734523590.428765774,0,3,-0.245829522,-6.490981629,-0.151744385
1734523590.428765774,0,4,-4.525503032,-0.818725977,0.015431297
1734523590.428765774,0,5,3.021124312,5.609783460,-0.020209010
1734523590.428765774,0,6,-3.488615840,-4.884032689,0.226053586
1734523590.428765774,0,7,-4.967578210,5.230445059,0.028735240
1734523590.428765774,0,8,3.751907193,-5.046812567,-0.030778380
1734523590.428765774,0,9,-11.114139822,-1.638529331,-0.086465382
1734523590.488765717,1,0,-5.140438623,0.055372722,0.055040056
1734523590.488765717,1,2,-6.261885117,6.701469782,0.016885972
1734523590.488765717,1,3,-5.348673331,-6.356962965,0.000081454
1734523590.488765717,1,4,-10.316619061,-0.615911811,-0.029201512
1734523590.488765717,1,5,-1.809647654,5.511871423,-0.238904278
1734523590.488765717,1,6,-7.507004936,-3.986783236,-0.061939761
1734523590.488765717,1,7,-9.641551138,5.207630851,-0.119208575
1734523590.488765717,1,8,-1.709047197,-4.764207060,0.140134329
1734523590.548765659,2,0,-5.405549416,-0.585118391,0.106826586
1734523590.548765659,2,1,-6.092680952,-5.683908252,0.009061165
1734523590.548765659,2,3,-7.498809756,-0.128019067,-0.038253822
1734523590.548765659,2,4,-6.576114823,4.516290218,-0.101144982
1734523590.548765659,2,5,-0.857402730,-4.123573035,0.018591978
1734523590.548765659,2,6,-11.148927120,3.621099102,-0.000461891
1734523590.548765659,2,7,-0.596887146,3.493307092,-0.162738783
1734523590.548765659,2,8,-11.026002108,-3.867827232,0.072420181
1734523590.548765659,2,9,-4.448842559,6.037537064,0.077110838
1734523590.618765831,3,0,-6.081601752,1.020295464,0.036918454
1734523590.618765831,3,1,-6.213447357,5.859100574,-0.068346695
1734523590.618765831,3,2,-7.499974924,-0.018939772,0.004173729
1734523590.618765831,3,4,-6.223631603,-4.185233157,-0.015267434
1734523590.618765831,3,5,-6.973117955,2.761449073,-0.004999889
1734523590.618765831,3,6,-1.796853549,-3.487691385,0.012467705
1734523590.618765831,3,7,-7.129946342,-2.326115884,-0.055227357
1734523590.618765831,3,8,-1.246621064,3.725983230,0.134260377
1734523590.618765831,3,9,-5.625176489,-9.979201033,-0.069431435
1734523590.688765764,4,0,-5.031828187,5.561373333,0.042798924
1734523590.688765764,4,1,-6.631718780,7.369610831,-0.053028810
1734523590.688765764,4,2,-7.102241517,-0.937145875,0.020462192
1734523590.688765764,4,3,1.558476578,7.349648668,-0.024872501
1734523590.688765764,4,5,-9.743101672,2.347740240,0.037205966
1734523590.688765764,4,6,2.553712856,3.532714872,-0.024542229
1734523590.688765764,4,7,-4.206542647,-3.427612180,0.042121729
1734523590.688765764,4,8,-1.921503006,9.468899922,-0.012838552
1734523590.688765764,4,9,4.116667877,-4.192903904,0.103689660
1734523590.748765707,5,0,-5.792308990,3.575962545,0.011304307
1734523590.748765707,5,1,-7.216800217,-2.012439763,-0.343337770
1734523590.748765707,5,2,0.760189682,4.158864421,-0.074401782
1734523590.748765707,5,4,-5.635733295,8.012324251,-0.225115482
1734523590.748765707,5,6,-6.027145747,4.458951829,0.203132298
1734523590.748765707,5,7,-0.293588750,8.638872729,-0.065746091
1734523590.748765707,5,8,-10.926992922,-0.064111597,0.251082363
1734523590.808765650,6,0,-1.109188016,6.115584454,0.013531918
1734523590.808765650,6,1,1.829849528,9.844823175,0.217145070
1734523590.808765650,6,2,-6.440465896,9.525559230,-0.146564378
1734523590.808765650,6,3,3.485416169,1.699636275,0.019279287
1734523590.808765650,6,4,-3.873868463,1.832308254,0.027564841
1734523590.808765650,6,5,-1.845222269,7.268544356,0.115834887
1734523590.808765650,6,7,-8.720500656,6.322100367,0.071887817
1734523590.808765650,6,8,6.015113104,6.488896537,-0.024479040
1734523590.808765650,6,9,-7.025730045,-2.884099633,0.030874329
1734523590.868765831,7,0,-5.681984914,-4.559568599,0.023265877
1734523590.868765831,7,1,-5.830995767,-9.733447606,-0.016319606
1734523590.868765831,7,2,0.800609310,-4.548011347,-0.109206953
1734523590.868765831,7,3,-7.199175258,-2.101880092,0.063053040
1734523590.868765831,7,4,-5.327904698,0.539207604,-0.005539216
1734523590.868765831,7,5,-0.258983399,-8.061598085,-0.031081931
1734523590.868765831,7,6,-9.861693849,-0.239649935,-0.084761982
1734523590.868765831,7,8,-6.118377775,-4.336623572,-0.095652443
1734523590.868765831,7,9,-5.967877800,6.257686446,-0.056826536
1734523590.938765764,8,0,-5.098197868,-3.724715778,-0.021729977
1734523590.938765764,8,1,-4.604231794,1.109263329,-0.079232107
1734523590.938765764,8,2,-11.022951806,-4.402270241,-0.198582406
1734523590.938765764,8,3,1.340275678,-3.715359463,-0.006278015
1734523590.938765764,8,4,-4.657356552,-9.289426293,0.135932974
1734523590.938765764,8,5,-10.937045667,-0.648440260,0.026692466
1734523590.938765764,8,6,-0.062588378,-7.265022837,0.045386179
1734523590.938765764,8,7,-5.770436622,-4.790830460,-0.002167256
1734523590.938765764,8,9,-1.621226741,-7.322670476,0.010997823
1734523590.998765707,9,0,-10.838011714,3.538162329,0.180539015
1734523590.998765707,9,2,-7.282759552,-1.791967670,-0.016284144
1734523590.998765707,9,3,-6.737394548,8.106771152,-0.078663718
1734523590.998765707,9,4,-5.159738320,1.707992319,-0.014797261
1734523590.998765707,9,6,-5.073831842,6.442704492,-0.072787735
1734523590.998765707,9,7,-8.182135233,-3.540429393,-0.059497537
1734523590.998765707,9,8,-5.787286320,4.770407608,0.022984910
1734523591.058765650,0,1,5.267472997,0.394550314,-0.185978391
1734523591.058765650,0,2,-1.274500751,7.377906247,-0.438346026
1734523591.058765650,0,3,-0.025991993,-6.952698245,0.264342438
1734523591.058765650,0,4,-4.825262753,-0.766360390,0.030761762
1734523591.058765650,0,5,2.965219989,5.551729967,0.010242217
1734523591.058765650,0,6,-3.925529019,-5.187196915,-0.151748060
1734523591.058765650,0,7,-4.876530090,5.051868066,0.035273064
1734523591.058765650,0,8,3.346662830,-4.517138015,0.022774197
1734523591.058765650,0,9,-12.364316670,-1.700949319,-0.002185743
1734523591.118765831,1,0,-5.708367007,0.009929491,-0.118110174
1734523591.118765831,1,2,-5.944213499,6.277852888,-0.041990677
1734523591.118765831,1,3,-5.317812321,-6.400932317,0.065058024
1734523591.118765831,1,4,-10.276131073,-0.720417588,-0.038265486
1734523591.118765831,1,5,-1.464634700,5.350477209,0.015079886
1734523591.118765831,1,6,-10.112013290,-5.380826978,-0.124970188
1734523591.118765831,1,7,-9.639742581,5.228958758,0.054462240
1734523591.118765831,1,8,-1.955847951,-5.878863946,-0.099020142
1734523591.178765774,2,0,-7.450201951,-0.700774877,-0.503393946
1734523591.178765774,2,1,-6.098308952,-5.670695375,-0.064951982
1734523591.178765774,2,3,-7.498136660,-0.130408047,0.104596222
1734523591.178765774,2,4,-6.132076218,4.317391163,-0.088174838
1734523591.178765774,2,5,-0.450043661,-4.021208739,-0.072299184
1734523591.178765774,2,6,-10.572798852,3.341479781,-0.064172979
1734523591.178765774,2,7,-0.817662771,4.458242549,-0.095138094
1734523591.178765774,2,8,-11.169473050,-3.831382494,-0.098399084
1734523591.178765774,2,9,-4.387504033,6.081597480,0.118238998
1734523591.248765707,3,0,-6.580821819,0.553118809,0.047033871
1734523591.248765707,3,1,-6.303798364,5.979076145,0.019090466
1734523591.248765707,3,2,-7.495704666,0.232191595,0.102462771
1734523591.248765707,3,4,-6.092907876,-4.153060665,0.130830609
1734523591.248765707,3,5,-7.008686291,2.660771158,-0.220484290
1734523591.248765707,3,6,-1.878579147,-3.671503405,-0.008469393
1734523591.248765707,3,7,-7.198966135,-2.103541349,0.000616384
1734523591.248765707,3,8,-1.047172239,3.916745498,0.009410172
1734523591.248765707,3,9,-5.686493249,-10.083378068,0.038658065
1734523591.308765650,4,0,-3.870398301,3.908503228,0.224054734
1734523591.308765650,4,1,-7.634975460,7.937142944,0.221724342
1734523591.308765650,4,2,-7.799287955,-1.033610443,0.037416800
1734523591.308765650,4,3,1.509068776,7.162838497,-0.013546595
1734523591.308765650,4,5,-10.210772409,2.417545051,0.067123660
1734523591.308765650,4,6,2.385252224,3.320965390,-0.005904731
1734523591.308765650,4,7,-4.966212547,-3.873735256,0.277222597
1734523591.308765650,4,8,-1.926743838,9.308672259,-0.071509636
1734523591.308765650,4,9,4.115747129,-3.979298270,-0.257285146
1734523591.368765831,5,0,-5.742663884,3.567090542,0.007848600
1734523591.368765831,5,1,-5.474845902,-1.730628056,0.025528265
1734523591.368765831,5,2,0.997498704,4.194041344,-0.019624072
1734523591.368765831,5,3,-7.118467590,2.359654398,0.097212637
1734523591.368765831,5,4,-5.685702698,7.986261794,0.016585326
1734523591.368765831,5,6,-6.119734532,4.335567877,0.041236442
1734523591.368765831,5,7,0.021367244,8.528942476,-0.011834705
1734523591.368765831,5,8,-10.632099931,0.190431643,0.154901630
1734523591.428765774,6,0,-1.106831203,5.910716306,-0.055924391
1734523591.428765774,6,1,2.196316610,10.775531938,0.132472369
1734523591.428765774,6,2,-6.173669745,9.003068720,0.122101865
1734523591.428765774,6,3,3.631875930,1.721833197,0.007526497
1734523591.428765774,6,4,-4.125924003,1.965358517,-0.017451161
1734523591.428765774,6,5,-1.896054345,7.256149599,0.057191919
1734523591.428765774,6,7,-8.847843743,6.054826921,0.251154409
1734523591.428765774,6,8,4.842052680,5.712547595,0.413915221
1734523591.428765774,6,9,-7.384543733,-3.097246118,0.005874062
1734523591.488765717,7,0,-5.427206039,-4.441692536,-0.042877741
1734523591.488765717,7,1,-5.758711882,-9.882417624,0.010796130
1734523591.488765717,7,2,0.535107026,-3.597944440,-0.060235299
1734523591.488765717,7,3,-7.166179625,-2.212637372,-0.010268295
1734523591.488765717,7,4,-6.083306720,0.554540230,0.001406070
1734523591.488765717,7,5,0.082841833,-7.910545876,0.058660871
1734523591.488765717,7,6,-10.541867861,-0.468400584,-0.087629520
1734523591.488765717,7,8,-6.052377660,-4.429132378,-0.038872079
1734523591.488765717,7,9,-6.698499273,6.832612441,-0.056951908
1734523591.558765650,8,0,-5.353984492,-3.851625064,0.026102554
1734523591.558765650,8,1,-4.882647473,1.441624464,-0.055346267
1734523591.558765650,8,2,-6.905063167,-2.926867713,0.059565561
1734523591.558765650,8,3,1.650597017,-3.464067388,-0.052298256
1734523591.558765650,8,4,-3.999290448,-8.471382368,0.121855519
1734523591.558765650,8,5,-9.961387456,-0.290651398,-0.051219160
1734523591.558765650,8,6,-0.079351298,-6.661323580,-0.145426833
1734523591.558765650,8,7,-5.782796748,-4.775032800,-0.091233423
1734523591.558765650,8,9,-1.549605854,-7.337967941,0.054297274
1734523591.618765831,9,0,-10.664669824,3.678581921,-0.061186061
1734523591.618765831,9,3,-7.623290967,9.466614439,-0.034221243
1734523591.618765831,9,4,-5.416629471,1.763232575,-0.030365012
1734523591.618765831,9,6,-5.045889375,6.463192854,-0.057483378
1734523591.618765831,9,7,-8.288526410,-3.501132628,-0.001767191
1734523591.618765831,9,8,-5.885766633,4.647957115,-0.065159772
1734523591.678765774,0,1,4.961748902,0.546608679,0.044931224
1734523591.678765774,0,2,-1.161541842,6.442421630,-0.006795008
1734523591.678765774,0,3,0.077360440,-6.350943880,0.196025031
1734523591.678765774,0,4,-5.236216132,-0.806269506,-0.019389550
1734523591.678765774,0,5,2.830300471,5.436795729,-0.009974945
1734523591.678765774,0,6,-3.858395250,-4.781493747,-0.102944537
1734523591.678765774,0,7,-5.055886861,5.282809090,0.011877238
1734523591.678765774,0,8,3.676639597,-4.949151274,-0.049399335
1734523591.678765774,0,9,-10.350043972,-1.574840424,0.211042407
1734523591.738765717,1,0,-5.099878939,-0.197951155,-0.069119463
1734523591.738765717,1,2,-5.490403079,5.850060891,0.010360047
1734523591.738765717,1,3,-5.063472095,-6.032962149,-0.006455314
1734523591.738765717,1,4,-9.981218146,-0.630769215,-0.108163232
1734523591.738765717,1,5,-1.481766297,4.862253790,-0.012790056
1734523591.738765717,1,6,-8.603674262,-4.470363127,0.101828031
1734523591.738765717,1,7,-9.971146651,5.478318752,-0.043528232
1734523591.738765717,1,8,-1.646214775,-5.073733432,0.103804164
1734523591.808765650,2,0,-6.151095288,-0.639177330,-0.304424151
1734523591.808765650,2,1,-5.572797387,-5.272892535,0.102665736
1734523591.808765650,2,3,-7.496784088,-0.218009697,-0.026459646
1734523591.808765650,2,4,-6.626050105,4.751095487,0.077374924
1734523591.808765650,2,5,-0.721138943,-4.015298682,-0.007194129
1734523591.808765650,2,6,-10.584521436,3.311822626,-0.064372505
1734523591.808765650,2,7,-0.614226871,3.561014235,-0.002552925
1734523591.808765650,2,8,-7.097624415,-2.423123696,-0.046895813
1734523591.808765650,2,9,-4.167281586,6.233547012,0.163266121
1734523591.868765831,3,0,-6.931981017,0.937969671,-0.211276347
1734523591.868765831,3,1,-6.208224035,5.845140192,-0.003241481
1734523591.868765831,3,2,-7.493188027,0.244815997,-0.205422283
1734523591.868765831,3,4,-5.795974000,-4.001158010,0.211835962
1734523591.868765831,3,5,-7.026617037,2.611308487,-0.240251958
1734523591.868765831,3,6,-1.889852442,-3.692317723,0.011010570
1734523591.868765831,3,7,-7.156847507,-2.242619419,0.013852798
1734523591.868765831,3,8,-1.051120258,3.845775931,0.003232428
1734523591.868765831,3,9,-5.864155593,-10.379091535,-0.024044103
1734523591.928765774,4,0,-3.791930247,3.428412042,0.097753290
1734523591.928765774,4,1,-6.695035908,7.140201750,0.094025597
1734523591.928765774,4,2,-7.948288360,-1.103535126,0.008809521
1734523591.928765774,4,3,1.542616224,7.385358800,-0.007359412
1734523591.928765774,4,5,-9.257943132,2.232734609,-0.067893985
1734523591.928765774,4,6,2.455173851,3.517647547,0.013642951
1734523591.928765774,4,7,-5.936263028,-4.565148356,-0.412555147
1734523591.928765774,4,8,-1.898480128,9.552928202,-0.016837176
1734523591.928765774,4,9,4.572925017,-4.022123820,0.005095501
1734523591.988765717,5,0,-5.639014350,3.322668301,-0.052529531
1734523591.988765717,5,1,-7.065264588,-2.502172048,-0.266779575
1734523591.988765717,5,2,0.618402278,3.933164294,-0.113505335
1734523591.988765717,5,3,-7.162716414,2.223146957,-0.055777971
1734523591.988765717,5,4,-5.645961745,8.107009615,0.077922823
1734523591.988765717,5,6,-6.125546144,4.327284960,-0.047846775
1734523591.988765717,5,7,-0.117967783,7.324470158,-0.153994828
1734523591.988765717,5,8,-10.262141270,-0.118620182,-0.153599239
1734523592.048765659,6,0,-1.192650543,6.343801510,0.028948557
1734523592.048765659,6,1,2.260616354,11.149683674,0.249213899
1734523592.048765659,6,2,-4.232061512,6.187049642,0.245096071
1734523592.048765659,6,3,3.711905730,1.711117263,0.025227268
1734523592.048765659,6,4,-3.901063361,1.826836450,-0.026726936
1734523592.048765659,6,5,-1.902420971,7.250796220,0.238219715
1734523592.048765659,6,7,-8.463461702,5.799007184,0.068780966
1734523592.048765659,6,8,5.323515007,5.689872428,-0.008704630
1734523592.048765659,6,9,-7.457738859,-3.192680369,-0.064654232
1734523592.108765841,7,0,-5.296394935,-4.447845322,-0.000975837
1734523592.108765841,7,1,-5.889063195,-10.518997080,-0.086047358
1734523592.108765841,7,2,0.747989469,-3.835037686,0.032223133
1734523592.108765841,7,3,-7.166041518,-2.211005757,-0.096449514
1734523592.108765841,7,4,-5.725243221,0.511247091,-0.010623162
1734523592.108765841,7,5,0.114312325,-7.382436850,0.149855642
1734523592.108765841,7,6,-10.250343096,-0.521782879,-0.066093387
1734523592.108765841,7,8,-5.920513915,-4.603642431,0.063177185
1734523592.108765841,7,9,-6.439771465,6.356523406,0.020748384
1734523592.178765774,8,0,-5.152042631,-3.600595293,-0.005726689
1734523592.178765774,8,1,-4.731786430,1.633334787,-0.024752711
1734523592.178765774,8,2,-6.995782889,-2.692757615,-0.240994186
1734523592.178765774,8,3,1.286255154,-3.778766393,0.198093593
1734523592.178765774,8,4,-3.309488806,-6.943783506,0.084612412
1734523592.178765774,8,5,-10.412680009,-0.388294936,-0.138724923
1734523592.178765774,8,6,-0.235956760,-6.210325274,0.070843354
1734523592.178765774,8,7,-5.883121097,-4.650665199,-0.100991899
1734523592.178765774,8,9,-1.775177207,-7.286072921,0.109028755
1734523592.238765717,9,0,-11.122499260,3.801216562,-0.073210349
1734523592.238765717,9,2,-7.318045116,-1.641409690,-0.044608351
1734523592.238765717,9,3,-7.293912133,9.030619795,-0.080336547
1734523592.238765717,9,4,-5.280970195,1.754624130,-0.078509498
1734523592.238765717,9,6,-4.820373320,6.245946260,-0.077919240
1734523592.238765717,9,7,-7.849901540,-3.353189229,-0.090058646
1734523592.238765717,9,8,-5.684764727,4.891035637,-0.105926361
1734523592.308765650,0,1,5.010031667,0.046856201,-0.011669183
1734523592.308765650,0,2,-1.200204438,5.893900971,0.000171178
1734523592.308765650,0,3,-0.158137966,-6.200213186,-0.222629561
1734523592.308765650,0,4,-4.767808501,-0.740224148,-0.018425973
1734523592.308765650,0,5,3.121980122,6.125132083,0.015977056
1734523592.308765650,0,6,-3.860755760,-5.246482727,-0.202352460
1734523592.308765650,0,7,-5.073011284,5.323721941,-0.013332994
1734523592.308765650,0,8,3.586751957,-4.949706687,-0.023490605
1734523592.308765650,0,9,-7.373518404,-1.368741964,-0.088157712
1734523592.368765831,1,0,-5.197605629,-0.240574479,-0.165753737
1734523592.368765831,1,2,-5.423757313,5.685377736,-0.054696184
1734523592.368765831,1,3,-5.306531830,-6.318430001,0.024186888
1734523592.368765831,1,4,-10.753691966,-0.672568701,-0.051824246
1734523592.368765831,1,5,-2.074005076,5.763642950,0.018561071
1734523592.368765831,1,6,-8.613366426,-4.872022807,-0.104104485
1734523592.368765831,1,7,-9.057594545,5.093718047,-0.032478433
1734523592.368765831,1,8,-1.811887272,-5.392932571,-0.109153056
1734523592.428765774,2,0,-7.177106732,-0.808741367,-0.018497625
1734523592.428765774,2,1,-5.843304951,-5.454226635,0.059177832
1734523592.428765774,2,3,-7.494935839,-0.017368871,0.275018350
1734523592.428765774,2,4,-5.931310280,4.088579552,-0.164522811
1734523592.428765774,2,5,-0.839463530,-3.677199845,0.056250398
1734523592.428765774,2,6,-11.342080247,3.731517725,0.023267370
1734523592.428765774,2,7,-0.556900862,3.726592437,-0.040924845
1734523592.428765774,2,8,-7.046350915,-2.567431673,0.085049349
1734523592.428765774,2,9,-4.223361789,6.194452376,-0.204877905
1734523592.488765717,3,0,-7.451688945,0.731666624,-0.432430137
1734523592.488765717,3,1,-6.161769655,5.830216329,-0.048750550
1734523592.488765717,3,2,-7.493689140,0.307566545,0.005089252
1734523592.488765717,3,4,-6.520308677,-4.529550996,-0.009181244
1734523592.488765717,3,5,-7.112999989,2.373406224,-0.148909535
1734523592.488765717,3,6,-1.785780358,-3.398166173,-0.016135285
1734523592.488765717,3,7,-7.132717331,-2.316846006,-0.081043545
1734523592.488765717,3,8,-1.035097785,3.898697315,0.000910096
1734523592.488765717,3,9,-5.851339909,-10.468575778,-0.006133487
1734523592.548765659,4,0,-3.908223429,3.789554005,0.101479482
1734523592.548765659,4,1,-7.576798507,8.208454600,-0.189083015
1734523592.548765659,4,2,-7.925675330,-1.130423757,-0.016202865
1734523592.548765659,4,3,1.453116858,7.357706176,0.051100118
1734523592.548765659,4,5,-10.368132459,2.394195547,-0.053506052
1734523592.548765659,4,6,2.463085720,3.633773638,-0.204091894
1734523592.548765659,4,7,-4.238431378,-3.471462239,-0.048323437
1734523592.548765659,4,8,-1.916496726,9.568608925,0.025940434
1734523592.548765659,4,9,4.352606815,-4.107375350,0.056262371
1734523592.618765831,5,0,-5.695976828,3.320842913,0.010355703
1734523592.618765831,5,1,-4.932638151,-1.840907830,-0.114400238
1734523592.618765831,5,2,1.224890111,7.391460242,-0.340528579
1734523592.618765831,5,3,-7.172203699,2.187171186,0.160550012
1734523592.618765831,5,4,-5.836859678,7.924290551,0.163895039
1734523592.618765831,5,6,-6.067162749,4.408929542,0.029605103
1734523592.618765831,5,7,0.041767321,7.877579948,-0.129242742
1734523592.618765831,5,8,-10.682444672,0.080745697,-0.013173492
1734523592.678765774,6,0,-1.101869119,5.925757016,-0.032267797
1734523592.678765774,6,1,2.159839122,10.556973343,-0.027859132
1734523592.678765774,6,2,-6.469867203,9.221979666,-0.235549850
1734523592.678765774,6,3,3.643697772,1.632238031,0.022081244
1734523592.678765774,6,4,-4.058897078,1.871176062,0.013516543
1734523592.678765774,6,5,-1.834885730,7.270165028,0.167017415
1734523592.678765774,6,7,-8.571137183,5.944969524,0.118008038
1734523592.678765774,6,8,4.991554192,5.135186289,0.184160036
1734523592.678765774,6,9,-7.734689253,-3.189716031,0.164158573
1734523592.738765717,7,0,-5.183034735,-4.312688628,-0.032777595
1734523592.738765717,7,1,-5.647127697,-9.810108065,-0.039566432
1734523592.738765717,7,2,0.857819533,-4.045523364,0.135779232
1734523592.738765717,7,3,-7.048076285,-2.560787745,-0.130333434
1734523592.738765717,7,4,-6.575114920,0.430179165,-0.078805128
1734523592.738765717,7,5,-0.108146922,-7.750145348,-0.023159698
1734523592.738765717,7,6,-10.408444480,-0.589798869,-0.050025585
1734523592.738765717,7,8,-5.939292238,-4.578704822,0.101340381
1734523592.738765717,7,9,-6.668488470,6.574725127,-0.044997159
1734523592.808765650,8,0,-5.011733637,-3.490860011,0.024051851
1734523592.808765650,8,1,-5.306170336,1.814634662,0.162218262
1734523592.808765650,8,2,-6.876070989,-2.988501028,-0.196238022
1734523592.808765650,8,3,2.660016400,-7.010787114,0.152239293
1734523592.808765650,8,4,-3.753589241,-7.687431624,-0.032848041
1734523592.808765650,8,5,-9.420535704,-0.272638947,0.157772860
1734523592.808765650,8,6,-0.077508954,-7.001834074,-0.041651991
1734523592.808765650,8,7,-5.922471857,-4.601553490,-0.005707936
1734523592.808765650,8,9,-1.928040738,-7.247936753,0.008469911
1734523592.868765831,9,0,-11.002707068,3.788936060,0.013348965
1734523592.868765831,9,2,-7.358785994,-1.440653828,0.150947817
1734523592.868765831,9,3,-7.008877119,8.868175371,0.185144362
1734523592.868765831,9,4,-5.521605243,1.839770076,-0.102457579
1734523592.868765831,9,6,-5.053984924,6.552050983,-0.026512497
1734523592.868765831,9,7,-8.202195827,-3.494579969,-0.015425018
1734523592.868765831,9,8,-5.642325108,4.941065485,-0.006264560
1734523592.928765774,0,1,4.627605230,0.445840687,0.119396838
1734523592.928765774,0,2,-1.119072499,5.534819242,-0.171004737
1734523592.928765774,0,3,-0.029273335,-5.724537635,0.110003908
1734523592.928765774,0,4,-5.305652595,-0.862135836,-0.034637663
1734523592.928765774,0,5,2.667122938,5.228335838,-0.173037575
1734523592.928765774,0,6,-3.194797762,-4.332980203,-0.194800876
1734523592.928765774,0,7,-5.106965281,5.372583711,0.009969353
1734523592.928765774,0,8,3.783099200,-5.540132167,0.161977362
1734523592.928765774,0,9,-10.245596678,-1.802057127,0.092900961
1734523592.988765717,1,0,-4.822680061,0.038309045,-0.016351554
1734523592.988765717,1,2,-5.977536030,6.272071847,0.012751911
1734523592.988765717,1,3,-5.516740802,-6.644567478,0.022919401
1734523592.988765717,1,4,-9.799441916,-0.657158556,0.001403891
1734523592.988765717,1,5,-1.923870389,5.891746929,0.194646047
1734523592.988765717,1,6,-9.980313396,-5.330372278,-0.020393708
1734523592.988765717,1,7,-10.257592284,5.509841319,-0.076850618
1734523592.988765717,1,8,-1.976387957,-5.694206940,-0.081690825
1734523593.058765650,2,0,-7.475821513,-0.598709507,-0.060329369
1734523593.058765650,2,1,-6.520828605,-6.148816360,0.025821371
1734523593.058765650,2,3,-7.496383011,-0.155277630,0.173581698
1734523593.058765650,2,4,-6.186211211,3.950618848,-0.108776824
1734523593.058765650,2,5,-0.757555883,-3.896307520,0.195625062
1734523593.058765650,2,6,-11.590901606,3.462688309,0.002320281
1734523593.058765650,2,7,-0.518867578,3.291518066,0.140495000
1734523593.058765650,2,8,-7.083338101,-2.464941034,0.019673375
1734523593.058765650,2,9,-4.428408471,6.052304154,0.093876764
1734523593.118765831,3,0,-6.389907977,0.866807333,0.059845045
1734523593.118765831,3,1,-6.494429842,6.065839123,-0.057582678
1734523593.118765831,3,2,-7.495276057,0.264219781,-0.032011569
1734523593.118765831,3,4,-5.814623164,-4.292724846,-0.023051936
1734523593.118765831,3,5,-7.129963161,2.326704328,0.008502525
1734523593.118765831,3,6,-1.722485501,-3.242790297,-0.004566112
1734523593.118765831,3,7,-7.215434542,-2.039869347,-0.162595865
1734523593.118765831,3,8,-1.086188007,3.927722419,0.005871574
1734523593.118765831,3,9,-5.393756520,-9.524892488,-0.069311592
1734523593.178765774,4,0,-4.256010707,3.931044839,-0.118379697
1734523593.178765774,4,1,-7.505008641,7.672839717,-0.077144791
1734523593.178765774,4,2,-7.977687002,-1.029950047,0.034192767
1734523593.178765774,4,3,1.646549223,7.487258031,0.048820490
1734523593.178765774,4,5,-7.369414759,1.393369069,-0.015771671
1734523593.178765774,4,6,2.503190005,3.594177199,-0.004841722
1734523593.178765774,4,7,-4.463288246,-3.395212170,0.027508074
1734523593.178765774,4,8,-1.915249055,9.644510484,0.061193360
1734523593.178765774,4,9,5.553449810,-5.037530566,-0.180224891
1734523593.248765707,5,0,-6.466470435,3.797194420,0.126785875
1734523593.248765707,5,1,-4.981084966,-1.677217309,-0.055838282
1734523593.248765707,5,2,0.856148811,3.748554829,0.096759137
1734523593.248765707,5,3,-7.124091713,2.344313520,0.038876505
1734523593.248765707,5,4,-5.492674241,7.822315327,0.056557895
1734523593.248765707,5,6,-6.169978660,4.261960640,0.130594176
1734523593.248765707,5,7,-0.084904752,7.104308508,0.004422597
1734523593.248765707,5,8,-10.639453085,-0.007361858,0.022562166
1734523593.308765650,6,0,-1.400350257,6.652392224,-0.197115013
1734523593.308765650,6,1,1.984890136,9.949191777,-0.064491630
1734523593.308765650,6,2,-7.292606420,10.473380887,-0.158975997
1734523593.308765650,6,3,3.667379318,1.633996570,0.009464585
1734523593.308765650,6,4,-3.767419236,1.723592984,0.016651843
1734523593.308765650,6,5,-1.838937899,7.270689987,-0.073311096
1734523593.308765650,6,7,-8.786079703,6.467525676,0.182628671
1734523593.308765650,6,8,4.794879828,5.580964502,-0.064809572
1734523593.308765650,6,9,-7.376765413,-3.226166176,-0.004732800
1734523593.368765831,7,0,-5.513737437,-4.888377939,0.100701309
1734523593.368765831,7,1,-5.729677932,-10.243714413,-0.019250643
1734523593.368765831,7,2,0.880550905,-4.067823312,0.223644502
1734523593.368765831,7,3,-7.124368407,-2.339047775,0.149098331
1734523593.368765831,7,4,-5.491189914,0.534509372,-0.254461276
1734523593.368765831,7,5,0.021626013,-7.499103854,0.113902171
1734523593.368765831,7,6,-10.925108782,-0.681630837,-0.011731655
1734523593.368765831,7,8,-6.082387570,-4.387419035,0.071523840
1734523593.368765831,7,9,-6.312008341,5.938538715,0.002543640
1734523593.428765774,8,0,-5.188286264,-3.620748621,0.008619817
1734523593.428765774,8,1,-5.705147688,1.725961825,-0.194520831
1734523593.428765774,8,2,-6.999817874,-2.691109261,-0.102375167
1734523593.428765774,8,3,1.502390943,-3.890839064,-0.094638589
1734523593.428765774,8,4,-4.247476045,-8.715717074,-0.000888207
1734523593.428765774,8,5,-9.969024359,-0.531169261,0.201540530
1734523593.428765774,8,6,-0.092068244,-7.495734738,-0.058063032
1734523593.428765774,8,7,-5.837714600,-4.707381841,0.107909476
1734523593.428765774,8,9,-1.714833687,-7.299750882,0.151599773
1734523593.498765707,9,0,-9.363069601,2.931725749,-0.275045432
1734523593.498765707,9,2,-7.382718208,-1.321085566,0.014310547
1734523593.498765707,9,3,-7.457773762,9.409507456,-0.096033397
1734523593.498765707,9,4,-5.738672767,1.911273838,0.025561339
1734523593.498765707,9,6,-4.915286504,6.220252869,-0.056904541
1734523593.498765707,9,7,-8.116023869,-3.364207834,-0.075119372
1734523593.498765707,9,8,-5.818163769,4.731544611,0.107032436
1734523593.558765650,0,1,5.389256198,0.275147109,0.101339732
1734523593.558765650,0,2,-0.983391539,6.335293029,-0.072069413
1734523593.558765650,0,3,-0.348565568,-6.797192209,0.169246316
1734523593.558765650,0,4,-5.020627342,-0.810138074,-0.010276545
1734523593.558765650,0,5,2.997673689,5.933608555,-0.035799559
1734523593.558765650,0,6,-4.627191027,-5.898196802,0.224449731
1734523593.558765650,0,7,-5.268288938,5.467374017,0.052133945
1734523593.558765650,0,8,3.041853790,-4.697875529,-0.132231639
1734523593.558765650,0,9,-10.396982932,-1.494773606,-0.027252451
1734523593.618765831,1,0,-4.786113153,-0.304276299,0.065211451
1734523593.618765831,1,2,-6.096065824,6.442758632,0.070460334
1734523593.618765831,1,3,-5.520335688,-6.748088805,-0.096223527
1734523593.618765831,1,4,-10.332108242,-0.683307053,0.069218022
1734523593.618765831,1,5,-1.944040413,5.228577911,0.213363432
1734523593.618765831,1,6,-9.454865327,-5.357591927,0.024676586
1734523593.618765831,1,7,-10.083871766,5.519902875,0.050218089
1734523593.618765831,1,8,-1.858510907,-5.714319787,0.092844342
1734523593.678765774,2,0,-6.267863476,-0.658625890,0.216493152
1734523593.678765774,2,1,-6.459853174,-6.092678002,-0.035080927
1734523593.678765774,2,3,-7.498088702,0.109796704,-0.128881751
1734523593.678765774,2,4,-7.140257492,4.453586359,-0.044059762
1734523593.678765774,2,5,-0.757427814,-7.461524521,-0.044214659
1734523593.678765774,2,6,-11.940093422,3.576426847,0.059417017
1734523593.678765774,2,7,-0.487599442,3.697452051,0.010044200
1734523593.678765774,2,8,-7.058910787,-2.533894372,0.034026616
1734523593.678765774,2,9,-4.288692011,6.151484922,-0.127883135
1734523593.738765717,3,0,-5.868013511,1.010012654,-0.081431966
1734523593.738765717,3,1,-6.151897498,5.825365346,-0.068106989
1734523593.738765717,3,2,-7.488469943,0.327151235,-0.256495593
1734523593.738765717,3,4,-6.584271334,-4.315077395,-0.019980906
1734523593.738765717,3,5,-7.066476805,2.511427865,0.087382180
1734523593.738765717,3,6,-1.858834509,-3.385793616,-0.024148298
1734523593.738765717,3,7,-7.246546977,-1.932608071,-0.050822694
1734523593.738765717,3,8,-1.083622089,3.896467094,-0.033305292
1734523593.738765717,3,9,-6.158347602,-11.040574940,0.035940242
1734523593.808765650,4,0,-3.590682788,3.669755301,-0.073616083
1734523593.808765650,4,1,-6.953527500,7.223704068,-0.075137791
1734523593.808765650,4,2,-7.846888562,-1.141342332,-0.009478140
1734523593.808765650,4,3,1.655898078,7.152723139,0.037774575
1734523593.808765650,4,5,-9.323853221,2.139695618,-0.006423155
1734523593.808765650,4,6,2.672553182,3.913389107,0.001201015
1734523593.808765650,4,7,-4.650089535,-3.489677557,-0.163356347
1734523593.808765650,4,8,-1.857806183,9.290146576,0.035193241
1734523593.808765650,4,9,4.522509475,-4.263369873,0.109615617
1734523593.868765831,5,0,-5.842687133,3.342583935,-0.031489656
1734523593.868765831,5,1,-5.697486554,-2.008104220,0.278323620
1734523593.868765831,5,2,0.746800509,3.768115973,0.101141852
1734523593.868765831,5,3,-7.190354753,2.132348381,0.043461513
1734523593.868765831,5,4,-6.155550569,8.235224664,-0.068309052
1734523593.868765831,5,6,-6.118763562,4.330742116,-0.235383077
1734523593.868765831,5,7,-0.090700612,7.198899279,-0.107901945
1734523593.868765831,5,8,-11.632873490,-0.003839971,0.062134642
1734523593.928765774,6,0,-1.245643302,6.255710300,0.030476370
1734523593.928765774,6,1,1.990862743,10.346454943,-0.029492540
1734523593.928765774,6,2,-7.154673390,10.617790696,-0.143512047
1734523593.928765774,6,3,3.537085013,1.581568902,0.025265128
1734523593.928765774,6,4,-3.873628701,1.739397619,-0.021352730
1734523593.928765774,6,5,-2.162832540,7.179293838,0.172902831
1734523593.928765774,6,7,-8.054288755,5.872597989,0.221555508
1734523593.928765774,6,8,5.374654999,5.706616052,-0.072969779
1734523593.928765774,6,9,-7.340797548,-3.153944740,-0.003320178
1734523593.988765717,7,0,-5.990541331,-5.092011407,0.018696965
1734523593.988765717,7,1,-5.532732132,-10.018893558,0.003392631
1734523593.988765717,7,2,0.891684656,-4.353218305,-0.096280795
1734523593.988765717,7,3,-7.105331604,-2.400629268,-0.035240836
1734523593.988765717,7,4,-6.163191892,0.396378474,0.023227862
1734523593.988765717,7,5,-0.103846567,-8.408493972,0.147516364
1734523593.988765717,7,6,-10.753095995,-0.718872702,0.026976022
1734523593.988765717,7,8,-5.963949107,-4.547570208,0.030269646
1734523593.988765717,7,9,-6.520895569,6.366736568,0.026684943
1734523594.058765650,8,0,-5.195297291,-3.360777861,0.219398490
1734523594.058765650,8,1,-5.537839866,1.546542473,0.049290659
1734523594.058765650,8,2,-6.970073379,-2.768461484,-0.060812032
1734523594.058765650,8,3,1.380769625,-3.724820105,-0.293140990
1734523594.058765650,8,4,-4.323565142,-8.851523034,0.136203251
1734523594.058765650,8,5,-10.710798929,-0.465353625,-0.052111073
1734523594.058765650,8,6,-0.108342478,-6.695026272,-0.028663650
1734523594.058765650,8,7,-5.879078420,-4.656361041,0.068838883
1734523594.118765831,9,0,-10.645547553,3.518698183,-0.090875403
1734523594.118765831,9,2,-7.379356102,-1.333606789,0.128827235
1734523594.118765831,9,3,-6.965186778,9.101255899,0.046659083
1734523594.118765831,9,4,-5.809367717,1.959621804,-0.053664604
1734523594.118765831,9,6,-4.874482316,6.237100445,-0.030898317
1734523594.118765831,9,7,-8.082181089,-3.357217941,-0.018813396
1734523594.118765831,9,8,-5.615648599,4.970606516,0.086957850
1734523594.178765774,0,1,5.075550456,0.497291429,-0.093626331
1734523594.178765774,0,2,-1.168649730,6.320122365,0.220314298
1734523594.178765774,0,3,0.034369034,-6.377642828,0.159541738
1734523594.178765774,0,4,-5.119368706,-0.796186091,-0.003094405
1734523594.178765774,0,5,3.068340650,6.194348932,-0.002095295
1734523594.178765774,0,6,-3.818001839,-5.559188530,0.024705038
1734523594.178765774,0,7,-5.132485307,5.343164256,0.024583777
1734523594.178765774,0,8,3.507731629,-4.897596449,0.007868357
1734523594.178765774,0,9,-7.381127238,-1.328938501,-0.053694988
1734523594.248765707,1,0,-4.925700321,0.053466122,0.067840718
1734523594.248765707,1,2,-5.848823820,6.572213055,0.080307932
1734523594.248765707,1,3,-5.798179556,-6.860886767,-0.017131120
1734523594.248765707,1,4,-10.049178068,-0.625635152,-0.021787783
1734523594.248765707,1,5,-1.811024632,5.487952369,0.214394518
1734523594.248765707,1,6,-8.574710100,-4.591998960,-0.041072416
1734523594.248765707,1,7,-9.819174372,5.446221311,0.014645478
1734523594.248765707,1,8,-1.500163668,-4.815428944,-0.024574322
1734523594.308765650,2,0,-6.062855457,-0.742136852,0.106405781
1734523594.308765650,2,1,-6.254287588,-5.835017463,-0.045734112
1734523594.308765650,2,3,-7.495019247,-0.180284004,-0.205387824
1734523594.308765650,2,4,-6.080359595,4.388920627,-0.128852352
1734523594.308765650,2,5,-0.829122464,-4.096298284,0.135536855
1734523594.308765650,2,6,-11.180339521,3.470085093,0.015400136
1734523594.308765650,2,7,-0.594322681,3.705520896,0.128860207
1734523594.308765650,2,9,-4.245733065,6.181161100,0.130377135
1734523594.368765831,3,0,-6.090833883,0.662840843,0.145670860
1734523594.368765831,3,1,-6.954657279,6.598267030,-0.067576304
1734523594.368765831,3,2,-7.498968577,0.123951470,0.010310555
1734523594.368765831,3,4,-6.064310214,-4.423595742,0.020119696
1734523594.368765831,3,5,-7.038696325,2.589281689,-0.048727611
1734523594.368765831,3,6,-1.737255213,-3.501161840,-0.106189964
1734523594.368765831,3,7,-7.168980445,-2.190575684,0.238950933
1734523594.368765831,3,8,-1.030950347,3.768878477,-0.008927383
1734523594.368765831,3,9,-5.692093944,-10.159907417,-0.006316359
1734523594.428765774,4,0,-4.107676995,3.955394858,0.046320702
1734523594.428765774,4,1,-7.183981296,7.337618217,0.196010932
1734523594.428765774,4,2,-7.372469702,-1.075672971,-0.032998155
1734523594.428765774,4,3,1.700779771,7.854614451,-0.031412576
1734523594.428765774,4,5,-10.423831096,2.297396653,-0.053584357
1734523594.428765774,4,6,2.715023980,3.958332293,0.023622176
1734523594.428765774,4,7,-6.224556967,-4.183835423,-0.020290808
1734523594.428765774,4,8,-1.970281187,9.856633234,-0.054335420
1734523594.428765774,4,9,4.758336423,-4.010877249,-0.002190834
1734523594.488765717,5,0,-5.499431133,3.057379832,0.016716681
1734523594.488765717,5,1,-6.944314498,-2.812584782,-0.340386531
1734523594.488765717,5,2,0.942605258,4.252035425,-0.119729193
1734523594.488765717,5,3,-7.161158571,2.212813015,0.266957823
1734523594.488765717,5,4,-6.441244423,8.343153287,0.025691111
1734523594.488765717,5,6,-6.317037043,4.042372107,0.065350920
1734523594.488765717,5,7,0.094017715,7.976770107,0.050862225
1734523594.488765717,5,8,-11.640364102,-0.259543874,-0.053890789
1734523594.558765650,6,0,-1.129723178,6.296601246,0.023722748
1734523594.558765650,6,1,2.087227044,10.174463081,-0.025742680
1734523594.558765650,6,2,-7.077426310,10.346532978,-0.194862917
1734523594.558765650,6,3,3.534302174,1.551968471,0.010800007
1734523594.558765650,6,4,-4.093452672,1.853475618,-0.016609910
1734523594.558765650,6,5,-1.953856652,7.238268441,-0.199785295
1734523594.558765650,6,7,-7.481796578,5.242471447,0.112183158
1734523594.558765650,6,8,4.527357697,4.619788071,-0.010204417
1734523594.558765650,6,9,-7.353126306,-3.202464079,-0.009054053
1734523594.628765821,7,0,-5.547693209,-4.741788822,-0.036171839
1734523594.628765821,7,1,-5.841704965,-10.511705024,0.049138404
1734523594.628765821,7,2,0.717947372,-4.039179889,-0.113058370
1734523594.628765821,7,4,-6.182359721,0.434846176,-0.056382329
1734523594.628765821,7,5,0.445281282,-8.075475140,-0.062220774
1734523594.628765821,7,6,-10.383892872,-0.683661252,-0.013940147
1734523594.628765821,7,8,-6.133451327,-4.314856092,-0.113100539
1734523594.628765821,7,9,-6.560244085,6.308269842,-0.035012473
1734523594.688765764,8,0,-4.868246673,-3.273224518,-0.021364101
1734523594.688765764,8,1,-5.237600344,1.679031753,-0.091103204
1734523594.688765764,8,2,-6.875151392,-2.996783456,-0.039777499
1734523594.688765764,8,3,1.633739613,-3.535248631,-0.256147142
1734523594.688765764,8,4,-4.637087369,-8.953458630,-0.081002137
1734523594.688765764,8,5,-10.032989276,-0.391020166,0.029648042
1734523594.688765764,8,6,-0.152930774,-7.271701654,-0.028808799
1734523594.688765764,8,7,-5.790130305,-4.765321793,0.126882850
1734523594.748765707,9,0,-9.521905782,3.115520637,-0.050987079
1734523594.748765707,9,2,-7.351265780,-1.483740435,-0.086056713
1734523594.748765707,9,3,-7.379722440,9.338477714,-0.082127981
1734523594.748765707,9,4,-5.974336148,2.021335613,0.005544939
1734523594.748765707,9,6,-4.878245714,6.170933071,-0.030194508
1734523594.748765707,9,7,-8.219365149,-3.460792655,-0.093283039
1734523594.748765707,9,8,-5.811572433,4.739033488,-0.131100935
1734523594.818765879,0,1,5.325554737,0.438743728,-0.102830887
1734523594.818765879,0,2,-1.076285242,6.020315193,-0.149219906
1734523594.818765879,0,3,-0.113092615,-6.265508508,0.005014386
1734523594.818765879,0,4,-5.340070355,-0.841121973,0.004633505
1734523594.818765879,0,5,2.793520381,5.737912454,0.036152132
1734523594.818765879,0,6,-3.280102054,-4.813715867,-0.005835794
1734523594.818765879,0,7,-4.920151995,5.203911291,-0.025620109
1734523594.818765879,0,8,3.610836087,-5.158459203,-0.022836578
1734523594.818765879,0,9,-11.407962062,-2.092324074,0.093154449
1734523594.878765821,1,0,-5.288892529,-0.331416782,-0.084516169
1734523594.878765821,1,2,-6.188373061,6.506809231,-0.082740128
1734523594.878765821,1,3,-5.540626920,-6.732649799,-0.061164200
1734523594.878765821,1,4,-10.288928417,-0.646122987,-0.015658253
1734523594.878765821,1,5,-1.725519499,5.529567179,-0.142681712
1734523594.878765821,1,6,-8.514618556,-4.883368263,-0.051022334
1734523594.878765821,1,7,-10.289721746,5.504967137,-0.000698151
1734523594.878765821,1,8,-1.652956445,-5.561278813,0.250380889
1734523594.938765764,2,0,-6.848607416,-0.906991056,-0.035182374
1734523594.938765764,2,1,-6.421766104,-6.022523127,0.024142126
1734523594.938765764,2,3,-7.498037442,0.118126243,0.124421485
1734523594.938765764,2,4,-7.115691427,4.476310846,0.251193657
1734523594.938765764,2,5,-0.828970620,-4.395683676,-0.094061157
1734523594.938765764,2,6,-10.936571068,3.342404739,-0.076917908
1734523594.938765764,2,7,-0.979467432,3.805908028,0.056558495
1734523594.938765764,2,8,-7.151265464,-2.260148354,0.033640393
1734523594.938765764,2,9,-4.377144358,6.088400516,-0.148278204
1734523594.998765707,3,0,-6.239420855,0.913810094,0.074269211
1734523594.998765707,3,1,-6.290120169,6.082313428,-0.012126746
1734523594.998765707,3,2,-7.499424888,0.092593229,0.007269516
1734523594.998765707,3,4,-6.317033356,-4.138425103,0.238994278
1734523594.998765707,3,5,-7.114134171,2.371956680,0.113650795
1734523594.998765707,3,6,-1.990780833,-3.528648745,0.007094902
1734523594.998765707,3,7,-7.228601220,-1.996778605,-0.100993122
1734523594.998765707,3,8,-1.150186982,3.878489509,-0.003751444
1734523594.998765707,3,9,-5.895606644,-10.416482242,-0.059144893
1734523595.058765650,4,0,-3.418221610,3.281442642,-0.074576795
1734523595.058765650,4,1,-7.746867670,7.568292846,0.045403095
1734523595.058765650,4,2,-8.894874511,-1.356499306,0.017981376
1734523595.058765650,4,3,1.620921278,7.662796866,0.005554960
1734523595.058765650,4,5,-10.572369640,2.371610828,0.020171491
1734523595.058765650,4,6,2.603801737,3.915841003,-0.021331165
1734523595.058765650,4,7,-4.681423813,-3.705249905,0.178866796
1734523595.058765650,4,8,-1.959154290,9.636635809,0.038695993
1734523595.058765650,4,9,4.854693901,-4.429660615,-0.157175017
1734523595.118765831,5,0,-6.289155884,3.490777442,-0.000705042
1734523595.118765831,5,1,-6.981559003,-2.726535211,-0.271734501
1734523595.118765831,5,2,0.645813830,4.126715997,-0.044120745
1734523595.118765831,5,3,-7.230490320,1.991197157,-0.071719021
1734523595.118765831,5,4,-6.214695984,8.100149487,-0.141251715
1734523595.118765831,5,6,-6.114562389,4.341676729,0.109407355
1734523595.118765831,5,7,-0.220491468,7.697496391,0.039446266
1734523595.118765831,5,8,-7.498482124,0.077996988,-0.129160005
1734523595.178765774,6,0,-1.244954647,6.520394894,-0.020884649
1734523595.178765774,6,1,2.161267494,10.565007762,-0.005637865
1734523595.178765774,6,2,-6.456166978,9.887290194,-0.207973844
1734523595.178765774,6,3,3.648951034,1.527855591,-0.005701962
1734523595.178765774,6,4,-4.560436419,2.050006045,0.002731164
1734523595.178765774,6,5,-2.296007327,7.138406420,0.146642913
1734523595.178765774,6,7,-8.586224205,5.725661895,0.129462816
1734523595.178765774,6,8,5.146584051,5.902574685,0.136175133
1734523595.178765774,6,9,-7.377231986,-3.187694387,-0.033876424
1734523595.248765707,7,0,-5.801506717,-4.991570661,-0.061547169
1734523595.248765707,7,1,-5.554125044,-9.910653352,-0.102955638
1734523595.248765707,7,2,0.728184278,-4.176096879,0.078848536
1734523595.248765707,7,3,-7.068672422,-2.506763927,-0.002191001
1734523595.248765707,7,4,-6.213277364,0.406982258,-0.032442065
1734523595.248765707,7,5,0.469754866,-8.206899166,0.040473656
1734523595.248765707,7,6,-10.499389260,-0.750444485,0.004008768
1734523595.248765707,7,8,-5.979088059,-4.527594019,0.037395021
1734523595.248765707,7,9,-6.498692732,6.182105620,-0.032887492
1734523595.308765650,8,0,-5.157244930,-3.511652284,-0.045385276
1734523595.308765650,8,1,-5.564807081,1.929479208,0.122684331
1734523595.308765650,8,2,-7.005236060,-2.677126811,-0.098284179
1734523595.308765650,8,3,1.738992400,-3.568905213,-0.156076295
1734523595.308765650,8,4,-4.282815592,-8.675975669,0.199327812
1734523595.308765650,8,5,-11.210555284,-0.482803326,0.017601857
1734523595.308765650,8,6,0.011326275,-8.147091734,0.141384695
1734523595.308765650,8,7,-5.842518130,-4.696986690,-0.230863452
1734523595.368765831,9,0,-9.961983489,3.377846943,0.038272539
1734523595.368765831,9,2,-7.351033861,-1.484116523,0.098485094
1734523595.368765831,9,3,-6.589691168,8.285630513,-0.011013838
1734523595.368765831,9,4,-5.867224386,1.984939675,-0.024006243
1734523595.368765831,9,6,-4.830102525,6.134958470,0.010406717
1734523595.368765831,9,7,-8.785522480,-3.574060674,-0.046206779
1734523595.428765774,0,1,5.320235735,0.276146482,0.003489052
1734523595.428765774,0,2,-1.271621609,6.454995923,-0.039043586
1734523595.428765774,0,3,-0.569303452,-7.478180766,-0.052019295
1734523595.428765774,0,4,-5.436003897,-0.856099779,-0.039200578
1734523595.428765774,0,5,3.009393032,6.125235799,-0.029383858
1734523595.428765774,0,6,-4.158687454,-6.231814485,-0.346131304
1734523595.428765774,0,7,-5.413183477,5.716127382,0.023993955
1734523595.428765774,0,8,3.354187587,-4.767829633,0.007253761
1734523595.428765774,0,9,-12.649216632,-2.081287530,-0.165799697
1734523595.488765717,1,0,-5.471136011,-0.235611641,-0.088013602
1734523595.488765717,1,2,-5.791909063,6.154655796,0.034749166
1734523595.488765717,1,3,-5.370143642,-6.559295877,-0.123462909
1734523595.488765717,1,4,-10.133869652,-0.750331053,-0.047251587
1734523595.488765717,1,5,-1.660857091,5.204613035,-0.074555542
1734523595.488765717,1,6,-9.945875504,-5.538977181,0.043526057
1734523595.488765717,1,7,-10.076079367,5.629486849,0.010919004
1734523595.488765717,1,8,-1.765468375,-5.277018623,0.120197706
1734523595.558765650,2,0,-7.160826324,-0.908421684,-0.102091796
1734523595.558765650,2,1,-6.175914937,-5.788943692,-0.057789284
1734523595.558765650,2,3,-7.496687367,0.139140701,0.174121753
1734523595.558765650,2,4,-6.360279564,4.243499420,0.186954512
1734523595.558765650,2,5,-0.614009507,-3.851243847,0.260392736
1734523595.558765650,2,6,-11.145114801,3.330341935,-0.044610990
1734523595.558765650,2,7,-0.526870712,4.173968348,-0.250866546
1734523595.558765650,2,8,-7.155956358,-2.245055458,0.044884198
1734523595.558765650,2,9,-4.461496865,6.028658152,-0.018072557
1734523595.618765831,3,0,-7.383021986,1.275075916,-0.339363765
1734523595.618765831,3,1,-6.293194671,6.058756259,-0.025003565
1734523595.618765831,3,2,-7.492579452,0.286787309,0.170312070
1734523595.618765831,3,4,-6.303150926,-4.190608614,-0.140825720
1734523595.618765831,3,5,-7.067804816,2.508797324,-0.045508921
1734523595.618765831,3,6,-1.896707967,-3.348278631,0.007831841
1734523595.618765831,3,7,-7.208836113,-2.069177938,0.034417331
1734523595.618765831,3,8,-1.162764133,3.990499250,-0.018164306
1734523595.618765831,3,9,-3.531519332,-6.616040825,0.079843686
1734523595.678765774,4,0,-3.768485101,3.439794245,0.032189390
1734523595.678765774,4,1,-6.247566002,6.570592383,0.021058942
1734523595.678765774,4,2,-8.230640077,-1.250967140,0.041333083
1734523595.678765774,4,3,1.657895502,7.199028819,0.043180190
1734523595.678765774,4,5,-10.427586530,2.226880469,-0.065231740
1734523595.678765774,4,6,2.338114491,3.496649023,0.011649866
1734523595.678765774,4,7,-5.611133018,-4.180286403,-0.101703807
1734523595.678765774,4,8,-1.955785241,9.764903889,0.003130669
1734523595.678765774,4,9,4.271583269,-4.306852932,-0.113655095
1734523595.738765717,5,0,-5.896316939,3.268392048,-0.029242433
1734523595.738765717,5,1,-5.503383036,-2.019871399,-0.179076949
1734523595.738765717,5,2,0.625627686,3.603447911,-0.062076607
1734523595.738765717,5,3,-7.182223979,2.158833611,-0.071387319
1734523595.738765717,5,4,-6.902630656,9.329255254,-0.027293373
1734523595.738765717,5,6,-6.211450832,4.202891930,0.059816253
1734523595.738765717,5,7,0.128018262,7.626704903,-0.090791991
1734523595.738765717,5,8,-10.416941253,-0.074416478,0.107647744
1734523595.798765659,6,0,-1.218716923,6.416368625,-0.000294897
1734523595.798765659,6,1,1.933868997,9.620653404,-0.020323530
1734523595.798765659,6,2,-7.419640201,10.321870491,0.096046648
1734523595.798765659,6,3,3.591712911,1.504998814,0.049475041
1734523595.798765659,6,4,-3.825099422,1.697659052,-0.011974801
1734523595.798765659,6,5,-1.992313316,7.227692429,-0.202854138
1734523595.798765659,6,7,-8.304084821,5.935612049,-0.073634434
1734523595.798765659,6,8,4.550107086,4.944625144,0.251533691
1734523595.798765659,6,9,-7.742121070,-3.501169149,0.006489575
1734523595.868765831,7,0,-5.346750002,-4.585300810,-0.015369775
1734523595.868765831,7,1,-5.521421872,-10.150706153,-0.004143199
1734523595.868765831,7,2,1.048303006,-4.707035576,0.160847604
1734523595.868765831,7,3,-7.069650630,-2.492911038,0.235445377
1734523595.868765831,7,4,-6.686528560,0.387061264,0.020457073
1734523595.868765831,7,5,0.155241865,-7.421909300,0.067525405
1734523595.868765831,7,6,-10.554291507,-0.804797510,0.020229786
1734523595.868765831,7,8,-5.999921052,-4.497629793,0.149243460
1734523595.868765831,7,9,-6.556593675,6.409639734,0.011888675
1734523595.938765764,8,0,-5.035936060,-3.397979091,-0.036961511
1734523595.938765764,8,1,-5.734555346,1.923709836,-0.109390313
1734523595.938765764,8,2,-6.977406648,-2.736622340,0.276937961
1734523595.938765764,8,3,1.652794138,-3.721889111,0.297850231
1734523595.938765764,8,4,-3.294984579,-6.737162544,0.060971072
1734523595.938765764,8,5,-11.504735445,-0.462506092,-0.042299739
1734523595.938765764,8,6,-0.138561662,-7.182430522,-0.046320064
1734523595.938765764,8,7,-5.946303375,-4.569742991,-0.094473115
1734523595.998765707,9,0,-10.980291620,3.588801454,-0.258704279
1734523595.998765707,9,2,-7.348931649,-1.493543162,-0.111948377
1734523595.998765707,9,3,-4.829069287,5.737282838,0.116942131
1734523595.998765707,9,4,-5.669472622,1.852129106,-0.035194476
1734523595.998765707,9,6,-5.001809338,6.272654898,-0.121956703
1734523595.998765707,9,7,-9.227215000,-3.850936926,-0.002730718
1734523596.068765879,0,1,5.465990892,0.123072635,-0.030927941
1734523596.068765879,0,2,-1.466367154,7.343079018,-0.423034159
1734523596.068765879,0,3,-0.151085527,-7.357612474,0.015911138
1734523596.068765879,0,4,-5.306958435,-0.848506149,0.001062971
1734523596.068765879,0,5,3.083256492,6.391884823,-0.009253750
1734523596.068765879,0,6,-3.555399412,-5.110258691,-0.265058703
1734523596.068765879,0,7,-4.779336564,5.011620382,0.042735650
1734523596.068765879,0,8,3.793317084,-5.409933646,-0.006637513
1734523596.068765879,0,9,-10.625793660,-1.807702989,-0.055556187
1734523596.128765821,1,0,-5.336925816,-0.230659613,0.140097920
1734523596.128765821,1,2,-6.036334023,6.306409594,-0.000861727
1734523596.128765821,1,3,-5.700823233,-6.836879589,0.005217386
1734523596.128765821,1,4,-10.400314205,-0.646474434,-0.114791271
1734523596.128765821,1,5,-2.273534463,7.140644444,-0.303707034
1734523596.128765821,1,6,-9.877278587,-5.434379304,-0.026563167
1734523596.128765821,1,7,-9.957153925,5.447956120,-0.065841591
1734523596.128765821,1,8,-2.051554829,-5.155325998,-0.092805673
1734523596.188765764,2,0,-6.079144271,-0.810016201,0.201982231
1734523596.188765764,2,1,-6.422268213,-5.871921900,-0.018175220
1734523596.188765764,2,3,-7.499420276,0.001635156,-0.093235477
1734523596.188765764,2,4,-6.920819856,4.354814793,-0.009435183
1734523596.188765764,2,5,-0.865113964,-4.457165807,0.026193760
1734523596.188765764,2,6,-11.653719275,3.481923621,0.033712923
1734523596.188765764,2,7,-0.437283815,4.044024755,-0.098394847
1734523596.188765764,2,8,-7.092043588,-2.437861164,-0.098745604
1734523596.188765764,2,9,-4.485169131,6.011075811,-0.015015365
1734523596.258765697,3,0,-6.145320697,0.881313497,-0.038641756
1734523596.258765697,3,1,-6.371169298,6.144944485,-0.052828416
1734523596.258765697,3,2,-7.496319855,0.197380593,0.127395198
1734523596.258765697,3,4,-6.465985843,-4.310205132,0.128681898
1734523596.258765697,3,5,-7.045192022,2.568461004,-0.135194073
1734523596.258765697,3,6,-2.021343617,-3.596747338,-0.070039313
1734523596.258765697,3,7,-7.158013903,-2.238467376,-0.045834112
1734523596.258765697,3,8,-1.209670083,4.226974110,-0.011761158
1734523596.258765697,3,9,-3.612206479,-6.571342691,-0.139354184
1734523596.318765879,4,0,-4.226291798,4.021400569,-0.059091097
1734523596.318765879,4,1,-6.872333210,6.945094550,-0.149204879
1734523596.318765879,4,2,-8.135415452,-1.346962001,-0.005072089
1734523596.318765879,4,3,1.665235826,7.944455145,-0.021927203
1734523596.318765879,4,5,-10.506214629,2.208384383,0.014583743
1734523596.318765879,4,6,2.471746062,3.736895846,-0.034825967
1734523596.318765879,4,7,-5.172838937,-4.073346063,-0.214305619
1734523596.318765879,4,8,-1.959576016,9.471820742,-0.019302663
1734523596.318765879,4,9,4.530835569,-3.962029440,0.064132144
1734523596.388765812,5,0,-6.386157567,3.243656197,-0.145673812
1734523596.388765812,5,1,-5.595116281,-1.944435035,0.040240486
1734523596.388765812,5,2,0.589403550,4.500388640,-0.050894556
1734523596.388765812,5,3,-7.140379233,2.289673739,-0.149594731
1734523596.388765812,5,4,-5.830349261,8.065086242,-0.253115437
1734523596.388765812,5,6,-6.228404857,4.177546353,0.071269964
1734523596.388765812,5,7,-0.219548417,7.664093430,-0.068390543
1734523596.388765812,5,8,-7.496603951,0.106628336,-0.198895951
1734523596.448765755,6,0,-1.072823465,5.603287905,-0.042563200
1734523596.448765755,6,1,1.928617323,10.091221289,-0.029035373
1734523596.448765755,6,2,-4.176092002,6.225884043,-0.220507302
1734523596.448765755,6,3,3.648375216,1.502977529,-0.016237382
1734523596.448765755,6,4,-4.090709451,1.843440109,-0.030793902
1734523596.448765755,6,5,-2.021657806,7.220097787,0.181900138
1734523596.448765755,6,7,-9.570568389,6.825755564,-0.001120402
1734523596.448765755,6,8,4.606944307,4.759977675,0.229834704
1734523596.448765755,6,9,-6.713641019,-3.329286416,0.304756004
1734523596.508765697,7,0,-5.184491592,-4.495125502,-0.060259982
1734523596.508765697,7,1,-5.472537153,-9.359605071,-0.144479520
1734523596.508765697,7,2,1.068355732,-4.009758059,-0.110661106
1734523596.508765697,7,3,-7.020770173,-2.637940956,-0.007327575
1734523596.508765697,7,4,-5.929141989,0.377721365,-0.020056614
1734523596.508765697,7,5,0.123395627,-6.165593048,-0.122238890
1734523596.508765697,7,6,-10.648468896,-0.835327632,-0.024156040
1734523596.508765697,7,8,-6.045590306,-4.438214327,0.055600719
1734523596.508765697,7,9,-6.370122739,6.075442153,0.007486250
1734523596.568765879,8,0,-5.210604325,-3.473074106,0.003819543
1734523596.568765879,8,1,-5.195767509,1.500812645,0.066453691
1734523596.568765879,8,3,1.487844000,-3.788372205,-0.026588218
1734523596.568765879,8,4,-3.965776051,-7.778230966,-0.202073446
1734523596.568765879,8,5,-11.059941187,-0.232585907,-0.150637071
1734523596.568765879,8,6,-0.268625376,-7.601889788,0.015507387
1734523596.568765879,8,7,-5.795730988,-4.760171195,0.016507940
1734523596.638765812,9,0,-10.512006492,3.725086759,-0.012107175
1734523596.638765812,9,2,-7.337415970,-1.548898432,-0.115067474
1734523596.638765812,9,3,-4.750813092,5.801833421,0.136029145
1734523596.638765812,9,4,-5.849564582,1.926849159,-0.013406143
1734523596.638765812,9,6,-5.171280846,6.515488048,-0.034124460
1734523596.638765812,9,7,-8.145557073,-3.369044938,-0.015174651
1734523596.698765755,0,1,5.157501811,0.283030773,0.115977292
1734523596.698765755,0,2,-1.151040272,6.802936307,0.177089785
1734523596.698765755,0,3,-0.367264572,-6.373106803,0.078552941
1734523596.698765755,0,4,-5.178540796,-0.866421722,0.031466021
1734523596.698765755,0,5,2.880409227,6.168893700,0.025027849
1734523596.698765755,0,6,-3.723043153,-5.067650958,-0.135545084
1734523596.698765755,0,7,-4.965793076,5.297328653,-0.042444943
1734523596.698765755,0,8,3.375116393,-4.915008799,0.028655862
1734523596.698765755,0,9,-11.179129301,-1.696475070,0.011520583
1734523596.758765697,1,0,-4.761114684,-0.012641640,-0.106453331
1734523596.758765697,1,2,-6.164682687,6.601959793,-0.027501384
1734523596.758765697,1,3,-5.785916587,-7.142984666,-0.136778006
1734523596.758765697,1,4,-10.371962558,-0.648723836,-0.020081861
1734523596.758765697,1,5,-2.273220253,7.142239034,0.266254129
1734523596.758765697,1,6,-9.276185752,-5.243843799,0.031804498
1734523596.758765697,1,7,-9.439231984,5.272794265,-0.078248054
1734523596.758765697,1,8,-1.970049838,-5.424715110,-0.270559904
1734523596.818765879,2,0,-6.568783629,-0.845478243,-0.336206196
1734523596.818765879,2,1,-6.524573382,-6.130716966,-0.050827976
1734523596.818765879,2,3,-7.498506760,0.101093328,-0.110347203
1734523596.818765879,2,4,-7.141447099,4.387580244,-0.277499478
1734523596.818765879,2,5,-1.114930877,-7.406230338,0.393295463
1734523596.818765879,2,6,-11.614681350,3.435247547,-0.007018303
1734523596.818765879,2,7,-0.442459158,3.776922545,0.037550564
1734523596.818765879,2,8,-7.081029057,-2.464676515,-0.185464741
1734523596.818765879,2,9,-4.494973393,6.003766527,0.001300135
1734523596.888765812,3,0,-7.422156035,0.881134003,-0.079378094
1734523596.888765812,3,1,-5.933940094,5.651389925,-0.037750605
1734523596.888765812,3,2,-7.485446372,0.437211788,0.164129433
1734523596.888765812,3,4,-6.184379030,-4.340621762,-0.159374702
1734523596.888765812,3,6,-1.955626936,-3.283161806,0.006277583
1734523596.888765812,3,7,-7.234411725,-1.969081623,0.189748652
1734523596.888765812,3,8,-1.195544538,4.132310561,0.008809320
1734523596.888765812,3,9,-3.749915422,-6.494534068,0.095716085
1734523596.948765755,4,0,-3.869331105,3.837121886,-0.024153728
1734523596.948765755,4,1,-6.533129241,6.890518099,0.169792169
1734523596.948765755,4,2,-8.487642674,-1.344120917,0.054846180
1734523596.948765755,4,3,1.527996930,7.020465701,-0.001792722
1734523596.948765755,4,5,-10.815622343,2.253212102,0.039157416
1734523596.948765755,4,6,2.712781631,4.052758505,0.058744176
1734523596.948765755,4,7,-4.997778824,-3.710176796,0.145833198
1734523596.948765755,4,8,-2.024589462,9.646079632,-0.006108319
1734523596.948765755,4,9,3.726020460,-3.436456772,-0.005170679
1734523597.008765697,5,0,-5.677362571,3.063118751,-0.022730433
1734523597.008765697,5,1,-5.164601503,-1.831794761,-0.014419233
1734523597.008765697,5,2,0.635353612,3.484122701,0.173350814
1734523597.008765697,5,3,-7.247302378,1.930159488,0.033054492
1734523597.008765697,5,4,-6.719597727,8.994068388,0.020346697
1734523597.008765697,5,6,-6.194950332,4.227327991,-0.047837682
1734523597.008765697,5,7,0.050842308,8.099686017,0.114194766
1734523597.008765697,5,8,-9.905646769,-0.115632622,0.092496764
1734523597.078765869,6,0,-1.128699751,6.128352769,0.009514126
1734523597.078765869,6,1,1.994576293,10.065956604,0.007982762
1734523597.078765869,6,2,-6.472104395,8.974466259,-0.152199400
1734523597.078765869,6,3,3.699905638,1.493029382,0.016313998
1734523597.078765869,6,4,-4.119714843,1.794308255,-0.003123338
1734523597.078765869,6,5,-2.037017985,7.214988114,0.210960289
1734523597.078765869,6,7,-8.840488126,6.167847471,-0.279603076
1734523597.078765869,6,8,5.166741849,5.860031837,0.004763391
1734523597.078765869,6,9,-7.892615845,-3.497363678,-0.167938059
1734523597.138765812,7,0,-5.568758575,-4.804781090,-0.028389871
1734523597.138765812,7,1,-5.515946551,-9.923990897,-0.252922995
1734523597.138765812,7,2,0.570766028,-3.690404824,-0.195955392
1734523597.138765812,7,3,-7.009565219,-2.664260178,-0.133090748
1734523597.138765812,7,4,-6.377470681,0.437541390,-0.061989632
1734523597.138765812,7,5,0.301086174,-7.434739297,-0.152348334
1734523597.138765812,7,6,-10.387627722,-0.776415320,0.049118117
1734523597.138765812,7,8,-5.998583918,-4.500634698,0.106199278
1734523597.138765812,7,9,-6.954441674,6.595595502,0.043297603
1734523597.198765755,8,0,-5.359412850,-3.470595711,-0.035553704
1734523597.198765755,8,1,-5.549032877,2.039190605,-0.106931297
1734523597.198765755,8,3,1.451049993,-3.848468633,0.120071523
1734523597.198765755,8,4,-4.804239285,-9.416120170,-0.176153727
1734523597.198765755,8,5,-11.234141209,-0.223801909,-0.124870015
1734523597.198765755,8,6,-0.171108592,-6.644549154,-0.028573996
1734523597.198765755,8,7,-5.818189103,-4.732124322,0.075332321
1734523597.258765697,9,0,-10.688073699,3.639505441,-0.145286533
1734523597.258765697,9,2,-7.363700017,-1.421658765,0.069342714
1734523597.258765697,9,3,-4.702383858,5.836215479,0.275998073
1734523597.258765697,9,4,-6.567059760,2.177288281,-0.064080734
1734523597.258765697,9,6,-4.979264298,6.034322748,-0.009333053
1734523597.258765697,9,7,-9.090929630,-3.822216213,-0.036999999
1734523597.328765869,0,1,5.732067232,0.295033039,0.087355012
1734523597.328765869,0,2,-1.200126431,6.979953371,-0.207154028
1734523597.328765869,0,3,-0.307860592,-7.030900570,-0.002926203
1734523597.328765869,0,4,-5.035967425,-0.794749459,0.019190094
1734523597.328765869,0,5,2.656677488,5.754379406,-0.009341212
1734523597.328765869,0,6,-4.378892931,-6.085427912,-0.207035814
1734523597.328765869,0,7,-5.232748625,5.548069325,0.015186339
1734523597.328765869,0,8,3.466304270,-5.066329803,-0.008369487
1734523597.328765869,0,9,-7.358313995,-1.450454911,-0.037359174
1734523597.388765812,1,0,-5.542841945,-0.047107320,-0.262618285
1734523597.388765812,1,2,-5.920732987,6.299845998,-0.039162190
1734523597.388765812,1,3,-5.765467369,-6.844923720,-0.012284051
1734523597.388765812,1,4,-10.112785101,-0.635677263,0.003147757
1734523597.388765812,1,5,-2.216203917,5.895641008,-0.146355275
1734523597.388765812,1,6,-9.262198018,-5.126177310,-0.079227125
1734523597.388765812,1,7,-9.305364198,5.096008818,0.004025285
1734523597.388765812,1,8,-1.630392267,-5.548510176,-0.124232770
1734523597.448765755,2,0,-6.803266795,-0.705369005,0.070407859
1734523597.448765755,2,1,-6.420554374,-6.023273044,-0.000019353
1734523597.448765755,2,3,-7.499337862,-0.024477632,0.096604764
1734523597.448765755,2,4,-8.007496619,5.076204983,0.186036018
1734523597.448765755,2,5,-0.814414929,-3.862183067,0.033220922
1734523597.448765755,2,6,-10.283577157,2.947298753,0.022642706
1734523597.448765755,2,7,-0.673871204,4.354617495,0.041991109
1734523597.448765755,2,8,-7.144477128,-2.278093892,0.129363031
1734523597.448765755,2,9,-4.448464074,6.038294581,0.012881501
1734523597.508765697,3,0,-6.940030277,1.020115109,0.165828072
1734523597.508765697,3,1,-6.390694337,6.090552014,-0.028937306
1734523597.508765697,3,2,-7.489608721,0.390232452,0.058990173
1734523597.508765697,3,4,-6.030923648,-3.948422677,0.159792555
1734523597.508765697,3,5,-7.042197010,2.575028424,0.163370384
1734523597.508765697,3,6,-1.989698125,-3.334740130,0.001681987
1734523597.508765697,3,7,-7.235613911,-1.971039216,0.104382682
1734523597.508765697,3,8,-1.163229892,3.870837826,0.018405758
1734523597.508765697,3,9,-3.873467275,-6.422165085,0.045242638
1734523597.578765869,4,0,-3.454902836,3.226381141,-0.098052369
1734523597.578765869,4,1,-5.094301151,5.499106763,0.240666984
1734523597.578765869,4,2,-8.132517936,-1.261928324,-0.038373789
1734523597.578765869,4,3,1.665274712,7.486768115,-0.016376901
1734523597.578765869,4,5,-10.167892673,2.100733697,0.031949067
1734523597.578765869,4,6,2.512733245,3.846546628,-0.027411010
1734523597.578765869,4,7,-4.877619076,-3.891434448,-0.181587683
1734523597.578765869,4,8,-1.681114135,8.583592520,0.210441317
1734523597.578765869,4,9,4.488778621,-4.022682902,-0.260750391
1734523597.638765812,5,0,-6.109709968,3.271009197,-0.069425428
1734523597.638765812,5,1,-5.712950649,-2.110497215,-0.056921009
1734523597.638765812,5,2,0.689268726,3.328336189,0.157228172
1734523597.638765812,5,3,-7.118175026,2.362501469,-0.013080737
1734523597.638765812,5,4,-6.236437267,8.320900934,0.096397168
1734523597.638765812,5,6,-6.133744725,4.314142857,0.123883227
1734523597.638765812,5,7,-0.184438068,8.815333561,0.149873906
1734523597.638765812,5,8,-7.496347480,0.232960781,0.022443966
1734523597.698765755,6,0,-1.260656079,6.325660597,-0.005880385
1734523597.698765755,6,1,2.011957347,10.085793569,0.005214532
1734523597.698765755,6,2,-6.940144470,10.055632032,-0.292205085
1734523597.698765755,6,3,4.166308468,1.780594709,0.148875168
1734523597.698765755,6,4,-4.261456376,1.857253995,0.031656197
1734523597.698765755,6,5,-2.287512098,7.139907135,0.197520894
1734523597.698765755,6,7,-9.553015483,6.934607775,-0.031956098
1734523597.698765755,6,8,5.169452985,5.706349385,-0.225999986
1734523597.698765755,6,9,-7.630228614,-3.479246382,-0.053060309
1734523597.758765697,7,0,-4.992841709,-4.380543761,-0.068929995
1734523597.758765697,7,1,-5.588595710,-9.840228693,-0.046915846
1734523597.758765697,7,2,0.767678789,-4.085951946,0.170335320
1734523597.758765697,7,3,-7.083228662,-2.464565212,0.061563313
1734523597.758765697,7,4,-5.987500409,0.193618667,-0.196008911
1734523597.758765697,7,5,0.293025410,-8.131468906,0.153094140
1734523597.758765697,7,6,-10.762072663,-0.921893140,0.003005942
1734523597.758765697,7,8,-6.053044171,-4.420347116,-0.266810112
1734523597.758765697,7,9,-6.797026372,6.390326198,0.016133854
1734523597.828765869,8,0,-6.273928189,-4.085559863,0.442747888
1734523597.828765869,8,1,-5.635642530,1.910784153,-0.014478090
1734523597.828765869,8,2,-7.022090511,-2.633750610,0.060021550
1734523597.828765869,8,3,1.631194773,-3.746581701,0.033843198
1734523597.828765869,8,4,-4.221621354,-7.884239039,0.061120670
1734523597.828765869,8,5,-11.366840152,-0.498008584,0.016838055
1734523597.828765869,8,6,-0.205396033,-7.201701622,0.024790354
1734523597.828765869,8,7,-5.893330208,-4.636369546,-0.150786237
1734523597.888765812,9,0,-9.911143129,3.071706766,-0.200879661
1734523597.888765812,9,2,-7.293136304,-1.747044390,-0.089435697
1734523597.888765812,9,3,-4.680509818,5.859887857,0.067395423
1734523597.888765812,9,4,-5.887955211,1.901157138,0.028528481
1734523597.888765812,9,6,-5.298287748,6.361305193,-0.062266114
1734523597.888765812,9,7,-8.897173817,-3.769683575,0.016893862
1734523597.958765745,0,1,5.120163485,0.368576408,0.182132167
1734523597.958765745,0,2,-1.389045407,7.369794948,0.081702411
1734523597.958765745,0,3,-0.182018886,-8.024186246,0.213205593
1734523597.958765745,0,4,-5.008262954,-0.801196555,-0.044106333
1734523597.958765745,0,5,2.782237014,6.056853915,-0.013114493
1734523597.958765745,0,6,-3.860475813,-5.370673632,-0.183180931
1734523597.958765745,0,7,-5.022009488,5.139433981,-0.261826120
1734523597.958765745,0,8,3.396171033,-5.098103269,-0.002498817
1734523597.958765745,0,9,-11.755266919,-1.818173440,0.104724143
1734523598.018765688,1,0,-4.785702285,-0.057779559,-0.072540877
1734523598.018765688,1,2,-6.382719861,6.814821566,-0.059244535
1734523598.018765688,1,3,-6.248463770,-7.532855483,-0.042565007
1734523598.018765688,1,4,-10.507581848,-0.660564920,-0.043038961
1734523598.018765688,1,5,-2.082429012,5.545389309,0.288172254
1734523598.018765688,1,6,-10.477785643,-5.894415031,0.054972683
1734523598.018765688,1,7,-10.193840710,5.698229495,0.023292670
1734523598.018765688,1,8,-1.564574261,-4.792418379,0.033784606
1734523598.088765860,2,0,-6.223533819,-0.858785018,0.117554349
1734523598.088765860,2,1,-6.505173521,-6.044555461,-0.074506631
1734523598.088765860,2,3,-7.496385945,-0.204910616,0.110496167
1734523598.088765860,2,4,-6.949938262,4.333486882,-0.062937907
1734523598.088765860,2,5,-0.875928118,-4.307218659,-0.012022795
1734523598.088765860,2,6,-7.177555349,2.174126156,0.076646352
1734523598.088765860,2,7,-1.062194920,3.922056321,0.102158671
1734523598.088765860,2,8,-7.136991670,-2.305038182,-0.012201713
1734523598.088765860,2,9,-4.403724838,6.070637299,0.067604224
1734523598.148765802,3,0,-7.339714621,1.540645594,-0.070713758
1734523598.148765802,3,1,-6.543398814,5.989180126,0.148119426
1734523598.148765802,3,2,-7.496733414,0.220202891,-0.022334066
1734523598.148765802,3,4,-5.867017698,-3.828686416,0.021167371
1734523598.148765802,3,5,-7.088565892,2.448522456,0.083494735
1734523598.148765802,3,6,-1.947535874,-3.180210233,0.012926555
1734523598.148765802,3,7,-7.211898879,-2.055698323,-0.112334166
1734523598.148765802,3,8,-1.116601195,3.718033367,-0.009447682
1734523598.148765802,3,9,-3.822320111,-6.452283976,-0.088884522
1734523598.208765745,4,0,-3.439465353,3.154145995,0.260096302
1734523598.208765745,4,1,-7.049373319,7.458241329,-0.102440180
1734523598.208765745,4,2,-8.219243289,-1.297229321,-0.051005093
1734523598.208765745,4,3,1.643462681,7.592514682,0.036002097
1734523598.208765745,4,5,-10.394372935,2.078301526,-0.091955759
1734523598.208765745,4,6,2.456711671,3.829509520,0.006521068
1734523598.208765745,4,7,-5.294865002,-4.044453931,0.121331606
1734523598.208765745,4,8,-1.797528387,9.466690728,-0.098559952
1734523598.208765745,4,9,4.505953050,-3.889631903,0.005701325
1734523598.268765688,5,0,-5.902071134,3.238287963,-0.057818439
1734523598.268765688,5,1,-6.187721149,-2.257049209,-0.042947286
1734523598.268765688,5,2,0.962695062,4.356044236,0.167439798
1734523598.268765688,5,3,-7.144406474,2.280104453,0.092627337
1734523598.268765688,5,4,-6.129779427,8.106913636,-0.092362700
1734523598.268765688,5,6,-6.146868162,4.294375345,0.156051885
1734523598.268765688,5,7,-0.288033831,7.487970098,0.311994101
1734523598.268765688,5,8,-11.226354917,0.115532198,-0.085521255
1734523598.338765860,6,0,-1.209068700,6.217089641,-0.009846063
1734523598.338765860,6,1,1.934865823,10.281737723,0.014642247
1734523598.338765860,6,2,-6.555578308,9.196728367,-0.093534568
1734523598.338765860,6,3,3.701690454,1.449488080,0.009122707
1734523598.338765860,6,4,-4.121826739,1.770880699,-0.047471158
1734523598.338765860,6,5,-2.159468835,7.181350040,-0.122089952
1734523598.338765860,6,7,-8.795180242,6.184507451,-0.120263487
1734523598.338765860,6,8,4.867791250,5.177483657,0.161006873
1734523598.338765860,6,9,-7.635353178,-3.608964261,0.016946136
1734523598.398765802,7,0,-5.873347056,-5.097292014,0.009111480
1734523598.398765802,7,1,-6.075890218,-10.987969495,0.036294941
1734523598.398765802,7,2,0.940469253,-3.851523004,-0.292583669
1734523598.398765802,7,3,-7.093718430,-2.431301789,-0.133904609
1734523598.398765802,7,4,-6.540721951,0.479194206,-0.003637523
1734523598.398765802,7,5,0.097361972,-7.944988034,0.054713592
1734523598.398765802,7,6,-9.921777273,-0.766076874,-0.013068566
1734523598.398765802,7,8,-6.075653954,-4.390485572,-0.245082589
1734523598.398765802,7,9,-7.478159135,7.120754869,0.054695421
1734523598.458765745,8,0,-4.903273359,-3.152302975,0.100614169
1734523598.458765745,8,1,-5.331081476,1.805958789,-0.040388077
1734523598.458765745,8,2,-7.042456727,-2.579389045,0.023566933
1734523598.458765745,8,3,1.626598201,-3.656720009,0.063922805
1734523598.458765745,8,4,-4.948634436,-9.341030553,0.044466081
1734523598.458765745,8,5,-10.874341939,-0.239948595,0.209440795
1734523598.458765745,8,6,-0.211768515,-6.981723986,-0.027673257
1734523598.458765745,8,7,-5.785243118,-4.772912668,-0.016331845
1734523598.518765688,9,0,-11.385227381,3.600634290,-0.393692767
1734523598.518765688,9,2,-7.303735119,-1.703868071,0.047821558
1734523598.518765688,9,3,-4.667415459,5.866769185,0.215063385
1734523598.518765688,9,4,-5.985033924,1.949440916,-0.054254089
1734523598.518765688,9,6,-5.293509370,6.377382873,-0.047701808
1734523598.518765688,9,7,-8.977511579,-3.767946551,-0.060982079
1734523598.578765869,0,1,7.422641277,1.021566919,0.332862583
1734523598.578765869,0,2,-1.359527541,7.356227187,0.536289504
1734523598.578765869,0,3,-0.167031968,-7.020744232,0.216767842
1734523598.578765869,0,4,-5.348959247,-0.899889568,-0.030900707
1734523598.578765869,0,5,2.850379788,6.121560718,0.045391001
1734523598.578765869,0,6,-3.764328171,-5.303695964,-0.217953058
1734523598.578765869,0,7,-4.976051857,5.208527216,0.025399375
1734523598.578765869,0,8,3.486231105,-5.332479549,-0.008906144
1734523598.578765869,0,9,-11.259632067,-2.088183412,0.046633860
1734523598.638765812,1,0,-5.924039975,-0.156496427,0.055232289
1734523598.638765812,1,2,-5.955426940,6.363048218,-0.013043732
1734523598.638765812,1,3,-5.845753531,-6.959915434,-0.008260197
1734523598.638765812,1,4,-9.715234332,-0.643181034,0.020090502
1734523598.638765812,1,5,-2.248989883,5.854931569,-0.098608610
1734523598.638765812,1,6,-10.732354758,-5.946906111,-0.170208874
1734523598.638765812,1,7,-10.223475754,5.748205476,0.043564738
1734523598.638765812,1,8,-1.970283585,-5.376017729,0.063712565
1734523598.708765745,2,0,-6.563875692,-0.828645227,-0.112715553
1734523598.708765745,2,1,-6.798049471,-6.324293710,-0.005938618
1734523598.708765745,2,3,-7.497540571,-0.039344437,0.187982452
1734523598.708765745,2,4,-7.961320808,5.154917826,-0.230758424
1734523598.708765745,2,5,-0.586261266,-4.252613869,-0.039785951
1734523598.708765745,2,6,-11.945278767,3.390650152,-0.035007689
1734523598.708765745,2,7,-0.801350518,3.763932155,0.014446297
1734523598.708765745,2,8,-7.047762052,-2.556517173,-0.208014445
1734523598.708765745,2,9,-4.204011224,6.210718691,-0.057122478
1734523598.768765688,3,0,-6.663821858,0.794012867,-0.178260638
1734523598.768765688,3,1,-6.602052734,6.172638480,0.021699543
1734523598.768765688,3,2,-7.492788272,0.295747234,-0.143727098
1734523598.768765688,3,4,-7.191874789,-4.547963348,0.034991698
1734523598.768765688,3,5,-7.122483782,2.341401838,0.195095390
1734523598.768765688,3,6,-1.955888081,-3.199819410,-0.006619618
1734523598.768765688,3,7,-7.249288617,-1.917649437,0.142951698
1734523598.768765688,3,8,-1.143005618,3.818447573,-0.010552308
1734523598.768765688,3,9,-3.625876385,-6.565055644,-0.055360884
1734523598.828765869,4,0,-3.734002323,3.186313855,-0.180165815
1734523598.828765869,4,1,-6.935152390,7.479710330,0.062262591
1734523598.828765869,4,2,-7.997631180,-1.353879314,-0.003282826
1734523598.828765869,4,3,1.670153226,7.478949914,-0.022841761
1734523598.828765869,4,5,-10.304725598,2.039937150,-0.059680229
1734523598.828765869,4,6,2.470165977,3.828325373,0.037754728
1734523598.828765869,4,7,-4.136065731,-3.087493293,0.081571025
1734523598.828765869,4,8,-1.794146086,9.514763788,0.000317687
1734523598.828765869,4,9,4.244978418,-3.844191400,0.079838334
1734523598.888765812,5,0,-5.987623097,3.129936178,-0.007988012
1734523598.888765812,5,1,-5.705724073,-2.053331155,-0.019333928
1734523598.888765812,5,2,0.831346117,3.803590966,0.059303775
1734523598.888765812,5,3,-7.244281697,1.932024652,-0.194070704
1734523598.888765812,5,4,-5.808510696,7.779706269,-0.009637226
1734523598.888765812,5,6,-6.232758502,4.164027508,-0.252183212
1734523598.888765812,5,7,-0.227236974,8.071935881,-0.068573077
1734523598.888765812,5,8,-10.543057860,0.115568622,0.033033222
1734523598.948765755,6,0,-1.095280791,5.522783115,-0.032978635
1734523598.948765755,6,1,1.940431063,10.089579748,0.054987947
1734523598.948765755,6,2,-7.088778436,10.209190041,0.013652993
1734523598.948765755,6,3,3.420303058,1.306320322,0.001649139
1734523598.948765755,6,4,-4.315952472,1.873184693,0.004681770
1734523598.948765755,6,5,-2.047650684,7.214913853,0.046311601
1734523598.948765755,6,7,-8.356271340,5.845049157,0.131476138
1734523598.948765755,6,8,4.821988374,5.330830833,-0.147839855
1734523598.948765755,6,9,-7.506813398,-3.536717612,0.010763119
1734523599.008765697,7,0,-5.575090233,-4.756541242,-0.035619740
1734523599.008765697,7,1,-6.167150420,-11.184590571,0.014076912
1734523599.008765697,7,2,1.027183899,-3.695229423,-0.051835988
1734523599.008765697,7,3,-7.162987616,-2.221810784,0.071869650
1734523599.008765697,7,4,-5.654693092,0.400057068,-0.043580827
1734523599.008765697,7,5,0.049075321,-7.494045922,0.294732651
1734523599.008765697,7,6,-10.586931097,-0.823029240,0.005583189
1734523599.008765697,7,8,-6.095329840,-4.367731472,0.140982022
1734523599.008765697,7,9,-7.111857752,6.800176619,0.005424485
1734523599.078765869,8,0,-4.906334908,-3.122325708,0.024962556
1734523599.078765869,8,1,-5.627484857,1.910562838,0.016183497
1734523599.078765869,8,2,-6.977801123,-2.746664271,-0.126991619
1734523599.078765869,8,3,1.629959182,-4.010653840,-0.006495580
1734523599.078765869,8,4,-4.154480146,-7.913820938,-0.188486314
1734523599.078765869,8,5,-11.351648568,-0.333283788,-0.280752396
1734523599.078765869,8,6,-0.221575394,-7.250649595,-0.040560870
1734523599.078765869,8,7,-5.983731029,-4.518782303,0.159904540
1734523599.138765812,9,0,-11.180926120,3.534309491,0.235241778
1734523599.138765812,9,2,-7.323885423,-1.604615725,0.189501132
1734523599.138765812,9,4,-6.523196903,1.986610192,-0.174517362
1734523599.138765812,9,6,-6.236304815,7.449824778,-0.080439576
1734523599.138765812,9,7,-8.850527018,-3.624673323,-0.050180718
1734523599.198765755,0,1,4.634191490,0.420004800,0.060946853
1734523599.198765755,0,2,-1.192403328,6.563559304,-0.096641800
1734523599.198765755,0,3,-0.319961609,-7.132065708,-0.193886999
1734523599.198765755,0,4,-5.383666299,-0.885496090,-0.031296867
1734523599.198765755,0,5,2.978695831,6.669103500,-0.012069721
1734523599.198765755,0,6,-4.039845886,-5.870362671,-0.100563153
1734523599.198765755,0,7,-5.178701164,5.556099706,-0.036002256
1734523599.198765755,0,8,3.341087479,-5.078392608,0.020648702
1734523599.198765755,0,9,-11.678296982,-2.141857889,-0.142047991
1734523599.258765697,1,0,-5.060526553,-0.118720940,0.149290387
1734523599.258765697,1,2,-6.361346963,6.721447989,0.016159010
1734523599.258765697,1,3,-5.772957873,-6.939783736,-0.058282854
1734523599.258765697,1,4,-9.923825075,-0.629130078,0.003333661
1734523599.258765697,1,5,-2.237426343,5.983040558,0.120320880
1734523599.258765697,1,6,-9.483146012,-5.125515090,-0.266319783
1734523599.258765697,1,7,-10.404308151,5.691301222,0.000693488
1734523599.258765697,1,8,-2.041269407,-5.988438956,-0.084973904
1734523599.318765879,2,0,-7.117538041,-1.074852561,-0.134093391
1734523599.318765879,2,1,-6.285253735,-5.890183831,0.000197300
1734523599.318765879,2,3,-7.499813164,-0.052938714,0.000023822
1734523599.318765879,2,4,-7.189377642,4.526603026,-0.207003241
1734523599.318765879,2,5,-0.407035704,-3.976351017,-0.060699554
1734523599.318765879,2,6,-12.427895946,3.423363948,-0.086939525
1734523599.318765879,2,7,-0.892940701,3.901163487,-0.033880827
1734523599.318765879,2,9,-4.440639500,6.044040016,0.017352521
1734523599.378765821,3,0,-5.983467957,0.895216458,-0.173674378
1734523599.378765821,3,1,-6.480226355,6.096358922,0.036139025
1734523599.378765821,3,2,-7.494059811,0.132389368,-0.267470746
1734523599.378765821,3,4,-7.233277986,-4.955733900,-0.105450802
1734523599.378765821,3,5,-7.084582897,2.459083057,-0.107683329
1734523599.378765821,3,6,-2.212964647,-3.509384327,-0.011046869
1734523599.378765821,3,7,-7.241713066,-1.943746407,-0.171586071
1734523599.378765821,3,8,-1.183090903,3.885017929,0.014211263
1734523599.378765821,3,9,-3.650505948,-6.551622247,-0.007229022
1734523599.448765755,4,0,-4.206085856,4.080680310,-0.191111684
1734523599.448765755,4,1,-7.405425892,7.359341522,0.067094508
1734523599.448765755,4,2,-8.411691005,-1.383952827,-0.011074118
1734523599.448765755,4,3,1.741203865,7.514957709,-0.004612067
1734523599.448765755,4,5,-9.985084640,1.907038990,0.062923078
1734523599.448765755,4,6,2.697857803,4.239514347,0.009842929
1734523599.448765755,4,7,-5.021762812,-3.671604410,0.181545302
1734523599.448765755,4,8,-1.832921725,9.593460865,0.060187220
1734523599.448765755,4,9,5.341393087,-4.886180534,0.049241861
1734523599.508765697,5,0,-5.734892006,3.072417266,-0.001513636
1734523599.508765697,5,1,-6.129219395,-2.268793968,-0.082691774
1734523599.508765697,5,2,0.859395175,4.229679186,-0.223850626
1734523599.508765697,5,3,-7.165624071,2.212536999,0.092258871
1734523599.508765697,5,4,-5.963166168,7.949606324,-0.166123098
1734523599.508765697,5,6,-6.334673748,4.015160731,-0.019819614
1734523599.508765697,5,7,-0.312562484,7.492948723,-0.089577458
1734523599.508765697,5,8,-10.974202122,-0.012278888,-0.064295683
1734523599.568765879,6,0,-1.277581360,6.327792404,0.042868030
1734523599.568765879,6,1,1.939088169,10.338602395,0.008587221
1734523599.568765879,6,2,-4.389783074,6.080885865,0.051299699
1734523599.568765879,6,3,3.921089138,1.469160080,0.001194121
1734523599.568765879,6,4,-4.643614741,2.000146402,-0.023080268
1734523599.568765879,6,7,-8.596786896,5.955285876,-0.030403493
1734523599.568765879,6,8,5.127244681,5.067701287,-0.213899619
1734523599.568765879,6,9,-7.505182228,-3.600155706,-0.006236810
1734523599.628765821,7,0,-5.605015907,-4.812135006,-0.038762619
1734523599.628765821,7,1,-5.584537066,-9.985280967,-0.085662882
1734523599.628765821,7,2,2.242609230,-7.155855481,-0.120150644
1734523599.628765821,7,3,-7.102132161,-2.407629047,-0.114197790
1734523599.628765821,7,4,-6.111073554,0.440941067,0.010361024
1734523599.628765821,7,5,0.491348921,-7.860908126,-0.146544641
1734523599.628765821,7,6,-10.209278945,-0.806297086,-0.080098232
1734523599.628765821,7,8,-5.987224104,-4.516983865,-0.002071221
1734523599.628765821,7,9,-6.943680090,6.661039144,-0.009390310
1734523599.698765755,8,0,-5.281824836,-3.390962820,0.157347842
1734523599.698765755,8,1,-5.592556716,1.977668230,-0.029719900
1734523599.698765755,8,2,-7.023027493,-2.620949288,-0.240228356
1734523599.698765755,8,3,1.395967904,-3.066171940,0.005236413
1734523599.698765755,8,4,-4.548567342,-8.512664370,-0.064090087
1734523599.698765755,8,5,-12.269459232,-0.525108817,0.180232947
1734523599.698765755,8,6,-0.252250880,-6.894724253,0.040812498
1734523599.698765755,8,7,-5.872094159,-4.665614035,-0.023576971
1734523599.758765697,9,0,-10.873562357,3.362474978,0.053629730
1734523599.758765697,9,2,-7.335226200,-1.562329755,-0.059852527
1734523599.758765697,9,3,-4.776817958,5.776743448,-0.247477929
1734523599.758765697,9,4,-6.453833118,2.025192575,-0.047066277
1734523599.758765697,9,6,-5.933381735,7.089413541,-0.048399024
1734523599.758765697,9,7,-8.791893297,-3.786339299,-0.113072868
1734523599.828765869,0,1,7.482365834,0.481509727,0.179860798
1734523599.828765869,0,2,-1.189404416,7.404895395,0.053304111
1734523599.828765869,0,3,-0.269079164,-5.718492170,-0.002018549
1734523599.828765869,0,4,-5.268760416,-0.840877685,-0.001309442
1734523599.828765869,0,5,2.646921098,6.033639644,-0.009545020
1734523599.828765869,0,6,-4.009406033,-5.820725952,0.000585102
1734523599.828765869,0,7,-4.906159472,5.232218735,-0.042744499
1734523599.828765869,0,8,4.141579344,-6.294028729,-0.028606217
1734523599.828765869,0,9,-11.489050234,-1.814263802,0.263383781
1734523599.888765812,1,0,-5.299102680,-0.174728035,0.003158140
1734523599.888765812,1,2,-6.339550010,6.654542473,-0.009092124
1734523599.888765812,1,3,-5.952146986,-7.263816265,-0.037239230
1734523599.888765812,1,4,-10.542631705,-0.773859562,0.069392327
1734523599.888765812,1,5,-2.059278361,5.263641123,-0.091546846
1734523599.888765812,1,6,-8.658002816,-4.820731219,-0.171599007
1734523599.888765812,1,7,-9.937929024,5.563745421,-0.081823366
1734523599.888765812,1,8,-2.157997977,-5.503059567,-0.154411890
1734523599.958765745,2,0,-6.026094882,-0.886267532,0.075859051
1734523599.958765745,2,1,-6.870923285,-6.638379534,0.061717731
1734523599.958765745,2,3,-7.496443763,-0.223197072,0.059278736
1734523599.958765745,2,4,-6.551939870,4.302790191,-0.152775662
1734523599.958765745,2,5,-0.682682802,-3.957702733,-0.075639191
1734523599.958765745,2,6,-7.286361905,1.769063560,0.171301801
1734523599.958765745,2,7,-0.815152807,3.862829298,-0.123613908
1734523599.958765745,2,8,-7.151896679,-2.249397783,-0.201453473
1734523599.958765745,2,9,-4.607401410,5.917647596,0.057438461
1734523600.018765688,3,0,-7.122355675,0.965730829,-0.062603274
1734523600.018765688,3,1,-6.665089754,6.311378905,0.082388503
1734523600.018765688,3,2,-7.494797866,0.278171844,-0.025007374
1734523600.018765688,3,4,-7.296276931,-4.749056653,-0.015251846
1734523600.018765688,3,5,-7.125596547,2.339451544,0.053294635
1734523600.018765688,3,6,-2.016879908,-3.158986189,0.030937725
1734523600.018765688,3,7,-7.215831802,-2.044827961,-0.021213567
1734523600.018765688,3,8,-1.184888296,3.822336044,-0.012609664
1734523600.018765688,3,9,-3.614977908,-6.571107662,0.049787797
1734523600.078765869,4,0,-3.668032325,3.614792306,-0.081686416
1734523600.078765869,4,1,-6.515738918,6.491377500,-0.140115131
1734523600.078765869,4,2,-8.261371081,-1.308379147,-0.006374880
1734523600.078765869,4,3,1.639373805,7.291442537,-0.031948922
1734523600.078765869,4,5,-10.622310457,2.074173036,-0.035018405
1734523600.078765869,4,6,2.442966494,3.885352214,0.000821023
1734523600.078765869,4,7,-5.221934491,-3.840157899,-0.083387387
1734523600.078765869,4,8,-1.852527582,9.468561202,-0.045687815
1734523600.078765869,4,9,4.773419904,-4.397431165,0.187329750
1734523600.148765802,5,0,-5.896496768,3.030445788,-0.036017426
1734523600.148765802,5,1,-5.863903620,-2.177009820,-0.033923540
1734523600.148765802,5,2,0.718132607,4.156832654,-0.226584280
1734523600.148765802,5,3,-7.250041678,1.913861428,-0.155016440
1734523600.148765802,5,4,-6.617893570,8.648592851,0.002304823
1734523600.148765802,5,6,-6.314031143,4.047585952,-0.007660236
1734523600.148765802,5,7,0.104047160,7.973741667,-0.086954854
1734523600.148765802,5,8,-12.455319984,-0.125439517,-0.237845218
1734523600.208765745,6,0,-1.098900370,5.690333732,0.002455291
1734523600.208765745,6,1,2.077524782,10.955088311,0.008899500
1734523600.208765745,6,2,-4.354303872,6.106524294,-0.019970886
1734523600.208765745,6,3,3.736340436,1.357434245,-0.007210203
1734523600.208765745,6,4,-4.139365998,1.745646790,-0.031784963
1734523600.208765745,6,5,-2.301261712,7.135840165,-0.184335774
1734523600.208765745,6,7,-8.623852160,6.280860488,0.002981023
1734523600.208765745,6,8,4.747051387,5.152125001,0.292056191
1734523600.208765745,6,9,-7.588331656,-3.662698536,-0.004852204
1734523600.268765688,7,0,-6.549691521,-5.605614547,-0.031040325
1734523600.268765688,7,1,-5.464968840,-9.875865448,0.009215862
1734523600.268765688,7,2,0.811425254,-4.540930781,0.011217231
1734523600.268765688,7,3,-7.192383565,-2.125889471,-0.014581066
1734523600.268765688,7,4,-5.699668915,0.248892496,-0.179399464
1734523600.268765688,7,5,0.205654260,-8.163108181,-0.157150352
1734523600.268765688,7,6,-11.021104843,-0.910113416,0.008731111
1734523600.268765688,7,8,-6.118612919,-4.335199766,-0.136451250
1734523600.268765688,7,9,-7.275797169,6.944489741,-0.058571501
1734523600.328765869,8,0,-5.190501448,-3.190719819,-0.047319557
1734523600.328765869,8,1,-5.533419142,1.995478637,-0.061729503
1734523600.328765869,8,2,-7.015449411,-2.649889576,0.107493231
1734523600.328765869,8,3,1.625171249,-4.129228924,-0.017127714
1734523600.328765869,8,4,-5.162153517,-9.547176570,-0.059175664
1734523600.328765869,8,5,-12.498337665,-0.331864795,-0.047529305
1734523600.328765869,8,6,-0.213987560,-7.010794218,-0.003113918
1734523600.328765869,8,7,-5.937770175,-4.580762903,0.097450367
1734523600.388765812,9,0,-12.594446480,4.022984971,-0.166152184
1734523600.388765812,9,2,-7.315068570,-1.654911479,0.032246130
1734523600.388765812,9,3,-4.670184044,5.867906989,-0.083955718
1734523600.388765812,9,4,-6.055939420,1.671647168,-0.071130895
1734523600.388765812,9,6,-5.016656784,5.946555049,0.078084819
1734523600.388765812,9,7,-8.938271878,-3.778912982,-0.153881699
1734523600.448765755,0,1,5.470132577,0.212264512,0.031938974
1734523600.448765755,0,2,-1.259670065,6.686442707,-0.000435461
1734523600.448765755,0,3,-0.346265581,-6.563249253,0.004508447
1734523600.448765755,0,4,-5.198714217,-0.842191332,-0.029562412
1734523600.448765755,0,5,2.756015446,6.127106077,-0.002228911
1734523600.448765755,0,6,-3.618341143,-4.864437864,-0.258673697
1734523600.448765755,0,7,-5.114000562,5.415806551,-0.045254300
1734523600.448765755,0,8,3.771693857,-5.851752375,0.043398709
1734523600.448765755,0,9,-11.859445052,-2.052278341,0.002826289
1734523600.518765688,1,0,-5.703646147,-0.036868105,-0.100374180
1734523600.518765688,1,2,-6.109716370,6.548928916,-0.059104491
1734523600.518765688,1,3,-5.603413670,-6.713758704,-0.010417734
1734523600.518765688,1,4,-10.520876887,-0.755413223,-0.031067231
1734523600.518765688,1,5,-2.558038989,7.041980876,-0.341967649
1734523600.518765688,1,6,-8.309928800,-4.610911277,0.061397964
1734523600.518765688,1,7,-9.446980385,5.199947206,-0.014074033
1734523600.518765688,1,8,-2.205416547,-5.662316455,0.053211432
1734523600.578765869,2,0,-7.181064066,-0.982324447,-0.042966797
1734523600.578765869,2,1,-6.614227535,-6.179590348,-0.034240857
1734523600.578765869,2,3,-7.499004489,-0.111162296,0.050740745
1734523600.578765869,2,4,-7.076469410,4.150810164,-0.101711475
1734523600.578765869,2,5,-1.109772329,-7.400521274,-0.500689769
1734523600.578765869,2,7,-0.557339583,3.540500838,0.073549320
1734523600.578765869,2,8,-7.142137432,-2.288928699,0.026044536
1734523600.578765869,2,9,-4.237462149,6.188058425,-0.042982195
1734523600.638765812,3,0,-6.078121951,0.881700003,-0.018831458
1734523600.638765812,3,1,-6.657792481,6.328769308,0.046109353
1734523600.638765812,3,2,-7.493746216,0.303753507,-0.038748578
1734523600.638765812,3,4,-7.354275041,-4.699166276,0.111331797
1734523600.638765812,3,5,-7.088319753,2.449057518,0.088545807
1734523600.638765812,3,6,-2.140865347,-3.330348488,-0.027239398
1734523600.638765812,3,7,-7.191869908,-2.118662799,-0.195640398
1734523600.638765812,3,8,-1.191989024,3.925920886,-0.004513817
1734523600.638765812,3,9,-3.498828859,-6.632309285,-0.143771217
1734523600.698765755,4,0,-3.619624014,3.471379449,-0.181534086
1734523600.698765755,4,1,-5.137645638,5.462419456,-0.128728304
1734523600.698765755,4,2,-8.367549458,-1.407235104,-0.008019796
1734523600.698765755,4,3,1.869641413,7.975994794,-0.033891598
1734523600.698765755,4,5,-10.487086752,1.973122596,-0.012211604
1734523600.698765755,4,6,2.569266845,4.009876068,0.011589224
1734523600.698765755,4,7,-5.128298770,-3.676186119,-0.194559766
1734523600.698765755,4,8,-1.779813798,9.423598631,-0.038215356
1734523600.698765755,4,9,5.760397283,-4.802657737,-0.047977136
1734523600.768765688,5,0,-5.959055267,3.044477174,0.005466721
1734523600.768765688,5,1,-6.124097358,-2.301172255,-0.020422519
1734523600.768765688,5,2,0.862602289,4.438820841,-0.149482504
1734523600.768765688,5,3,-7.117241763,2.361968520,-0.126389892
1734523600.768765688,5,4,-4.613167433,5.909296694,0.221130777
1734523600.768765688,5,6,-6.236918814,4.165108008,0.052143904
1734523600.768765688,5,7,-0.000850512,8.183181746,-0.172300801
1734523600.768765688,5,8,-11.172370049,0.304966842,-0.211924775
1734523600.828765869,6,0,-1.294469060,6.583934871,0.092362650
1734523600.828765869,6,1,2.011379430,10.081650932,-0.030938780
1734523600.828765869,6,2,-4.471860823,6.016389738,0.235616847
1734523600.828765869,6,3,3.593211980,1.274785455,0.012890351
1734523600.828765869,6,4,-4.263064524,1.750940708,-0.007435979
1734523600.828765869,6,5,-2.077212797,7.206408595,0.053499078
1734523600.828765869,6,7,-9.584082715,6.611782999,-0.182899081
1734523600.828765869,6,8,4.579318458,4.639822149,-0.178286802
1734523600.828765869,6,9,-7.287715946,-3.554379574,-0.058205107
1734523600.888765812,7,0,-5.566626499,-4.634648364,0.025631080
1734523600.888765812,7,1,-5.747099399,-10.184798730,-0.090077607
1734523600.888765812,7,2,0.772891688,-3.685628413,-0.034237123
1734523600.888765812,7,3,-7.044567139,-2.573727589,0.000354417
1734523600.888765812,7,4,-5.667785099,0.356250462,-0.062516845
1734523600.888765812,7,5,0.353571588,-8.562844185,-0.139852397
1734523600.888765812,7,6,-10.646536343,-0.877124139,-0.001911727
1734523600.888765812,7,8,-6.054707624,-4.424774717,-0.109015100
1734523600.888765812,7,9,-7.172111429,6.948443386,-0.002401371
1734523600.948765755,8,0,-5.754225365,-3.504250692,-0.016706120
1734523600.948765755,8,1,-5.682609304,2.052263992,0.033368382
1734523600.948765755,8,2,-7.003464270,-2.677570784,-0.179172865
1734523600.948765755,8,3,1.896838148,-4.110718841,-0.036837424
1734523600.948765755,8,4,-5.197656240,-9.300890826,0.054419529
1734523600.948765755,8,5,-10.325957435,-0.263205852,0.046248475
1734523600.948765755,8,6,-0.194441869,-6.958860486,-0.025761570
1734523600.948765755,8,7,-6.082319191,-4.387969252,0.033453035
1734523601.018765688,9,0,-10.902553593,3.385153058,0.146805781
1734523601.018765688,9,2,-7.295256116,-1.709132913,-0.328790034
1734523601.018765688,9,3,-4.642784226,5.885451860,0.236666486
1734523601.018765688,9,4,-5.724423079,1.741936006,-0.034637860
1734523601.018765688,9,6,-5.517381670,6.482501019,-0.030713475
1734523601.018765688,9,7,-9.633983938,-4.120990844,-0.142626418
1734523601.078765869,0,1,5.820536473,0.377761716,-0.255032848
1734523601.078765869,0,2,-1.050218322,6.344809043,0.126566523
1734523601.078765869,0,3,-0.157627971,-7.297980900,0.135379538
1734523601.078765869,0,4,-5.450741845,-0.872007631,0.013377087
1734523601.078765869,0,5,2.654539320,6.087090505,-0.021799136
1734523601.078765869,0,6,-3.269120603,-4.805637439,-0.047517372
1734523601.078765869,0,7,-5.085759463,5.216609593,0.002003273
1734523601.078765869,0,8,3.458894888,-5.453616667,0.006212026
1734523601.078765869,0,9,-10.592634586,-1.944299405,0.083998559
1734523601.138765812,1,0,-7.476674317,-0.360001929,0.468764094
1734523601.138765812,1,2,-6.210125049,6.554260934,-0.092570694
1734523601.138765812,1,3,-5.784985454,-7.000588170,-0.015791883
1734523601.138765812,1,4,-10.383211783,-0.648687104,0.002974369
1734523601.138765812,1,5,-2.323044223,6.438683475,0.110683293
1734523601.138765812,1,6,-8.147722637,-4.561778923,-0.009443172
1734523601.138765812,1,7,-9.909758093,5.600636507,-0.022824357
1734523601.138765812,1,8,-2.260155577,-5.703913284,-0.050544392
1734523601.198765755,2,0,-6.042612554,-0.715003256,0.030466080
1734523601.198765755,2,1,-7.128224780,-6.289794261,-0.233885799
1734523601.198765755,2,3,-7.496769098,-0.131600796,-0.176449193
1734523601.198765755,2,4,-7.363541378,4.706014334,-0.108620317
1734523601.198765755,2,5,-0.389076105,-4.053865464,0.049124720
1734523601.198765755,2,6,-7.272742386,1.816631411,-0.238890140
1734523601.198765755,2,7,-0.767624460,3.725361214,-0.268827733
1734523601.198765755,2,8,-7.182130802,-2.155995863,-0.136671101
1734523601.198765755,2,9,-4.522059208,5.981563328,-0.147921143
1734523601.258765697,3,0,-6.795822479,1.314211434,0.216684619
1734523601.258765697,3,1,-6.726989609,6.349088218,-0.019989973
1734523601.258765697,3,2,-7.497386525,0.183481681,0.074362378
1734523601.258765697,3,4,-6.509494866,-4.285802514,0.148934052
1734523601.258765697,3,5,-7.080450026,2.473261586,-0.014302497
1734523601.258765697,3,6,-2.077914766,-3.234666977,0.001291354
1734523601.258765697,3,7,-7.283122966,-1.790556201,0.005324441
1734523601.258765697,3,8,-1.073094869,3.467129689,-0.014073397
1734523601.258765697,3,9,-3.539998731,-6.610648493,0.133174643
1734523601.328765869,4,0,-3.593455695,3.372543260,-0.146248072
1734523601.328765869,4,1,-8.902230181,9.224746851,0.029422828
1734523601.328765869,4,2,-8.771015120,-1.474692982,-0.065746394
1734523601.328765869,4,3,1.729028902,7.718848750,0.010083142
1734523601.328765869,4,5,-10.872735170,2.016388945,0.011795048
1734523601.328765869,4,6,2.412817370,3.859797117,-0.025347888
1734523601.328765869,4,7,-4.862323823,-3.652287547,-0.139850868
1734523601.328765869,4,8,-1.833486522,9.548443583,-0.043304988
1734523601.328765869,4,9,4.905164044,-4.491446208,0.272400641
1734523601.388765812,5,0,-6.042758063,3.074845522,0.018691284
1734523601.388765812,5,1,-5.775675294,-2.167569349,-0.048857868
1734523601.388765812,5,2,0.851926879,3.811122042,-0.042271334
1734523601.388765812,5,3,-7.160365668,2.214877873,-0.271071027
1734523601.388765812,5,4,-6.209877510,8.177929453,0.182812495
1734523601.388765812,5,6,-6.270188137,4.105739393,-0.278648111
1734523601.388765812,5,7,-0.060962032,8.517817653,0.195212494
1734523601.388765812,5,8,-10.844400826,-0.186050739,-0.016966200
1734523601.448765755,6,0,-1.147541428,5.741982850,-0.032490885
1734523601.448765755,6,1,2.023200722,10.663509038,0.070234989
1734523601.448765755,6,2,-4.457688817,6.031319144,0.046901943
1734523601.448765755,6,3,3.740728855,1.335121975,0.017484719
1734523601.448765755,6,4,-4.303394538,1.806602280,-0.037622507
1734523601.448765755,6,5,-2.297186936,7.136434771,-0.210311535
1734523601.448765755,6,7,-9.012358673,6.428083048,0.006480712
1734523601.448765755,6,8,5.247831128,5.101540812,0.114445164
1734523601.448765755,6,9,-7.310131112,-3.491812969,0.031873632
1734523601.508765697,7,0,-5.823957514,-4.847690911,-0.029485931
1734523601.508765697,7,1,-5.629098537,-9.975530613,-0.006009511
1734523601.508765697,7,2,0.866615337,-4.455468677,-0.049061771
1734523601.508765697,7,3,-7.069992350,-2.503031393,0.006481606
1734523601.508765697,7,4,-6.190273711,0.416993436,-0.019535430
1734523601.508765697,7,5,0.062575134,-8.299555718,-0.057133740
1734523601.508765697,7,6,-11.009209612,-0.828022148,-0.037210077
1734523601.508765697,7,8,-6.257352005,-4.133515431,0.097959490
1734523601.508765697,7,9,-7.241387950,7.077188988,0.021292578
1734523601.578765869,8,0,-5.373560360,-3.184740291,0.002938045
1734523601.578765869,8,1,-5.518796389,2.004794063,-0.031014815
1734523601.578765869,8,2,-7.036912082,-2.588683891,0.174882997
1734523601.578765869,8,3,1.680551938,-3.974272003,-0.139586008
1734523601.578765869,8,4,-4.098505614,-7.720552566,-0.078023019
1734523601.578765869,8,5,-12.264791276,-0.490006024,0.114356031
1734523601.578765869,8,6,-0.275910109,-6.806111700,0.021103529
1734523601.578765869,8,7,-5.988086858,-4.510497694,0.219604960
1734523601.638765812,9,0,-10.039833300,3.301787859,-0.015059214
1734523601.638765812,9,2,-7.303470737,-1.702774655,-0.099366363
1734523601.638765812,9,4,-6.074270782,1.815118368,-0.055580292
1734523601.638765812,9,6,-5.717662168,6.607247049,-0.108738482
1734523601.638765812,9,7,-9.792950188,-4.157125829,-0.068473494
1734523601.698765755,0,1,5.361815038,0.416245188,0.080693183
1734523601.698765755,0,2,-1.028337311,6.166316463,0.072515166
1734523601.698765755,0,3,-0.210309489,-7.657463543,-0.068479817
1734523601.698765755,0,4,-5.270250607,-0.816916018,-0.038349006
1734523601.698765755,0,5,2.948110111,6.937159456,0.014097044
1734523601.698765755,0,6,-3.839760979,-5.389967637,-0.028738137
1734523601.698765755,0,7,-5.559980372,6.219812162,0.112409308
1734523601.698765755,0,8,3.506989470,-5.570687131,0.019094282
1734523601.698765755,0,9,-12.552330040,-1.968669127,-0.085389711
1734523601.758765697,1,0,-5.830673876,-0.138921755,-0.196219653
1734523601.758765697,1,2,-5.874950695,6.242146375,0.026063976
1734523601.758765697,1,3,-5.895429871,-7.156459110,-0.074947341
1734523601.758765697,1,4,-11.378913852,-0.746758810,-0.039030120
1734523601.758765697,1,5,-2.166498469,5.778918661,0.110904088
1734523601.758765697,1,6,-10.305819528,-5.632882872,-0.053517917
1734523601.758765697,1,7,-10.007195961,5.564660453,-0.034002575
1734523601.758765697,1,8,-2.184660361,-5.096534570,-0.058388703
1734523601.818765879,2,0,-6.502544610,-0.872754325,-0.158669474
1734523601.818765879,2,1,-6.138100962,-5.738754473,-0.049417114
1734523601.818765879,2,3,-7.499943424,-0.016399444,-0.024076978
1734523601.818765879,2,4,-6.302354340,4.065721204,0.015519951
1734523601.818765879,2,5,-1.123889162,-7.387414941,0.642630258
1734523601.818765879,2,6,-7.276294279,1.817632720,0.041867096
1734523601.818765879,2,7,-2.005157931,7.217857682,0.363142063
1734523601.818765879,2,8,-7.107712264,-2.389771625,-0.139348302
1734523601.818765879,2,9,-4.554600809,5.955875409,0.182097709
1734523601.888765812,3,0,-6.702521110,1.140221136,0.284048905
1734523601.888765812,3,1,-6.827927354,6.524087808,-0.018737145
1734523601.888765812,3,2,-7.498074284,0.154714611,0.070323712
1734523601.888765812,3,4,-6.671005351,-4.143052115,0.053749810
1734523601.888765812,3,5,-7.069328901,2.497613182,0.191094961
1734523601.888765812,3,6,-2.181297363,-3.061069880,-0.120936090
1734523601.888765812,3,7,-7.248066802,-1.920272791,0.167570992
1734523601.888765812,3,8,-1.187909657,3.786380688,-0.036781500
1734523601.888765812,3,9,-3.619948390,-6.567547579,-0.115292901
1734523601.948765755,4,0,-3.951280036,3.794848515,0.058699610
1734523601.948765755,4,1,-8.543555420,8.511567555,-0.027247278
1734523601.948765755,4,2,-8.557503627,-1.459724141,-0.029037502
1734523601.948765755,4,3,1.762502201,7.352650814,0.003205106
1734523601.948765755,4,5,-10.956161176,2.047582576,0.033857706
1734523601.948765755,4,6,2.315383431,3.698021220,0.005465829
1734523601.948765755,4,7,-6.064773198,-4.409747172,-0.150518891
1734523601.948765755,4,8,-1.704639725,9.879868267,-0.098149478
1734523601.948765755,4,9,5.823407236,-4.719649458,0.250673411
1734523602.008765697,5,0,-6.003602668,2.996817256,-0.018498657
1734523602.008765697,5,1,-5.801511952,-2.158262147,-0.088921521
1734523602.008765697,5,2,0.471588876,3.531240289,-0.108964373
1734523602.008765697,5,3,-7.121114851,2.350861737,-0.114770984
1734523602.008765697,5,4,-7.087576220,9.237620823,-0.196442425
1734523602.008765697,5,6,-6.213155610,4.200655723,-0.034479862
1734523602.008765697,5,7,-0.212419414,7.466549309,-0.039328032
1734523602.008765697,5,8,-7.498070291,0.162672010,-0.049796835
1734523602.078765869,6,0,-1.240972500,6.369326609,0.011342347
1734523602.078765869,6,1,2.257809487,11.339476283,0.204538550
1734523602.078765869,6,2,-4.397142432,6.070161183,-0.261307556
1734523602.078765869,6,3,3.633801937,1.257180444,0.042471597
1734523602.078765869,6,4,-4.404689848,1.794288908,-0.046517724
1734523602.078765869,6,5,-2.305532161,7.136748195,0.036696865
1734523602.078765869,6,7,-9.129658305,6.148580525,0.024904843
1734523602.078765869,6,8,4.974531209,5.218248055,-0.164823344
1734523602.078765869,6,9,-8.137944965,-3.972691607,-0.057304562
1734523602.138765812,7,0,-5.883570761,-4.952077127,-0.028531916
1734523602.138765812,7,1,-5.822217219,-10.180260114,-0.019623169
1734523602.138765812,7,2,0.616059935,-4.011048159,-0.082358043
1734523602.138765812,7,3,-7.185152323,-2.141032568,-0.198911131
1734523602.138765812,7,4,-6.377919429,0.459466404,-0.027550889
1734523602.138765812,7,5,0.158867820,-6.711141292,0.123180573
1734523602.138765812,7,6,-10.448401882,-0.854033536,0.032816635
1734523602.138765812,7,8,-6.234957021,-4.168232940,0.033839264
1734523602.138765812,7,9,-7.305072467,7.112388741,-0.024937000
1734523602.198765755,8,0,-5.854260068,-3.435591940,-0.002484106
1734523602.198765755,8,1,-5.464652600,2.132600813,0.105403789
1734523602.198765755,8,2,-7.046039427,-2.563722305,0.175089500
1734523602.198765755,8,3,1.801886337,-3.853184056,0.017813391
1734523602.198765755,8,4,-4.593141999,-8.022319099,-0.095954673
1734523602.198765755,8,5,-10.829815908,-0.489955571,-0.114740743
1734523602.198765755,8,6,-0.327159198,-7.084469272,0.009912057
1734523602.198765755,8,7,-5.971540814,-4.535608750,0.137671972
1734523602.258765697,9,0,-11.430134685,3.659041852,0.177365013
1734523602.258765697,9,2,-7.300554627,-1.718107647,0.002872340
1734523602.258765697,9,3,-4.522728050,5.982191764,-0.091173937
1734523602.258765697,9,4,-6.601525397,2.048830030,0.148799859
1734523602.258765697,9,6,-5.438060807,6.249671650,-0.100704405
1734523602.258765697,9,7,-9.021483858,-3.854705523,-0.058694857
1734523602.318765879,0,1,5.582184798,0.515972071,0.091722030
1734523602.318765879,0,2,-1.359523006,6.335386783,-0.085858027
1734523602.318765879,0,3,-0.259352305,-6.862145140,0.025890085
1734523602.318765879,0,4,-5.500389143,-0.909698859,-0.028331169
1734523602.318765879,0,5,2.941752825,6.900481084,0.051833183
1734523602.318765879,0,6,-3.606586527,-5.046639131,0.176097625
1734523602.318765879,0,7,-5.390200183,5.756890224,0.019927388
1734523602.318765879,0,8,3.472507953,-5.650026533,-0.213271270
1734523602.318765879,0,9,-7.379399110,-1.333984051,-0.122291991
1734523602.378765821,1,0,-5.817696835,-0.074828798,0.144770065
1734523602.378765821,1,2,-5.926953262,6.312859053,-0.014565068
1734523602.378765821,1,3,-5.508223194,-6.744607571,-0.023151584
1734523602.378765821,1,4,-9.763078039,-0.711943738,-0.073708175
1734523602.378765821,1,5,-2.501410489,6.544908384,-0.019721323
1734523602.378765821,1,6,-9.114917156,-5.108537232,0.043346536
1734523602.378765821,1,7,-10.445112696,5.927656027,0.081854663
1734523602.378765821,1,8,-2.145076971,-5.612642690,-0.023580016
1734523602.448765755,2,0,-7.423619010,-1.049488962,-0.196096204
1734523602.448765755,2,1,-6.802502245,-6.159183778,-0.194200999
1734523602.448765755,2,3,-7.498853601,-0.026629608,-0.128395983
1734523602.448765755,2,4,-6.208405646,4.206667520,-0.098222770
1734523602.448765755,2,5,-0.627511968,-3.675710529,-0.105857223
1734523602.448765755,2,6,-7.211402661,2.058306674,-0.095106776
1734523602.448765755,2,7,-0.486582095,3.684376828,0.117376206
1734523602.448765755,2,8,-7.117024175,-2.352026564,-0.256783822
1734523602.448765755,2,9,-4.463969330,6.023460689,-0.202235366
1734523602.508765697,3,0,-7.120305105,1.006177901,-0.069859496
1734523602.508765697,3,1,-6.891839695,6.518981223,-0.078671137
1734523602.508765697,3,2,-7.487333696,0.389959102,-0.194334816
1734523602.508765697,3,4,-6.791194883,-4.278023015,0.083500907
1734523602.508765697,3,5,-7.123005918,2.339650094,-0.197038411
1734523602.508765697,3,6,-2.376063459,-3.631595278,0.011506271
1734523602.508765697,3,7,-7.261173761,-1.872595747,0.136896976
1734523602.508765697,3,8,-1.209911906,3.852724891,0.017913173
1734523602.508765697,3,9,-3.543764590,-6.608302431,-0.148564846
1734523602.568765879,4,0,-4.123963481,4.015930452,-0.145407223
1734523602.568765879,4,1,-6.813188716,7.162217749,-0.007367047
1734523602.568765879,4,2,-8.862317559,-1.561694139,0.227981539
1734523602.568765879,4,3,1.831212975,7.696423726,0.049965910
1734523602.568765879,4,5,-10.281843652,1.877338936,0.079615924
1734523602.568765879,4,6,2.854793657,4.460535658,0.043987899
1734523602.568765879,4,7,-5.354000552,-3.829320672,-0.120516382
1734523602.568765879,4,8,-1.771520036,9.632718416,0.021412605
1734523602.568765879,4,9,4.890333092,-4.550381263,-0.172916658
1734523602.638765812,5,0,-6.074085210,3.103065063,-0.007812091
1734523602.638765812,5,1,-5.875337054,-2.160588053,-0.009250081
1734523602.638765812,5,2,0.780850303,3.538652282,-0.220793309
1734523602.638765812,5,3,-7.220958236,2.022110095,0.137233071
1734523602.638765812,5,4,-6.529724124,8.497910809,-0.127418377
1734523602.638765812,5,6,-6.229924917,4.171381465,-0.193938647
1734523602.638765812,5,7,-0.357969708,7.811225177,0.118742403
1734523602.638765812,5,8,-12.656257230,0.209181461,-0.057835758
1734523602.698765755,6,0,-1.304885469,6.382400949,-0.004161081
1734523602.698765755,6,1,2.076182987,10.553737005,-0.042835456
1734523602.698765755,6,2,-4.347619810,6.110205733,-0.116567127
1734523602.698765755,6,3,3.691538067,1.262379054,0.027393630
1734523602.698765755,6,4,-4.341370519,1.802565797,-0.058361859
1734523602.698765755,6,5,-2.596362673,7.035412790,0.108939192
1734523602.698765755,6,7,-8.873366478,6.341141656,-0.062018307
1734523602.698765755,6,8,4.773854212,5.099719981,0.114794519
1734523602.698765755,6,9,-7.653474524,-3.757110182,-0.045072020
1734523602.758765697,7,0,-5.934735945,-4.885559292,0.005042594
1734523602.758765697,7,1,-5.740484977,-10.054638564,0.012788723
1734523602.758765697,7,2,0.815129165,-3.227278203,0.031275726
1734523602.758765697,7,3,-7.209528416,-2.064048440,0.111373504
1734523602.758765697,7,4,-6.262272943,0.455476619,-0.039184974
1734523602.758765697,7,5,0.228100076,-8.392292827,-0.165960513
1734523602.758765697,7,6,-11.638728525,-1.000762859,-0.076126856
1734523602.758765697,7,8,-6.217625141,-4.192643906,0.113466675
1734523602.758765697,7,9,-7.350089064,7.088409437,-0.008927709
1734523602.818765879,8,0,-5.348299120,-3.155545183,0.011616615
1734523602.818765879,8,1,-5.478530376,2.031168203,-0.030587393
1734523602.818765879,8,2,-7.022564076,-2.633087157,0.021114499
1734523602.818765879,8,3,2.523761679,-7.059902923,-0.195953328
1734523602.818765879,8,4,-4.993038494,-9.124931098,-0.219964698
1734523602.818765879,8,5,-7.489927333,-0.364596656,-0.134379410
1734523602.818765879,8,6,-0.308666380,-7.928576937,0.016149966
1734523602.818765879,8,7,-6.068039923,-4.407586867,0.045491731
1734523602.888765812,9,0,-7.216030092,2.044060346,-0.026963160
1734523602.888765812,9,2,-7.280709506,-1.797936133,-0.093245636
1734523602.888765812,9,3,-4.725200161,5.815955825,-0.311674965
1734523602.888765812,9,4,-6.266474784,1.864999647,-0.081718476
1734523602.888765812,9,6,-5.549534321,6.576670933,-0.031053622
1734523602.888765812,9,7,-8.360704253,-3.587641435,-0.036776881
1734523602.948765755,0,1,5.444196244,0.339050527,-0.242377635
1734523602.948765755,0,2,-1.666895425,7.264324594,-0.119232554
1734523602.948765755,0,3,-0.280247223,-6.909838586,-0.080727701
1734523602.948765755,0,4,-5.360648654,-0.930295596,-0.022515298
1734523602.948765755,0,5,2.629542041,6.272666236,-0.011513068
1734523602.948765755,0,6,-3.888478526,-5.740204454,0.041878938
1734523602.948765755,0,7,-5.150759190,5.463507208,-0.047972839
1734523602.948765755,0,8,3.662719903,-5.915754185,0.037320339
1734523602.948765755,0,9,-7.400137654,-1.205162015,-0.188539711
1734523603.008765697,1,0,-7.493439195,0.291026722,0.116929395
1734523603.008765697,1,2,-6.465668464,6.815674285,-0.088656753
1734523603.008765697,1,3,-5.925572189,-7.269157871,-0.079201638
1734523603.008765697,1,4,-10.737124022,-0.662832621,-0.060605123
1734523603.008765697,1,5,-2.296872063,6.135083986,-0.034931795
1734523603.008765697,1,6,-7.885730654,-4.379005491,-0.051415367
1734523603.008765697,1,7,-10.024194341,5.582465453,0.035241403
1734523603.008765697,1,8,-2.160753417,-5.585403433,-0.019082911
1734523603.068765879,2,0,-7.416476248,-1.113065842,0.083453542
1734523603.068765879,2,1,-6.923700573,-6.519269347,-0.020508608
1734523603.068765879,2,3,-7.494421447,-0.271944939,-0.098453638
1734523603.068765879,2,4,-7.021493385,4.653148904,-0.058514851
1734523603.068765879,2,5,-0.809055896,-4.121158341,-0.095755307
1734523603.068765879,2,6,-7.264851728,1.855157175,0.174129902
1734523603.068765879,2,7,-0.879599887,4.248918921,0.137216441
1734523603.068765879,2,8,-7.187014810,-2.137398779,-0.168358505
1734523603.068765879,2,9,-4.432541152,6.046935070,-0.192756835
1734523603.128765821,3,0,-6.277580467,0.985737865,0.037946198
1734523603.128765821,3,1,-5.374665345,5.230903965,0.024822217
1734523603.128765821,3,2,-7.486523641,0.431812244,0.124506837
1734523603.128765821,3,4,-6.420046454,-4.019151217,0.092559648
1734523603.128765821,3,5,-7.108734927,2.390046687,0.059704092
1734523603.128765821,3,6,-2.393137474,-3.261245336,-0.096631478
1734523603.128765821,3,7,-7.221171861,-2.018027636,0.179558942
1734523603.128765821,3,8,-1.250050609,3.696724535,0.257556236
1734523603.128765821,3,9,-3.750855274,-6.494588968,0.037401135
1734523603.198765755,4,0,-3.901207671,3.570150410,0.177513127
1734523603.198765755,4,1,-7.248778772,7.593493114,-0.235591767
1734523603.198765755,4,2,-8.472274056,-1.504200037,-0.009230822
1734523603.198765755,4,3,2.061138943,8.612505187,0.022540827
1734523603.198765755,4,5,-10.494072854,1.967620658,-0.018171098
1734523603.198765755,4,6,2.749249045,3.892543251,0.020774742
1734523603.198765755,4,7,-5.317972225,-4.144697852,0.197691934
1734523603.198765755,4,8,-1.852061866,10.686208990,-0.023366831
1734523603.198765755,4,9,5.309489163,-4.962110105,-0.157320512
1734523603.258765697,5,0,-5.808632882,2.888511799,-0.003602146
1734523603.258765697,5,1,-5.943479865,-2.290760059,-0.029692316
1734523603.258765697,5,2,0.867220320,3.795295391,0.090122831
1734523603.258765697,5,3,-7.188500231,2.136750443,-0.098802734
1734523603.258765697,5,4,-6.724075858,8.199188468,0.106021851
1734523603.258765697,5,6,-6.417078197,3.882141938,-0.009021469
1734523603.258765697,5,7,0.003201452,7.755857329,-0.010496421
1734523603.258765697,5,8,-11.359470613,0.170232561,-0.134071387
1734523603.318765879,6,0,-1.297237304,6.247371059,-0.017638192
1734523603.318765879,6,1,1.927457128,10.502888331,-0.019602512
1734523603.318765879,6,3,3.607986840,1.431064798,0.128706415
1734523603.318765879,6,4,-4.492922862,1.773129407,0.011740288
1734523603.318765879,6,5,-2.256804663,7.151017384,-0.140652368
1734523603.318765879,6,7,-8.073632394,5.385121862,-0.239334395
1734523603.318765879,6,8,5.262995784,5.289674539,-0.014502299
1734523603.318765879,6,9,-8.288440219,-4.475030750,0.066219914
1734523603.378765821,7,0,-5.916987338,-4.960190738,-0.023913779
1734523603.378765821,7,1,-6.347609208,-10.996050529,-0.058212747
1734523603.378765821,7,2,2.100978869,-7.173642505,-0.612160923
1734523603.378765821,7,3,-7.151322923,-2.256556237,0.128586124
1734523603.378765821,7,4,-6.634643936,0.496988229,-0.029759599
1734523603.378765821,7,5,0.334739223,-8.391268319,0.188825194
1734523603.378765821,7,6,-11.235832705,-0.998811169,-0.017370866
1734523603.378765821,7,8,-6.211472254,-4.202002083,-0.103879409
1734523603.378765821,7,9,-7.562830501,7.168842705,0.041009938
1734523603.438765764,8,0,-5.297243885,-3.060588026,-0.031734366
1734523603.438765764,8,1,-5.780999542,2.132458301,-0.012670879
1734523603.438765764,8,2,-7.047729707,-2.564938937,0.024376835
1734523603.438765764,8,3,1.883266566,-3.861602572,-0.052744275
1734523603.438765764,8,4,-4.917773922,-9.343811909,-0.154031796
1734523603.438765764,8,5,-11.776643409,-0.016247333,-0.048504722
1734523603.438765764,8,6,-0.329764304,-6.897973501,-0.027076335
1734523603.438765764,8,7,-6.010841957,-4.484723843,-0.083851149
1734523603.508765697,9,0,-7.139565139,2.296866663,0.031830091
1734523603.508765697,9,3,-4.521021116,5.983973720,-0.049260391
1734523603.508765697,9,4,-6.286631336,1.875101765,-0.086663659
1734523603.508765697,9,6,-5.725710092,6.529340988,-0.079316731
1734523603.508765697,9,7,-8.910184756,-3.610782073,-0.220010632
1734523603.568765879,0,1,5.826502163,0.561125435,0.021271813
1734523603.568765879,0,2,-1.244359918,6.895082598,-0.205229206
1734523603.568765879,0,3,-0.456427103,-7.485147455,-0.119339352
1734523603.568765879,0,4,-5.784591579,-0.946462921,-0.016435122
1734523603.568765879,0,5,2.409756591,5.832501475,0.059362720
1734523603.568765879,0,6,-3.205235292,-4.982343686,0.088375124
1734523603.568765879,0,7,-5.260481608,5.389362689,0.073161197
1734523603.568765879,0,8,3.291043097,-5.427496470,0.006126513
1734523603.568765879,0,9,-7.387013991,-1.287231500,-0.158301473
1734523603.628765821,1,0,-4.845826663,-0.221932728,0.187078519
1734523603.628765821,1,2,-6.798472980,7.235043781,0.055982182
1734523603.628765821,1,3,-6.164507038,-7.571034259,-0.066126880
1734523603.628765821,1,4,-10.874840902,-0.717687794,-0.276735785
1734523603.628765821,1,5,-2.269117877,6.002907369,-0.033961476
1734523603.628765821,1,6,-9.974973277,-5.446135575,-0.152113882
1734523603.628765821,1,7,-10.717553044,5.865940355,-0.145402230
1734523603.628765821,1,8,-3.057664946,-6.844025852,-0.244939223
1734523603.688765764,2,0,-6.711354523,-0.853298964,-0.006940692
1734523603.688765764,2,1,-6.607591953,-6.236731767,-0.025852692
1734523603.688765764,2,3,-7.499089057,-0.022802375,0.114644511
1734523603.688765764,2,4,-7.604825441,4.626761116,-0.087558215
1734523603.688765764,2,5,-0.574462871,-4.128128069,0.117398959
1734523603.688765764,2,6,-7.233766800,1.975897465,0.135820052
1734523603.688765764,2,7,-0.761661524,3.839582422,0.227928509
1734523603.688765764,2,8,-7.072260627,-2.491896862,-0.153556668
1734523603.688765764,2,9,-4.568306769,5.947511111,-0.087663299
1734523603.748765707,3,0,-7.439449193,0.947059928,0.087596760
1734523603.748765707,3,1,-7.076543802,6.681360790,-0.088359972
1734523603.748765707,3,2,-7.489838925,0.379780807,0.089885578
1734523603.748765707,3,4,-6.774258882,-4.497606922,-0.010231610
1734523603.748765707,3,5,-7.114747610,2.370234676,0.111148691
1734523603.748765707,3,6,-2.094673826,-2.773434273,-0.161002089
1734523603.748765707,3,7,-7.229291350,-1.985852159,-0.209135772
1734523603.748765707,3,8,-1.229600464,3.836030072,-0.025144138
1734523603.748765707,3,9,-3.508850241,-6.628494533,0.032096997
1734523603.818765879,4,0,-5.474369266,5.126045976,0.070240933
1734523603.818765879,4,1,-7.710886768,7.601106494,0.137465669
1734523603.818765879,4,2,-8.626672102,-1.562437740,-0.003429196
1734523603.818765879,4,3,1.869416229,7.639947689,0.002909812
1734523603.818765879,4,5,-9.899810288,1.726361779,-0.022544872
1734523603.818765879,4,6,2.454251158,4.056707821,0.016451640
1734523603.818765879,4,7,-5.758779281,-4.421891511,-0.039939508
1734523603.818765879,4,8,-1.588918160,9.310289934,-0.076426991
1734523603.818765879,4,9,4.907901577,-4.397215098,0.116610554
1734523603.878765821,5,0,-6.082840447,2.994134275,-0.081700261
1734523603.878765821,5,1,-5.925718538,-2.289974444,-0.069508439
1734523603.878765821,5,2,0.813843381,3.866039576,-0.146644028
1734523603.878765821,5,3,-7.158736664,2.235565388,0.068824198
1734523603.878765821,5,4,-6.944987720,8.857137399,-0.043409782
1734523603.878765821,5,6,-6.392242892,3.921081788,-0.119784920
1734523603.878765821,5,7,0.163831642,8.418355930,-0.107067156
1734523603.878765821,5,8,-12.008701872,0.243623246,-0.295882526
1734523603.938765764,6,0,-1.280240755,6.469605103,0.022878659
1734523603.938765764,6,1,2.064891303,10.724871073,0.012921789
1734523603.938765764,6,2,-4.618955795,5.908024896,0.102416789
1734523603.938765764,6,3,4.141207591,1.331257956,0.032910043
1734523603.938765764,6,4,-4.343494226,1.733030654,-0.047227159
1734523603.938765764,6,5,-2.544975558,7.051586108,-0.219619593
1734523603.938765764,6,7,-8.338794405,5.680805230,0.003353291
1734523603.938765764,6,8,4.940339929,5.213936715,-0.104684629
1734523603.938765764,6,9,-8.049826789,-4.122108662,-0.029943027
1734523603.998765707,7,0,-5.877681323,-4.872095331,0.036618917
1734523603.998765707,7,1,-5.707400991,-9.793717211,-0.065878919
1734523603.998765707,7,2,0.786084793,-3.948540072,0.181287286
1734523603.998765707,7,3,-7.176167576,-2.176520211,0.124010844
1734523603.998765707,7,4,-6.466658282,0.514629174,0.008607507
1734523603.998765707,7,5,0.176561188,-8.461638686,0.086574291
1734523603.998765707,7,6,-12.705035886,-1.009904905,-0.079621466
1734523603.998765707,7,8,-6.178606515,-4.251368800,0.026169934
1734523603.998765707,7,9,-7.209224007,6.968180603,0.005207869
1734523604.058765650,8,0,-5.648474233,-3.239980210,-0.032477195
1734523604.058765650,8,1,-5.710139696,2.199186047,-0.025217900
1734523604.058765650,8,2,-7.096446384,-2.418597841,0.202072284
1734523604.058765650,8,3,1.599976935,-3.543550320,0.299623854
1734523604.058765650,8,4,-5.235247874,-9.219478253,0.080201892
1734523604.058765650,8,5,-11.197674787,-0.424804613,-0.115166245
1734523604.058765650,8,6,-0.151662996,-7.536568402,-0.188429905
1734523604.058765650,8,7,-5.965692454,-4.545377476,0.007558851
1734523604.128765821,9,0,-7.114507612,2.372955886,-0.053495769
1734523604.128765821,9,2,-7.326046989,-1.602873373,0.099158808
1734523604.128765821,9,3,-4.723085294,5.822916594,0.190020119
1734523604.128765821,9,4,-6.344338850,1.889053706,-0.019260781
1734523604.128765821,9,6,-5.278763289,6.015993778,0.008091930
1734523604.128765821,9,7,-9.328095810,-4.085521704,-0.093810826
1734523604.188765764,0,1,4.959957097,0.311815074,0.164537412
1734523604.188765764,0,2,-1.418719565,7.367395063,-0.186791721
1734523604.188765764,0,3,-0.365817702,-6.588097319,-0.082692174
1734523604.188765764,0,4,-5.454207739,-0.865787622,0.000410921
1734523604.188765764,0,5,2.764956924,6.763912558,0.027497771
1734523604.188765764,0,6,-3.609870786,-5.306162483,-0.015391292
1734523604.188765764,0,7,-5.288703801,5.691088059,0.058391641
1734523604.188765764,0,8,3.302528184,-5.455822748,0.040464198
1734523604.188765764,0,9,-7.351920236,-1.481731076,0.061170805
1734523604.248765707,1,0,-5.060818775,-0.147677822,0.095805223
1734523604.248765707,1,2,-6.464469997,6.898324491,-0.047819913
1734523604.248765707,1,3,-6.263938967,-7.625664057,0.024159816
1734523604.248765707,1,4,-10.810179597,-0.706401994,-0.029061724
1734523604.248765707,1,5,-2.479071972,6.322220193,0.010239453
1734523604.248765707,1,6,-9.130158252,-5.194500562,-0.135715982
1734523604.248765707,1,7,-9.962818492,5.578788173,-0.001866595
1734523604.248765707,1,8,-2.406127003,-6.318861147,-0.074970698
1734523604.308765650,2,0,-6.152963684,-0.958886279,-0.211844569
1734523604.308765650,2,1,-6.693141125,-6.323803200,-0.041303037
1734523604.308765650,2,3,-7.499702245,0.002418372,0.066786161
1734523604.308765650,2,4,-7.410895753,4.484361222,-0.024132674
1734523604.308765650,2,5,-0.665304501,-3.903672987,0.010449918
1734523604.308765650,2,6,-7.297434574,1.730203096,-0.062015146
1734523604.308765650,2,7,-0.932326199,4.216769920,-0.045544146
1734523604.308765650,2,8,-7.082517056,-2.466385556,0.069960320
1734523604.308765650,2,9,-4.453496675,6.031859977,0.181748681
1734523604.368765831,3,0,-6.739225854,1.133066691,0.180516304
1734523604.368765831,3,1,-7.414175392,7.116379200,0.013436527
1734523604.368765831,3,2,-7.494810246,0.233794009,0.152183238
1734523604.368765831,3,4,-5.921301588,-3.654152421,0.043204610
1734523604.368765831,3,5,-7.098530457,2.420297526,0.055002107
1734523604.368765831,3,6,-1.985963189,-2.814167303,0.131599239
1734523604.368765831,3,7,-7.205104209,-2.082343374,0.017871976
1734523604.368765831,3,8,-1.242474301,3.827161625,-0.008786825
1734523604.368765831,3,9,-3.497547770,-6.632843398,0.150160116
1734523604.428765774,4,0,-4.337469626,3.951931798,-0.023876688
1734523604.428765774,4,1,-8.152867466,8.187253904,-0.033197190
1734523604.428765774,4,2,-8.526792284,-1.518665847,-0.028546846
1734523604.428765774,4,3,1.994851224,7.983180558,0.060043608
1734523604.428765774,4,5,-10.831737882,1.877724325,-0.059076189
1734523604.428765774,4,6,2.411969349,3.933660599,-0.007988040
1734523604.428765774,4,7,-4.537912327,-3.617929300,0.128509315
1734523604.428765774,4,8,-1.696142966,10.278748272,-0.000292121
1734523604.428765774,4,9,5.373604576,-4.440320660,-0.052157090
1734523604.498765707,5,0,-5.745432403,2.716929092,-0.024189586
1734523604.498765707,5,1,-6.125001531,-2.293845612,-0.037002375
1734523604.498765707,5,2,0.721434531,4.197931136,0.260476974
1734523604.498765707,5,3,-7.229170914,1.980121510,-0.261164134
1734523604.498765707,5,4,-4.627862882,5.900959103,0.107549125
1734523604.498765707,5,6,-6.296939477,4.074104194,0.015107809
1734523604.498765707,5,7,0.021049050,7.349757983,0.023523957
1734523604.498765707,5,8,-9.696174998,-0.088804941,-0.067278895
1734523604.558765650,6,0,-1.325382062,6.442646282,-0.070706415
1734523604.558765650,6,1,2.070710923,10.577634761,-0.009763546
1734523604.558765650,6,2,-4.656225189,5.878717580,0.101225511
1734523604.558765650,6,3,3.398184208,1.265543101,0.057220356
1734523604.558765650,6,4,-4.189219054,1.653374239,0.005547515
1734523604.558765650,6,5,-2.502205703,7.070060497,0.056667404
1734523604.558765650,6,7,-8.882100168,5.897742288,-0.080929230
1734523604.558765650,6,8,5.352701660,5.193471652,0.067747869
1734523604.558765650,6,9,-8.047182708,-4.118825189,-0.018875912
1734523604.618765831,7,0,-6.064059062,-5.071091849,-0.038682922
1734523604.618765831,7,1,-6.383586650,-11.102972640,-0.034581521
1734523604.618765831,7,2,1.378264705,-7.372229427,-0.024893301
1734523604.618765831,7,3,-7.127849104,-2.333172520,0.008552372
1734523604.618765831,7,4,-6.553236221,0.552355267,-0.019711348
1734523604.618765831,7,5,0.334147187,-7.335306614,-0.221781084
1734523604.618765831,7,6,-11.213723959,-0.958247249,-0.113609895
1734523604.618765831,7,8,-6.286055316,-4.090696945,-0.041316653
1734523604.618765831,7,9,-7.210448253,7.091323632,-0.070678299
1734523604.678765774,8,0,-5.634359501,-3.160543039,-0.040096089
1734523604.678765774,8,1,-5.619390437,2.160323514,-0.008184434
1734523604.678765774,8,2,-7.085466242,-2.455339683,0.132193700
1734523604.678765774,8,3,1.691952233,-3.510655554,0.027254431
1734523604.678765774,8,4,-3.825639983,-6.450252468,0.093390661
1734523604.678765774,8,5,-13.060151991,-0.390263580,0.217880500
1734523604.678765774,8,6,-0.403067676,-7.196449488,-0.048748817
1734523604.678765774,8,7,-6.123321540,-4.330668481,0.015615032
1734523604.738765717,9,0,-7.192669030,2.121014116,0.129658541
1734523604.738765717,9,2,-7.253433241,-1.898828524,-0.179322203
1734523604.738765717,9,3,-4.895228515,5.682044942,-0.033212396
1734523604.738765717,9,4,-6.693398976,1.962333716,-0.015046831
1734523604.738765717,9,6,-5.940612713,6.527626344,-0.007479921
1734523604.738765717,9,7,-8.592313907,-3.622240020,-0.067282941
1734523604.808765650,0,1,5.356343736,0.139793422,-0.012984389
1734523604.808765650,0,2,-1.416701192,7.095957459,-0.194299766
1734523604.808765650,0,3,-0.610932650,-8.146132122,-0.051951359
1734523604.808765650,0,4,-5.384322653,-0.855197246,0.024868274
1734523604.808765650,0,5,2.622075026,6.560196426,0.025760088
1734523604.808765650,0,6,-4.335281828,-6.119905213,-0.045734637
1734523604.808765650,0,7,-5.423843456,5.769026387,-0.042147307
1734523604.808765650,0,8,3.115215275,-5.230000693,0.004876010
1734523604.808765650,0,9,-7.388131755,-1.289553390,0.050608605
1734523604.868765831,1,0,-7.495496942,-0.021795628,-0.258941199
1734523604.868765831,1,2,-6.756558162,7.164204940,0.020471329
1734523604.868765831,1,3,-5.749471909,-6.953105556,-0.052770627
1734523604.868765831,1,4,-11.332082337,-0.797061361,-0.058599906
1734523604.868765831,1,5,-2.310957043,5.724279948,0.172472307
1734523604.868765831,1,6,-9.971186122,-5.762499131,0.069620555
1734523604.868765831,1,7,-6.439871943,3.843998240,-0.041555763
1734523604.868765831,1,8,-2.395528746,-6.061976020,-0.004917375
1734523604.938765764,2,0,-6.307808888,-0.798509035,-0.036149426
1734523604.938765764,2,1,-6.546075516,-6.054789929,0.008635343
1734523604.938765764,2,3,-7.497865192,0.131764280,-0.121060883
1734523604.938765764,2,4,-7.154633185,4.202860835,-0.054743691
1734523604.938765764,2,5,-0.859135883,-4.439268803,-0.159074126
1734523604.938765764,2,6,-7.260179833,1.876370510,0.137922080
1734523604.938765764,2,7,-0.874670732,3.991990230,-0.042056399
1734523604.938765764,2,8,-7.103668098,-2.399596682,-0.172729046
1734523604.938765764,2,9,-4.613905221,5.912257862,0.084175867
1734523604.998765707,3,0,-6.624896933,1.160442358,-0.065087654
1734523604.998765707,3,1,-7.124609364,6.784144612,0.038957354
1734523604.998765707,3,2,-7.483659251,0.491578498,0.056522562
1734523604.998765707,3,4,-7.157566951,-4.719336149,-0.184106990
1734523604.998765707,3,5,-7.062817996,2.521385112,-0.096016046
1734523604.998765707,3,6,-2.072003778,-2.867288570,0.149624108
1734523604.998765707,3,7,-7.285227070,-1.773224068,-0.176473653
1734523604.998765707,3,8,-1.191316810,3.595380162,-0.006576813
1734523604.998765707,3,9,-3.583627914,-6.588167228,-0.060527273
1734523605.068765879,4,0,-3.952057638,4.036037709,-0.000272665
1734523605.068765879,4,1,-8.504657201,8.746892809,0.235657641
1734523605.068765879,4,2,-8.492601432,-1.607650494,-0.033428953
1734523605.068765879,4,3,1.906143945,7.933230591,-0.007485874
1734523605.068765879,4,5,-11.160662498,1.964912659,0.070684132
1734523605.068765879,4,6,2.385991209,3.956091296,-0.007709643
1734523605.068765879,4,7,-5.328022390,-4.109435306,-0.228488396
1734523605.068765879,4,8,-1.731520793,10.283651167,0.028249618
1734523605.068765879,4,9,5.404086842,-4.596952876,0.208810340
1734523605.128765821,5,0,-6.643744915,3.103121824,-0.111920599
1734523605.128765821,5,1,-6.787376710,-2.601997575,-0.043904849
1734523605.128765821,5,2,0.831072576,3.622943040,-0.181210729
1734523605.128765821,5,3,-7.214264445,2.041759251,-0.188699982
1734523605.128765821,5,4,-6.433076517,8.003582460,0.068605806
1734523605.128765821,5,6,-6.398894253,3.902162666,-0.277990765
1734523605.128765821,5,7,-0.186871345,7.415719256,-0.017764527
1734523605.128765821,5,8,-12.613317864,0.074978626,-0.023985267
1734523605.198765755,6,0,-1.368224383,6.296350369,0.032085014
1734523605.198765755,6,1,1.831622894,11.051246318,0.187263768
1734523605.198765755,6,2,-4.558689836,5.953423028,0.158433642
1734523605.198765755,6,3,3.753149601,1.162017425,0.031594180
1734523605.198765755,6,4,-4.665894425,1.820587684,-0.040142077
1734523605.198765755,6,5,-2.486284306,7.075249402,0.096105444
1734523605.198765755,6,7,-6.244349714,4.146255151,0.258195427
1734523605.198765755,6,8,4.702819591,4.808207095,-0.071209438
1734523605.198765755,6,9,-7.728271018,-4.059681719,-0.019106055
1734523605.258765697,7,0,-5.982744242,-4.951763029,-0.004097728
1734523605.258765697,7,1,-3.793338070,-6.468731182,-0.126898286
1734523605.258765697,7,2,1.002078996,-4.438969735,0.020528885
1734523605.258765697,7,3,-7.168920204,-2.203763914,-0.002779123
1734523605.258765697,7,4,-6.695930885,0.555579884,-0.033066392
1734523605.258765697,7,5,0.348097082,-8.488757765,-0.045098811
1734523605.258765697,7,6,-10.953464102,-0.939071728,-0.058058460
1734523605.258765697,7,8,-6.273913079,-4.105618758,-0.178631695
1734523605.258765697,7,9,-6.737947711,6.618746874,0.044465134
1734523605.318765879,8,0,-5.501777906,-3.047494617,-0.042959565
1734523605.318765879,8,1,-5.956580776,2.315308352,0.012908342
1734523605.318765879,8,2,-7.044150806,-2.573138119,-0.094337920
1734523605.318765879,8,3,1.771887303,-3.623511874,-0.078872632
1734523605.318765879,8,4,-4.556188179,-7.675995124,-0.028013002
1734523605.318765879,8,5,-11.059357722,-0.349971440,0.039400681
1734523605.318765879,8,6,-0.364675468,-7.021052555,-0.015928611
1734523605.318765879,8,7,-6.122213819,-4.330400685,-0.126995515
1734523605.378765821,9,0,-7.134458860,2.311724820,-0.073655455
1734523605.378765821,9,2,-7.316950673,-1.629246673,-0.240391626
1734523605.378765821,9,3,-4.624001148,5.901702798,0.196258688
1734523605.378765821,9,4,-6.878686431,1.988640584,-0.057442662
1734523605.378765821,9,6,-5.851620605,6.464154631,0.029439063
1734523605.378765821,9,7,-9.428310979,-4.090374142,-0.112614823
1734523605.438765764,0,1,5.344304402,0.496798063,0.028187104
1734523605.438765764,0,2,-1.411633468,6.637522704,-0.127978574
1734523605.438765764,0,3,-0.429357926,-7.107851723,-0.088615844
1734523605.438765764,0,4,-5.905273880,-0.926174841,0.001184455
1734523605.438765764,0,5,2.518736080,6.582011379,0.025903221
1734523605.438765764,0,6,-3.672172084,-5.612484895,-0.237937303
1734523605.438765764,0,7,-5.343122317,5.685955079,0.005279436
1734523605.438765764,0,8,3.089540600,-5.218691065,0.000900159
1734523605.438765764,0,9,-7.378017953,-1.346286884,0.048607677
1734523605.508765697,1,0,-5.488971966,-0.103681107,-0.002580837
1734523605.508765697,1,2,-6.241926937,6.749626137,0.000905259
1734523605.508765697,1,3,-6.260668413,-7.674927497,-0.003589439
1734523605.508765697,1,4,-11.393777552,-0.853455484,-0.025640852
1734523605.508765697,1,5,-2.563866391,6.532575127,0.039336318
1734523605.508765697,1,6,-9.235101365,-5.101552561,-0.176006577
1734523605.508765697,1,7,-6.547568885,3.645094634,-0.304346531
1734523605.508765697,1,8,-2.410205461,-6.033427297,0.070187412
1734523605.568765879,2,0,-6.714251397,-1.081636014,-0.083749673
1734523605.568765879,2,1,-7.088700029,-6.678449368,-0.042670694
1734523605.568765879,2,3,-7.499415443,0.002066279,-0.093614903
1734523605.568765879,2,4,-7.939081814,4.871868007,0.074962523
1734523605.568765879,2,5,-0.535561775,-3.668513171,-0.220748340
1734523605.568765879,2,7,-0.743095238,4.478825466,0.127902410
1734523605.568765879,2,8,-7.176721348,-2.173676112,0.140722607
1734523605.568765879,2,9,-4.546144274,5.964221850,0.103101706
1734523605.628765821,3,0,-7.363709336,1.314988661,0.130709522
1734523605.628765821,3,1,-6.952029229,6.607897087,0.076076908
1734523605.628765821,3,2,-7.494979190,0.196605279,-0.191398281
1734523605.628765821,3,4,-6.734673452,-4.388047966,-0.281059250
1734523605.628765821,3,5,-7.085475948,2.457627040,0.078102017
1734523605.628765821,3,6,-2.493314354,-3.431214566,0.032169901
1734523605.628765821,3,7,-7.209145811,-2.066793110,-0.081135165
1734523605.628765821,3,8,-2.554197757,7.049252542,0.184695473
1734523605.628765821,3,9,-3.835643133,-6.444934623,-0.025680156
1734523605.698765755,4,0,-3.979022224,3.634519938,-0.043066257
1734523605.698765755,4,1,-8.631442570,9.213465038,-0.059160957
1734523605.698765755,4,2,-8.856018500,-1.468428977,0.017268203
1734523605.698765755,4,3,2.053252955,8.314248720,-0.017768038
1734523605.698765755,4,5,-10.837774028,1.869098338,-0.081341716
1734523605.698765755,4,6,2.457656926,4.115475168,-0.001549810
1734523605.698765755,4,7,-5.711139586,-4.191383493,0.005310696
1734523605.698765755,4,8,-1.598198276,9.519314628,0.007386046
1734523605.698765755,4,9,5.584592088,-5.001306820,-0.221948870
1734523605.758765697,5,0,-6.133665666,2.891713797,-0.029771300
1734523605.758765697,5,1,-5.748185318,-2.246248914,-0.052011941
1734523605.758765697,5,2,0.463372859,4.026470440,0.093756792
1734523605.758765697,5,3,-7.190943430,2.129852491,-0.063725568
1734523605.758765697,5,4,-6.171777650,8.122750299,0.016790232
1734523605.758765697,5,6,-6.407060416,3.890323508,-0.254872180
1734523605.758765697,5,7,-0.124593366,9.355430530,0.083313749
1734523605.758765697,5,8,-7.493297705,0.316973099,0.004190344
1734523605.828765869,6,0,-1.336890373,6.352987430,0.039105562
1734523605.828765869,6,1,2.124429488,11.101245419,-0.056636441
1734523605.828765869,6,2,-4.432243497,6.048256663,0.154301376
1734523605.828765869,6,3,3.614540362,1.132968380,0.015019003
1734523605.828765869,6,4,-4.379376571,1.678319004,-0.016556411
1734523605.828765869,6,5,-2.514609369,7.065556743,0.068173572
1734523605.828765869,6,7,-10.402231682,7.074927285,-0.052153773
1734523605.828765869,6,8,4.616428044,4.754263198,0.054949192
1734523605.828765869,6,9,-7.916069298,-4.106549400,-0.065014867
1734523605.888765812,7,0,-6.123598579,-5.097249249,-0.058108889
1734523605.888765812,7,1,-3.908965104,-6.399814084,-0.111227292
1734523605.888765812,7,2,0.944442494,-4.000438728,-0.003094703
1734523605.888765812,7,3,-7.135728780,-2.295089574,-0.252860873
1734523605.888765812,7,4,-6.475821812,0.537544847,-0.044989120
1734523605.888765812,7,5,0.148290605,-6.982858775,-0.009453786
1734523605.888765812,7,6,-11.510990204,-0.997009966,0.011317447
1734523605.888765812,7,8,-6.156692664,-4.282566403,-0.068996017
1734523605.888765812,7,9,-7.814916396,7.590085920,-0.110060592
1734523605.948765755,8,0,-5.536446801,-3.058044194,0.023766650
1734523605.948765755,8,1,-5.410618925,2.116889896,-0.012024578
1734523605.948765755,8,2,-7.080755017,-2.470553237,-0.096307280
1734523605.948765755,8,3,1.586300875,-3.513238937,0.023792339
1734523605.948765755,8,4,-5.438061161,-9.219499191,0.127945363
1734523605.948765755,8,5,-7.493927409,-0.240984594,0.181599582
1734523605.948765755,8,6,-0.084312128,-7.498590495,-0.118456944
1734523606.018765688,9,0,-7.202777212,2.084058436,-0.163404029
1734523606.018765688,9,2,-7.310081624,-1.674506207,0.093464537
1734523606.018765688,9,3,-4.632692361,5.894336906,-0.212023409
1734523606.018765688,9,4,-6.493582763,1.844583558,0.008081901
1734523606.018765688,9,6,-5.824073993,6.314347383,0.021154729
1734523606.018765688,9,7,-9.488019987,-4.261229439,0.002166771
1734523606.078765869,0,1,5.086603586,0.306847400,-0.049415764
1734523606.078765869,0,2,-1.647849876,7.399652726,0.171541033
1734523606.078765869,0,3,-0.461123217,-7.710197224,0.255585497
1734523606.078765869,0,4,-5.600481098,-0.925548705,0.000839308
1734523606.078765869,0,5,2.503811096,6.370231068,0.039994212
1734523606.078765869,0,6,-4.023883885,-6.320897783,0.323434219
1734523606.078765869,0,7,-5.273193514,5.669436961,0.045055266
1734523606.078765869,0,8,3.380517904,-5.723421398,-0.030791066
1734523606.078765869,0,9,-7.372536786,-1.360333562,-0.212588663
1734523606.138765812,1,0,-4.831855004,-0.175031661,-0.126473107
1734523606.138765812,1,2,-6.608267959,7.041095256,0.011224371
1734523606.138765812,1,3,-6.063971344,-7.491470446,-0.058538186
1734523606.138765812,1,4,-10.835463302,-0.837950445,0.007243489
1734523606.138765812,1,5,-2.394630754,6.020211124,0.014530638
1734523606.138765812,1,6,-9.965591201,-5.837848034,-0.101595969
1734523606.138765812,1,7,-6.455481637,3.816292664,-0.112548363
1734523606.138765812,1,8,-2.309658191,-5.711639058,-0.012015024
1734523606.198765755,2,0,-7.023363023,-1.048425687,-0.207100140
1734523606.198765755,2,1,-7.244240186,-6.653493916,-0.001134232
1734523606.198765755,2,3,-7.498359149,0.046441750,0.149844040
1734523606.198765755,2,4,-7.002515488,3.928730683,-0.014896546
1734523606.198765755,2,5,-0.532619771,-3.658181333,0.259881050
1734523606.198765755,2,6,-7.268003884,1.849589915,-0.071670697
1734523606.198765755,2,7,-0.960551940,3.853485870,-0.164090471
1734523606.198765755,2,8,-7.156569089,-2.243195879,-0.039888912
1734523606.198765755,2,9,-4.456589051,6.030177382,-0.160545236
1734523606.268765688,3,0,-6.553750537,1.126983209,0.056020857
1734523606.268765688,3,1,-7.288128530,6.924458020,0.027831459
1734523606.268765688,3,2,-7.495028439,0.258223699,-0.088708601
1734523606.268765688,3,4,-7.020814554,-4.377686858,-0.123413130
1734523606.268765688,3,5,-7.152482006,2.254052799,0.106052469
1734523606.268765688,3,6,-2.417318859,-3.241045277,0.236789220
1734523606.268765688,3,7,-7.268943245,-1.845817829,0.073625052
1734523606.268765688,3,8,-1.249826788,3.829220700,-0.003614243
1734523606.268765688,3,9,-3.548640887,-6.607239376,0.039187769
1734523606.328765869,4,0,-4.918284447,4.470204446,0.014011377
1734523606.328765869,4,1,-8.012721979,8.020128296,0.085443673
1734523606.328765869,4,2,-8.656928559,-1.700795752,0.025989874
1734523606.328765869,4,3,1.994443773,8.051270560,0.018142443
1734523606.328765869,4,5,-10.882737713,1.791897149,0.046175423
1734523606.328765869,4,6,2.356664034,3.955469678,0.035498239
1734523606.328765869,4,7,-6.320846738,-4.759186314,0.039628878
1734523606.328765869,4,8,-1.586281402,9.706482557,-0.044158560
1734523606.328765869,4,9,4.329175931,-3.983233137,-0.127016428
1734523606.398765802,5,0,-6.451554996,3.039062389,0.008314625
1734523606.398765802,5,1,-5.851148441,-2.312011854,-0.045990583
1734523606.398765802,5,2,0.694466215,3.382885337,0.133825513
1734523606.398765802,5,3,-7.240584803,1.952274149,-0.112059639
1734523606.398765802,5,4,-7.537693228,9.015225172,-0.155809663
1734523606.398765802,5,6,-6.425929236,3.863809357,0.168554761
1734523606.398765802,5,7,-0.097938100,7.496743034,0.198121184
1734523606.398765802,5,8,-7.499796618,-0.020730673,-0.051195001
1734523606.458765745,6,0,-1.371431784,6.552181687,-0.002391057
1734523606.458765745,6,1,2.020620948,10.907884458,-0.074085553
1734523606.458765745,6,2,-4.454803050,6.032965255,0.089777625
1734523606.458765745,6,3,3.607616074,1.073080524,0.016525769
1734523606.458765745,6,4,-4.334102527,1.645457987,-0.029385534
1734523606.458765745,6,5,-2.371088986,7.115120286,0.054775373
1734523606.458765745,6,7,-10.213538574,7.016968216,-0.244926969
1734523606.458765745,6,8,4.665503361,4.904894265,-0.186006696
1734523606.458765745,6,9,-7.805099789,-4.118532887,-0.054880234
1734523606.518765688,7,0,-6.200165742,-4.972390501,0.119921489
1734523606.518765688,7,1,-3.678137330,-6.532450257,0.219998672
1734523606.518765688,7,2,0.859721734,-4.061475254,-0.128418259
1734523606.518765688,7,4,-6.858858205,0.502279800,0.003612529
1734523606.518765688,7,5,0.115924202,-7.487571459,0.415734568
1734523606.518765688,7,6,-11.561897645,-0.876788534,-0.022117168
1734523606.518765688,7,8,-6.177825785,-4.252322457,-0.047141222
1734523606.518765688,7,9,-7.678508481,7.507510665,-0.064909962
1734523606.578765869,8,0,-5.057416591,-2.766834040,0.017448807
1734523606.578765869,8,1,-5.852162469,2.327362113,-0.027101316
1734523606.578765869,8,2,-7.074701080,-2.489233971,-0.048154542
1734523606.578765869,8,3,1.686686470,-3.706765729,-0.014184275
1734523606.578765869,8,4,-5.032322101,-8.796059335,-0.239816899
1734523606.578765869,8,5,-7.493984711,-0.148408705,-0.261090037
1734523606.578765869,8,6,-0.280266108,-6.356268028,0.172443217
1734523606.578765869,8,7,-6.188147461,-4.235641808,0.127159235
1734523606.648765802,9,0,-7.207464032,2.067659350,-0.165066793
1734523606.648765802,9,2,-7.291950876,-1.752103950,-0.087087117
1734523606.648765802,9,3,-4.565077854,5.949829106,-0.097968346
1734523606.648765802,9,4,-6.470288201,1.884037655,-0.055956965
1734523606.648765802,9,6,-5.274022283,5.709794080,-0.016220370
1734523606.648765802,9,7,-10.018547790,-4.375997419,-0.104956398
1734523606.708765745,0,1,5.861000803,0.448737878,-0.175977264
1734523606.708765745,0,2,-1.317608505,7.381453691,-0.167479065
1734523606.708765745,0,3,-0.576333792,-7.506329399,-0.061168791
1734523606.708765745,0,4,-5.588652249,-0.900585761,-0.031508531
1734523606.708765745,0,5,2.489058997,6.382183239,0.013248766
1734523606.708765745,0,6,-3.425920430,-5.432869262,-0.217569078
1734523606.708765745,0,7,-5.485575928,5.983096279,0.001919891
1734523606.708765745,0,8,3.025775047,-5.276850168,0.058124848
1734523606.708765745,0,9,-7.343651111,-1.522853961,-0.041281635
1734523606.768765688,1,0,-5.031339264,0.056987203,0.160858572
1734523606.768765688,1,2,-6.539777049,6.920646250,-0.073814210
1734523606.768765688,1,3,-6.141610733,-7.591756768,0.013160235
1734523606.768765688,1,4,-12.071520209,-0.932160322,-0.237887314
1734523606.768765688,1,5,-2.607003315,6.392834951,0.015962723
1734523606.768765688,1,6,-6.573787342,-3.609366927,-0.088263044
1734523606.768765688,1,7,-6.596502432,3.566553545,-0.125902633
1734523606.768765688,1,8,-2.400635708,-5.961646227,0.002377684
1734523606.828765869,2,0,-6.573142570,-0.991659645,-0.036347634
1734523606.828765869,2,1,-7.531278248,-6.986239488,0.040514085
1734523606.828765869,2,3,-7.497684669,-0.046960565,-0.180331106
1734523606.828765869,2,4,-7.166203518,4.136296783,0.016960716
1734523606.828765869,2,5,-0.565063505,-4.256522040,0.171901376
1734523606.828765869,2,6,-7.267860719,1.851498200,-0.012449069
1734523606.828765869,2,7,-0.901924469,3.999352461,-0.119167663
1734523606.828765869,2,8,-7.166035995,-2.212492541,0.052961094
1734523606.828765869,2,9,-4.481149381,6.012069088,0.155966384
1734523606.898765802,3,0,-7.409204598,1.094960511,-0.097222672
1734523606.898765802,3,1,-7.306584908,6.882672931,-0.102740516
1734523606.898765802,3,2,-7.494459140,0.217013263,-0.189703563
1734523606.898765802,3,4,-6.560409330,-4.202667261,-0.124183761
1734523606.898765802,3,5,-7.086206643,2.446899549,-0.219904559
1734523606.898765802,3,6,-2.296555961,-3.332227164,-0.070320373
1734523606.898765802,3,7,-7.286213790,-1.767545940,-0.192015502
1734523606.898765802,3,8,-1.301761803,3.897690263,0.010352174
1734523606.898765802,3,9,-3.707668740,-6.515488146,0.227171165
1734523606.958765745,4,0,-4.193830672,3.835032139,0.266401765
1734523606.958765745,4,1,-7.818319186,7.881164164,-0.021949255
1734523606.958765745,4,2,-8.403974001,-1.596356008,0.045660459
1734523606.958765745,4,3,2.172680157,8.569683228,0.047656234
1734523606.958765745,4,5,-12.249258144,2.064667863,-0.037018774
1734523606.958765745,4,6,2.305663588,3.845836727,-0.008665144
1734523606.958765745,4,7,-5.143612112,-3.822633947,-0.260002486
1734523606.958765745,4,8,-1.725726973,10.168976208,0.000704531
1734523606.958765745,4,9,5.070692482,-4.393582093,-0.199781186
1734523607.018765688,5,0,-6.448218633,2.966825895,-0.010110887
1734523607.018765688,5,1,-6.617039328,-2.671182480,-0.031461289
1734523607.018765688,5,2,0.833022728,4.155686546,-0.286424982
1734523607.018765688,5,3,-7.218113520,2.032344814,0.135689958
1734523607.018765688,5,4,-6.704558246,8.052368020,-0.249127756
1734523607.018765688,5,6,-6.398730572,3.906455800,-0.214126496
1734523607.018765688,5,7,0.084735610,8.317229059,0.219983033
1734523607.018765688,5,8,-7.496094045,0.001527789,-0.242015985
1734523607.088765860,6,0,-1.349191194,6.484600814,0.014589295
1734523607.088765860,6,1,2.115945188,11.228346781,0.012199788
1734523607.088765860,6,2,-4.482616488,6.010434750,0.175566340
1734523607.088765860,6,3,3.490871002,1.248421238,-0.011801937
1734523607.088765860,6,4,-4.258846117,1.632347298,0.003540528
1734523607.088765860,6,5,-2.400209518,7.104651599,-0.113665876
1734523607.088765860,6,7,-8.507377805,5.783864631,0.168878371
1734523607.088765860,6,8,5.474613872,5.114285610,0.350265119
1734523607.088765860,6,9,-8.397251373,-4.159843254,-0.031979659
1734523607.148765802,7,0,-6.045841193,-4.912221268,-0.007028854
1734523607.148765802,7,1,-3.782953849,-6.475840908,-0.052389940
1734523607.148765802,7,2,0.807433763,-3.844364914,-0.009499721
1734523607.148765802,7,3,-7.117370283,-2.359449425,0.161364991
1734523607.148765802,7,4,-6.829340149,0.620492875,-0.064221417
1734523607.148765802,7,5,0.252014658,-6.999520509,-0.082049533
1734523607.148765802,7,6,-11.410856811,-0.938112165,-0.059893914
1734523607.148765802,7,8,-6.251364199,-4.139601008,0.184794887
1734523607.148765802,7,9,-7.450023049,7.281218007,0.085942139
1734523607.218765736,8,0,-5.705835994,-3.034172277,-0.039968704
1734523607.218765736,8,1,-6.090776753,2.415259443,0.027416769
1734523607.218765736,8,2,-7.178890055,-2.170967063,0.020966528
1734523607.218765736,8,3,1.753560875,-3.814489540,0.020246095
1734523607.218765736,8,4,-3.645778833,-6.551258578,-0.198261812
1734523607.218765736,8,5,-7.493735494,-0.295527042,-0.081191848
1734523607.218765736,8,6,-0.376161373,-7.093202797,-0.033459306
1734523607.218765736,8,7,-6.018924186,-4.473448073,0.103990291
1734523607.278765678,9,0,-7.222960008,2.017163622,-0.099496935
1734523607.278765678,9,2,-7.296889728,-1.733459980,-0.022733162
1734523607.278765678,9,3,-4.765706269,5.786624619,-0.230259150
1734523607.278765678,9,4,-6.784306893,1.987841049,-0.032103053
1734523607.278765678,9,6,-6.613009008,7.471821465,0.022814688
1734523607.278765678,9,7,-8.949894316,-4.019399854,0.017231262
1734523607.338765860,0,1,4.988398595,0.456499790,0.043900567
1734523607.338765860,0,2,-1.679664665,7.457575407,-0.200853064
1734523607.338765860,0,3,-0.765303450,-7.905836927,-0.055475793
1734523607.338765860,0,4,-5.406405292,-0.894081620,-0.028993815
1734523607.338765860,0,5,2.519315636,6.534627486,-0.025360033
1734523607.338765860,0,6,-3.713747794,-5.243291115,0.052863005
1734523607.338765860,0,7,-5.338301392,5.839923083,0.001439695
1734523607.338765860,0,8,3.021290768,-5.112155385,-0.020243203
1734523607.338765860,0,9,-7.387769178,-1.285851657,-0.132106354
1734523607.408765793,1,0,-5.101169724,-0.385100237,0.120842032
1734523607.408765793,1,2,-6.942379233,7.330223941,-0.053887288
1734523607.408765793,1,3,-6.347972918,-7.890515624,-0.075174102
1734523607.408765793,1,4,-10.098141791,-0.525395498,0.059810906
1734523607.408765793,1,5,-2.694787622,6.634173665,0.012613222
1734523607.408765793,1,6,-8.796508739,-5.128922955,-0.145857320
1734523607.408765793,1,7,-6.515476192,3.708057161,-0.221092930
1734523607.408765793,1,8,-2.570754520,-6.226261440,-0.040486152
1734523607.468765736,2,0,-5.855081513,-0.926809374,-0.007861414
1734523607.468765736,2,1,-7.217500277,-6.667339204,-0.001504107
1734523607.468765736,2,3,-7.498871575,-0.071047889,-0.108983053
1734523607.468765736,2,4,-8.092945308,4.598875611,-0.122787741
1734523607.468765736,2,5,-0.450236278,-4.002641725,-0.016055544
1734523607.468765736,2,6,-7.318816003,1.628752094,0.179161738
1734523607.468765736,2,7,-0.962400922,4.590135757,-0.006147158
1734523607.468765736,2,8,-7.109340481,-2.388671381,0.039076226
1734523607.468765736,2,9,-4.343144040,6.113852688,0.088910963
1734523607.528765678,3,0,-7.235711193,1.473387050,0.051020299
1734523607.528765678,3,1,-6.860784538,6.525478704,-0.090431038
1734523607.528765678,3,2,-7.495047073,0.235855716,-0.136533705
1734523607.528765678,3,4,-6.501043971,-3.738896571,0.084141059
1734523607.528765678,3,5,-7.116063697,2.356085079,-0.245968618
1734523607.528765678,3,6,-2.169847326,-2.849877649,0.024707156
1734523607.528765678,3,7,-7.217588218,-2.035709015,0.110946475
1734523607.528765678,3,8,-1.269675466,3.789716923,0.012081310
1734523607.528765678,3,9,-3.714505787,-6.515550917,-0.006557292
1734523607.588765860,4,0,-3.718592766,3.467663326,-0.003864657
1734523607.588765860,4,1,-6.848995190,6.915072368,0.219254271
1734523607.588765860,4,2,-9.072405005,-1.702259133,0.019947278
1734523607.588765860,4,3,2.017527223,7.956931442,0.014023111
1734523607.588765860,4,5,-11.003857507,1.810492487,0.042243156
1734523607.588765860,4,6,2.427453403,4.197709253,0.024885152
1734523607.588765860,4,7,-5.542765491,-3.990673422,0.010972925
1734523607.588765860,4,8,-1.555598412,9.930360861,0.021060792
1734523607.588765860,4,9,5.388666672,-4.979000193,-0.047620221
1734523607.658765793,5,0,-5.877412994,2.660839405,-0.031532222
1734523607.658765793,5,1,-6.360387162,-2.602776536,-0.015002794
1734523607.658765793,5,2,0.666307828,3.663711640,0.123729544
1734523607.658765793,5,3,-7.237834425,1.960981617,0.135292028
1734523607.658765793,5,4,-6.996533710,8.687271297,-0.348523955
1734523607.658765793,5,6,-6.448320522,3.827605263,-0.136383270
1734523607.658765793,5,7,-0.195158180,9.018319297,-0.106828330
1734523607.658765793,5,8,-7.499451379,0.031886237,-0.084925165
1734523607.718765736,6,0,-1.429039755,6.712287738,0.048503814
1734523607.718765736,6,1,1.906343152,11.264882955,0.053103106
1734523607.718765736,6,3,4.052124420,1.168890861,-0.013546104
1734523607.718765736,6,4,-4.509809916,1.430745999,-0.014612481
1734523607.718765736,6,7,-10.438211961,7.029543745,-0.098380564
1734523607.718765736,6,8,4.671020037,4.847817418,0.104333150
1734523607.718765736,6,9,-8.539028567,-4.407563147,0.055476159
1734523607.788765669,7,0,-6.176402724,-5.109953545,-0.040247107
1734523607.788765669,7,2,0.978648947,-3.714622716,0.115361239
1734523607.788765669,7,3,-7.228185275,-1.999850236,-0.062742861
1734523607.788765669,7,4,-6.881028291,0.437926338,-0.138507828
1734523607.788765669,7,5,0.285987035,-9.172860843,-0.132626482
1734523607.788765669,7,6,-11.228133732,-1.006270909,-0.103845776
1734523607.788765669,7,8,-6.365983384,-3.963145223,-0.133174668
1734523607.788765669,7,9,-6.951267170,6.804720470,-0.032547496
1734523607.848765850,8,0,-5.904359300,-3.099698168,-0.069568100
1734523607.848765850,8,1,-6.158290947,2.628464438,-0.040459036
1734523607.848765850,8,2,-7.133782150,-2.313766552,-0.075077117
1734523607.848765850,8,3,1.654306892,-3.510812575,0.303918761
1734523607.848765850,8,4,-4.853371178,-8.838315799,-0.087108495
1734523607.848765850,8,5,-7.498741001,-0.083675242,-0.109003884
1734523607.848765850,8,6,-0.382028303,-6.496969100,-0.040835329
1734523607.848765850,8,7,-6.243289486,-4.155624021,-0.046101881
1734523607.908765793,9,0,-7.209330841,2.067294826,-0.042906023
1734523607.908765793,9,2,-7.309457902,-1.677501537,-0.088395581
1734523607.908765793,9,3,-4.663304502,5.873024565,-0.105705185
1734523607.908765793,9,4,-6.707736971,1.826342336,-0.055426255
1734523607.908765793,9,6,-6.760911596,7.295849322,-0.107247808
1734523607.908765793,9,7,-10.041565141,-4.286711182,-0.133405088
1734523607.968765736,0,1,5.953362504,0.411807891,-0.005703626
1734523607.968765736,0,2,-1.718384133,6.909308985,0.094055646
1734523607.968765736,0,3,-0.563520910,-7.478699500,0.038703651
1734523607.968765736,0,4,-5.910953117,-1.017258920,-0.014719633
1734523607.968765736,0,5,2.792723502,7.374438106,-0.222201867
1734523607.968765736,0,6,-3.843575088,-5.784986620,-0.026929257
1734523607.968765736,0,7,-5.587359496,6.022998714,-0.018697052
1734523607.968765736,0,8,3.273553749,-5.813530537,0.008872664
1734523607.968765736,0,9,-7.368337032,-1.397845166,-0.060318082
1734523608.028765678,1,0,-5.184538724,0.017472855,-0.033168770
1734523608.028765678,1,2,-6.437822998,6.896884109,-0.016041388
1734523608.028765678,1,3,-6.457558083,-7.833250585,0.082319064
1734523608.028765678,1,4,-10.769232193,-0.797890835,0.016114812
1734523608.028765678,1,5,-2.835354923,7.246119790,-0.132145227
1734523608.028765678,1,6,-9.642503777,-5.461251924,0.083952298
1734523608.028765678,1,7,-6.505260103,3.732468014,0.016538476
1734523608.028765678,1,8,-2.481144561,-6.136312185,-0.006671319
1734523608.098765850,2,0,-6.862021757,-1.286299215,0.081955819
1734523608.098765850,2,1,-7.324547491,-6.932081647,-0.015918265
1734523608.098765850,2,3,-7.495970097,-0.245524728,-0.012243984
1734523608.098765850,2,4,-8.828547219,5.169584706,-0.107343482
1734523608.098765850,2,5,-0.642561815,-4.004433648,0.151960129
1734523608.098765850,2,6,-7.256257927,1.894781266,-0.080776540
1734523608.098765850,2,7,-1.123941530,4.023695607,-0.000246231
1734523608.098765850,2,8,-7.099793814,-2.416088088,0.073798038
1734523608.098765850,2,9,-4.676993558,5.862359159,-0.092067063
1734523608.158765793,3,0,-6.989742704,1.111437668,-0.034028656
1734523608.158765793,3,1,-6.924151227,6.474072741,-0.055455485
1734523608.158765793,3,2,-7.491851090,0.249362971,-0.244919067
1734523608.158765793,3,4,-7.068569276,-4.208140079,-0.096330643
1734523608.158765793,3,5,-7.165427308,2.213486526,0.084432770
1734523608.158765793,3,6,-2.522607671,-3.158764151,0.066380370
1734523608.158765793,3,7,-7.271817106,-1.830272101,-0.144152750
1734523608.158765793,3,8,-1.311426398,3.782893399,0.017301258
1734523608.158765793,3,9,-3.621644758,-6.567521628,-0.036727618
1734523608.218765736,4,0,-3.831547383,3.838001596,-0.062368865
1734523608.218765736,4,1,-7.788588461,8.111955185,0.132153621
1734523608.218765736,4,2,-8.844579249,-1.674660316,-0.024778129
1734523608.218765736,4,3,2.081983127,7.929096123,-0.081892811
1734523608.218765736,4,5,-11.190566785,1.838553801,0.041098832
1734523608.218765736,4,6,2.535373330,4.395260160,-0.002667089
1734523608.218765736,4,7,-5.522036229,-4.371596373,0.163865494
1734523608.218765736,4,8,-1.519042203,10.015865697,0.018870449
1734523608.218765736,4,9,6.030641181,-5.075036106,0.028449055
1734523608.278765678,5,0,-6.616332129,2.939459250,-0.013230021
1734523608.278765678,5,1,-6.606748701,-2.670000329,-0.012679747
1734523608.278765678,5,2,0.964644579,4.088810635,-0.065955255
1734523608.278765678,5,3,-7.187563680,2.142165183,0.007527947
1734523608.278765678,5,4,-6.878298799,8.470314668,0.074334609
1734523608.278765678,5,6,-6.439410652,3.838847074,0.217355921
1734523608.278765678,5,7,-0.082239523,8.034989176,0.294550802
1734523608.278765678,5,8,-7.495229827,0.177118763,0.200396580
1734523608.348765850,6,0,-1.412319200,6.518316096,-0.057258980
1734523608.348765850,6,1,1.975378417,10.825582514,-0.030353373
1734523608.348765850,6,2,-4.584472953,5.935700851,-0.007946882
1734523608.348765850,6,3,3.515839630,0.981668138,0.001535195
1734523608.348765850,6,4,-4.473040349,1.642878267,-0.033543662
1734523608.348765850,6,5,-2.492022328,7.071912548,0.166965930
1734523608.348765850,6,7,-6.169151510,4.265156327,0.003340155
1734523608.348765850,6,8,5.424216064,5.648991457,-0.045740115
1734523608.348765850,6,9,-7.842146186,-4.157137213,-0.092043874
1734523608.408765793,7,0,-6.445860509,-5.347762059,0.038957324
1734523608.408765793,7,1,-3.698459018,-6.524421766,0.057632508
1734523608.408765793,7,2,1.073221519,-4.115889417,0.257649135
1734523608.408765793,7,3,-7.164755975,-2.217069593,-0.029567498
1734523608.408765793,7,4,-7.374316453,0.485479553,0.075615683
1734523608.408765793,7,5,0.251463145,-7.551000290,0.214409882
1734523608.408765793,7,6,-10.766838214,-0.913050875,-0.043276251
1734523608.408765793,7,8,-6.392428989,-3.921708317,-0.083997035
1734523608.408765793,7,9,-8.027131894,7.971748936,0.010446089
1734523608.468765736,8,0,-5.595730014,-2.897970570,-0.065480050
1734523608.468765736,8,1,-6.617525274,2.731410953,-0.011306153
1734523608.468765736,8,2,-7.130496715,-2.318778792,0.171118425
1734523608.468765736,8,3,1.723803037,-3.710907030,0.028414530
1734523608.468765736,8,4,-5.129463696,-9.009088315,-0.101115409
1734523608.468765736,8,5,-7.488903087,-0.373089723,-0.164725886
1734523608.468765736,8,6,-0.455347316,-6.978210057,0.049590621
1734523608.468765736,8,7,-6.122998640,-4.330593287,-0.069637915
1734523608.538765669,9,0,-7.219998609,2.022872415,0.172067637
1734523608.538765669,9,2,-7.272527023,-1.823312542,-0.189425643
1734523608.538765669,9,3,-4.734859622,5.816450155,0.003458022
1734523608.538765669,9,4,-6.918219730,2.093098235,0.008769781
1734523608.538765669,9,6,-6.345949618,6.684801507,-0.005718885
1734523608.538765669,9,7,-9.802516010,-4.144631323,-0.157450839
1734523608.598765850,0,1,4.895917739,0.170927046,-0.123040434
1734523608.598765850,0,2,-1.712214497,7.195167141,-0.162812001
1734523608.598765850,0,3,-0.518433705,-7.866875044,-0.152477475
1734523608.598765850,0,4,-5.271950129,-0.914817489,-0.049133944
1734523608.598765850,0,5,2.429357963,6.717219810,-0.018246351
1734523608.598765850,0,6,-3.095330949,-4.766922110,-0.091952720
1734523608.598765850,0,7,-5.233724182,5.612507793,-0.005709471
1734523608.598765850,0,8,3.354881544,-5.997942675,0.007786455
1734523608.598765850,0,9,-7.386556188,-1.282041773,0.212500762
1734523608.658765793,1,0,-5.734344749,-0.168612012,-0.223498434
1734523608.658765793,1,2,-7.033443922,7.504564170,-0.005678474
1734523608.658765793,1,3,-6.303464512,-7.807379192,-0.011675809
1734523608.658765793,1,4,-11.698121873,-0.899034662,-0.086227638
1734523608.658765793,1,5,-2.504988767,6.024788578,-0.042750386
1734523608.658765793,1,6,-9.105612335,-5.161248373,-0.031105917
1734523608.658765793,1,7,-6.455286839,3.817643700,-0.069773899
1734523608.658765793,1,8,-2.765764472,-6.492836419,0.013412807
1734523608.718765736,2,0,-7.319409163,-1.470976359,-0.170167997
1734523608.718765736,2,1,-7.292696171,-6.839314073,-0.046796212
1734523608.718765736,2,4,-7.699133810,4.510117580,-0.071202182
1734523608.718765736,2,5,-0.848038164,-4.175569931,-0.098071659
1734523608.718765736,2,6,-7.258568888,1.885249959,0.094922528
1734523608.718765736,2,7,-0.959111503,4.442813354,-0.052297362
1734523608.718765736,2,8,-7.130772281,-2.323277820,-0.066834476
1734523608.718765736,2,9,-4.563204788,5.951736576,0.063196462
1734523608.788765669,3,0,-7.890772537,1.448235820,-0.239656717
1734523608.788765669,3,1,-6.894778109,6.503027782,-0.080438643
1734523608.788765669,3,2,-7.495609262,0.256274732,-0.012847192
1734523608.788765669,3,4,-6.860593397,-3.980213793,0.067255842
1734523608.788765669,3,5,-7.158978630,2.235565080,-0.035689633
1734523608.788765669,3,6,-2.698022350,-3.294327060,0.078277813
1734523608.788765669,3,7,-7.245581505,-1.927364448,-0.191872181
1734523608.788765669,3,8,-1.251181197,3.667660845,-0.015749310
1734523608.788765669,3,9,-3.882776813,-6.416651411,-0.025077731
1734523608.848765850,4,0,-3.837332978,3.607284437,-0.217327048
1734523608.848765850,4,1,-7.215411690,7.577460530,0.034881227
1734523608.848765850,4,2,-9.529905407,-1.820231392,-0.048687953
1734523608.848765850,4,3,2.163901177,8.513725852,0.007420216
1734523608.848765850,4,5,-12.494517325,1.978573847,-0.070332037
1734523608.848765850,4,6,2.447402927,4.195019633,0.007225648
1734523608.848765850,4,7,-6.106090021,-4.509038267,0.115582124
1734523608.848765850,4,8,-1.453114065,8.955145620,0.029307360
1734523608.848765850,4,9,5.040590756,-4.555132349,-0.075098084
1734523608.908765793,5,0,-6.731692366,2.954035112,0.115751824
1734523608.908765793,5,1,-6.452080374,-2.643022037,-0.094579515
1734523608.908765793,5,2,0.564007121,4.302678104,-0.195094210
1734523608.908765793,5,3,-7.218029319,2.029562398,0.175867074
1734523608.908765793,5,4,-6.983228563,8.407631689,-0.057232770
1734523608.908765793,5,6,-6.487298184,3.763450542,0.037447111
1734523608.908765793,5,7,-0.079307395,6.722278228,0.143576514
1734523608.908765793,5,8,-7.499227591,-0.047988624,0.096346402
1734523608.978765726,6,0,-1.474132685,6.703996246,0.036484684
1734523608.978765726,6,1,1.993518789,11.322506358,0.002494190
1734523608.978765726,6,2,-4.462804410,6.027641622,0.030220535
1734523608.978765726,6,3,3.333816032,0.982975952,-0.034480692
1734523608.978765726,6,4,-4.769189033,1.766357242,-0.052922417
1734523608.978765726,6,5,-2.479234204,7.075667871,0.195759909
1734523608.978765726,6,7,-9.683175877,6.606405435,0.139861913
1734523608.978765726,6,8,5.548113987,5.046358020,-0.051979964
1734523608.978765726,6,9,-7.594137935,-4.143132523,-0.010499309
1734523609.038765669,7,0,-6.205554816,-5.029863318,-0.024795111
1734523609.038765669,7,2,1.096999351,-4.023990041,-0.059188917
1734523609.038765669,7,3,-7.145711161,-2.277457941,0.044691518
1734523609.038765669,7,4,-7.101177818,0.558455509,-0.004517973
1734523609.038765669,7,5,0.422507323,-7.160129152,0.053159117
1734523609.038765669,7,6,-11.433226282,-0.994508425,-0.065165499
1734523609.038765669,7,8,-6.221591598,-4.185691998,-0.147582127
1734523609.038765669,7,9,-7.955537271,7.718906482,0.035087973
1734523609.098765850,8,0,-5.855526232,-3.007024123,-0.027269225
1734523609.098765850,8,1,-6.144721965,2.571892074,0.003388267
1734523609.098765850,8,2,-7.076001807,-2.485840105,-0.028238302
1734523609.098765850,8,3,1.697803622,-3.626243643,-0.020564450
1734523609.098765850,8,4,-4.940177478,-8.766317641,-0.046445948
1734523609.098765850,8,5,-7.488684758,-0.387438513,0.139613742
1734523609.098765850,8,6,-0.363540538,-6.471436490,-0.004839036
1734523609.098765850,8,7,-6.147653933,-4.295718381,0.056166792
1734523609.158765793,9,0,-7.234711739,1.961709978,-0.246251928
1734523609.158765793,9,2,-7.276463532,-1.817138097,0.032978762
1734523609.158765793,9,3,-4.927447830,5.654044100,-0.045201720
1734523609.158765793,9,4,-6.750372078,1.896759070,-0.043925016
1734523609.158765793,9,6,-6.394388631,6.820377019,-0.066814476
1734523609.158765793,9,7,-10.903995274,-4.619669833,-0.069551452
1734523609.228765726,0,1,5.497860434,0.647540493,0.268147472
1734523609.228765726,0,2,-1.530828577,7.182375418,-0.106256314
1734523609.228765726,0,3,-0.545291032,-9.108687556,0.101309245
1734523609.228765726,0,4,-5.188347528,-0.855481422,0.013098252
1734523609.228765726,0,5,2.468944055,6.816344855,-0.185063556
1734523609.228765726,0,6,-3.404449631,-4.925906306,-0.073245280
1734523609.228765726,0,7,-5.466163843,5.976032343,-0.021314662
1734523609.228765726,0,8,3.195621582,-5.797260144,-0.015927073
1734523609.228765726,0,9,-7.391145055,-1.263739052,0.154720350
1734523609.288765669,1,0,-7.480723416,-0.489766741,-0.221146362
1734523609.288765669,1,2,-7.158281011,7.667023930,-0.032698664
1734523609.288765669,1,3,-6.218353380,-7.687834439,-0.014939197
1734523609.288765669,1,4,-10.453485957,-0.748831302,0.129566793
1734523609.288765669,1,5,-2.663140127,6.557359224,-0.001897073
1734523609.288765669,1,6,-8.759430004,-5.019030399,-0.005488207
1734523609.288765669,1,7,-6.596640839,3.568020842,0.059639897
1734523609.288765669,1,8,-2.543742660,-6.137898822,-0.039780813
1734523609.348765850,2,0,-7.654025003,-1.096993437,-0.074295886
1734523609.348765850,2,1,-7.456314052,-6.888086672,-0.031328355
1734523609.348765850,2,3,-7.497196041,-0.068898988,0.193143619
1734523609.348765850,2,4,-8.409491130,4.615375734,0.162917179
1734523609.348765850,2,5,-0.588270862,-3.972399173,0.219574564
1734523609.348765850,2,6,-7.304457740,1.695383679,-0.143427024
1734523609.348765850,2,7,-0.474160609,3.585517835,0.019042192
1734523609.348765850,2,8,-7.148458947,-2.269050066,-0.030764936
1734523609.348765850,2,9,-4.518389762,5.986114423,-0.024250149
1734523609.418765783,3,0,-7.697428138,1.454963524,0.105352606
1734523609.418765783,3,1,-7.195299488,6.833295684,-0.062716899
1734523609.418765783,3,2,-7.488981113,0.392896839,-0.103893992
1734523609.418765783,3,4,-6.862754095,-4.537661822,-0.084869075
1734523609.418765783,3,5,-7.100407523,2.415378905,-0.012559747
1734523609.418765783,3,6,-2.241126140,-3.193373905,-0.267100240
1734523609.418765783,3,7,-7.231280583,-1.985783324,0.123473554
1734523609.418765783,3,8,-1.436796617,4.107132542,-0.005779996
1734523609.418765783,3,9,-3.542031251,-6.610427208,0.079162796
1734523609.478765726,4,0,-4.479100187,3.765352074,0.021730463
1734523609.478765726,4,1,-7.203708560,7.501481567,0.211471767
1734523609.478765726,4,2,-8.872065637,-1.673584563,0.044415395
1734523609.478765726,4,3,2.058241532,7.945076558,-0.001854869
1734523609.478765726,4,5,-10.721951113,1.667554628,-0.047164492
1734523609.478765726,4,6,2.382375139,4.052303839,-0.006552892
1734523609.478765726,4,7,-5.431155840,-3.948348561,-0.220964807
1734523609.478765726,4,8,-1.524460274,10.032295112,-0.075148995
1734523609.478765726,4,9,5.670388490,-4.773633604,0.179393856
1734523609.538765669,5,0,-5.794508315,2.532806388,-0.131672579
1734523609.538765669,5,1,-5.953382958,-2.436784029,-0.026592331
1734523609.538765669,5,2,0.632266798,3.611249557,-0.101950279
1734523609.538765669,5,3,-7.237844163,1.959532296,-0.154418447
1734523609.538765669,5,4,-6.796393317,8.283467952,0.004617688
1734523609.538765669,5,6,-6.382567090,3.938578456,-0.020906565
1734523609.538765669,5,7,-0.221050485,7.238066644,0.215788795
1734523609.538765669,5,8,-7.499734021,-0.059139224,0.022184921
1734523609.608765841,6,0,-1.530328124,6.828353452,-0.038592219
1734523609.608765841,6,1,2.069044325,11.584725023,-0.002772476
1734523609.608765841,6,2,-4.765592055,5.790934028,0.064926499
1734523609.608765841,6,3,3.744263068,1.011208782,0.021501205
1734523609.608765841,6,4,-4.576330406,1.716514817,-0.041191568
1734523609.608765841,6,5,-2.682993899,7.002912797,0.103711587
1734523609.608765841,6,7,-9.866300978,6.671212782,0.202482967
1734523609.608765841,6,8,5.299727769,5.305859998,-0.103611072
1734523609.608765841,6,9,-8.118623410,-4.390337721,-0.023783122
1734523609.668765783,7,0,-6.347320623,-5.243730939,0.013685534
1734523609.668765783,7,1,-3.645642131,-6.553417368,-0.109609562
1734523609.668765783,7,2,0.931200964,-3.985467977,0.086582028
1734523609.668765783,7,3,-7.188943562,-2.137517912,-0.010375210
1734523609.668765783,7,4,-6.797650774,0.518203428,0.039334988
1734523609.668765783,7,5,-0.034465703,-7.699015706,-0.027387227
1734523609.668765783,7,6,-11.372335315,-1.081369229,0.033668382
1734523609.668765783,7,8,-6.214311213,-4.198728338,0.054922558
1734523609.668765783,7,9,-8.029452109,7.760163358,-0.086707944
1734523609.738765717,8,0,-5.837550776,-2.960182997,-0.015977200
1734523609.738765717,8,1,-5.845206875,2.416400109,0.021260866
1734523609.738765717,8,2,-7.091741444,-2.440665023,0.018908659
1734523609.738765717,8,3,1.728978581,-3.664538751,-0.001730577
1734523609.738765717,8,4,-3.636523686,-6.558072829,-0.131819007
1734523609.738765717,8,5,-7.489332688,-0.380288038,-0.123599752
1734523609.738765717,8,6,-0.469194975,-7.505771656,0.058987949
1734523609.738765717,8,7,-6.046609384,-4.437156627,0.012490937
1734523609.798765659,9,0,-7.189042520,2.125817838,0.220377309
1734523609.798765659,9,2,-7.246641813,-1.924587917,-0.179286864
1734523609.798765659,9,3,-4.876786235,5.697917160,0.026382903
1734523609.798765659,9,4,-6.734916559,1.866374288,-0.029889103
1734523609.798765659,9,6,-5.842089311,6.187981734,-0.075789342
1734523609.798765659,9,7,-10.229167343,-4.435221540,-0.128919699
1734523609.858765841,0,1,5.763701155,0.709614015,0.004117508
1734523609.858765841,0,2,-1.556278415,6.978722232,-0.262121755
1734523609.858765841,0,3,-0.446846332,-7.550194599,-0.104185043
1734523609.858765841,0,4,-5.716562255,-0.992905384,-0.016705170
1734523609.858765841,0,5,2.370737941,7.061238608,0.033077501
1734523609.858765841,0,6,-3.750047756,-5.925485710,0.042804964
1734523609.858765841,0,7,-5.815813162,6.343158793,0.016984698
1734523609.858765841,0,8,2.945299533,-5.354136422,0.000612408
1734523609.858765841,0,9,-7.362717502,-1.427773501,0.043055979
1734523609.928765774,1,0,-5.371501633,0.014255243,-0.035994767
1734523609.928765774,1,2,-6.673047435,7.147061363,0.014830123
1734523609.928765774,1,3,-6.178296407,-7.611799886,0.046602030
1734523609.928765774,1,4,-11.036411207,-0.759124810,-0.037550013
1734523609.928765774,1,5,-2.642161850,6.561651084,0.075836234
1734523609.928765774,1,6,-9.127265886,-5.064005955,0.169662205
1734523609.928765774,1,7,-6.435556926,3.850400196,-0.089584513
1734523609.928765774,1,8,-2.803093171,-6.593242231,0.013246228
1734523609.998765707,2,0,-7.155704772,-1.205387289,-0.200815230
1734523609.998765707,2,1,-7.345847859,-6.812745539,-0.011758867
1734523609.998765707,2,3,-7.496113735,-0.100595914,0.219452348
1734523609.998765707,2,4,-8.443486928,4.733877544,-0.267639456
1734523609.998765707,2,5,-0.804499291,-3.911872889,0.056572097
1734523609.998765707,2,6,-7.256615847,1.892922216,0.091498248
1734523609.998765707,2,7,-0.836360125,3.666162883,0.055875086
1734523609.998765707,2,8,-7.151089416,-2.260828508,0.023971163
1734523609.998765707,2,9,-4.655126275,5.877835638,-0.175634783
1734523610.058765650,3,0,-6.594967427,1.313583890,-0.270780812
1734523610.058765650,3,1,-7.489827974,7.081239192,0.050608090
1734523610.058765650,3,2,-7.494902932,0.257275599,0.101189463
1734523610.058765650,3,4,-6.392780181,-3.740845335,-0.154539254
1734523610.058765650,3,5,-7.167652151,2.204740414,0.117823399
1734523610.058765650,3,6,-1.785390375,-2.625639279,-0.051729053
1734523610.058765650,3,7,-7.314595253,-1.655250157,0.082723684
1734523610.058765650,3,8,-1.364794813,3.915099820,-0.004190676
1734523610.058765650,3,9,-3.613307083,-6.567726593,-0.242856583
1734523610.118765831,4,0,-4.158693196,3.939184566,0.089060205
1734523610.118765831,4,1,-7.630784311,8.109582991,-0.141891061
1734523610.118765831,4,2,-8.918717907,-1.765057204,-0.044715791
1734523610.118765831,4,3,2.136655873,7.954475871,0.061657441
1734523610.118765831,4,5,-10.898443884,1.692251733,0.089825735
1734523610.118765831,4,6,2.502343754,4.014246427,0.046972296
1734523610.118765831,4,7,-5.133582401,-3.777146548,0.001627972
1734523610.118765831,4,8,-1.445484108,9.974956769,0.019620718
1734523610.118765831,4,9,5.328510648,-4.606855010,0.179640781
1734523610.188765764,5,0,-6.718230159,2.694468526,-0.187613837
1734523610.188765764,5,1,-6.592723268,-2.682306666,-0.245341334
1734523610.188765764,5,2,0.523305183,3.964357027,-0.139953449
1734523610.188765764,5,3,-7.243703067,1.941065174,-0.105032671
1734523610.188765764,5,4,-5.901214721,7.177937941,0.064788500
1734523610.188765764,5,6,-6.594492316,3.572283394,-0.038241939
1734523610.188765764,5,7,-0.464810256,8.157314756,0.099972007
1734523610.188765764,5,8,-7.498465493,-0.031355155,-0.148432130
1734523610.248765707,6,0,-1.482059317,6.557081233,-0.005047443
1734523610.248765707,6,1,2.004434010,10.082807831,-0.035613408
1734523610.248765707,6,2,-4.435676027,6.046698774,0.110508463
1734523610.248765707,6,3,3.970296914,1.048010243,0.015708934
1734523610.248765707,6,4,-4.491069992,1.638406500,-0.020100115
1734523610.248765707,6,5,-2.579244123,7.041980347,-0.089512820
1734523610.248765707,6,7,-10.220182338,6.826461198,-0.133046510
1734523610.248765707,6,8,4.247640243,4.104635523,0.097328014
1734523610.248765707,6,9,-8.516059193,-4.563120584,-0.001854732
1734523610.308765650,7,0,-6.298831748,-5.114334997,0.057627248
1734523610.308765650,7,1,-3.895576410,-6.403328205,-0.268090153
1734523610.308765650,7,2,1.883269258,-7.219281230,-0.765032955
1734523610.308765650,7,3,-7.147740874,-2.268921345,-0.108610891
1734523610.308765650,7,4,-6.844808914,0.599282983,0.012494302
1734523610.308765650,7,5,0.239407889,-8.559685018,0.015177306
1734523610.308765650,7,6,-11.845116782,-1.103438257,-0.085906723
1734523610.308765650,7,8,-6.405453007,-3.901296487,-0.007582378
1734523610.308765650,7,9,-7.620819015,7.459110835,-0.024961321
1734523610.368765831,8,0,-5.745887630,-2.823014508,-0.006983294
1734523610.368765831,8,1,-6.075064342,2.554618141,-0.044798197
1734523610.368765831,8,2,-7.039709959,-2.585863529,-0.076115091
1734523610.368765831,8,3,1.768409373,-3.732493545,0.026948143
1734523610.368765831,8,4,-5.121546852,-9.158456707,0.039387563
1734523610.368765831,8,5,-7.494064752,-0.297202974,0.025766025
1734523610.368765831,8,6,-0.467938954,-7.037253920,0.018695062
1734523610.368765831,8,7,-6.292961891,-4.080205319,-0.023562464
1734523610.428765774,9,0,-7.176061566,2.165006273,-0.258627590
1734523610.428765774,9,2,-7.254883735,-1.879479992,-0.290201575
1734523610.428765774,9,3,-4.760393165,5.795565201,-0.008995761
1734523610.428765774,9,4,-7.111239479,1.786544773,-0.006965059
1734523610.428765774,9,6,-6.381653798,6.733837872,-0.076002546
1734523610.428765774,9,7,-10.224325288,-4.408015663,-0.088236453
1734523610.488765717,0,1,5.792647718,0.453227330,-0.081255302
1734523610.488765717,0,2,-1.809081797,7.367796326,-0.127778605
1734523610.488765717,0,3,-0.313438495,-6.541057207,-0.062391256
1734523610.488765717,0,4,-5.751577195,-0.946969340,-0.044168297
1734523610.488765717,0,5,2.154913211,6.278443610,0.009874998
1734523610.488765717,0,6,-3.422662856,-5.350971319,-0.068884815
1734523610.488765717,0,7,-5.580945071,5.977184857,-0.029864639
1734523610.488765717,0,8,3.006607462,-5.616304759,-0.024373006
1734523610.548765659,1,0,-5.776931767,-0.051903830,0.141050742
1734523610.548765659,1,2,-6.970618788,7.386467652,-0.023802914
1734523610.548765659,1,3,-6.858978144,-8.299035699,-0.077007002
1734523610.548765659,1,4,-11.371065454,-0.806206383,-0.044992667
1734523610.548765659,1,5,-2.663809444,6.538514878,-0.072845522
1734523610.548765659,1,6,-8.781558004,-4.937595097,0.104911961
1734523610.548765659,1,7,-6.509502831,3.720140731,-0.192160947
1734523610.548765659,1,8,-2.553334469,-6.039247958,-0.003225030
1734523610.608765841,2,0,-7.396132608,-1.235590987,0.143308594
1734523610.608765841,2,1,-6.703717653,-6.185584163,-0.094690867
1734523610.608765841,2,3,-7.498239038,-0.039756429,0.157577753
1734523610.608765841,2,4,-7.280452341,4.185213549,0.168278229
1734523610.608765841,2,5,-0.440273890,-4.555904651,-0.001131197
1734523610.608765841,2,7,-1.032816005,3.938814746,0.097771094
1734523610.608765841,2,8,-7.153102450,-2.241088600,-0.246266584
1734523610.608765841,2,9,-4.381004461,6.087386455,0.022936066
1734523610.678765774,3,0,-7.691711368,1.483646042,0.133737406
1734523610.678765774,3,1,-7.355309159,6.872342701,-0.014239055
1734523610.678765774,3,2,-7.495990749,0.212374513,0.122555148
1734523610.678765774,3,4,-7.162403088,-4.441736258,0.058787545
1734523610.678765774,3,5,-7.153542959,2.250387669,-0.112153799
1734523610.678765774,3,6,-4.824436411,-5.730961451,-0.361792979
1734523610.678765774,3,7,-7.228725554,-1.998684584,-0.028049887
1734523610.678765774,3,8,-1.354958352,3.927581781,0.013223064
1734523610.678765774,3,9,-3.544466709,-6.609592995,-0.006015518
1734523610.738765717,4,0,-3.808860274,3.404656959,-0.124092412
1734523610.738765717,4,1,-5.021260732,5.569550890,0.130550918
1734523610.738765717,4,2,-7.384749083,-1.291351544,-0.218842806
1734523610.738765717,4,3,2.241926049,8.202871723,0.049045604
1734523610.738765717,4,5,-10.701368253,1.557717564,-0.019616885
1734523610.738765717,4,6,2.283183867,3.839560855,0.066777282
1734523610.738765717,4,7,-6.034796819,-4.320762672,0.109071411
1734523610.738765717,4,8,-1.430557877,9.668677106,0.020741501
1734523610.738765717,4,9,6.137220875,-5.320762270,0.120483643
1734523610.808765650,5,0,-6.645401095,2.593532641,-0.169741816
1734523610.808765650,5,1,-6.545400716,-2.734135297,-0.114825866
1734523610.808765650,5,2,0.749127740,4.394348552,-0.013598337
1734523610.808765650,5,3,-7.277684204,1.811946272,-0.046511664
1734523610.808765650,5,4,-6.284807499,7.353289334,0.115459733
1734523610.808765650,5,6,-6.508830034,3.723500736,-0.143784067
1734523610.808765650,5,7,-0.137376058,8.437381056,-0.183709640
1734523610.808765650,5,8,-7.494844150,0.060252742,-0.271442016
1734523610.868765831,6,0,-1.479438647,6.652842495,-0.000277207
1734523610.868765831,6,1,1.883918839,10.608801358,-0.019265372
1734523610.868765831,6,2,-4.713306047,5.831503824,0.168253557
1734523610.868765831,6,3,4.013657409,0.982016995,0.064469166
1734523610.868765831,6,4,-4.542163235,1.631582861,0.018124507
1734523610.868765831,6,5,-2.845478823,6.939082605,-0.048814646
1734523610.868765831,6,7,-8.957003826,6.137498826,-0.012813261
1734523610.868765831,6,8,4.597893239,4.815525029,-0.135805020
1734523610.868765831,6,9,-7.914246963,-4.662258928,0.064871635
1734523610.928765774,7,0,-6.511025576,-5.348341714,-0.031178835
1734523610.928765774,7,1,-3.838960299,-6.440835174,-0.167409924
1734523610.928765774,7,2,2.001539859,-7.226827262,0.129637659
1734523610.928765774,7,3,-7.231745912,-1.984998487,-0.107852098
1734523610.928765774,7,4,-6.765047426,0.512462307,-0.041406788
1734523610.928765774,7,5,0.029484391,-7.923156750,0.182850560
1734523610.928765774,7,6,-11.923472980,-1.034852282,-0.088986998
1734523610.928765774,7,8,-6.340203333,-4.004430186,-0.127908505
1734523610.928765774,7,9,-8.030780928,7.852955539,-0.105726138
1734523610.988765717,8,0,-5.778422391,-2.855733149,-0.077930415
1734523610.988765717,8,1,-6.144309118,2.617253533,-0.001775469
1734523610.988765717,8,2,-7.088925673,-2.444763780,-0.142347708
1734523610.988765717,8,3,1.564276150,-3.284760300,-0.202865759
1734523610.988765717,8,4,-5.418326155,-9.037411907,-0.040473785
1734523610.988765717,8,5,-7.494179100,-0.280136963,0.093823791
1734523610.988765717,8,6,-0.489046544,-7.356999765,-0.027792241
1734523610.988765717,8,7,-6.221201342,-4.187872295,-0.091539635
1734523611.058765650,9,0,-7.241747021,1.943864711,-0.168790033
1734523611.058765650,9,2,-7.258146553,-1.889188301,0.016618566
1734523611.058765650,9,3,-4.796696840,5.765064113,0.075731081
1734523611.058765650,9,4,-6.389253155,1.905468355,-0.029776270
1734523611.058765650,9,6,-6.382074655,6.620122504,-0.012247770
1734523611.058765650,9,7,-10.194139155,-4.351518693,-0.139057642
1734523611.118765831,0,1,5.326896428,0.229954332,-0.122721518
1734523611.118765831,0,2,-1.749227694,7.143862221,0.116085778
1734523611.118765831,0,3,-0.343814579,-7.620715824,-0.078008436
1734523611.118765831,0,4,-5.726882785,-0.953600795,-0.010320956
1734523611.118765831,0,5,2.285977786,6.914818481,-0.032569119
1734523611.118765831,0,6,-4.224685516,-6.080118988,-0.093224086
1734523611.118765831,0,7,-5.825056283,6.309945716,-0.054716007
1734523611.118765831,0,8,3.225574308,-6.018755890,-0.005508758
1734523611.118765831,0,9,-7.367568407,-1.398208640,0.118103227
1734523611.178765774,1,0,-5.766185162,-0.056656589,0.223244061
1734523611.178765774,1,2,-6.828732941,7.266954262,-0.032896381
1734523611.178765774,1,3,-6.714043901,-8.095443672,-0.179488048
1734523611.178765774,1,4,-11.118799579,-0.832936584,0.005568310
1734523611.178765774,1,5,-2.886915341,6.964360002,-0.028215425
1734523611.178765774,1,6,-8.710686889,-5.178319427,0.040106320
1734523611.178765774,1,7,-6.483446479,3.770190227,0.024236500
1734523611.178765774,1,8,-2.661970986,-6.294714244,-0.031349337
1734523611.238765717,2,0,-6.958384509,-1.078032287,0.023621646
1734523611.238765717,2,1,-7.634716605,-7.217982131,-0.147655685
1734523611.238765717,2,4,-8.013518437,4.502284762,-0.242977413
1734523611.238765717,2,5,-0.828375699,-4.226405377,0.097055458
1734523611.238765717,2,6,-7.308090033,1.684482531,0.065868591
1734523611.238765717,2,7,-0.981147550,3.911194172,-0.140931494
1734523611.238765717,2,8,-7.200522372,-2.094088218,-0.131423412
1734523611.238765717,2,9,-4.638892715,5.892578652,-0.090505298
1734523611.298765659,3,0,-7.353472423,1.561284509,0.135962288
1734523611.298765659,3,1,-6.447037628,6.250044924,-0.033692407
1734523611.298765659,3,4,-7.613733776,-4.753512180,-0.064186333
1734523611.298765659,3,5,-7.178269165,2.171854934,-0.074148100
1734523611.298765659,3,6,-4.960295680,-5.578983898,0.721391317
1734523611.298765659,3,7,-7.226874357,-2.002979527,0.101784295
1734523611.298765659,3,8,-1.584453396,3.865316003,-0.011769006
1734523611.298765659,3,9,-3.638790758,-6.557844938,-0.062222084
1734523611.358765841,4,0,-3.917718589,3.788320286,0.211655417
1734523611.358765841,4,1,-7.715890237,8.048093051,0.042575908
1734523611.358765841,4,2,-8.762841056,-1.783163196,-0.020576170
1734523611.358765841,4,3,2.078961681,7.654723021,-0.006869440
1734523611.358765841,4,5,-9.462058533,1.350663035,0.090888358
1734523611.358765841,4,6,3.059529426,5.028977400,-0.041509099
1734523611.358765841,4,7,-5.860105521,-4.678454312,-0.145700120
1734523611.358765841,4,8,-1.658082113,11.130556664,0.006981422
1734523611.358765841,4,9,4.616687396,-4.296172545,0.078498545
1734523611.428765774,5,0,-7.083372511,2.710294925,-0.057362260
1734523611.428765774,5,1,-6.745934947,-2.778297753,-0.032251289
1734523611.428765774,5,2,0.780093504,3.947725128,0.232965214
1734523611.428765774,5,3,-7.222286766,2.019980258,0.090849462
1734523611.428765774,5,4,-7.467140072,8.788662694,-0.071377954
1734523611.428765774,5,6,-6.603337077,3.552561967,-0.158880214
1734523611.428765774,5,7,-0.215966748,7.634780859,-0.006422230
1734523611.428765774,5,8,-7.497600397,0.090402472,-0.166780356
1734523611.488765717,6,0,-1.631715643,7.296519655,-0.048696769
1734523611.488765717,6,1,1.694607264,10.098465016,-0.146895881
1734523611.488765717,6,2,-4.687069762,5.854982006,0.023722614
1734523611.488765717,6,3,3.235058843,0.711044705,-0.025260542
1734523611.488765717,6,4,-4.355444913,1.548474830,-0.018761401
1734523611.488765717,6,5,-2.607487560,7.032088932,0.027090132
1734523611.488765717,6,7,-9.993309757,6.586597613,-0.009698425
1734523611.488765717,6,8,4.568587085,4.578592359,0.127931028
1734523611.488765717,6,9,-8.027697353,-4.392997596,-0.062518936
1734523611.548765659,7,0,-6.508700820,-5.245193602,0.032062479
1734523611.548765659,7,1,-3.679211856,-6.532052576,-0.213750474
1734523611.548765659,7,2,1.030515603,-4.219167079,-0.016463042
1734523611.548765659,7,3,-7.218826183,-2.029630247,-0.138382057
1734523611.548765659,7,4,-7.326502127,0.635198882,-0.058353442
1734523611.548765659,7,5,0.537173732,-7.480144002,0.094287261
1734523611.548765659,7,6,-11.912546803,-1.044819248,-0.023624077
1734523611.548765659,7,8,-6.226803632,-4.180533864,0.007289297
1734523611.548765659,7,9,-8.018017664,7.804599100,0.094306861
1734523611.618765831,8,0,-5.826089950,-3.072695390,-0.081335543
1734523611.618765831,8,1,-6.391793952,2.711310485,-0.003770305
1734523611.618765831,8,2,-7.108350810,-2.391833046,0.021987321
1734523611.618765831,8,3,1.781846173,-3.700865047,0.003190394
1734523611.618765831,8,4,-4.842553957,-8.291659075,-0.215941460
1734523611.618765831,8,5,-7.494215310,-0.275097970,0.105156975
1734523611.618765831,8,6,-0.465320763,-6.767738980,0.032540017
1734523611.618765831,8,7,-6.120695348,-4.330689601,0.179488270
1734523611.678765774,9,0,-7.196371672,2.090542382,-0.303096194
1734523611.678765774,9,2,-7.288209280,-1.761507905,-0.170573724
1734523611.678765774,9,4,-6.857766225,1.828841443,-0.059255854
1734523611.678765774,9,6,-6.800106645,7.063976034,-0.050044082
1734523611.678765774,9,7,-10.839204460,-4.565493747,-0.068167326
1734523611.748765707,0,1,7.457255464,0.789405188,-0.127202170
1734523611.748765707,0,2,-1.925962744,7.237844387,0.392780018
1734523611.748765707,0,3,-0.361304115,-7.775690543,0.100722698
1734523611.748765707,0,4,-5.828135695,-0.987795219,-0.040757491
1734523611.748765707,0,5,2.261859000,6.811483288,-0.029086082
1734523611.748765707,0,6,-3.112262298,-4.780908727,0.079329050
1734523611.748765707,0,7,-5.457521595,5.998681434,-0.055384254
1734523611.748765707,0,8,3.163883410,-6.031280731,-0.020033305
1734523611.748765707,0,9,-7.367110427,-1.401312258,0.109580590
1734523611.808765650,1,0,-7.497798113,-0.012845931,-0.181268970
1734523611.808765650,1,2,-6.784501168,7.402939730,-0.004624388
1734523611.808765650,1,3,-6.275928935,-7.756552610,0.005848836
1734523611.808765650,1,4,-13.186028054,-0.956802255,-0.127915940
1734523611.808765650,1,5,-2.617055689,6.356769389,-0.023454462
1734523611.808765650,1,6,-9.109974191,-5.284555980,-0.226675255
1734523611.808765650,1,7,-6.523014660,3.700661906,-0.073356741
1734523611.808765650,1,8,-2.968134286,-6.873837694,-0.007874441
1734523611.868765831,2,0,-7.232284823,-1.277518591,-0.113448000
1734523611.868765831,2,1,-7.078374658,-6.583281905,-0.099600772
1734523611.868765831,2,4,-7.893732625,4.520186196,0.028618397
1734523611.868765831,2,5,-0.375803340,-3.666431585,0.179947714
1734523611.868765831,2,6,-7.313987136,1.659194992,-0.051615448
1734523611.868765831,2,7,-0.774297008,4.382337271,0.056270508
1734523611.868765831,2,8,-7.204926520,-2.063704120,-0.283123897
1734523611.868765831,2,9,-4.435367391,6.047545989,-0.068582881
1734523611.928765774,3,0,-7.339371837,1.452600483,-0.147272087
1734523611.928765774,3,1,-7.488209111,7.073667243,-0.039435401
1734523611.928765774,3,4,-7.202365481,-4.198681111,-0.076039263
1734523611.928765774,3,5,-7.119279680,2.355711282,-0.128379098
1734523611.928765774,3,6,-2.141789958,-2.869180372,-0.231097400
1734523611.928765774,3,7,-7.272760736,-1.828315874,0.119215528
1734523611.928765774,3,8,-1.383788128,3.802328545,-0.047070097
1734523611.928765774,3,9,-3.531436187,-6.616122446,-0.076695687
1734523611.998765707,4,0,-4.328940296,4.017593179,0.299535247
1734523611.998765707,4,1,-7.715459594,7.901386788,-0.178663839
1734523611.998765707,4,2,-8.959299312,-1.710708510,0.022583223
1734523611.998765707,4,3,2.242175043,7.960778448,-0.029115048
1734523611.998765707,4,5,-11.010914429,1.553042881,-0.051917992
1734523611.998765707,4,6,2.405617479,4.249499098,-0.208430548
1734523611.998765707,4,7,-5.407373263,-3.897950333,0.174925952
1734523611.998765707,4,8,-1.468901409,10.398395186,-0.033967422
1734523611.998765707,4,9,5.484387475,-4.576481728,-0.097347054
1734523612.058765650,5,0,-7.475979968,2.990321300,0.101150498
1734523612.058765650,5,1,-6.773655166,-2.961510548,-0.123042309
1734523612.058765650,5,2,0.739660821,3.627177090,0.142305924
1734523612.058765650,5,3,-7.263680152,1.867869174,0.003924302
1734523612.058765650,5,4,-7.907804405,9.044067632,-0.104129192
1734523612.058765650,5,7,-0.181883164,7.491433458,-0.308777038
1734523612.058765650,5,8,-7.497842620,-0.112609990,0.140267718
1734523612.128765821,6,0,-1.462459343,6.602593132,-0.014353535
1734523612.128765821,6,1,1.927080123,11.226648984,0.043932783
1734523612.128765821,6,2,-4.688525308,5.852819701,0.110598281
1734523612.128765821,6,3,3.836577929,0.896316847,0.011289663
1734523612.128765821,6,4,-4.588974554,1.655695481,-0.041267784
1734523612.128765821,6,5,-2.797962665,6.956487742,-0.169361193
1734523612.128765821,6,7,-10.804304652,6.941862957,0.165842358
1734523612.128765821,6,8,4.116646222,3.983444522,0.138651247
1734523612.128765821,6,9,-8.653418674,-4.803549822,0.007733074
1734523612.188765764,7,0,-6.875578353,-5.659693289,-0.000937042
1734523612.188765764,7,1,-3.889011572,-6.412822514,0.036005528
1734523612.188765764,7,2,1.049828251,-3.968064045,0.118055457
1734523612.188765764,7,3,-7.157121082,-2.238896810,-0.113837154
1734523612.188765764,7,4,-7.045697164,0.579181786,-0.023639296
1734523612.188765764,7,5,0.255806844,-7.019766111,-0.013698439
1734523612.188765764,7,6,-11.732602305,-1.081604823,0.023994360
1734523612.188765764,7,8,-6.417263397,-3.880985960,-0.081721893
1734523612.188765764,7,9,-8.067861448,7.892660589,0.216215458
1734523612.248765707,8,0,-6.754658287,-3.309628892,0.150478192
1734523612.248765707,8,1,-6.211693691,2.663821270,-0.065606351
1734523612.248765707,8,2,-7.152029911,-2.256037535,0.093609765
1734523612.248765707,8,3,1.766373378,-3.610658486,-0.025309517
1734523612.248765707,8,4,-4.980416503,-8.398373624,-0.237750539
1734523612.248765707,8,5,-7.492765229,-0.328458713,-0.024168204
1734523612.248765707,8,6,-0.440418429,-6.506211523,-0.031900154
1734523612.248765707,8,7,-6.130694996,-4.318024104,-0.138732477
1734523612.308765650,9,0,-7.190850021,2.130955187,0.026570063
1734523612.308765650,9,2,-7.253558915,-1.906708441,0.018600881
1734523612.308765650,9,3,-4.867465035,5.703586800,0.163956532
1734523612.308765650,9,4,-7.432689885,2.045712950,-0.068328218
1734523612.308765650,9,6,-6.656185562,6.836518961,-0.122465489
1734523612.308765650,9,7,-10.516860729,-4.435095557,-0.087393702
1734523612.368765831,0,1,5.385371911,0.386609098,0.144903090
1734523612.368765831,0,2,-1.792281858,6.850483992,-0.185813769
1734523612.368765831,0,3,-0.536453827,-6.814813680,0.061285929
1734523612.368765831,0,4,-5.500500321,-0.903987503,-0.027104728
1734523612.368765831,0,5,2.176032775,6.524466403,-0.051592350
1734523612.368765831,0,6,-3.936934458,-6.106298051,-0.218352585
1734523612.368765831,0,7,-6.320719436,7.052691961,-0.186083811
1734523612.368765831,0,8,3.363171405,-6.452906472,-0.194964891
1734523612.368765831,0,9,-7.358367779,-1.450628026,0.010097377
1734523612.438765764,1,0,-7.489736453,0.009816626,-0.392111595
1734523612.438765764,1,2,-6.417217320,6.911088992,-0.041300243
1734523612.438765764,1,3,-6.830267528,-8.282788692,-0.014421567
1734523612.438765764,1,4,-11.513664986,-0.879185917,-0.009686882
1734523612.438765764,1,5,-3.009220246,7.200881352,0.040519581
1734523612.438765764,1,6,-6.375790943,-3.949593220,0.001801368
1734523612.438765764,1,7,-6.456187088,3.814814591,0.121811022
1734523612.438765764,1,8,-2.663785488,-6.127100061,0.015887149
1734523612.498765707,2,0,-7.039822903,-1.292084792,-0.154217757
1734523612.498765707,2,1,-7.687053810,-7.244730388,-0.041362226
1734523612.498765707,2,4,-8.712045906,4.944430959,-0.047285709
1734523612.498765707,2,5,-0.568123585,-3.776229877,0.004613313
1734523612.498765707,2,6,-7.351573059,1.478255528,0.138326272
1734523612.498765707,2,7,-0.758882623,4.341675967,-0.012922418
1734523612.498765707,2,8,-7.151429749,-2.252702200,-0.179959300
1734523612.558765650,3,0,-7.350828304,1.462230535,-0.277858082
1734523612.558765650,3,1,-7.554181668,7.027348358,-0.008950376
1734523612.558765650,3,4,-6.126876538,-3.832477451,-0.132225920
1734523612.558765650,3,5,-7.156969372,2.234596225,-0.185389088
1734523612.558765650,3,6,-2.437178647,-2.994048322,-0.209215522
1734523612.558765650,3,7,-7.286411615,-1.768280409,-0.177172701
1734523612.558765650,3,8,-1.479328767,4.085809688,-0.030969651
1734523612.618765831,4,0,-4.889284888,4.475031463,0.037616705
1734523612.618765831,4,1,-8.366696642,8.697283712,-0.116060115
1734523612.618765831,4,2,-8.102663467,-1.690582844,0.002930569
1734523612.618765831,4,3,2.197180421,8.099243556,-0.060164191
1734523612.618765831,4,5,-12.390794591,1.609769430,-0.105237146
1734523612.618765831,4,6,1.954049088,3.968029162,0.152492352
1734523612.618765831,4,7,-5.612513352,-4.114793111,0.130771743
1734523612.618765831,4,8,-1.384286117,9.998539385,0.013246984
1734523612.618765831,4,9,5.437813318,-4.755023258,0.051167397
1734523612.688765764,5,0,-6.707328422,2.603851843,-0.118271292
1734523612.688765764,5,1,-6.641825260,-2.850513897,-0.056194272
1734523612.688765764,5,2,0.533036425,4.028208365,0.123914826
1734523612.688765764,5,3,-7.265574929,1.859436401,0.062587698
1734523612.688765764,5,4,-8.212647009,9.319943604,-0.065905730
1734523612.688765764,5,6,-6.493906130,3.751595484,0.068662222
1734523612.688765764,5,7,0.046709410,8.204918730,-0.058744068
1734523612.688765764,5,8,-7.498836714,0.015522718,0.131175377
1734523612.748765707,6,0,-1.514999528,6.841794575,0.024590889
1734523612.748765707,6,1,1.897160664,10.571065266,0.088860973
1734523612.748765707,6,2,-4.579768552,5.938911348,-0.071077548
1734523612.748765707,6,3,3.725594982,0.826988770,0.014042939
1734523612.748765707,6,4,-4.810103024,1.714007027,-0.010250635
1734523612.748765707,6,5,-2.742401298,6.978900861,-0.155492436
1734523612.748765707,6,7,-10.746828518,7.279080421,-0.163261993
1734523612.748765707,6,8,5.335192785,5.221845685,-0.144093377
1734523612.748765707,6,9,-9.017581164,-5.037443661,0.045377496
1734523612.818765879,7,0,-6.042511357,-4.932931780,-0.031717829
1734523612.818765879,7,2,1.199822931,-4.222757654,-0.247177101
1734523612.818765879,7,3,-7.209256597,-2.067998543,-0.001158503
1734523612.818765879,7,4,-6.936006620,0.534392597,0.001826926
1734523612.818765879,7,5,0.459918735,-7.894598466,0.095725880
1734523612.818765879,7,6,-12.114297546,-1.178542852,-0.011716902
1734523612.818765879,7,8,-6.257987471,-4.130694441,0.157975464
1734523612.818765879,7,9,-8.888999347,8.660593605,-0.112735844
1734523612.878765821,8,0,-6.316495946,-3.022372653,-0.063773590
1734523612.878765821,8,1,-6.013268281,2.646122426,-0.029733444
1734523612.878765821,8,2,-7.139599211,-2.289566171,0.184417627
1734523612.878765821,8,3,1.828998038,-3.664987831,-0.015934997
1734523612.878765821,8,4,-5.573652531,-9.115310400,-0.115772986
1734523612.878765821,8,5,-7.497848331,0.043853686,-0.174204645
1734523612.878765821,8,6,-0.499556817,-6.587246029,0.174300746
1734523612.878765821,8,7,-6.184066426,-4.243496558,0.007707653
1734523612.948765755,9,0,-7.170818221,2.197392159,0.028874532
1734523612.948765755,9,2,-7.237149820,-1.960662439,-0.171654563
1734523612.948765755,9,3,-4.798258736,5.764210615,0.024271034
1734523612.948765755,9,4,-7.110635916,1.968522433,-0.028028436
1734523612.948765755,9,6,-6.777240454,6.952344221,-0.020699209
1734523612.948765755,9,7,-10.614605466,-4.554037971,-0.103739189
1734523613.008765697,0,1,5.428985568,0.252153764,-0.076157472
1734523613.008765697,0,2,-1.478274443,7.350622420,-0.181809543
1734523613.008765697,0,3,-0.467737317,-7.316821353,-0.117880611
1734523613.008765697,0,4,-5.673001614,-0.919251010,0.026613116
1734523613.008765697,0,5,2.268992196,6.941500585,0.051997985
1734523613.008765697,0,6,-3.574398798,-5.129430741,0.169739303
1734523613.008765697,0,7,-5.987651334,6.503096627,0.011579681
1734523613.008765697,0,8,2.834006302,-5.448969594,-0.018601941
1734523613.008765697,0,9,-7.353354248,-1.464527580,0.182593190
1734523613.068765879,1,0,-5.879149340,-0.298030858,-0.188166646
1734523613.068765879,1,2,-7.283923604,7.759117691,-0.062321527
1734523613.068765879,1,3,-6.048444016,-7.582373058,-0.044537206
1734523613.068765879,1,4,-10.934159015,-0.843402132,0.071269311
1734523613.068765879,1,5,-2.797376539,6.605145413,0.012404549
1734523613.068765879,1,6,-9.949696073,-5.659202990,-0.065019396
1734523613.068765879,1,7,-6.435153134,3.848943529,-0.156326132
1734523613.068765879,1,8,-2.784366015,-6.385332350,-0.016241109
1734523613.138765812,2,0,-7.820860207,-1.347639859,-0.125409687
1734523613.138765812,2,1,-7.278211314,-6.712324829,-0.034319663
1734523613.138765812,2,4,-6.447832165,3.827124408,0.169053666
1734523613.138765812,2,5,-0.449977870,-4.289406864,0.002209079
1734523613.138765812,2,6,-7.349611363,1.477253059,-0.225690510
1734523613.138765812,2,7,-0.821808226,3.682341139,0.186654977
1734523613.138765812,2,8,-7.247570876,-1.927114056,0.094592893
1734523613.198765755,3,0,-7.406407629,1.180113236,0.049586091
1734523613.198765755,3,1,-7.585534478,7.157536163,-0.121134977
1734523613.198765755,3,4,-7.288876153,-4.476206813,-0.067724275
1734523613.198765755,3,6,-2.555860894,-3.183474809,-0.133837199
1734523613.198765755,3,7,-7.302562935,-1.709313147,-0.028690620
1734523613.198765755,3,8,-1.501558697,3.639725468,0.095343442
1734523613.198765755,3,9,-3.411267735,-6.677737156,-0.145185804
1734523613.258765697,4,0,-4.818008354,4.414492640,-0.047611360
1734523613.258765697,4,1,-6.984091566,7.208361474,0.019315576
1734523613.258765697,4,2,-9.305627362,-1.954530380,0.044838098
1734523613.258765697,4,3,2.331460732,8.365046629,-0.034485420
1734523613.258765697,4,5,-11.057240136,1.634011545,0.047933282
1734523613.258765697,4,6,2.465453951,4.307067909,-0.138343409
1734523613.258765697,4,7,-6.522292992,-4.682370884,0.000046625
1734523613.258765697,4,8,-1.385599106,9.950019583,0.090463911
1734523613.258765697,4,9,6.015504504,-5.145313340,0.197931054
1734523613.328765869,5,0,-6.907886405,2.525892445,-0.050930654
1734523613.328765869,5,1,-6.952511184,-3.027248614,-0.062918450
1734523613.328765869,5,2,0.481279455,3.675221325,0.105256901
1734523613.328765869,5,4,-7.632666725,8.698349828,0.191180902
1734523613.328765869,5,6,-6.460347588,3.809175474,-0.063962836
1734523613.328765869,5,7,-0.197039382,8.214815127,-0.122035641
1734523613.328765869,5,8,-7.495816988,-0.057073280,-0.243865383
1734523613.388765812,6,0,-1.399335260,6.028875804,-0.062203421
1734523613.388765812,6,1,1.995964713,11.157572299,0.068248113
1734523613.388765812,6,2,-4.611087889,5.912265530,-0.181617135
1734523613.388765812,6,3,3.725008495,0.818333847,0.014991249
1734523613.388765812,6,4,-4.785270259,1.654610990,-0.048758506
1734523613.388765812,6,5,-2.654298846,7.013454667,0.127087659
1734523613.388765812,6,7,-9.834642964,6.251298416,0.026132184
1734523613.388765812,6,8,5.518084648,5.433444159,0.036596223
1734523613.388765812,6,9,-8.658018225,-4.873927171,0.033722627
1734523613.458765745,7,0,-6.385584706,-5.197452192,-0.053005416
1734523613.458765745,7,1,-3.695059652,-6.526593041,0.010837317
1734523613.458765745,7,2,1.194657108,-4.687675427,-0.157494983
1734523613.458765745,7,3,-7.211144464,-2.054451341,0.169189836
1734523613.458765745,7,4,-6.179970420,0.476176058,0.050944787
1734523613.458765745,7,5,0.464886894,-7.802885186,-0.002295538
1734523613.458765745,7,6,-12.015601094,-1.181554924,0.002149063
1734523613.458765745,7,8,-6.419675947,-3.877810438,-0.018626337
1734523613.458765745,7,9,-7.984073742,7.625062443,-0.063039414
1734523613.518765688,8,0,-5.904188196,-2.766003246,-0.013486742
1734523613.518765688,8,1,-5.911679849,2.548128122,0.004278929
1734523613.518765688,8,2,-7.132220638,-2.317161861,-0.110406879
1734523613.518765688,8,3,1.474734918,-3.407924813,0.106309877
1734523613.518765688,8,4,-5.239045005,-8.280262286,-0.022694005
1734523613.518765688,8,6,-0.579110017,-7.104893365,0.025339825
1734523613.518765688,8,7,-6.288048718,-4.087816676,0.014076244
1734523613.578765869,9,0,-7.203581614,2.079246674,0.187470536
1734523613.578765869,9,3,-4.689322392,5.852470029,0.094074801
1734523613.578765869,9,4,-6.618046898,1.798696098,-0.101633674
1734523613.578765869,9,6,-6.537992846,6.574245363,-0.006289772
1734523613.578765869,9,7,-10.355185702,-4.362485693,-0.136568212
1734523613.648765802,0,1,5.282751140,0.505020482,0.061173928
1734523613.648765802,0,2,-2.090972774,8.190480355,-0.043830184
1734523613.648765802,0,3,-0.337416389,-7.484171441,0.351180905
1734523613.648765802,0,4,-5.861649468,-0.965271863,-0.006518667
1734523613.648765802,0,5,2.234843792,6.887404430,0.035703923
1734523613.648765802,0,6,-4.240678441,-6.179368702,-0.286441625
1734523613.648765802,0,7,-5.894285427,6.369890274,-0.077862435
1734523613.648765802,0,8,3.234919245,-6.462164026,-0.001293749
1734523613.648765802,0,9,-7.384239633,-1.306876630,0.122794637
1734523613.708765745,1,0,-7.474312331,-0.506343694,0.358149756
1734523613.708765745,1,2,-7.071404668,7.619610051,-0.126209237
1734523613.708765745,1,3,-6.612115040,-8.060622800,-0.005410896
1734523613.708765745,1,4,-10.876309344,-0.791494971,0.013620204
1734523613.708765745,1,5,-3.101013027,7.288874212,-0.019621154
1734523613.708765745,1,6,-9.734696501,-5.501175972,0.025417673
1734523613.708765745,1,7,-6.340130339,4.003996739,-0.144074269
1734523613.708765745,1,8,-2.738434541,-6.264552669,0.005995557
1734523613.768765688,2,0,-7.374023905,-1.551142645,0.106546915
1734523613.768765688,2,1,-7.481471157,-6.842983366,-0.019097837
1734523613.768765688,2,4,-6.544331326,3.649178356,-0.324383755
1734523613.768765688,2,5,-0.523390155,-3.949537396,0.258011847
1734523613.768765688,2,6,-7.302244606,1.705478868,0.136255421
1734523613.768765688,2,7,-0.910901180,4.324711504,-0.034995483
1734523613.768765688,2,8,-7.266978968,-1.854997606,-0.000751455
1734523613.838765860,3,0,-7.384010971,1.498839479,-0.111455877
1734523613.838765860,3,1,-7.509148700,6.982147587,-0.025947545
1734523613.838765860,3,4,-7.514453256,-4.581050784,0.134882740
1734523613.838765860,3,6,-2.105877257,-2.527200520,0.156350692
1734523613.838765860,3,7,-7.259673901,-1.871809165,-0.208483336
1734523613.838765860,3,8,-1.389866517,3.833740386,-0.003206285
1734523613.838765860,3,9,-3.445067505,-6.660446308,-0.141297056
1734523613.898765802,4,0,-4.157288278,3.682277863,-0.183282732
1734523613.898765802,4,1,-7.399716812,7.659952814,0.053184639
1734523613.898765802,4,2,-9.291106792,-1.918748683,0.007915502
1734523613.898765802,4,3,2.417294900,8.398940524,-0.028403449
1734523613.898765802,4,5,-11.302684088,1.592195632,-0.078410897
1734523613.898765802,4,6,2.060378791,4.349463648,0.001612894
1734523613.898765802,4,7,-6.073897849,-4.242994505,0.146711565
1734523613.898765802,4,8,-1.264450413,9.437423638,0.017428751
1734523613.898765802,4,9,5.784673253,-5.188119676,-0.083989698
1734523613.958765745,5,0,-6.945202385,2.805451318,0.160588139
1734523613.958765745,5,1,-6.701319392,-2.891237310,0.016197327
1734523613.958765745,5,2,0.754296391,4.312747858,0.150076351
1734523613.958765745,5,4,-8.517178887,9.403953032,0.067847318
1734523613.958765745,5,6,-6.443453024,3.837659631,-0.065434539
1734523613.958765745,5,7,-0.135003007,8.403170486,0.092049554
1734523613.958765745,5,8,-7.496720110,-0.213035855,-0.061670999
1734523614.018765688,6,0,-1.435949909,6.465134863,0.008815658
1734523614.018765688,6,1,1.734045909,10.239671542,0.036870359
1734523614.018765688,6,2,-4.668367313,5.865059526,0.239631763
1734523614.018765688,6,3,3.844225113,0.833196820,-0.022484791
1734523614.018765688,6,4,-4.664397827,1.619081981,-0.031034174
1734523614.018765688,6,5,-2.896294531,6.917295644,-0.111798738
1734523614.018765688,6,7,-6.380452614,3.937750683,0.184238993
1734523614.018765688,6,8,5.444136390,5.157599700,0.102685433
1734523614.018765688,6,9,-8.682549158,-4.941663565,-0.074494572
1734523614.088765860,7,0,-7.513669083,-6.111527679,-0.046329180
1734523614.088765860,7,1,-3.903775453,-6.403739615,0.051537969
1734523614.088765860,7,2,1.257253846,-3.774284647,-0.052190062
1734523614.088765860,7,3,-7.189882451,-2.120798987,-0.240420470
1734523614.088765860,7,4,-6.712959302,0.535604022,-0.044425076
1734523614.088765860,7,5,0.275088234,-8.835238682,-0.091568847
1734523614.088765860,7,6,-11.023785528,-1.093433208,-0.184396937
1734523614.088765860,7,8,-6.416651042,-3.882548880,-0.049026542
1734523614.088765860,7,9,-9.441424305,9.427326489,0.024231111
1734523614.148765802,8,0,-5.909440675,-2.733896296,0.022255613
1734523614.148765802,8,1,-6.396726338,2.858424561,-0.066508678
1734523614.148765802,8,2,-7.118684548,-2.360621959,0.042358861
1734523614.148765802,8,3,2.166858371,-4.283612030,0.025030161
1734523614.148765802,8,4,-5.513287936,-8.722863378,0.053966709
1734523614.148765802,8,5,-7.493659350,-0.145475529,-0.271857351
1734523614.148765802,8,6,-0.533318350,-6.505115279,-0.025410078
1734523614.148765802,8,7,-6.255328937,-4.136072743,-0.117312214
1734523614.208765745,9,0,-7.165964920,2.210150269,0.119090520
1734523614.208765745,9,3,-4.669520119,5.868362811,-0.088880700
1734523614.208765745,9,4,-6.564581014,1.625491979,-0.240852719
1734523614.208765745,9,6,-6.940556913,6.994291081,-0.041595908
1734523614.208765745,9,7,-11.643196047,-4.919387247,-0.112478134
1734523614.278765678,0,1,5.294879006,0.249900849,-0.102996943
1734523614.278765678,0,2,-1.780386984,7.852477024,0.224416996
1734523614.278765678,0,3,-0.742980178,-8.000375930,0.086422876
1734523614.278765678,0,4,-5.504092501,-0.982769748,-0.028083698
1734523614.278765678,0,5,2.198423145,7.180060049,0.030594475
1734523614.278765678,0,6,-3.682441695,-5.218561433,-0.015034564
1734523614.278765678,0,7,-5.908378773,6.475796468,0.046217110
1734523614.278765678,0,8,3.332447515,-6.859285387,-0.042150869
1734523614.278765678,0,9,-7.395428928,-1.245971456,-0.072014575
1734523614.338765860,1,0,-5.674419437,-0.282553250,0.004150354
1734523614.338765860,1,2,-7.228536862,7.752552036,0.035985231
1734523614.338765860,1,3,-7.616224129,-9.461048226,-0.033800976
1734523614.338765860,1,4,-11.773242751,-0.917379192,-0.002136982
1734523614.338765860,1,5,-2.931990564,6.788704867,-0.013863752
1734523614.338765860,1,6,-10.163965530,-5.903883853,0.068847050
1734523614.338765860,1,7,-6.388095947,3.928913964,0.076584853
1734523614.338765860,1,8,-2.885977197,-6.320130786,-0.036018150
1734523614.398765802,2,0,-7.090568812,-1.337971168,0.179118273
1734523614.398765802,2,1,-7.215665072,-6.670877409,-0.007026212
1734523614.398765802,2,4,-8.213167110,4.680665927,0.194879214
1734523614.398765802,2,5,-0.657886111,-4.389636857,0.067648708
1734523614.398765802,2,6,-7.303726769,1.704570753,-0.003719345
1734523614.398765802,2,7,-0.939190782,3.638272951,-0.113703501
1734523614.398765802,2,8,-7.233345114,-1.982064047,0.011856645
1734523614.468765736,3,0,-7.300490377,1.717144512,-0.065230243
1734523614.468765736,3,1,-7.691135264,7.243967305,0.004593155
1734523614.468765736,3,4,-6.471467063,-3.789532688,0.097755112
1734523614.468765736,3,6,-2.607289492,-2.941491268,0.046702731
1734523614.468765736,3,8,-1.360114911,3.706251365,0.020983801
1734523614.468765736,3,9,-3.703568935,-6.519918869,-0.155676223
1734523614.528765678,4,0,-4.429143218,4.090603833,0.020023875
1734523614.528765678,4,1,-7.949360913,7.899388165,0.045808522
1734523614.528765678,4,2,-8.796412856,-1.767533708,0.008957621
1734523614.528765678,4,3,2.363561431,8.620150274,0.004743314
1734523614.528765678,4,5,-11.555821724,1.567735851,0.007280278
1734523614.528765678,4,6,2.646589691,5.027204454,-0.023224127
1734523614.528765678,4,7,-5.813454943,-3.968732767,0.058325536
1734523614.528765678,4,8,-1.395350860,10.165962669,0.009089680
1734523614.528765678,4,9,5.073661219,-4.636018287,0.045660006
1734523614.588765860,5,0,-6.489433569,2.316246277,-0.199331168
1734523614.588765860,5,1,-6.868592667,-2.871928048,0.091806904
1734523614.588765860,5,2,0.668660739,3.942854926,0.107951451
1734523614.588765860,5,4,-8.412597911,9.657520713,0.041465372
1734523614.588765860,5,6,-6.566035835,3.624353369,-0.035157689
1734523614.588765860,5,7,-0.229012661,7.655150754,0.105958503
1734523614.588765860,5,8,-7.499325954,-0.045798599,0.089513790
1734523614.658765793,6,0,-1.352902302,6.635160053,0.052444913
1734523614.658765793,6,1,1.850689599,10.265044425,0.125673880
1734523614.658765793,6,2,-4.801744619,5.761329531,-0.018184027
1734523614.658765793,6,3,3.620421860,0.728499927,-0.017011962
1734523614.658765793,6,4,-4.633545800,1.573255882,0.002189895
1734523614.658765793,6,5,-2.699988684,6.995850606,-0.134667758
1734523614.658765793,6,7,-6.341842373,3.999839404,-0.179777783
1734523614.658765793,6,8,4.376625016,4.228045296,0.125978535
1734523614.658765793,6,9,-8.557428987,-4.925734146,-0.025322968
1734523614.718765736,7,0,-6.632516585,-5.449415832,0.025900033
1734523614.718765736,7,1,-3.604491165,-6.576991403,-0.028766888
1734523614.718765736,7,2,1.229320459,-3.937068757,0.039242358
1734523614.718765736,7,4,-7.204883608,0.584117392,-0.005248924
1734523614.718765736,7,5,0.231080830,-8.059637112,0.119628449
1734523614.718765736,7,6,-7.429089425,-1.024197422,0.098234214
1734523614.718765736,7,9,-7.860464884,7.673881987,0.028196863
1734523614.778765678,8,0,-5.770056205,-2.586790300,-0.009248405
1734523614.778765678,8,1,-6.522731932,2.885072393,0.048448055
1734523614.778765678,8,2,-7.177684774,-2.174888514,0.026480816
1734523614.778765678,8,3,1.791597471,-3.612645530,-0.004212962
1734523614.778765678,8,4,-5.591321595,-8.811385396,-0.024880292
1734523614.778765678,8,5,-7.499614247,-0.039186090,0.065196588
1734523614.778765678,8,6,-0.544203815,-6.276765388,0.026629035
1734523614.848765850,9,0,-7.160285113,2.231225354,-0.044164670
1734523614.848765850,9,3,-4.792884596,5.768718489,0.012010043
1734523614.848765850,9,4,-7.402797578,1.964810062,-0.038310098
1734523614.848765850,9,6,-7.028508373,7.173390878,-0.044892184
1734523614.848765850,9,7,-10.722004709,-4.542040425,-0.117568818
1734523614.908765793,0,1,6.093334426,0.380957679,-0.156492846
1734523614.908765793,0,2,-2.102852109,8.535893354,-0.129665386
1734523614.908765793,0,3,-0.653630406,-8.344027912,0.219683452
1734523614.908765793,0,4,-6.242149274,-0.923230429,-0.152681739
1734523614.908765793,0,5,2.034503570,6.487758145,0.028299112
1734523614.908765793,0,6,-3.678513363,-5.301716732,-0.053072295
1734523614.908765793,0,7,-6.602777236,7.118917066,-0.025640467
1734523614.908765793,0,8,3.057294447,-6.136198836,-0.023834515
1734523614.908765793,0,9,-7.303859050,-1.704005340,-0.002964387
1734523614.978765726,1,0,-5.384840941,-0.231935653,0.078670210
1734523614.978765726,1,2,-5.983783733,6.219203729,0.025726744
1734523614.978765726,1,3,-6.590231857,-8.146338972,0.046860658
1734523614.978765726,1,4,-12.278294024,-0.828037096,-0.037386758
1734523614.978765726,1,5,-3.058127839,7.084608395,0.010190598
1734523614.978765726,1,6,-8.597503668,-5.162213151,-0.272165133
1734523614.978765726,1,7,-6.494110503,3.750581984,-0.098303352
1734523614.978765726,1,8,-3.100868198,-6.884703325,0.051336909
1734523615.048765659,2,0,-7.352107627,-1.120802968,-0.182546701
1734523615.048765659,2,1,-7.817356154,-7.091588706,0.029247890
1734523615.048765659,2,4,-7.774913961,4.461032143,0.261570522
1734523615.048765659,2,5,-0.616370586,-4.300124119,-0.161519685
1734523615.048765659,2,6,-7.337448263,1.550305741,0.091679302
1734523615.048765659,2,7,-0.877387818,3.705736386,0.116362834
1734523615.048765659,2,8,-7.267963225,-1.849751425,-0.071625623
1734523615.108765841,3,0,-7.541719079,1.664481824,0.091448316
1734523615.108765841,3,1,-7.308702370,6.943670617,-0.035743355
1734523615.108765841,3,4,-7.708471287,-4.652331697,-0.088636007
1734523615.108765841,3,6,-2.504615048,-2.681834124,-0.016065551
1734523615.108765841,3,8,-1.522117701,4.088500303,-0.011452187
1734523615.108765841,3,9,-3.374262081,-6.698081503,0.007719112
1734523615.168765783,4,0,-5.425646988,5.173108416,0.226504021
1734523615.168765783,4,1,-8.377541849,8.417965987,0.137774253
1734523615.168765783,4,2,-9.851043369,-2.047383694,0.025410423
1734523615.168765783,4,3,2.587831551,9.101711075,-0.003994698
1734523615.168765783,4,5,-10.702356155,1.460657921,-0.062146611
1734523615.168765783,4,6,2.069164841,4.305150270,-0.041895349
1734523615.168765783,4,7,-6.090594700,-4.352908313,-0.454802612
1734523615.168765783,4,8,-1.369311718,10.279251326,-0.037190010
1734523615.168765783,4,9,5.936682599,-5.218710197,-0.006213235
1734523615.228765726,5,0,-6.773908439,2.717281158,-0.096896166
1734523615.228765726,5,1,-6.497735493,-2.818880565,-0.084057317
1734523615.228765726,5,2,0.393220759,4.000046816,-0.118508610
1734523615.228765726,5,4,-7.433441498,8.269016422,-0.030974094
1734523615.228765726,5,6,-6.706638154,3.357076027,0.032329992
1734523615.228765726,5,7,-0.301282197,7.479789364,0.460412980
1734523615.228765726,5,8,-7.498777577,-0.121718898,0.059324179
1734523615.298765659,6,0,-1.488247386,6.468858358,-0.027162123
1734523615.298765659,6,1,1.998826526,10.945130032,0.018901332
1734523615.298765659,6,2,-4.589670768,5.931681774,-0.008577974
1734523615.298765659,6,3,3.930553848,0.751391790,-0.001150568
1734523615.298765659,6,4,-4.883193127,1.642719362,-0.018609915
1734523615.298765659,6,5,-2.750863320,6.976661644,-0.094569012
1734523615.298765659,6,7,-6.255649724,4.135296702,0.127152334
1734523615.298765659,6,8,4.660043933,4.496765619,0.036043887
1734523615.298765659,6,9,-9.231769979,-5.319415640,-0.042585499
1734523615.358765841,7,0,-6.892166077,-5.585988838,0.005582202
1734523615.358765841,7,1,-3.785904112,-6.474097734,-0.054667988
1734523615.358765841,7,2,0.792806649,-4.203352537,-0.105933517
1734523615.358765841,7,4,-6.804324663,0.494055022,0.021118890
1734523615.358765841,7,5,0.357039180,-8.333070223,0.032157830
1734523615.358765841,7,6,-7.459778432,-0.770638648,-0.088441073
1734523615.358765841,7,9,-8.959654626,8.527891694,-0.037193158
1734523615.418765783,8,0,-5.836545861,-2.639840058,-0.011531293
1734523615.418765783,8,1,-6.722577922,2.965125173,0.001117317
1734523615.418765783,8,2,-7.128521696,-2.327598856,0.128304292
1734523615.418765783,8,3,1.867930206,-3.693145258,0.026471059
1734523615.418765783,8,4,-5.706811836,-9.057139247,-0.045109755
1734523615.418765783,8,5,-7.495402693,-0.258416792,-0.046467598
1734523615.418765783,8,6,-0.574425915,-6.659391134,-0.019571703
1734523615.478765726,9,0,-7.233800154,1.968407878,-0.217958154
1734523615.478765726,9,3,-4.997262397,5.592361950,-0.053444834
1734523615.478765726,9,4,-7.048503955,1.823179709,-0.074765938
1734523615.478765726,9,6,-6.986590772,7.069117335,-0.042689962
1734523615.478765726,9,7,-10.601099038,-4.487547368,-0.217424987
1734523615.538765669,0,1,4.906640585,0.190198114,-0.138517855
1734523615.538765669,0,2,-1.784974463,7.161321987,-0.088481147
1734523615.538765669,0,3,-0.640456206,-8.996929608,0.230489121
1734523615.538765669,0,4,-5.426717320,-0.900496896,-0.025655167
1734523615.538765669,0,5,2.178353433,7.419557169,-0.050008097
1734523615.538765669,0,6,-3.523074983,-5.792811920,-0.122359258
1734523615.538765669,0,7,-5.591538953,6.113972947,-0.050563226
1734523615.538765669,0,8,3.011485439,-6.055673729,-0.020899562
1734523615.538765669,0,9,-7.322300319,-1.621499666,-0.068241284
1734523615.608765841,1,0,-5.948359191,-0.255177581,-0.014755152
1734523615.608765841,1,2,-6.744118354,7.213968865,-0.020465893
1734523615.608765841,1,3,-6.379686148,-7.853547016,0.036838161
1734523615.608765841,1,4,-10.988132238,-0.831418598,0.029357451
1734523615.608765841,1,5,-3.030604742,6.908429568,0.032837954
1734523615.608765841,1,6,-8.661083623,-5.001380923,0.094782069
1734523615.608765841,1,7,-6.537726978,3.674967840,-0.052319537
1734523615.608765841,1,8,-2.860246800,-6.299405077,-0.030072553
1734523615.668765783,2,0,-8.557673269,-1.455719637,-0.063071235
1734523615.668765783,2,1,-7.373383426,-6.768269253,-0.037812981
1734523615.668765783,2,4,-9.313366526,5.409842773,0.011894806
1734523615.668765783,2,5,-0.587457884,-3.686610121,-0.093760813
1734523615.668765783,2,6,-7.314403959,1.651250308,0.151218862
1734523615.668765783,2,7,-0.887484923,4.065905384,-0.029755023
1734523615.668765783,2,8,-7.217803892,-2.027251246,0.208708796
1734523615.728765726,3,0,-8.421874085,1.751354112,-0.158541356
1734523615.728765726,3,1,-7.382451287,6.945588915,0.011927946
1734523615.728765726,3,4,-7.152328864,-4.315465495,-0.169717491
1734523615.728765726,3,6,-2.126065541,-2.590741356,-0.016079560
1734523615.728765726,3,8,-1.399666615,3.813247076,0.010126295
1734523615.728765726,3,9,-3.706443643,-6.519156085,-0.113487688
1734523615.788765669,4,0,-3.821940425,3.840099025,0.040822425
1734523615.788765669,4,1,-6.571625318,6.735298615,-0.127878172
1734523615.788765669,4,2,-9.904827973,-2.131591656,0.013713079
1734523615.788765669,4,3,2.396057905,8.478422000,0.011505620
1734523615.788765669,4,5,-11.884574606,1.447174263,-0.012429592
1734523615.788765669,4,6,2.485862632,4.623196945,-0.117388769
1734523615.788765669,4,7,-5.638056177,-4.023590234,-0.025754462
1734523615.788765669,4,8,-1.475517876,10.923094203,-0.137974220
1734523615.788765669,4,9,6.149004780,-5.137228655,0.246189722
1734523615.848765850,5,0,-6.668776503,2.691469629,-0.190696867
1734523615.848765850,5,1,-7.266314602,-3.118742086,-0.029784401
1734523615.848765850,5,2,0.658397541,3.591916709,-0.131005189
1734523615.848765850,5,4,-6.800306682,7.659407387,-0.173917892
1734523615.848765850,5,6,-6.543185342,3.663425026,0.126659617
1734523615.848765850,5,7,-0.162733081,8.413159337,0.210181013
1734523615.848765850,5,8,-7.499559504,0.056538796,0.058400382
1734523615.908765793,6,0,-1.571234715,6.572615734,0.020481240
1734523615.908765793,6,1,1.886662906,12.001450562,0.126793841
1734523615.908765793,6,2,-4.659900655,5.872040353,-0.233383753
1734523615.908765793,6,3,3.864131592,0.760215972,0.026660142
1734523615.908765793,6,4,-5.204204109,1.857664054,-0.214773504
1734523615.908765793,6,5,-3.035450274,6.858262180,0.016777864
1734523615.908765793,6,7,-6.250797419,4.144536413,0.018696400
1734523615.908765793,6,8,5.456767090,5.336084531,-0.108143829
1734523615.908765793,6,9,-8.366166712,-4.859941090,0.000032874
1734523615.978765726,7,0,-6.665437237,-5.475919413,-0.070228653
1734523615.978765726,7,1,-3.718013440,-6.509785257,-0.221521954
1734523615.978765726,7,2,1.180643748,-4.072838151,0.238067345
1734523615.978765726,7,4,-7.588506049,0.575994428,-0.033441547
1734523615.978765726,7,5,0.166961853,-7.085697445,0.223635081
1734523615.978765726,7,6,-7.441458207,-0.932366115,0.073438253
1734523615.978765726,7,9,-8.819669401,8.552718113,-0.072806801
1734523616.038765669,8,0,-6.628917207,-2.925295999,-0.034388088
1734523616.038765669,8,1,-6.406156163,2.843944405,0.077720992
1734523616.038765669,8,2,-7.141741134,-2.289484854,-0.061584740
1734523616.038765669,8,3,2.016718289,-4.008672232,0.007715007
1734523616.038765669,8,4,-5.382807885,-8.725007970,-0.226053705
1734523616.038765669,8,5,-7.489118159,-0.366659055,0.169323159
1734523616.038765669,8,6,-0.535985901,-6.647900765,0.033049301
1734523616.098765850,9,0,-7.250006510,1.920245144,0.008011894
1734523616.098765850,9,3,-4.648267786,5.885603642,-0.057239442
1734523616.098765850,9,4,-7.570033659,1.953035988,-0.042804123
1734523616.098765850,9,6,-6.938835152,6.883304302,0.195126024
1734523616.098765850,9,7,-9.336596873,-3.845006566,-0.083719978
1734523616.158765793,0,1,5.659187547,0.535317504,-0.096552232
1734523616.158765793,0,2,-1.892770995,8.475494559,-0.070022570
1734523616.158765793,0,3,-0.656287661,-7.466002768,0.177882901
1734523616.158765793,0,4,-6.342962741,-1.104170088,-0.032386949
1734523616.158765793,0,5,2.105489120,7.308781094,0.270321309
1734523616.158765793,0,6,-3.972492652,-6.361484074,-0.028679311
1734523616.158765793,0,7,-6.014571047,6.608673821,-0.002867348
1734523616.158765793,0,8,2.813155363,-5.775225229,0.015984218
1734523616.158765793,0,9,-7.353871328,-1.473265386,-0.008098971
1734523616.228765726,1,0,-5.023192657,-0.072869464,-0.005061229
1734523616.228765726,1,2,-6.645907419,7.163402053,0.007911538
1734523616.228765726,1,3,-6.553771584,-8.110707888,0.004676598
1734523616.228765726,1,4,-12.600102686,-0.876402144,-0.024127522
1734523616.228765726,1,5,-3.237091546,7.436654055,0.017065141
1734523616.228765726,1,6,-9.772172138,-5.924534433,0.223574016
1734523616.228765726,1,7,-6.541132315,3.664529787,-0.186572982
1734523616.228765726,1,8,-2.820365902,-6.150776674,-0.055224024
1734523616.288765669,2,0,-7.998430354,-1.761180171,-0.147336930
1734523616.288765669,2,1,-7.952952211,-7.390224340,-0.099942486
1734523616.288765669,2,4,-7.603183613,4.287184140,0.041612170
1734523616.288765669,2,5,-0.756554320,-4.093248570,0.025419729
1734523616.288765669,2,6,-7.341920623,1.516105352,-0.218234096
1734523616.288765669,2,7,-0.964934559,4.104108865,-0.084047371
1734523616.288765669,2,8,-7.220424716,-2.027659823,0.063738248
1734523616.348765850,3,0,-7.441231264,1.666835836,-0.009150858
1734523616.348765850,3,1,-7.238169672,6.886975767,-0.099015202
1734523616.348765850,3,4,-7.483763169,-4.348988322,-0.235115138
1734523616.348765850,3,6,-2.560573580,-2.905270491,-0.055367482
1734523616.348765850,3,8,-1.493346985,3.907564813,0.010389228
1734523616.348765850,3,9,-3.396639703,-6.686758090,-0.010245938
1734523616.408765793,4,0,-4.445459395,4.160642415,0.000789677
1734523616.408765793,4,1,-7.949061501,8.173127014,0.116591878
1734523616.408765793,4,2,-9.175021914,-1.997842869,-0.043007325
1734523616.408765793,4,3,2.588882569,8.953440880,-0.005734722
1734523616.408765793,4,5,-11.700043212,1.394642641,0.056290792
1734523616.408765793,4,6,3.466817119,6.649242039,0.136964835
1734523616.408765793,4,7,-5.722216300,-4.532430942,0.065988164
1734523616.408765793,4,8,-1.263047883,9.865871912,-0.017699073
1734523616.408765793,4,9,5.945269109,-5.105912405,-0.057606247
1734523616.468765736,5,0,-6.591697395,2.330747968,-0.228597351
1734523616.468765736,5,1,-6.507760871,-2.906499068,-0.086164703
1734523616.468765736,5,2,0.535152922,3.652920038,0.056833419
1734523616.468765736,5,4,-7.870915723,8.701023730,-0.084772785
1734523616.468765736,5,6,-6.663810871,3.440974710,0.057599634
1734523616.468765736,5,7,-0.261035452,8.532759656,0.027428019
1734523616.468765736,5,8,-7.496128010,-0.101372031,-0.218605981
1734523616.528765678,6,0,-1.716930236,7.362276051,-0.008783347
1734523616.528765678,6,1,1.941354076,11.454842202,-0.055719295
1734523616.528765678,6,3,3.853803119,0.711602123,0.024955677
1734523616.528765678,6,4,-4.659285566,1.546262934,-0.020705880
1734523616.528765678,6,7,-6.189034150,4.234380907,0.125994548
1734523616.528765678,6,8,4.303595085,3.809905808,0.037181298
1734523616.528765678,6,9,-9.041183518,-5.341935152,-0.017364590
1734523616.588765860,7,0,-6.857343510,-5.506980411,0.004363040
1734523616.588765860,7,1,-3.978692900,-6.357049483,0.089020680
1734523616.588765860,7,2,1.294667309,-4.150877525,-0.217138839
1734523616.588765860,7,4,-6.767431846,0.631700461,-0.120603028
1734523616.588765860,7,5,0.404037806,-8.315375003,-0.052549274
1734523616.588765860,7,6,-7.432722317,-0.971772759,-0.245553803
1734523616.588765860,7,9,-8.949163204,8.788721942,-0.085411771
1734523616.658765793,8,0,-5.907337295,-2.563862367,-0.040395402
1734523616.658765793,8,1,-7.216905896,3.439092686,0.052163962
1734523616.658765793,8,2,-7.208443978,-2.069332640,-0.078726407
1734523616.658765793,8,3,1.847651366,-3.642415659,0.010037170
1734523616.658765793,8,4,-5.905016472,-9.471154344,-0.077912463
1734523616.658765793,8,5,-7.497941853,-0.137176281,0.109775366
1734523616.658765793,8,6,-0.539410155,-6.462078820,0.030553161
1734523616.718765736,9,0,-7.216826705,2.040245736,-0.069351646
1734523616.718765736,9,3,-4.839745465,5.728683792,-0.095109685
1734523616.718765736,9,4,-7.200452915,1.908915577,-0.044498723
1734523616.718765736,9,6,-6.664623367,6.602710515,0.000806571
1734523616.718765736,9,7,-10.917679437,-4.625921495,-0.009416254
1734523616.778765678,0,1,5.457397931,0.646789703,0.004709367
1734523616.778765678,0,2,-1.381990686,7.370363862,0.133560066
1734523616.778765678,0,3,-0.675346822,-7.903780299,-0.216846839
1734523616.778765678,0,4,-6.406250479,-1.097915418,0.027085322
1734523616.778765678,0,5,2.031181488,7.390831273,-0.256185481
1734523616.778765678,0,6,-3.832170440,-6.298071071,0.109067295
1734523616.778765678,0,7,-5.908604919,6.391085500,-0.003141452
1734523616.778765678,0,8,2.956705668,-6.172715889,-0.030948097
1734523616.778765678,0,9,-7.352171466,-1.481716681,-0.009508777
1734523616.848765850,1,0,-5.332902067,-0.307359139,-0.074809069
1734523616.848765850,1,2,-7.343837655,7.918836109,-0.039795288
1734523616.848765850,1,3,-6.935116851,-8.383721547,-0.036115472
1734523616.848765850,1,4,-12.009509355,-0.876341438,0.005220884
1734523616.848765850,1,5,-2.862995436,6.513307127,-0.023688000
1734523616.848765850,1,6,-9.437268623,-5.559767614,0.122842801
1734523616.848765850,1,7,-6.541250757,3.668887759,-0.036071448
1734523616.848765850,1,8,-2.960005846,-6.447642530,-0.085317758
1734523616.908765793,2,0,-7.866486471,-1.663059797,0.051340294
1734523616.908765793,2,1,-7.799735703,-7.232284168,-0.154625512
1734523616.908765793,2,4,-8.426451249,4.611736423,-0.025124293
1734523616.908765793,2,5,-0.614564550,-4.126817588,-0.152640917
1734523616.908765793,2,6,-7.306163196,1.685539200,-0.170108674
1734523616.908765793,2,7,-1.147978454,4.176442709,-0.119494373
1734523616.908765793,2,8,-7.252237981,-1.896670807,-0.240175189
1734523616.968765736,3,0,-7.398872109,1.206409410,-0.226424052
1734523616.968765736,3,1,-8.244573996,7.755762528,0.055025762
1734523616.968765736,3,4,-7.006503320,-4.214075794,0.191305587
1734523616.968765736,3,6,-2.753818746,-2.747424862,-0.019458867
1734523616.968765736,3,8,-1.412105415,3.765301407,-0.013370775
1734523617.028765678,4,0,-4.237254401,3.752123914,-0.203071125
1734523617.028765678,4,1,-8.525258887,8.894832669,-0.078689852
1734523617.028765678,4,2,-9.879844881,-2.160712802,0.057236623
1734523617.028765678,4,3,2.678965186,9.121865358,-0.041687711
1734523617.028765678,4,5,-11.688500799,1.339895771,-0.054593980
1734523617.028765678,4,6,2.683318414,5.144354892,-0.190681475
1734523617.028765678,4,7,-6.512046892,-4.600185760,-0.090912992
1734523617.028765678,4,8,-1.286488883,10.080484695,-0.036156266
1734523617.028765678,4,9,6.095286068,-5.133500404,0.193090358
1734523617.088765860,5,0,-7.206709450,2.773201822,-0.221494734
1734523617.088765860,5,1,-7.091825688,-3.171656261,0.006600623
1734523617.088765860,5,2,0.470888793,4.038999790,0.056753044
1734523617.088765860,5,4,-7.611986100,8.522005520,0.032214615
1734523617.088765860,5,7,-0.230341745,7.486352274,0.389194445
1734523617.148765802,6,0,-1.556017511,6.669460950,0.015420555
1734523617.148765802,6,1,1.774307654,10.866215383,-0.014754106
1734523617.148765802,6,2,-4.892736247,5.681404095,0.181051178
1734523617.148765802,6,3,3.966464752,0.702648953,0.013771257
1734523617.148765802,6,4,-5.152821538,1.689369349,0.010593404
1734523617.148765802,6,5,-2.793997028,6.959367099,-0.103875832
1734523617.148765802,6,7,-6.313001313,4.043205271,-0.220239778
1734523617.148765802,6,8,4.561190750,4.544824643,-0.025343849
1734523617.148765802,6,9,-8.435178428,-4.960889923,-0.123814763
1734523617.208765745,7,0,-7.139166314,-5.771831755,0.024288201
1734523617.208765745,7,1,-3.683978511,-6.532559476,-0.063000166
1734523617.208765745,7,2,1.111164082,-3.901297670,0.113789313
1734523617.208765745,7,4,-7.565099355,0.621877016,0.006835906
1734523617.208765745,7,5,0.565399828,-8.569358344,-0.131976681
1734523617.208765745,7,6,-7.443282996,-0.911965041,-0.125928542
1734523617.208765745,7,9,-8.808035945,8.605762331,-0.034998669
1734523617.268765688,8,0,-6.200166988,-2.698293959,-0.004199225
1734523617.268765688,8,1,-5.872852061,2.709487160,-0.017906792
1734523617.268765688,8,2,-7.161171093,-2.228815800,0.002949524
1734523617.268765688,8,3,1.874017543,-3.675714794,0.001423734
1734523617.268765688,8,4,-3.961323695,-6.368312792,0.050067615
1734523617.268765688,8,5,-7.497900708,-0.166698461,0.060799600
1734523617.268765688,8,6,-0.523431096,-6.523061073,0.037682250
