timestamp,obsv_id,target_id,x,y,z
1734523533.478765726,0,0,0.000761589,-0.000001674,2.000000000
1734523533.478765726,0,1,4.017203797,0.079820358,1.363230491
1734523533.478765726,0,2,0.102986173,3.905224816,1.201294403
1734523533.478765726,0,3,-0.131658471,-3.925868834,1.072623895
1734523533.478765726,0,4,-4.033331048,-0.125089391,1.300676535
1734523533.478765726,0,5,3.954086695,3.956502225,0.101139958
1734523533.478765726,0,6,-4.025363853,-4.038545499,0.090163506
1734523533.478765726,0,7,-4.050170102,4.041001748,0.110246432
1734523533.478765726,0,8,4.103334387,-4.077901784,0.085908626
1734523533.478765726,0,9,-8.161880190,-0.007031518,1.110661333
1734523533.538765669,1,0,-0.815598359,-0.007433472,1.151814241
1734523533.538765669,1,1,4.000370473,0.000001829,2.000000000
1734523533.538765669,1,2,-3.523632418,3.562936331,0.077975960
1734523533.538765669,1,3,-3.594470797,-3.622289357,0.077600040
1734523533.538765669,1,4,-4.767328048,-0.092960567,1.168789023
1734523533.538765669,1,5,1.463229152,4.101371507,1.056104738
1734523533.538765669,1,6,-7.005516138,-3.616459022,0.246544397
1734523533.538765669,1,7,-5.453955862,2.849844240,0.238684069
1734523533.538765669,1,8,1.420055224,-3.985831364,1.080886960
1734523533.538765669,1,9,-7.990989426,-0.050982179,1.475832405
1734523533.608765841,2,0,-0.104100533,-0.760920582,1.195735807
1734523533.608765841,2,1,3.446156750,-3.391269493,0.089275773
1734523533.608765841,2,2,0.000221427,3.999928397,2.000000000
1734523533.608765841,2,3,-0.002944724,-4.288671143,1.175680973
1734523533.608765841,2,4,-2.096830757,-1.118552694,1.141624761
1734523533.608765841,2,5,4.230510161,1.662088585,1.124368412
1734523533.608765841,2,6,-2.539303742,-4.833559283,0.158577287
1734523533.608765841,2,7,-4.184329593,1.809422969,1.148179543
1734523533.608765841,2,8,2.651511343,-5.102643257,0.198646777
1734523533.608765841,2,9,-5.696199785,-2.676404930,0.165190365
1734523533.668765783,3,0,-0.018447801,0.592033503,1.197683850
1734523533.668765783,3,1,2.977885441,1.389163390,1.037820647
1734523533.668765783,3,2,0.039023351,4.682747182,1.109846054
1734523533.668765783,3,3,0.000274766,-3.999929979,2.000000000
1734523533.668765783,3,4,-2.027061727,1.979196456,0.090124376
1734523533.668765783,3,5,2.554972126,4.940685989,0.189800528
1734523533.668765783,3,6,-4.216915050,-1.572436393,1.146262809
1734523533.668765783,3,7,-2.826695936,5.541242865,0.233169215
1734523533.668765783,3,8,4.086680137,-1.698111918,1.137027569
1734523533.668765783,3,9,-4.845191983,2.260059392,0.183348534
1734523533.738765717,4,0,2.076521057,0.039613601,1.094544664
1734523533.738765717,4,1,4.349306573,-0.011283169,1.098140473
1734523533.738765717,4,2,2.625725222,2.670224751,0.096374900
1734523533.738765717,4,3,3.452217855,-3.561424501,0.068134257
1734523533.738765717,4,4,-3.998195724,-0.000003394,2.000000000
1734523533.738765717,4,5,5.505883312,2.895244705,0.149406385
1734523533.738765717,4,6,-1.330713936,-4.128840432,1.091396457
1734523533.738765717,4,7,-1.292320157,4.144350193,1.038820985
1734523533.738765717,4,8,5.541338217,-2.881793854,0.194665016
1734523533.738765717,4,9,-6.204713618,-0.157719066,1.111420348
1734523533.798765659,5,0,-1.096518124,-1.023632927,0.074420094
1734523533.798765659,5,1,1.287291774,-1.490500311,1.204370973
1734523533.798765659,5,2,-1.081854465,1.387510235,1.156760901
1734523533.798765659,5,3,-1.896793471,-4.016561236,0.223835438
1734523533.798765659,5,4,-6.606820103,-3.087545396,0.221784230
1734523533.798765659,5,5,3.999752582,3.999956031,2.000000000
1734523533.798765659,5,6,-4.284999614,-4.083322649,1.174028107
1734523533.798765659,5,7,-4.877663520,1.588655918,1.238832004
1734523533.798765659,5,8,1.190983160,-4.619904247,1.178830590
1734523533.798765659,5,9,-6.412136733,-1.000718232,1.399109951
1734523533.868765831,6,0,3.420481810,3.393614862,0.067803679
1734523533.868765831,6,1,6.855566287,3.316094081,0.221702179
1734523533.868765831,6,2,2.379212040,4.959899371,0.186509962
1734523533.868765831,6,3,0.846882254,-1.624184183,1.037650917
1734523533.868765831,6,4,-0.991376614,0.565245615,1.050447726
1734523533.868765831,6,5,6.299745528,6.180157658,0.368770457
1734523533.868765831,6,6,-3.999058105,-3.999984948,2.000000000
1734523533.868765831,6,7,-1.238692972,4.315528277,1.179094053
1734523533.868765831,6,8,4.465954850,-1.584046945,1.261308444
1734523533.868765831,6,9,-3.256073054,1.472319941,1.021355954
1734523533.938765764,7,0,0.986813807,-0.722850854,1.171754968
1734523533.938765764,7,1,4.080721166,-1.940089386,0.217572092
1734523533.938765764,7,2,0.953956520,1.590207933,1.070177025
1734523533.938765764,7,3,2.780207965,-5.723273501,0.190609983
1734523533.938765764,7,4,-0.818010765,-0.644689455,1.166146207
1734523533.938765764,7,5,4.535169364,1.566720883,1.116817369
1734523533.938765764,7,6,-1.595202436,-4.088593668,1.343246792
1734523533.938765764,7,7,-3.999091533,3.999981152,2.000000000
1734523533.938765764,7,8,4.291092780,-4.332421700,0.279427644
1734523533.938765764,7,9,-2.905152755,-2.759235134,0.095105658
1734523533.998765707,8,0,-3.184167984,3.149582457,0.059416024
1734523533.998765707,8,1,1.421486061,0.838227561,1.160986175
1734523533.998765707,8,2,-2.524055838,5.163452383,0.143829395
1734523533.998765707,8,3,-1.062017649,-1.520654835,1.138656972
1734523533.998765707,8,4,-3.743934051,1.152871205,1.080193395
1734523533.998765707,8,5,1.160583660,4.495486163,1.082587629
1734523533.998765707,8,6,-4.513160380,-1.737974539,1.145100295
1734523533.998765707,8,7,-5.027646280,5.016381945,0.287882934
1734523533.998765707,8,8,3.999796632,-3.999951910,2.000000000
1734523533.998765707,8,9,-6.624225617,0.844063157,1.416240981
1734523534.058765650,9,0,0.830992140,0.044308546,1.037972466
1734523534.058765650,9,1,4.017632944,-0.081442645,1.421942603
1734523534.058765650,9,2,5.888802806,3.134522299,0.227681598
1734523534.058765650,9,3,3.511007841,-1.879319578,0.160181499
1734523534.058765650,9,4,0.797086993,0.087676897,1.110865148
1734523534.058765650,9,5,4.611573852,2.797875842,1.383112046
1734523534.058765650,9,6,3.010509654,-3.129398147,0.101203338
1734523534.058765650,9,7,2.040867478,2.187461759,0.101075441
1734523534.058765650,9,8,4.491874011,-3.012075641,1.422987347
1734523534.058765650,9,9,-7.997080922,-0.000003874,2.000000000
1734523534.128765821,0,0,0.002205025,-0.000010817,2.000000000
1734523534.128765821,0,1,4.091746710,0.055618800,0.621531543
1734523534.128765821,0,2,0.099721333,3.877111715,0.614890596
1734523534.128765821,0,3,-0.016821151,-4.105837769,0.442446691
1734523534.128765821,0,4,-4.047504548,0.015123639,0.685186047
1734523534.128765821,0,5,3.928973792,3.937430633,-0.018599837
1734523534.128765821,0,6,-4.050049041,-4.100723788,0.012607864
1734523534.128765821,0,7,-4.026732533,3.976634493,0.000932430
1734523534.128765821,0,8,4.066704743,-4.040552360,-0.054029245
1734523534.128765821,0,9,-7.924594172,-0.102349876,0.545622733
1734523534.188765764,1,0,-1.653171957,-0.049483841,0.388144188
1734523534.188765764,1,1,3.999541392,0.000021388,2.000000000
1734523534.188765764,1,2,-4.161905342,4.149097842,-0.005967101
1734523534.188765764,1,3,-4.011951927,-4.048271653,-0.010432371
1734523534.188765764,1,4,-4.533532232,-0.067837464,0.499438287
1734523534.188765764,1,5,0.166535740,4.282457813,0.509191092
1734523534.188765764,1,6,-7.399425738,-3.783744442,-0.020411944
1734523534.188765764,1,7,-5.888995280,3.033616038,0.025009176
1734523534.188765764,1,8,0.281483337,-4.093864682,0.615343698
1734523534.188765764,1,9,-7.959811074,-0.075518671,0.897150270
1734523534.258765697,2,0,0.056891167,-1.917563440,0.511633033
1734523534.258765697,2,1,3.707752769,-3.779098583,-0.006385650
1734523534.258765697,2,2,0.001388138,3.999364339,2.000000000
1734523534.258765697,2,3,-0.033375597,-4.493942803,0.497856232
1734523534.258765697,2,4,-3.325108418,-3.330162943,0.018996048
1734523534.258765697,2,5,4.104988388,0.224249113,0.614511995
1734523534.258765697,2,6,-2.865372732,-5.614779723,-0.000224403
1734523534.258765697,2,7,-4.050732981,0.760867333,0.570908550
1734523534.258765697,2,8,2.964388208,-5.854676914,0.006869430
1734523534.258765697,2,9,-7.196142390,-3.649675211,-0.035543919
1734523534.318765879,3,0,-0.038103305,1.355737785,0.445426749
1734523534.318765879,3,1,2.661810927,2.618529481,-0.022059703
1734523534.318765879,3,2,0.032135439,4.771299274,0.664835687
1734523534.318765879,3,3,0.001153930,-3.999421342,2.000000000
1734523534.318765879,3,4,-2.886516053,2.935469056,-0.017782420
1734523534.318765879,3,5,2.723379506,5.463483670,0.017226236
1734523534.318765879,3,6,-4.118401275,-0.677049576,0.493900516
1734523534.318765879,3,7,-2.902634873,5.940829542,0.021279568
1734523534.318765879,3,8,3.803366490,-0.317685026,0.592353769
1734523534.318765879,3,9,-6.319331106,3.228341357,-0.037856139
1734523534.378765821,4,0,2.595819902,0.083962789,0.535408817
1734523534.378765821,4,1,4.572554141,-0.009078291,0.533639835
1734523534.378765821,4,2,2.877671175,2.939898157,0.030095844
1734523534.378765821,4,3,3.371944067,-3.347208959,0.037117269
1734523534.378765821,4,4,-3.992120249,-0.000001944,2.000000000
1734523534.378765821,4,5,5.897074392,3.013884926,0.028135726
1734523534.378765821,4,6,-0.423514791,-3.916154848,0.506110687
1734523534.378765821,4,7,-0.435485574,4.138693460,0.573375522
1734523534.378765821,4,8,5.736799308,-2.936761671,0.078231459
1734523534.378765821,4,9,-3.877573586,0.009671128,0.423612943
1734523534.448765755,5,0,-2.293381386,-2.355111710,-0.012926492
1734523534.448765755,5,1,0.181072737,-2.684111769,0.554996636
1734523534.448765755,5,2,-3.096273913,0.089586176,0.637203466
1734523534.448765755,5,3,-2.382512509,-4.780480797,0.087488872
1734523534.448765755,5,4,-5.924049451,-2.930123590,0.034065685
1734523534.448765755,5,5,3.997869738,3.999491465,2.000000000
1734523534.448765755,5,6,-5.740791340,-5.644037077,0.071858015
1734523534.448765755,5,7,-5.312160514,0.634625888,0.496764408
1734523534.448765755,5,8,0.141670452,-5.435133065,0.510666205
1734523534.448765755,5,9,-5.154266834,-1.457582117,0.744121953
1734523534.508765697,6,0,3.569699552,3.541020201,0.047194477
1734523534.508765697,6,1,6.430871883,3.219992091,0.036279952
1734523534.508765697,6,2,2.920349832,5.962048380,0.033920803
1734523534.508765697,6,3,2.261358641,-0.427229712,0.453919261
1734523534.508765697,6,4,0.192346992,2.337890745,0.443525111
1734523534.508765697,6,5,5.574782600,5.598028193,0.068025577
1734523534.508765697,6,6,-3.996298119,-3.999653747,2.000000000
1734523534.508765697,6,7,-0.328823920,4.808275048,0.579532186
1734523534.508765697,6,8,4.748097791,-0.316907575,0.613580557
1734523534.508765697,6,9,-3.685316775,3.659856615,-0.011990329
1734523534.568765879,7,0,1.864956270,-1.871320066,-0.015112956
1734523534.568765879,7,1,4.366645308,-2.242970096,0.031004308
1734523534.568765879,7,2,3.036206674,0.315386493,0.494275440
1734523534.568765879,7,3,2.425912159,-5.052517914,0.068175941
1734523534.568765879,7,4,0.066648040,-1.992538849,0.453029446
1734523534.568765879,7,5,4.743894391,0.325854571,0.529453807
1734523534.568765879,7,6,-0.721177035,-4.106526853,0.762450199
1734523534.568765879,7,7,-3.997378266,3.999945623,2.000000000
1734523534.568765879,7,8,4.511854666,-4.490703985,0.051350704
1734523534.568765879,7,9,-3.385172910,-3.406651534,0.029786373
1734523534.638765812,8,0,-3.098682399,3.171751120,0.010906188
1734523534.638765812,8,1,0.185266984,1.880378618,0.560820783
1734523534.638765812,8,2,-2.896077954,5.787701137,0.030779230
1734523534.638765812,8,3,-2.688730188,-0.125767292,0.601817200
1734523534.638765812,8,4,-4.835357598,2.317585310,0.077989238
1734523534.638765812,8,5,0.086417910,5.117778781,0.456791577
1734523534.638765812,8,6,-4.776738740,-0.692057951,0.536128627
1734523534.638765812,8,7,-5.591479968,5.561812121,-0.040755748
1734523534.638765812,8,8,3.998848484,-3.999643063,2.000000000
1734523534.638765812,8,9,-5.157164652,1.390359510,0.773660506
1734523534.698765755,9,0,1.502865383,0.162582994,0.502550597
1734523534.698765755,9,1,4.043553480,-0.015046134,0.712243570
1734523534.698765755,9,2,5.580626318,2.832122997,0.039938152
1734523534.698765755,9,3,3.869321264,-2.024766688,0.064445537
1734523534.698765755,9,4,3.746978492,0.035241222,0.481565441
1734523534.698765755,9,5,4.831855139,1.858367388,0.762989207
1734523534.698765755,9,6,3.779007600,-3.389568570,0.003283798
1734523534.698765755,9,7,3.041768636,3.026427355,-0.015204692
1734523534.698765755,9,8,4.685778236,-2.078156393,0.814588801
1734523534.698765755,9,9,-7.992111897,-0.000070882,2.000000000
1734523534.768765688,0,0,0.004728480,-0.000051732,2.000000000
1734523534.768765688,0,1,4.205345441,-0.040182051,0.318983335
1734523534.768765688,0,2,0.068349555,3.761085858,0.167031852
1734523534.768765688,0,3,-0.173777921,-4.006899184,0.286866002
1734523534.768765688,0,4,-3.882137802,0.074204690,0.302701927
1734523534.768765688,0,5,3.980925291,3.770885393,-0.083596308
1734523534.768765688,0,6,-4.050049792,-4.061959008,-0.008027050
1734523534.768765688,0,7,-4.119616356,4.084577668,-0.014830484
1734523534.768765688,0,8,4.132188394,-4.100965950,0.002056250
1734523534.768765688,0,9,-8.238983815,-0.157901474,0.159775747
1734523534.828765869,1,0,-2.918024114,0.091075557,0.133350777
1734523534.828765869,1,1,3.995507107,0.000108574,2.000000000
1734523534.828765869,1,2,-4.827350800,4.392406253,-0.059837494
1734523534.828765869,1,3,-4.295227266,-4.291633643,0.019411870
1734523534.828765869,1,4,-5.484123663,-0.010171898,0.233792268
1734523534.828765869,1,5,-0.274487585,4.211573460,0.340086774
1734523534.828765869,1,6,-7.700940045,-3.900486558,-0.033230916
1734523534.828765869,1,7,-6.229459391,3.097294566,0.032921182
1734523534.828765869,1,8,-0.138840620,-4.436067345,0.398430272
1734523534.828765869,1,9,-8.104052756,0.099559245,0.545839104
1734523534.898765802,2,0,-0.098927456,-2.585464845,0.275380766
1734523534.898765802,2,1,3.683635916,-4.021296179,0.030741041
1734523534.898765802,2,2,0.004282735,3.997370441,2.000000000
1734523534.898765802,2,3,-0.097513041,-4.859029564,0.227886991
1734523534.898765802,2,4,-3.734959280,-3.740723834,0.036916052
1734523534.898765802,2,5,4.336103845,0.070619666,0.468861673
1734523534.898765802,2,6,-2.947271047,-5.930545070,0.082462293
1734523534.898765802,2,7,-4.171695121,0.181560480,0.174261319
1734523534.898765802,2,8,3.050141457,-6.251776729,-0.000648253
1734523534.898765802,2,9,-7.767422799,-3.932173418,-0.002164116
1734523534.958765745,3,0,-0.093142529,2.377095607,0.320427143
1734523534.958765745,3,1,3.362939699,3.347851796,-0.009779817
1734523534.958765745,3,2,0.100931988,5.807088225,0.250229168
1734523534.958765745,3,3,0.002276125,-3.998536554,2.000000000
1734523534.958765745,3,4,-3.542423821,3.586733025,0.009070372
1734523534.958765745,3,5,3.871368872,7.867666100,-0.005818052
1734523534.958765745,3,6,-4.199692114,-0.293062806,0.216456285
1734523534.958765745,3,7,-3.142450635,6.301557659,-0.040441948
1734523534.958765745,3,8,4.062559655,0.146848460,0.186805048
1734523534.958765745,3,9,-7.263025741,3.652430704,-0.029726914
1734523535.018765688,4,0,2.920312824,-0.007706065,0.367340651
1734523535.018765688,4,1,5.431336087,-0.035771636,0.345927396
1734523535.018765688,4,2,3.365038344,3.362118280,0.044371374
1734523535.018765688,4,3,3.660865132,-3.611422484,0.013772953
1734523535.018765688,4,4,-3.984297001,-0.000025914,2.000000000
1734523535.018765688,4,5,6.291128454,3.162259552,-0.029852026
1734523535.018765688,4,6,-0.073799342,-3.954579688,0.306573146
1734523535.018765688,4,7,-0.087721696,4.094853437,0.261123559
1734523535.018765688,4,8,6.639729581,-3.368918762,-0.021457689
1734523535.018765688,4,9,-3.450658337,0.037814110,0.313757980
1734523535.088765860,5,0,-3.025636903,-3.060127803,-0.010149480
1734523535.088765860,5,1,-0.075345167,-3.027795962,0.136199456
1734523535.088765860,5,2,-4.281006267,-0.375184096,0.284362009
1734523535.088765860,5,3,-2.914894221,-5.835846014,0.053680925
1734523535.088765860,5,4,-7.094438719,-3.517319151,-0.044683507
1734523535.088765860,5,5,3.994155060,3.998410796,2.000000000
1734523535.088765860,5,6,-5.990349816,-5.904992495,-0.032350835
1734523535.088765860,5,7,-5.643324162,0.110366878,0.241367162
1734523535.088765860,5,8,-0.381421411,-6.365644915,0.295203452
1734523535.088765860,5,9,-3.916257008,-1.864577722,0.744121953
1734523535.148765802,6,0,3.868291558,3.901649400,0.033775861
1734523535.148765802,6,1,7.534576069,3.796618173,-0.004630604
1734523535.148765802,6,2,3.509552690,6.959035361,-0.022852041
1734523535.148765802,6,3,3.010281777,0.099166896,0.326394811
1734523535.148765802,6,4,0.243580031,3.337465765,0.107104485
1734523535.148765802,6,5,6.603597385,6.510720017,0.113639888
1734523535.148765802,6,6,-3.992179425,-3.998798426,2.000000000
1734523535.148765802,6,7,0.166958018,5.240130093,0.322322538
1734523535.148765802,6,8,5.772769808,0.141354109,0.219037080
1734523535.148765802,6,9,-4.055217108,4.061392394,0.007685715
1734523535.218765736,7,0,3.420761229,-3.454879760,-0.046642786
1734523535.218765736,7,1,5.593947105,-2.804527602,-0.043987135
1734523535.218765736,7,2,3.974014249,-0.238161254,0.252666653
1734523535.218765736,7,3,3.706952123,-7.280410570,0.007049423
1734523535.218765736,7,4,0.466464107,-2.514135570,0.195231337
1734523535.218765736,7,5,5.435982873,-0.140078416,0.111289717
1734523535.218765736,7,6,-0.144317452,-4.675290471,0.394278807
1734523535.218765736,7,7,-3.993361406,3.999664475,2.000000000
1734523535.218765736,7,8,4.927804823,-4.975164232,-0.057730175
1734523535.218765736,7,9,-3.947070217,-3.973371064,0.023021176
1734523535.278765678,8,0,-3.818580392,3.809620221,-0.012819824
1734523535.278765678,8,1,-0.236151527,2.993549945,0.294003981
1734523535.278765678,8,2,-3.157634011,6.280579616,0.028436749
1734523535.278765678,8,3,-3.773097622,0.483997609,0.239036001
1734523535.278765678,8,4,-7.265770451,3.645509556,-0.023773143
1734523535.278765678,8,5,-0.214384693,6.201097362,0.213618141
1734523535.278765678,8,6,-5.475831262,-0.371076307,0.240835383
1734523535.278765678,8,7,-7.286432594,7.318454658,-0.067320541
1734523535.278765678,8,8,3.995655560,-3.998381667,2.000000000
1734523535.278765678,8,9,-4.457529748,1.734353911,0.501453312
1734523535.348765850,9,0,3.270050636,0.033373078,0.350776909
1734523535.348765850,9,1,4.067928016,0.081334627,0.396771196
1734523535.348765850,9,2,6.823737541,3.360783702,-0.060760325
1734523535.348765850,9,3,5.955362079,-3.006051427,0.021538747
1734523535.348765850,9,4,5.232832827,-0.047841979,0.078604948
1734523535.348765850,9,5,5.093759355,1.563273114,0.503191752
1734523535.348765850,9,6,3.935819149,-3.925059746,-0.008280280
1734523535.348765850,9,7,3.812673595,3.317340619,0.078407009
1734523535.348765850,9,8,4.986062149,-1.519956707,0.534021849
1734523535.348765850,9,9,-7.983966009,-0.000288070,2.000000000
1734523535.418765783,0,0,0.008124882,-0.000121120,2.000000000
1734523535.418765783,0,1,4.201333643,-0.002686436,0.031773003
1734523535.418765783,0,2,0.197864118,3.802387520,0.052114968
1734523535.418765783,0,3,-0.071039030,-3.937667874,0.076131994
1734523535.418765783,0,4,-4.114712704,-0.012874268,0.041339606
1734523535.418765783,0,5,3.957840883,3.875575720,-0.001872781
1734523535.418765783,0,6,-4.006528860,-4.028920217,0.010161161
1734523535.418765783,0,7,-4.054033387,4.072388935,0.006541206
1734523535.418765783,0,8,4.125727076,-4.173188999,0.014458078
1734523535.418765783,0,9,-7.984602045,-0.108236531,0.041337067
1734523535.478765726,1,0,-3.126271200,0.031208965,0.124737804
1734523535.478765726,1,1,3.987616570,0.000334380,2.000000000
1734523535.478765726,1,2,-4.228618941,4.236719126,-0.001115429
1734523535.478765726,1,3,-4.581378844,-4.480267930,0.054575167
1734523535.478765726,1,4,-5.625430839,0.085093366,0.058404733
1734523535.478765726,1,5,-0.340899667,4.126234311,0.027072622
1734523535.478765726,1,6,-7.538475534,-3.787066076,-0.004098753
1734523535.478765726,1,7,-7.025967771,3.498885173,-0.052926068
1734523535.478765726,1,8,-0.420358382,-4.373510078,0.253569939
1734523535.478765726,1,9,-8.054971280,-0.047480482,0.183555490
1734523535.548765659,2,0,0.032379012,-2.946920117,0.062264149
1734523535.548765659,2,1,3.889823010,-3.855757707,-0.019559937
1734523535.548765659,2,2,0.009044778,3.993427060,2.000000000
1734523535.548765659,2,3,-0.132621096,-4.744380802,0.100784062
1734523535.548765659,2,4,-4.013989861,-4.026342428,-0.024365224
1734523535.548765659,2,5,4.332312806,0.002071322,0.166934754
1734523535.548765659,2,6,-3.350517347,-6.771307500,-0.061215308
1734523535.548765659,2,7,-4.169052569,-0.017355471,0.031595526
1734523535.548765659,2,8,3.345729018,-6.599195390,-0.024413690
1734523535.548765659,2,9,-8.029571601,-3.970389140,0.013582877
1734523535.608765841,3,0,-0.183930928,3.223018671,0.034740642
1734523535.608765841,3,1,3.938441163,3.986149804,-0.021820626
1734523535.608765841,3,2,0.053524301,5.735111463,0.177812647
1734523535.608765841,3,3,0.005134072,-3.995649494,2.000000000
1734523535.608765841,3,4,-3.604206231,3.671222771,0.014853504
1734523535.608765841,3,5,4.001526995,7.945237301,0.010246879
1734523535.608765841,3,6,-4.077781513,-0.178873977,0.085272693
1734523535.608765841,3,7,-3.389882939,6.846096346,-0.042634061
1734523535.608765841,3,8,4.164602430,0.299835172,-0.043922543
1734523535.608765841,3,9,-7.491796050,3.715514334,-0.023407365
1734523535.668765783,4,0,3.368939860,0.039509465,0.114821426
1734523535.668765783,4,1,5.491974464,0.031083942,0.138191622
1734523535.668765783,4,2,3.546819117,3.526092846,-0.036181183
1734523535.668765783,4,3,3.672228239,-3.701023979,-0.048676023
1734523535.668765783,4,4,-3.987360098,-0.000178868,2.000000000
1734523535.668765783,4,5,6.403949048,3.214255672,0.017222511
1734523535.668765783,4,6,-0.021303908,-3.943965436,0.128049190
1734523535.668765783,4,7,0.102075676,4.108495098,0.197151679
1734523535.668765783,4,8,6.725384172,-3.397421093,0.043534248
1734523535.668765783,4,9,-3.278290508,0.117384983,0.107921128
1734523535.738765717,5,0,-3.355687904,-3.317150480,0.023514435
1734523535.738765717,5,1,-0.331418959,-3.500117022,-0.023585996
1734523535.738765717,5,2,-4.614276099,-0.380364535,0.180371216
1734523535.738765717,5,3,-3.377583604,-6.782636759,0.011833261
1734523535.738765717,5,4,-7.370117884,-3.658926550,0.030413934
1734523535.738765717,5,5,3.987956901,3.996370065,2.000000000
1734523535.738765717,5,6,-6.761109814,-6.793064560,0.031190996
1734523535.738765717,5,7,-6.083672043,-0.002351668,-0.042379990
1734523535.738765717,5,8,-0.389417806,-7.145215954,0.183693475
1734523535.738765717,5,9,-4.798428932,-1.786118138,0.424532128
1734523535.798765659,6,0,4.069516427,4.063952100,-0.003874978
1734523535.798765659,6,1,7.274136658,3.584567403,0.021986653
1734523535.798765659,6,2,3.373935836,6.857049145,-0.009357777
1734523535.798765659,6,3,3.837978303,0.219124169,0.289228179
1734523535.798765659,6,4,0.348871743,3.920390523,0.018710152
1734523535.798765659,6,5,5.875074552,5.878312435,-0.072791045
1734523535.798765659,6,6,-3.985848572,-3.997279745,2.000000000
1734523535.798765659,6,7,0.179955667,5.604810560,0.279349349
1734523535.798765659,6,8,6.328734292,0.195064420,0.016989002
1734523535.798765659,6,9,-3.939460601,4.406205374,-0.031297608
1734523535.868765831,7,0,3.933178597,-3.925775426,0.016628318
1734523535.868765831,7,1,7.118459458,-3.641937596,-0.031961490
1734523535.868765831,7,2,4.606082237,-0.464202763,0.386069158
1734523535.868765831,7,3,3.204733855,-6.378488780,0.013722228
1734523535.868765831,7,4,0.214010025,-3.405208920,0.030275360
1734523535.868765831,7,5,5.785352115,-0.073901986,0.027862505
1734523535.868765831,7,6,0.140790287,-5.141941847,0.071480413
1734523535.868765831,7,7,-3.986398492,3.998741627,2.000000000
1734523535.868765831,7,8,5.330427514,-5.288659190,-0.042070637
1734523535.868765831,7,9,-4.051478286,-4.078883199,0.022412545
1734523535.928765774,8,0,-3.806530425,3.834633028,0.012370357
1734523535.928765774,8,1,-0.188757567,3.394243779,0.268622727
1734523535.928765774,8,2,-3.356412150,6.729107396,-0.005160056
1734523535.928765774,8,3,-4.214620007,0.458701224,0.024366588
1734523535.928765774,8,4,-7.387173396,3.717824542,0.045590890
1734523535.928765774,8,5,-0.137607031,6.866851585,0.155738771
1734523535.928765774,8,6,-5.976149279,-0.053982695,0.218723040
1734523535.928765774,8,7,-7.209620105,7.213245970,-0.091108532
1734523535.928765774,8,8,3.989708924,-3.995785581,2.000000000
1734523535.928765774,8,9,-4.674809213,1.881100874,0.304712087
1734523535.998765707,9,0,4.708886195,0.023805866,0.058246490
1734523535.998765707,9,1,4.092089017,0.006615930,0.169758206
1734523535.998765707,9,2,6.943659936,3.491700950,-0.043677289
1734523535.998765707,9,3,6.208044386,-3.152106876,-0.065919924
1734523535.998765707,9,4,5.945471910,-0.059286659,0.043514509
1734523535.998765707,9,5,5.292451097,1.371286654,0.293036995
1734523535.998765707,9,6,4.135245839,-4.139203987,0.011323756
1734523535.998765707,9,7,3.901201348,3.845311075,0.009294301
1734523535.998765707,9,8,5.136243529,-1.597693875,0.213607752
1734523535.998765707,9,9,-7.969564859,-0.000780335,2.000000000
1734523536.058765650,0,0,0.012399339,-0.000247234,2.000000000
1734523536.058765650,0,1,4.065723384,0.121396470,0.004231731
1734523536.058765650,0,2,0.071047247,3.824466498,-0.065993400
1734523536.058765650,0,3,-0.103736525,-4.037177809,-0.080750159
1734523536.058765650,0,4,-4.032745284,-0.005177759,0.082794055
1734523536.058765650,0,5,3.887649075,3.909426744,0.002058409
1734523536.058765650,0,6,-4.122020178,-4.089440706,0.014413951
1734523536.058765650,0,7,-4.044423667,4.068901130,0.022923041
1734523536.058765650,0,8,4.039951608,-4.066379598,-0.013663589
1734523536.058765650,0,9,-8.127739359,-0.190629390,-0.007279496
1734523536.128765821,1,0,-3.390024800,0.097526076,0.092988824
1734523536.128765821,1,1,3.975307335,0.000555736,2.000000000
1734523536.128765821,1,2,-4.479390609,4.447828587,0.004333736
1734523536.128765821,1,3,-4.510415349,-4.553198679,0.009912273
1734523536.128765821,1,4,-7.026701467,0.008958261,-0.058099036
1734523536.128765821,1,5,-0.074148767,4.156310149,0.102365948
1734523536.128765821,1,6,-7.965925795,-3.958438294,-0.023042692
1734523536.128765821,1,7,-7.385194938,3.734963047,-0.063308668
1734523536.128765821,1,8,-0.452441370,-4.527568309,0.173113640
1734523536.128765821,1,9,-8.033260429,-0.033403706,0.121533670
1734523536.188765764,2,0,0.061300259,-3.401672903,0.096348234
1734523536.188765764,2,1,3.867923441,-3.876001271,-0.000992252
1734523536.188765764,2,2,0.015658868,3.987340416,2.000000000
1734523536.188765764,2,3,0.040479349,-5.803592778,-0.072972148
1734523536.188765764,2,4,-4.204835085,-4.191396102,0.005954450
1734523536.188765764,2,5,4.264223001,-0.129176354,0.037675054
1734523536.188765764,2,6,-3.477163782,-7.051523497,0.048510595
1734523536.188765764,2,7,-4.272345308,-0.232516764,-0.048745329
1734523536.188765764,2,8,3.618398757,-7.124692950,-0.041466142
1734523536.188765764,2,9,-8.108020781,-4.161689944,0.005226377
1734523536.258765697,3,0,-0.114459372,3.593714698,0.150966319
1734523536.258765697,3,1,4.053011510,4.095148301,0.021986015
1734523536.258765697,3,2,-0.104850492,6.331139192,0.136303263
1734523536.258765697,3,3,0.009797314,-3.990185489,2.000000000
1734523536.258765697,3,4,-3.940656967,3.976512823,0.018292147
1734523536.258765697,3,5,4.052530301,8.103412277,0.037473426
1734523536.258765697,3,6,-4.126736848,0.095121200,0.044222400
1734523536.258765697,3,7,-3.490610030,7.077741688,0.027452152
1734523536.258765697,3,8,3.952354960,0.486134854,-0.047382582
1734523536.258765697,3,9,-7.540246290,3.702879669,-0.097832407
1734523536.318765879,4,0,3.689731831,0.050307366,0.162951376
1734523536.318765879,4,1,5.710359769,0.067934554,0.085374225
1734523536.318765879,4,2,3.711191892,3.648498293,-0.018051575
1734523536.318765879,4,3,3.881121687,-3.922906530,-0.029098404
1734523536.318765879,4,4,-3.994159647,-0.000639816,2.000000000
1734523536.318765879,4,5,7.309526653,3.627628958,0.023606807
1734523536.318765879,4,6,-0.132065177,-3.823238480,-0.005536188
1734523536.318765879,4,7,0.151408642,4.148462308,0.005212514
1734523536.318765879,4,8,7.181283282,-3.634707161,-0.038694806
1734523536.318765879,4,9,-3.323139348,0.092120571,0.096481296
1734523536.378765821,5,0,-3.778450074,-3.764429298,-0.012661662
1734523536.378765821,5,1,-0.235282730,-4.098312828,-0.054922840
1734523536.378765821,5,2,-5.174361025,-0.311214166,0.091838979
1734523536.378765821,5,3,-3.589163624,-7.255751707,-0.030817566
1734523536.378765821,5,4,-8.070511153,-4.100931739,0.014434409
1734523536.378765821,5,5,3.979040323,3.993221984,2.000000000
1734523536.378765821,5,6,-7.118261524,-7.104562236,-0.030032295
1734523536.378765821,5,7,-6.343680911,-0.235252878,0.085762557
1734523536.378765821,5,8,-0.229642896,-7.923084299,0.129206382
1734523536.378765821,5,9,-4.718992555,-1.831561271,0.299845558
1734523536.448765755,6,0,4.217823275,4.253368687,0.009646597
1734523536.448765755,6,1,7.777555144,3.968440694,0.074814092
1734523536.448765755,6,2,3.907828286,7.882986644,0.005335005
1734523536.448765755,6,3,4.103974487,0.213398712,0.243023424
1734523536.448765755,6,4,0.312318780,4.306555050,0.155287799
1734523536.448765755,6,5,7.061707962,6.933204964,0.046145189
1734523536.448765755,6,6,-3.976122327,-3.994782499,2.000000000
1734523536.448765755,6,7,0.065959482,5.737811210,0.236560236
1734523536.448765755,6,8,6.965736844,0.142460881,-0.045388705
1734523536.448765755,6,9,-4.268429206,4.235644793,0.002505636
1734523536.508765697,7,0,3.968178815,-4.000904951,-0.020740810
1734523536.508765697,7,1,7.313987384,-3.705090281,0.013770755
1734523536.508765697,7,2,4.200017398,-0.140435012,0.221312089
1734523536.508765697,7,3,3.991640634,-7.868555824,-0.012129558
1734523536.508765697,7,4,0.171615763,-4.195898975,-0.049497700
1734523536.508765697,7,5,6.290615528,0.086966706,0.050081507
1734523536.508765697,7,6,0.107003577,-5.708456570,0.161846281
1734523536.508765697,7,7,-3.977536163,3.997250546,2.000000000
1734523536.508765697,7,8,5.940273713,-5.888126775,0.108033222
1734523536.508765697,7,9,-4.058833192,-4.071071291,-0.031863957
1734523536.568765879,8,0,-3.947471084,3.991474638,-0.011801262
1734523536.568765879,8,1,-0.055999100,3.622124806,0.074075786
1734523536.568765879,8,2,-3.896303673,7.812332175,0.017818522
1734523536.568765879,8,3,-4.347313909,0.467454357,-0.005647758
1734523536.568765879,8,4,-7.673591950,3.715661405,0.137336007
1734523536.568765879,8,5,-0.135825379,7.612975030,-0.000669251
1734523536.568765879,8,6,-6.323848115,-0.018432693,0.131706297
1734523536.568765879,8,7,-7.508558495,7.547350997,0.026781888
1734523536.568765879,8,8,3.981136636,-3.991792305,2.000000000
1734523536.568765879,8,9,-5.224123701,1.956342896,0.263846639
1734523536.638765812,9,0,6.205258422,0.083561020,-0.022269934
1734523536.638765812,9,1,4.123619962,0.098272289,0.189820563
1734523536.638765812,9,2,7.620383868,3.553417760,-0.087495254
1734523536.638765812,9,3,6.542175075,-3.170187435,-0.114861767
1734523536.638765812,9,4,5.784969151,0.067956480,-0.012195292
1734523536.638765812,9,5,5.389905087,1.410624598,0.191349652
1734523536.638765812,9,6,4.234514233,-4.178526150,0.016034130
1734523536.638765812,9,7,4.140975719,4.141792718,-0.028181596
1734523536.638765812,9,8,5.310270227,-1.418801893,0.069682980
1734523536.638765812,9,9,-7.947363880,-0.001599181,2.000000000
1734523536.698765755,0,0,0.017610650,-0.000465169,2.000000000
1734523536.698765755,0,1,4.125641052,0.151199402,-0.027156817
1734523536.698765755,0,2,-0.097554337,3.898035237,0.029501466
1734523536.698765755,0,3,0.081659690,-4.123045817,-0.120060068
1734523536.698765755,0,4,-4.088879953,-0.061739570,0.061137682
1734523536.698765755,0,5,3.903054765,3.888849665,-0.020463175
1734523536.698765755,0,6,-4.057709334,-4.057292531,0.014450718
1734523536.698765755,0,7,-4.082801151,4.017170167,-0.015847946
1734523536.698765755,0,8,3.963020708,-3.930426919,-0.029727344
1734523536.698765755,0,9,-8.186372859,0.003938310,-0.005003224
1734523536.758765697,1,0,-3.544441991,0.185539902,0.111134810
1734523536.758765697,1,1,3.958184690,0.000746712,2.000000000
1734523536.758765697,1,2,-4.264762116,4.257950420,0.019116654
1734523536.758765697,1,3,-4.113942777,-4.095564293,0.052390399
1734523536.758765697,1,4,-6.352896407,0.116457099,0.099532794
1734523536.758765697,1,5,-0.085930069,4.325218723,-0.079083270
1734523536.758765697,1,6,-7.807308318,-3.920218984,-0.034506235
1734523536.758765697,1,7,-7.820306949,3.951438028,-0.028828402
1734523536.758765697,1,8,-0.220250527,-4.533610688,0.204778522
1734523536.758765697,1,9,-7.969729143,0.072146802,0.103178872
1734523536.828765869,2,0,0.001489593,-3.648906399,-0.050645732
1734523536.828765869,2,1,3.859589019,-3.931363734,0.009191096
1734523536.828765869,2,2,0.024270505,3.978806888,2.000000000
1734523536.828765869,2,3,-0.096793531,-5.819241426,-0.080895442
1734523536.828765869,2,4,-4.059292110,-4.101102318,0.014046732
1734523536.828765869,2,5,4.350462369,-0.176808049,0.080057498
1734523536.828765869,2,6,-3.622353868,-7.366175275,-0.019966370
1734523536.828765869,2,7,-4.044756910,-0.104582215,0.133299092
1734523536.828765869,2,8,3.759133433,-7.523800204,-0.027379503
1734523536.828765869,2,9,-8.249860516,-4.054982726,-0.013313598
1734523536.888765812,3,0,0.031339170,3.799907272,0.090482507
1734523536.888765812,3,1,4.068188932,4.039080823,0.016072898
1734523536.888765812,3,2,-0.028163983,6.095524967,-0.077429980
1734523536.888765812,3,3,0.016472238,-3.981638145,2.000000000
1734523536.888765812,3,4,-4.052125323,4.053621865,0.005038966
1734523536.888765812,3,5,4.067442057,8.196273410,-0.013709405
1734523536.888765812,3,6,-4.100775784,0.071769648,-0.095909072
1734523536.888765812,3,7,-4.014012423,7.968969186,0.028777819
1734523536.888765812,3,8,3.933545783,0.459586644,-0.067670825
1734523536.888765812,3,9,-7.777814530,3.859240252,-0.053673835
1734523536.948765755,4,0,3.828041226,0.076327973,-0.015564544
1734523536.948765755,4,1,6.078957908,-0.043116409,0.102571664
1734523536.948765755,4,2,3.821008296,3.844631422,0.026936086
1734523536.948765755,4,3,3.958474559,-3.972892114,-0.019959585
1734523536.948765755,4,4,-4.012513590,-0.001758074,2.000000000
1734523536.948765755,4,5,7.715038720,3.881923974,0.049317475
1734523536.948765755,4,6,-0.205113595,-3.912961768,-0.068639253
1734523536.948765755,4,7,0.185261875,4.194656398,0.049537115
1734523536.948765755,4,8,7.366106716,-3.696144468,-0.011301644
1734523536.948765755,4,9,-3.506114602,-0.017114954,0.017661574
1734523537.018765688,5,0,-3.908042802,-3.908780114,0.034723360
1734523537.018765688,5,1,-0.327110935,-4.373939872,-0.265444092
1734523537.018765688,5,2,-4.808824907,-0.213327452,0.036200184
1734523537.018765688,5,3,-3.792155937,-7.708941831,-0.057864019
1734523537.018765688,5,4,-7.429859221,-3.773675279,-0.029527241
1734523537.018765688,5,5,3.965867573,3.988201146,2.000000000
1734523537.018765688,5,6,-7.102468441,-7.184192893,-0.032118676
1734523537.018765688,5,7,-6.837178484,-0.005562759,-0.051017907
1734523537.018765688,5,8,-0.157499682,-8.353150955,0.083458478
1734523537.018765688,5,9,-4.628597889,-1.681412088,0.153192641
1734523537.078765869,6,0,4.151804137,4.201298444,-0.005654190
1734523537.078765869,6,1,7.520088298,3.711004512,0.021758081
1734523537.078765869,6,2,3.830524355,7.584009752,0.037352339
1734523537.078765869,6,3,4.263778756,0.035877421,0.181560398
1734523537.078765869,6,4,0.168535148,4.211071743,0.144267626
1734523537.078765869,6,5,7.289987319,7.273478714,0.000639473
1734523537.078765869,6,6,-3.961210176,-3.990851772,2.000000000
1734523537.078765869,6,7,-0.016018049,6.166442432,0.084467123
1734523537.078765869,6,8,7.420031697,0.072375107,-0.136385184
1734523537.078765869,6,9,-4.274101161,4.561944792,-0.107045918
1734523537.138765812,7,0,4.107319811,-4.129532902,0.005021333
1734523537.138765812,7,1,7.379913853,-3.626760409,0.095941745
1734523537.138765812,7,2,4.169678995,-0.211952939,0.180693622
1734523537.138765812,7,3,3.344448577,-6.994973485,-0.062610906
1734523537.138765812,7,4,0.286618420,-4.530925025,-0.018197712
1734523537.138765812,7,5,6.630355751,-0.181800162,0.032138650
1734523537.138765812,7,6,0.220781945,-6.268826522,-0.033023628
1734523537.138765812,7,7,-3.963848633,3.994594790,2.000000000
1734523537.138765812,7,8,7.230592167,-7.296031498,-0.023724299
1734523537.138765812,7,9,-4.018920154,-4.024583170,-0.007226974
1734523537.198765755,8,0,-3.917989626,3.886367256,0.009985934
1734523537.198765755,8,1,-0.196462802,3.794215181,0.093620446
1734523537.198765755,8,2,-3.974719433,7.938733217,-0.041044224
1734523537.198765755,8,3,-4.240341076,0.251312484,0.026393266
1734523537.198765755,8,4,-7.854758437,3.887236595,-0.020850950
1734523537.198765755,8,5,0.014717263,7.846853144,-0.028708229
1734523537.198765755,8,6,-6.854924088,0.121508968,0.186818798
1734523537.198765755,8,7,-7.640719168,7.626609818,0.027745598
1734523537.198765755,8,8,3.968505539,-3.985613794,2.000000000
1734523537.198765755,8,9,-5.595872698,2.118585602,0.151913145
1734523537.268765688,9,0,7.494519995,0.163317268,0.014416999
1734523537.268765688,9,1,4.129194671,0.078846073,0.189820563
1734523537.268765688,9,2,7.870902971,3.947261041,-0.005686032
1734523537.268765688,9,3,7.437481354,-3.762659714,-0.008708482
1734523537.268765688,9,4,5.164978557,0.067082791,-0.148475091
1734523537.268765688,9,5,5.429223529,1.559033356,0.035577121
1734523537.268765688,9,6,4.219032669,-4.172994039,0.000388478
1734523537.268765688,9,7,4.354693184,4.331434704,-0.006439603
1734523537.268765688,9,8,5.376706062,-1.549577944,0.015589534
1734523537.268765688,9,9,-7.917424305,-0.002734730,2.000000000
1734523537.328765869,0,0,0.023653860,-0.000891365,2.000000000
1734523537.328765869,0,1,4.223504416,0.066687525,0.049576289
1734523537.328765869,0,2,-0.036297828,4.111450580,-0.065184966
1734523537.328765869,0,3,-0.034641631,-4.175676208,-0.012388698
1734523537.328765869,0,4,-4.171575767,-0.079860862,-0.019219101
1734523537.328765869,0,5,3.913140912,3.985889863,-0.017632981
1734523537.328765869,0,6,-4.061742393,-4.052930412,0.026898199
1734523537.328765869,0,7,-3.994123089,4.012983280,0.007494109
1734523537.328765869,0,8,3.999346961,-4.038311432,0.018723161
1734523537.328765869,0,9,-8.150414136,-0.156873599,0.023277825
1734523537.398765802,1,0,-3.481059930,0.062326493,0.102768379
1734523537.398765802,1,1,3.936358008,0.000922496,2.000000000
1734523537.398765802,1,2,-4.188531729,4.192247477,0.013454689
1734523537.398765802,1,3,-4.127774036,-4.146570518,0.003027521
1734523537.398765802,1,4,-7.151907910,0.182416429,-0.069276299
1734523537.398765802,1,5,-0.020255240,4.111061722,0.027352913
1734523537.398765802,1,6,-7.950158214,-3.949049786,0.032221323
1734523537.398765802,1,7,-7.908262878,4.009235827,-0.044384799
1734523537.398765802,1,8,-0.271010158,-4.448491491,0.023303084
1734523537.398765802,1,9,-7.863000514,-0.028787953,0.147893110
1734523537.458765745,2,0,0.082206769,-3.788043160,0.099672588
1734523537.458765745,2,1,3.967328036,-4.075222768,0.005997139
1734523537.458765745,2,2,0.034995042,3.967672244,2.000000000
1734523537.458765745,2,3,0.000233622,-6.504654176,0.014198342
1734523537.458765745,2,4,-4.226538624,-4.144454646,-0.035519223
1734523537.458765745,2,5,4.244282115,-0.229703839,0.041944090
1734523537.458765745,2,6,-3.810982119,-7.646791198,0.025624367
1734523537.458765745,2,7,-4.095217401,-0.023632694,-0.006193059
1734523537.458765745,2,8,3.983882868,-7.965858361,-0.002052622
1734523537.458765745,2,9,-8.164885063,-4.048087016,-0.075930083
1734523537.518765688,3,0,0.089477950,4.060748551,-0.081620761
1734523537.518765688,3,1,4.067910836,4.045075324,0.017705164
1734523537.518765688,3,2,0.008057723,7.045331470,0.062712341
1734523537.518765688,3,3,0.025196744,-3.969853737,2.000000000
1734523537.518765688,3,4,-4.112130310,4.128322153,0.002340151
1734523537.518765688,3,5,4.140534073,8.454067967,-0.057169659
1734523537.518765688,3,6,-4.058888749,0.104348852,-0.059694800
1734523537.518765688,3,7,-4.110885880,8.215378903,0.007580065
1734523537.518765688,3,8,3.981582132,0.229637082,-0.153682160
1734523537.518765688,3,9,-7.758997921,3.806108791,-0.086739436
1734523537.578765869,4,0,3.904128831,0.035140462,-0.033731967
1734523537.578765869,4,1,6.462777107,0.169829427,0.048024921
1734523537.578765869,4,2,3.877817188,3.921078009,-0.019719611
1734523537.578765869,4,3,3.986700986,-3.947769587,-0.013608290
1734523537.578765869,4,4,-4.028062868,-0.002687204,2.000000000
1734523537.578765869,4,5,7.822994855,3.961911051,-0.014040266
1734523537.578765869,4,6,-0.162563799,-3.908262333,0.053766322
1734523537.578765869,4,7,0.247760988,4.149239281,0.048459008
1734523537.578765869,4,8,7.676106407,-3.813933949,-0.025380649
1734523537.578765869,4,9,-3.298816205,-0.133532097,0.129711445
1734523537.648765802,5,0,-3.998965775,-3.951176675,0.041862368
1734523537.648765802,5,1,-0.248406026,-4.184529777,-0.258136493
1734523537.648765802,5,2,-4.615468622,-0.075905626,0.006980005
1734523537.648765802,5,3,-4.104363669,-8.309161150,-0.024201373
1734523537.648765802,5,4,-8.188031713,-4.119701818,0.014415973
1734523537.648765802,5,5,3.948654874,3.981325385,2.000000000
1734523537.648765802,5,6,-7.178585273,-7.385283093,-0.001763914
1734523537.648765802,5,7,-7.258695005,-0.075805629,-0.162523780
1734523537.648765802,5,8,-0.016901705,-8.507074068,-0.003797209
1734523537.648765802,5,9,-4.700981380,-1.762753545,0.002680177
1734523537.708765745,6,0,4.063918784,4.143002415,0.032753110
1734523537.708765745,6,1,8.083196502,4.003187656,0.016706474
1734523537.708765745,6,2,3.934650104,7.894875175,-0.023642366
1734523537.708765745,6,3,4.324828820,0.073667329,0.185364058
1734523537.708765745,6,4,0.262611884,4.436223457,0.180359541
1734523537.708765745,6,5,7.906592142,7.864704952,0.001166060
1734523537.708765745,6,6,-3.941220087,-3.985531745,2.000000000
1734523537.708765745,6,7,0.057888548,6.684210385,0.014724668
1734523537.708765745,6,8,7.604564282,0.187411953,-0.062387584
1734523537.708765745,6,9,-4.272595253,4.190703391,-0.016499017
1734523537.768765688,7,0,4.037199770,-4.019924015,0.001787830
1734523537.768765688,7,1,7.670487620,-3.795816863,0.007336217
1734523537.768765688,7,2,4.399524485,-0.062393247,0.155581341
1734523537.768765688,7,3,4.034269074,-7.993645867,0.012693096
1734523537.768765688,7,4,0.075974224,-4.412792681,-0.035710538
1734523537.768765688,7,5,7.041936719,-0.081038144,0.094873181
1734523537.768765688,7,6,0.198872759,-6.886902011,0.089441834
1734523537.768765688,7,7,-3.945819952,3.990884168,2.000000000
1734523537.768765688,7,8,7.650275925,-7.540534940,0.054353734
1734523537.768765688,7,9,-4.032818898,-4.079026516,-0.011800373
1734523537.838765860,8,0,-3.931098885,3.874750058,0.033778584
1734523537.838765860,8,1,-0.146925528,3.957118466,0.050890598
1734523537.838765860,8,2,-4.206274985,8.125363819,0.066000265
1734523537.838765860,8,3,-4.658298373,0.046586243,0.042435172
1734523537.838765860,8,4,-7.772151648,3.867305952,-0.057534852
1734523537.838765860,8,5,-0.210069739,8.209409617,-0.039615263
1734523537.838765860,8,6,-7.029043563,0.263010055,0.127237942
1734523537.838765860,8,7,-7.922348128,7.840748484,0.028247866
1734523537.838765860,8,8,3.952081684,-3.977396864,2.000000000
1734523537.838765860,8,9,-6.279632697,2.201195795,0.173734138
1734523537.898765802,9,0,8.345990697,0.060618579,0.055175271
1734523537.898765802,9,1,4.179836900,-0.117529478,0.107211761
1734523537.898765802,9,2,8.155726009,4.104270350,0.040252561
1734523537.898765802,9,3,7.824598151,-3.903841288,0.050243604
1734523537.898765802,9,4,4.822690307,-0.037322460,-0.163663762
1734523537.898765802,9,5,5.496464249,1.618239875,-0.036058675
1734523537.898765802,9,6,4.101183503,-4.052457919,-0.016617979
1734523537.898765802,9,7,3.975748101,4.021765241,0.013140502
1734523537.898765802,9,8,5.086115800,-1.755153548,-0.009643634
1734523537.898765802,9,9,-7.879716205,-0.004182925,2.000000000
1734523537.958765745,0,0,0.030604134,-0.001734945,2.000000000
1734523537.958765745,0,1,4.121489973,0.079435460,-0.063591202
1734523537.958765745,0,2,-0.379467574,4.186247540,0.020334748
1734523537.958765745,0,3,0.063248859,-3.992256918,-0.162521487
1734523537.958765745,0,4,-3.967027130,-0.126258968,-0.077512296
1734523537.958765745,0,5,3.963711034,3.902888084,0.008907307
1734523537.958765745,0,6,-4.074975396,-4.065122937,-0.016180011
1734523537.958765745,0,7,-3.928156062,3.888067054,-0.003042860
1734523537.958765745,0,8,3.913073969,-3.885685510,-0.011089620
1734523537.958765745,0,9,-7.881404345,-0.107654380,0.041094074
1734523538.028765678,1,0,-3.590464880,0.113589829,0.172507606
1734523538.028765678,1,1,3.909947443,0.001087324,2.000000000
1734523538.028765678,1,2,-4.247888807,4.322681299,-0.065231507
1734523538.028765678,1,3,-4.150674399,-4.164122489,-0.047596304
1734523538.028765678,1,4,-6.637939219,0.205966129,-0.028392420
1734523538.028765678,1,5,-0.210902748,4.200590473,0.073974415
1734523538.028765678,1,6,-7.815954214,-3.890290124,-0.055572413
1734523538.028765678,1,7,-7.893604414,3.897379399,0.017429088
1734523538.028765678,1,8,0.106591488,-4.645436039,-0.110354710
1734523538.028765678,1,9,-7.843908118,-0.046421551,0.147893110
1734523538.098765850,2,0,0.078665374,-4.127410750,-0.013312817
1734523538.098765850,2,1,3.816554461,-3.922082461,-0.036339511
1734523538.098765850,2,2,0.047892635,3.953884949,2.000000000
1734523538.098765850,2,3,-0.260035012,-6.537067319,0.009825991
1734523538.098765850,2,4,-4.279333177,-4.153551372,-0.074840316
1734523538.098765850,2,5,4.132718531,-0.272990988,0.060224305
1734523538.098765850,2,6,-4.009666256,-7.753112026,-0.111286560
1734523538.098765850,2,7,-3.979461947,0.085124554,0.008252324
1734523538.098765850,2,8,3.936411251,-8.055777509,-0.102520260
1734523538.098765850,2,9,-8.135177863,-3.976824815,-0.092847013
1734523538.158765793,3,0,0.008733881,4.180244618,-0.088664575
1734523538.158765793,3,1,4.107671705,4.186598933,-0.049545018
1734523538.158765793,3,2,-0.137747594,6.753919205,0.053055402
1734523538.158765793,3,3,0.036014003,-3.954790339,2.000000000
1734523538.158765793,3,4,-4.322679199,4.232722785,-0.023438645
1734523538.158765793,3,5,3.967982693,8.069248319,-0.015443791
1734523538.158765793,3,6,-3.933257888,-0.041038804,0.047666093
1734523538.158765793,3,7,-4.364486067,8.331192312,-0.028696612
1734523538.158765793,3,8,3.757981094,0.255679349,-0.116770395
1734523538.158765793,3,9,-7.705151729,3.893271590,-0.051413215
1734523538.228765726,4,0,4.172098782,0.115455742,0.107005907
1734523538.228765726,4,1,6.699302281,0.105162231,-0.033285836
1734523538.228765726,4,2,3.774784010,3.957627566,-0.022568057
1734523538.228765726,4,3,4.140423115,-4.001414030,0.002173755
1734523538.228765726,4,4,-4.055311364,-0.004332010,2.000000000
1734523538.228765726,4,5,7.688306244,4.082743131,-0.056333975
1734523538.228765726,4,6,-0.009534107,-3.760897186,-0.106280553
1734523538.228765726,4,7,0.043710222,4.327317720,-0.046805837
1734523538.228765726,4,8,7.753802841,-3.726134667,0.031500608
1734523538.228765726,4,9,-3.027856390,-0.057602557,0.051723109
1734523538.288765669,5,0,-3.889887327,-4.027047108,-0.000719047
1734523538.288765669,5,1,-0.298026609,-4.190732575,-0.196672388
1734523538.288765669,5,2,-4.628856773,-0.036195660,-0.018603358
1734523538.288765669,5,3,-3.925196064,-8.122207967,0.052913507
1734523538.288765669,5,4,-7.407575366,-3.844353729,0.051713028
1734523538.288765669,5,5,3.927255599,3.972605897,2.000000000
1734523538.288765669,5,6,-7.053780442,-7.368684825,0.010191082
1734523538.288765669,5,7,-7.273101990,0.062638661,-0.058619104
1734523538.288765669,5,8,0.044825719,-8.538524650,0.047829378
1734523538.288765669,5,9,-4.879081469,-1.951231696,-0.017594386
1734523538.348765850,6,0,3.981656479,4.034449724,0.030390476
1734523538.348765850,6,1,7.452296938,3.811614659,0.027562136
1734523538.348765850,6,2,3.669681436,7.660819840,0.016230704
1734523538.348765850,6,3,4.402812039,0.064517387,0.102506148
1734523538.348765850,6,4,0.102709323,4.559863684,-0.006225986
1734523538.348765850,6,5,7.480617849,7.583818320,-0.054990941
1734523538.348765850,6,6,-3.915169889,-3.978533954,2.000000000
1734523538.348765850,6,7,-0.004628906,7.183885868,-0.151537689
1734523538.348765850,6,8,7.838323263,0.249433944,0.117662956
1734523538.348765850,6,9,-4.139624856,4.019029292,-0.044385690
1734523538.408765793,7,0,4.123153309,-4.049266676,0.010824116
1734523538.408765793,7,1,8.072543113,-3.864053505,0.006894087
1734523538.408765793,7,2,4.400715376,-0.162071161,-0.001315796
1734523538.408765793,7,3,3.712372850,-7.239800022,0.005281785
1734523538.408765793,7,4,0.101765316,-4.487230371,0.016998285
1734523538.408765793,7,5,7.220881161,-0.028290919,-0.058011054
1734523538.408765793,7,6,0.295382339,-7.545963416,0.047729274
1734523538.408765793,7,7,-3.923187553,3.986135291,2.000000000
1734523538.408765793,7,8,7.764850596,-7.816104519,0.100026351
1734523538.408765793,7,9,-3.919022636,-4.055058248,0.013426596
1734523538.468765736,8,0,-4.068926537,3.991502732,0.030612048
1734523538.468765736,8,1,-0.074049073,4.293019098,0.093854008
1734523538.468765736,8,2,-4.419457747,8.209069038,-0.031199016
1734523538.468765736,8,3,-4.279592916,0.178395747,-0.101190781
1734523538.468765736,8,4,-7.885586489,3.819538885,-0.028939844
1734523538.468765736,8,5,-0.130692398,8.497161789,0.099716228
1734523538.468765736,8,6,-7.234022326,0.148822776,0.074980236
1734523538.468765736,8,7,-7.735808532,7.527181158,-0.001153870
1734523538.468765736,8,8,3.931659375,-3.967046566,2.000000000
1734523538.468765736,8,9,-6.951209321,2.222194612,0.169367198
1734523538.538765669,9,0,8.731367647,-0.021548033,-0.083233632
1734523538.538765669,9,1,4.153770091,0.116752156,0.114435905
1734523538.538765669,9,2,7.876977724,4.012641865,-0.034417908
1734523538.538765669,9,3,7.722779049,-3.812316259,0.012807077
1734523538.538765669,9,4,5.152354480,0.067296665,-0.041063865
1734523538.538765669,9,5,5.578855130,1.645084868,-0.042949033
1734523538.538765669,9,6,4.392707681,-4.173837526,0.080965982
1734523538.538765669,9,7,4.030260519,4.142930922,-0.007858196
1734523538.538765669,9,8,5.172183877,-1.620030630,-0.013620655
1734523538.538765669,9,9,-7.834121573,-0.005946900,2.000000000
1734523538.598765850,0,0,0.038688386,-0.003052586,2.000000000
1734523538.598765850,0,1,4.029023054,0.077156065,-0.104028762
1734523538.598765850,0,2,0.161561305,4.182794311,-0.214809690
1734523538.598765850,0,3,-0.095566615,-3.983135149,0.016274280
1734523538.598765850,0,4,-3.890825151,-0.057233465,0.041157479
1734523538.598765850,0,5,3.943390214,3.918035597,0.010933344
1734523538.598765850,0,6,-4.044336107,-4.084533304,-0.017207354
1734523538.598765850,0,7,-3.987922931,4.030665430,-0.020861015
1734523538.598765850,0,8,4.152387051,-4.111096088,0.008924099
1734523538.598765850,0,9,-8.130742286,0.020534424,0.112816554
1734523538.658765793,1,0,-3.635633756,0.123949895,0.021095859
1734523538.658765793,1,1,3.878913605,0.001246335,2.000000000
1734523538.658765793,1,2,-4.049339250,4.058674027,-0.013365315
1734523538.658765793,1,3,-4.171499531,-4.194827710,0.013266640
1734523538.658765793,1,4,-7.653262644,0.057191170,-0.049781861
1734523538.658765793,1,5,0.087114010,4.189274501,0.027496244
1734523538.658765793,1,6,-8.008260865,-4.017474416,-0.115267395
1734523538.658765793,1,7,-7.981956823,3.986323008,-0.058477283
1734523538.658765793,1,8,-0.123249325,-4.205255089,0.075407655
1734523538.658765793,1,9,-7.826170170,-0.062858972,0.147893110
1734523538.718765736,2,0,-0.045117432,-4.007113422,0.016873369
1734523538.718765736,2,1,3.871270757,-4.153820696,-0.076799223
1734523538.718765736,2,2,0.062914601,3.937537238,2.000000000
1734523538.718765736,2,3,-0.283875023,-7.300494929,-0.076135343
1734523538.718765736,2,4,-4.196216114,-3.888566660,-0.098622914
1734523538.718765736,2,5,4.325287643,-0.337765058,0.033602035
1734523538.718765736,2,6,-4.168163893,-7.721955637,-0.102342519
1734523538.718765736,2,7,-3.908284904,0.029512996,-0.053236053
1734523538.718765736,2,8,3.774162064,-8.166531073,-0.111900262
1734523538.718765736,2,9,-7.928616115,-3.677684432,-0.075702577
1734523538.778765678,3,0,-0.043377143,4.342728905,-0.136955301
1734523538.778765678,3,1,3.924367862,4.201307217,-0.040673595
1734523538.778765678,3,2,-0.115201893,7.081984551,-0.049874850
1734523538.778765678,3,3,0.048921490,-3.936502163,2.000000000
1734523538.778765678,3,4,-4.467402596,4.118020991,-0.030001341
1734523538.778765678,3,5,3.956533148,8.191494377,-0.047852175
1734523538.778765678,3,6,-3.939685726,0.023866610,-0.271351875
1734523538.778765678,3,7,-4.310277063,8.045680420,-0.058462200
1734523538.778765678,3,8,3.818301520,0.307310810,0.044059759
1734523538.778765678,3,9,-7.745957617,3.616095897,-0.053223967
1734523538.848765850,4,0,4.228810839,0.221576023,0.006912874
1734523538.848765850,4,1,6.918420566,0.166911470,0.051074623
1734523538.848765850,4,2,3.829432768,4.069781196,-0.060148539
1734523538.848765850,4,3,4.088969579,-3.775196822,-0.007041284
1734523538.848765850,4,4,-4.091384934,-0.006542359,2.000000000
1734523538.848765850,4,5,7.786340388,4.227494531,-0.033889888
1734523538.848765850,4,6,-0.011295488,-3.654648775,0.098572356
1734523538.848765850,4,7,-0.095827554,4.306718263,-0.046561963
1734523538.848765850,4,8,7.755964845,-3.576351480,0.053759804
1734523538.848765850,4,9,-3.357436162,-0.204493221,-0.035865309
1734523538.908765793,5,0,-4.016144309,-4.169805766,-0.025957667
1734523538.908765793,5,1,-0.052031016,-4.078267321,0.044368711
1734523538.908765793,5,2,-4.757780676,-0.166141890,0.024660707
1734523538.908765793,5,3,-3.707842858,-8.165611533,-0.014393364
1734523538.908765793,5,4,-7.874099611,-4.351610299,0.011501138
1734523538.908765793,5,5,3.900147348,3.961409047,2.000000000
1734523538.908765793,5,6,-7.218017146,-7.730325465,0.023692891
1734523538.908765793,5,7,-7.662257050,-0.150337365,0.097077693
1734523538.908765793,5,8,0.159756836,-8.707798954,-0.095739960
1734523538.908765793,5,9,-5.181635659,-2.101256282,0.027005382
1734523538.978765726,6,0,3.894831615,4.162545426,-0.014496714
1734523538.978765726,6,1,7.915793148,4.274792108,-0.010186722
1734523538.978765726,6,2,3.690239734,7.962999092,0.030870299
1734523538.978765726,6,3,4.279199381,0.107580139,0.091508848
1734523538.978765726,6,4,-0.033907666,4.319634893,0.071758878
1734523538.978765726,6,5,7.851849881,8.263861230,0.014130611
1734523538.978765726,6,6,-3.883090220,-3.969854504,2.000000000
1734523538.978765726,6,7,-0.083355437,7.328840985,-0.132678287
1734523538.978765726,6,8,8.117841137,0.178766779,-0.063362352
1734523538.978765726,6,9,-4.071639690,3.995936903,-0.074486605
1734523539.038765669,7,0,4.258293368,-4.005363859,0.049056275
1734523539.038765669,7,1,8.097171266,-3.716248439,0.016414139
1734523539.038765669,7,2,4.426412782,-0.075826546,-0.083738677
1734523539.038765669,7,3,4.367467569,-7.985155518,0.006312988
1734523539.038765669,7,4,-0.004725325,-4.870405976,-0.014063952
1734523539.038765669,7,5,7.483558458,0.168990315,0.120360336
1734523539.038765669,7,6,0.323831908,-8.058089132,0.042678660
1734523539.038765669,7,7,-3.894753942,3.980028634,2.000000000
1734523539.038765669,7,8,8.497390900,-7.925225468,0.054234450
1734523539.038765669,7,9,-3.910745581,-4.173030059,0.022882606
1734523539.098765850,8,0,-4.226697932,3.955799353,-0.011160402
1734523539.098765850,8,1,0.031196326,4.283978100,0.042470848
1734523539.098765850,8,2,-4.419407074,8.012139597,-0.132854053
1734523539.098765850,8,3,-4.159719575,0.186221093,-0.040660834
1734523539.098765850,8,4,-7.933227038,3.692116053,-0.052601466
1734523539.098765850,8,5,-0.344526319,8.705576695,0.084586494
1734523539.098765850,8,6,-7.395281059,-0.048449436,0.142377198
1734523539.098765850,8,7,-8.111840996,7.770634942,-0.054497550
1734523539.098765850,8,8,3.907191591,-3.954542118,2.000000000
1734523539.098765850,8,9,-6.920353699,2.074529129,0.036519046
1734523539.158765793,9,0,8.373577161,0.285183355,-0.064825434
1734523539.158765793,9,1,4.249335014,0.199964450,0.028642305
1734523539.158765793,9,2,8.128866582,4.091943325,-0.112431198
1734523539.158765793,9,3,7.936858249,-3.639356048,-0.017988127
1734523539.158765793,9,4,5.196601788,0.099044750,-0.155712089
1734523539.158765793,9,5,5.588014948,1.840792565,0.087297126
1734523539.158765793,9,6,4.354146671,-4.080228776,0.013366267
1734523539.158765793,9,7,4.169989826,4.246084287,0.018794220
1734523539.158765793,9,8,5.175251221,-1.611674115,-0.053684543
1734523539.158765793,9,9,-7.780786604,-0.008015539,2.000000000
1734523539.228765726,0,0,0.047812725,-0.004693169,2.000000000
1734523539.228765726,0,1,4.125154731,0.076207461,0.048358345
1734523539.228765726,0,2,0.007497354,4.064264201,-0.231864339
1734523539.228765726,0,3,-0.031789664,-4.062252017,-0.122576837
1734523539.228765726,0,4,-4.044089152,-0.103687865,-0.014141490
1734523539.228765726,0,5,3.989999937,4.022852351,-0.035018512
1734523539.228765726,0,6,-4.032389035,-4.078191905,0.021014658
1734523539.228765726,0,7,-3.877278784,3.822333446,-0.000682431
1734523539.228765726,0,8,4.039460197,-3.998118154,0.055528585
1734523539.228765726,0,9,-7.729191069,0.057384885,-0.027541097
1734523539.288765669,1,0,-3.829445327,-0.107162299,0.004038736
1734523539.288765669,1,1,3.843374340,0.001398770,2.000000000
1734523539.288765669,1,2,-4.068917714,4.016955981,-0.058592528
1734523539.288765669,1,3,-4.237981339,-4.228164070,-0.075465008
1734523539.288765669,1,4,-7.094379454,0.055278918,0.018424020
1734523539.288765669,1,5,0.188567868,4.159227257,0.082019438
1734523539.288765669,1,6,-8.070403994,-4.000586453,-0.170997240
1734523539.288765669,1,7,-7.990990903,3.915065201,0.016468507
1734523539.288765669,1,8,-0.002080232,-4.285758136,-0.096132256
1734523539.288765669,1,9,-7.712287383,-0.169345085,-0.008919273
1734523539.358765841,2,0,-0.356965786,-3.923091833,-0.028127020
1734523539.358765841,2,1,3.669138208,-4.191612312,-0.042069819
1734523539.358765841,2,2,0.080089088,3.918623463,2.000000000
1734523539.358765841,2,3,-0.438048110,-6.985985888,-0.146426236
1734523539.358765841,2,4,-4.235524066,-3.736776367,-0.072123973
1734523539.358765841,2,5,4.422973120,-0.474723808,0.123575565
1734523539.358765841,2,6,-4.388225191,-7.682918534,-0.074432130
1734523539.358765841,2,7,-3.875025473,0.260828160,-0.070813171
1734523539.358765841,2,8,3.559576252,-8.348405619,-0.172930569
1734523539.358765841,2,9,-8.144978829,-3.439710870,-0.000995028
1734523539.418765783,3,0,-0.192171913,4.240814592,-0.102044481
1734523539.418765783,3,1,3.880728852,4.431725056,-0.060580937
1734523539.418765783,3,2,-0.298384569,7.103925165,-0.111835171
1734523539.418765783,3,3,0.063928117,-3.915012109,2.000000000
1734523539.418765783,3,4,-4.370940511,3.850754441,-0.044105671
1734523539.418765783,3,5,3.648939501,8.395839973,-0.194651361
1734523539.418765783,3,6,-3.860228100,-0.098745174,-0.163140255
1734523539.418765783,3,7,-4.631706311,8.029538581,-0.151896214
1734523539.418765783,3,8,3.886390383,0.230837371,-0.007905307
1734523539.418765783,3,9,-7.781977183,3.415451596,-0.077152843
1734523539.478765726,4,0,4.150694814,0.176401156,0.005585817
1734523539.478765726,4,1,7.247331144,0.378627433,0.089916606
1734523539.478765726,4,2,3.736408463,4.269312309,-0.021484783
1734523539.478765726,4,3,4.183319737,-3.644187647,-0.023482032
1734523539.478765726,4,4,-4.137359864,-0.009290057,2.000000000
1734523539.478765726,4,5,7.670061924,4.363158116,-0.078766440
1734523539.478765726,4,6,0.297634472,-3.641958943,0.112200026
1734523539.478765726,4,7,-0.179598562,4.296144511,0.028788963
1734523539.478765726,4,8,7.734330597,-3.496503195,0.127565166
1734523539.478765726,4,9,-3.254643251,-0.223538563,-0.028057227
1734523539.548765659,5,0,-3.896535440,-4.444649810,0.016563307
1734523539.548765659,5,1,0.184872660,-4.241451937,0.008833347
1734523539.548765659,5,2,-4.803880357,-0.236869678,0.192978373
1734523539.548765659,5,3,-3.593378272,-8.455127283,0.017433779
1734523539.548765659,5,4,-7.220455372,-4.219634290,0.106461739
1734523539.548765659,5,5,3.867612469,3.947849993,2.000000000
1734523539.548765659,5,6,-6.934203760,-7.986041177,-0.007258855
1734523539.548765659,5,7,-8.091828429,-0.366054297,0.011991603
1734523539.548765659,5,8,0.403176137,-8.761560382,-0.044512123
1734523539.548765659,5,9,-5.023162518,-2.198954020,0.027005382
1734523539.608765841,6,0,3.732171700,4.177606247,-0.019378837
1734523539.608765841,6,1,7.434082419,4.274677093,-0.063088454
1734523539.608765841,6,2,3.320680318,7.830639766,-0.022161567
1734523539.608765841,6,3,4.323939644,0.384354362,0.039105575
1734523539.608765841,6,4,-0.054068460,4.174360131,-0.100204658
1734523539.608765841,6,5,7.122352227,7.928519104,0.007068601
1734523539.608765841,6,6,-3.845057766,-3.959500391,2.000000000
1734523539.608765841,6,7,-0.196932456,7.833968443,-0.103415895
1734523539.608765841,6,8,8.345679489,0.545953715,-0.167549657
1734523539.608765841,6,9,-4.193245636,3.667111833,0.014854514
1734523539.668765783,7,0,4.385061418,-3.853876888,-0.044748368
1734523539.668765783,7,1,8.163966657,-3.488574167,0.026493116
1734523539.668765783,7,2,4.298125971,0.211135640,-0.080932845
1734523539.668765783,7,3,3.913671241,-7.286107690,0.066908217
1734523539.668765783,7,4,0.493020495,-5.242316426,0.142563645
1734523539.668765783,7,5,7.639059073,0.379697255,0.197271739
1734523539.668765783,7,6,0.447289603,-8.265018530,-0.052696521
1734523539.668765783,7,7,-3.861319153,3.972744743,2.000000000
1734523539.668765783,7,8,8.800614703,-7.747262844,-0.006920568
1734523539.668765783,7,9,-3.810412651,-4.303790673,0.047396853
1734523539.728765726,8,0,-4.377815009,3.894070581,-0.025821731
1734523539.728765726,8,1,-0.120108732,4.405644642,0.091277110
1734523539.728765726,8,2,-4.497529440,8.205186385,-0.093441789
1734523539.728765726,8,3,-4.046911092,0.027187350,-0.199308737
1734523539.728765726,8,4,-7.909890380,3.483959568,-0.029937908
1734523539.728765726,8,5,-0.337017357,9.050391431,0.046582602
1734523539.728765726,8,6,-7.512376570,-0.374858914,0.075055812
1734523539.728765726,8,7,-8.096083813,7.213088942,0.014399789
1734523539.728765726,8,8,3.878539366,-3.939813813,2.000000000
1734523539.728765726,8,9,-7.016871698,1.983411476,0.027041616
1734523539.788765669,9,0,8.360550946,0.372958194,0.092473670
1734523539.788765669,9,1,4.289121732,0.214039234,0.105153571
1734523539.788765669,9,2,7.530664830,4.331540992,-0.062855891
1734523539.788765669,9,3,7.896679029,-3.570638205,0.028708531
1734523539.788765669,9,4,4.580714790,0.207424037,-0.153192306
1734523539.788765669,9,5,5.639046933,1.939061876,0.022079927
1734523539.788765669,9,6,4.463882530,-3.915509056,-0.021052640
1734523539.788765669,9,7,3.891505183,4.415187725,-0.013715872
1734523539.788765669,9,8,5.253555558,-1.386771582,-0.051557208
1734523539.788765669,9,9,-7.719749161,-0.010385486,2.000000000
1734523539.858765841,0,0,0.057965851,-0.006551317,2.000000000
1734523539.858765841,0,1,4.022344273,-0.039080677,-0.021099497
1734523539.858765841,0,2,0.066191578,3.829708998,-0.009948333
1734523539.858765841,0,3,0.072383951,-3.978693167,-0.173406906
1734523539.858765841,0,4,-3.949289016,0.058394245,0.115972971
1734523539.858765841,0,5,4.063713052,4.124476043,-0.016219837
1734523539.858765841,0,6,-4.071729730,-4.112723007,-0.007496954
1734523539.858765841,0,7,-4.004912733,3.916370268,0.004707231
1734523539.858765841,0,8,3.995097310,-3.959408468,-0.022242496
1734523539.858765841,0,9,-7.906143257,0.062195109,-0.001131276
1734523539.918765783,1,0,-3.874329316,-0.052552569,-0.064662388
1734523539.918765783,1,1,3.803367279,0.001544804,2.000000000
1734523539.918765783,1,2,-4.085590592,4.074233684,-0.067318114
1734523539.918765783,1,3,-4.115765116,-4.134228474,-0.096436261
1734523539.918765783,1,4,-8.032586005,-0.074723991,-0.049085673
1734523539.918765783,1,5,0.126161064,4.068370964,-0.032362016
1734523539.918765783,1,6,-8.308818628,-4.144740164,-0.106803362
1734523539.918765783,1,7,-8.049663347,3.889460813,-0.047310359
1734523539.918765783,1,8,-0.211524487,-4.272108750,-0.059519148
1734523539.918765783,1,9,-7.817433938,0.030857804,0.028233989
1734523539.988765717,2,0,-0.570505697,-4.229517927,-0.059844345
1734523539.988765717,2,1,3.589486375,-4.402107376,-0.099373014
1734523539.988765717,2,2,0.099468242,3.897104420,2.000000000
1734523539.988765717,2,3,-0.709936181,-7.362971560,-0.158270160
1734523539.988765717,2,4,-4.392891000,-3.529202710,-0.058657417
1734523539.988765717,2,5,4.308987728,-0.624344268,0.087563606
1734523539.988765717,2,6,-4.770065538,-7.628429905,-0.090256993
1734523539.988765717,2,7,-4.020397798,0.405105086,0.063863624
1734523539.988765717,2,8,3.128361854,-8.468637955,-0.115516404
1734523539.988765717,2,9,-8.147344162,-3.225438692,-0.088029621
1734523540.048765659,3,0,-0.372183433,4.305638802,0.052806499
1734523540.048765659,3,1,3.634188951,4.478548306,-0.069376195
1734523540.048765659,3,2,-0.588304427,7.501615514,-0.039966219
1734523540.048765659,3,3,0.081012722,-3.890363207,2.000000000
1734523540.048765659,3,4,-4.556026984,3.655761870,-0.073884989
1734523540.048765659,3,5,3.454796399,8.538832149,-0.278196848
1734523540.048765659,3,6,-3.825330367,-0.280380481,-0.090534603
1734523540.048765659,3,7,-4.751981643,7.581316770,-0.170787570
1734523540.048765659,3,8,3.702417928,0.318236863,0.051183057
1734523540.048765659,3,9,-8.030525095,3.289939779,-0.181013728
1734523540.108765841,4,0,4.303178368,0.307508592,-0.040383664
1734523540.108765841,4,1,7.626594684,0.760846701,0.130373558
1734523540.108765841,4,2,3.545892141,4.456628407,-0.067083682
1734523540.108765841,4,3,4.344823391,-3.515827999,-0.099819400
1734523540.108765841,4,4,-4.192695727,-0.012533057,2.000000000
1734523540.108765841,4,5,7.359468752,4.813904315,-0.062819540
1734523540.108765841,4,6,0.465616840,-3.622190701,0.204768779
1734523540.108765841,4,7,-0.413388375,4.112564912,-0.031162462
1734523540.108765841,4,8,7.814972665,-3.073970678,0.109884897
1734523540.108765841,4,9,-3.449933674,-0.351685528,-0.093167293
1734523540.168765783,5,0,-3.730629850,-4.693868982,-0.001382650
1734523540.168765783,5,1,0.301212700,-4.093664430,-0.069878984
1734523540.168765783,5,2,-4.551255595,-0.227821010,-0.013070321
1734523540.168765783,5,3,-3.365729735,-8.690180749,-0.012715465
1734523540.168765783,5,4,-7.737917926,-5.007186002,0.041119612
1734523540.168765783,5,5,3.829672370,3.931925656,2.000000000
1734523540.168765783,5,6,-6.884050865,-8.675569376,-0.027169666
1734523540.168765783,5,7,-8.244339980,-0.696981194,0.062916323
1734523540.168765783,5,8,0.894997804,-8.640055763,-0.025471534
1734523540.168765783,5,9,-5.096662266,-2.469070717,-0.040207816
1734523540.238765717,6,0,3.505923758,4.351864312,-0.032217934
1734523540.238765717,6,1,7.812554779,4.719404558,-0.011149073
1734523540.238765717,6,2,3.133321667,8.276218169,-0.079345388
1734523540.238765717,6,3,4.401729762,0.368866102,0.033873427
1734523540.238765717,6,4,-0.241289350,3.935818392,-0.077365319
1734523540.238765717,6,5,7.225039642,8.664709556,0.024184374
1734523540.238765717,6,6,-3.801183670,-3.947483196,2.000000000
1734523540.238765717,6,7,-0.471794999,7.816362732,0.078475763
1734523540.238765717,6,8,8.567433322,0.786822180,-0.024711874
1734523540.238765717,6,9,-4.460427054,3.666877317,-0.037097662
1734523540.298765659,7,0,4.443871812,-3.547662747,0.026263986
1734523540.298765659,7,1,8.266980820,-3.056111862,-0.070332915
1734523540.298765659,7,2,4.243156772,0.491574939,-0.071802514
1734523540.298765659,7,3,4.969486307,-7.730325582,-0.006407873
1734523540.298765659,7,4,0.559653386,-4.995967353,0.038741038
1734523540.298765659,7,5,7.908566174,0.582005907,0.081933392
1734523540.298765659,7,6,0.840813264,-8.382406553,0.026369986
1734523540.298765659,7,7,-3.821890442,3.964019827,2.000000000
1734523540.298765659,7,8,9.144504728,-7.433432835,0.037266812
1734523540.298765659,7,9,-3.659909954,-4.461946433,-0.006954127
1734523540.358765841,8,0,-4.528674457,3.620364219,0.003903520
1734523540.358765841,8,1,-0.340274255,4.215619553,0.007190262
1734523540.358765841,8,2,-5.002038368,8.064171407,-0.076711697
1734523540.358765841,8,3,-4.239102286,-0.193062003,0.045532218
1734523540.358765841,8,4,-7.978458355,3.037527609,0.051055783
1734523540.358765841,8,5,-0.875801799,8.971833317,-0.009401700
1734523540.358765841,8,6,-7.732637006,-0.632491229,0.081358541
1734523540.358765841,8,7,-8.668279264,7.087050857,0.060901132
1734523540.358765841,8,8,3.845682934,-3.922844863,2.000000000
1734523540.358765841,8,9,-6.875507558,1.881760525,0.020285831
1734523540.418765783,9,0,8.546330064,0.903378665,-0.031878025
1734523540.418765783,9,1,4.306286700,0.398064650,0.064483682
1734523540.418765783,9,2,7.549718787,4.482026338,-0.018329324
1734523540.418765783,9,3,8.289175539,-3.319755967,0.078959760
1734523540.418765783,9,4,4.439278400,0.470098494,-0.098150601
1734523540.418765783,9,5,5.528719365,2.245230332,0.142187323
1734523540.418765783,9,6,4.663501494,-3.772949505,0.012160982
1734523540.418765783,9,7,3.661825603,4.557670645,0.010484042
1734523540.418765783,9,8,5.230057533,-1.361350025,0.007599869
1734523540.418765783,9,9,-7.651104132,-0.013047272,2.000000000
1734523540.478765726,0,0,0.069073509,-0.008585362,2.000000000
1734523540.478765726,0,1,4.056365055,-0.113903790,-0.222455311
1734523540.478765726,0,2,-0.021159459,3.901748620,0.013187006
1734523540.478765726,0,3,0.041360540,-4.007047055,-0.096111186
1734523540.478765726,0,4,-4.018026228,-0.293904362,0.292449173
1734523540.478765726,0,5,3.930488243,4.012762082,0.014350706
1734523540.478765726,0,6,-4.002883615,-4.108585934,0.020566550
1734523540.478765726,0,7,-3.934843307,3.822926132,-0.016453839
1734523540.478765726,0,8,4.009686561,-3.894037732,0.027863798
1734523540.478765726,0,9,-7.671775547,0.031702294,0.020582162
1734523540.548765659,1,0,-3.923101521,0.211802473,-0.061790603
1734523540.548765659,1,1,3.758932118,0.001685212,2.000000000
1734523540.548765659,1,2,-4.024473252,4.003719075,-0.039737001
1734523540.548765659,1,3,-4.167821368,-4.192104078,-0.034151278
1734523540.548765659,1,4,-7.333068063,-0.047155722,-0.061487795
1734523540.548765659,1,5,0.147581114,4.161332142,0.016889319
1734523540.548765659,1,6,-8.062116957,-4.126161500,-0.125774363
1734523540.548765659,1,7,-8.049623437,3.959673615,-0.060569919
1734523540.548765659,1,8,-0.100052469,-4.427387411,0.057105256
1734523540.548765659,1,9,-7.732768600,0.140733049,-0.002441714
1734523540.608765841,2,0,-0.604983721,-4.417064931,-0.322134428
1734523540.608765841,2,1,3.244791855,-4.648965410,-0.077900176
1734523540.608765841,2,2,0.121121602,3.872895024,2.000000000
1734523540.608765841,2,3,-1.062978197,-6.945100387,-0.201071990
1734523540.608765841,2,4,-4.763956913,-3.336123140,-0.100303232
1734523540.608765841,2,5,4.148050362,-0.672923715,-0.057041818
1734523540.608765841,2,6,-5.067721596,-7.337831953,-0.010743561
1734523540.608765841,2,7,-4.000300393,0.527496165,-0.247127188
1734523540.608765841,2,8,2.612395404,-8.489608676,-0.150184184
1734523540.608765841,2,9,-8.469879942,-2.530086707,-0.100289621
1734523540.668765783,3,0,-0.665010553,4.057238611,-0.022958366
1734523540.668765783,3,1,3.642383209,4.776388740,-0.066731748
1734523540.668765783,3,2,-0.962491711,7.404503748,-0.015731050
1734523540.668765783,3,3,0.100104222,-3.862676168,2.000000000
1734523540.668765783,3,4,-4.817513452,3.470235238,-0.121776330
1734523540.668765783,3,5,3.099149590,8.816669144,-0.296868487
1734523540.668765783,3,6,-3.641824836,-0.502717951,-0.204787637
1734523540.668765783,3,7,-5.211442620,7.362953582,-0.162510336
1734523540.668765783,3,8,3.977814312,0.676763161,0.083305242
1734523540.668765783,3,9,-8.403367557,2.744660669,-0.040064959
1734523540.738765717,4,0,4.229716479,0.667659657,-0.067947726
1734523540.738765717,4,1,7.388383432,0.956403537,0.045988913
1734523540.738765717,4,2,3.351386175,4.748043233,-0.026425836
1734523540.738765717,4,3,4.537239209,-3.239578771,-0.017910719
1734523540.738765717,4,4,-4.256077229,-0.016041573,2.000000000
1734523540.738765717,4,5,6.977863866,5.104779272,-0.076652550
1734523540.738765717,4,6,0.559942378,-3.763763032,0.096334885
1734523540.738765717,4,7,-0.482663145,4.055316195,-0.080671576
1734523540.738765717,4,8,7.934359936,-2.549597796,-0.010787450
1734523540.738765717,4,9,-3.290628281,-0.502272690,-0.066103132
1734523540.798765659,5,0,-3.506523844,-4.804033492,-0.014293523
1734523540.798765659,5,1,0.689467678,-4.040017688,0.025061170
1734523540.798765659,5,2,-4.489928275,-0.734156188,-0.048794452
1734523540.798765659,5,3,-3.014004629,-8.838170243,-0.110601420
1734523540.798765659,5,4,-7.007035675,-5.130306512,0.003936736
1734523540.798765659,5,5,3.788213558,3.914399077,2.000000000
1734523540.798765659,5,6,-6.259723648,-8.885998399,-0.006625224
1734523540.798765659,5,7,-8.110809380,-1.302460794,-0.109548062
1734523540.798765659,5,8,1.383768223,-8.625497219,-0.028251354
1734523540.798765659,5,9,-5.262285242,-2.717696183,-0.023074909
1734523540.858765841,6,0,3.314536670,4.522055704,-0.025026118
1734523540.858765841,6,1,6.965407157,4.946700932,0.036634851
1734523540.858765841,6,2,2.634190019,8.241571576,-0.034186187
1734523540.858765841,6,3,4.414857137,0.559630382,-0.048043232
1734523540.858765841,6,4,-0.457712267,4.111715940,0.041234866
1734523540.858765841,6,5,6.383255968,8.537086636,-0.059252688
1734523540.858765841,6,6,-3.752802326,-3.934183390,2.000000000
1734523540.858765841,6,7,-0.905145044,7.717583697,0.163707002
1734523540.858765841,6,8,8.547303634,1.115347346,0.069973359
1734523540.858765841,6,9,-4.498672900,3.312697986,0.005345587
1734523540.928765774,7,0,4.591953762,-3.281080498,-0.029677637
1734523540.928765774,7,1,8.319033394,-2.516039025,-0.003808461
1734523540.928765774,7,2,3.818595457,0.570004882,-0.001109166
1734523540.928765774,7,3,4.914177367,-6.907382395,-0.014976693
1734523540.928765774,7,4,0.712456322,-4.647466495,-0.011279714
1734523540.928765774,7,5,7.785124202,0.897368654,-0.066627528
1734523540.928765774,7,6,1.374839254,-8.390063490,0.082825806
1734523540.928765774,7,7,-3.777346883,3.954085827,2.000000000
1734523540.928765774,7,8,9.623357045,-7.000282587,0.062590860
1734523540.928765774,7,9,-3.629203083,-4.702611123,-0.069765201
1734523540.988765717,8,0,-4.588774361,3.270640268,-0.050695006
1734523540.988765717,8,1,-0.600558151,4.132506546,-0.136674018
1734523540.988765717,8,2,-5.425948013,7.919240992,0.014837444
1734523540.988765717,8,3,-4.371334889,-0.458473081,0.017174998
1734523540.988765717,8,4,-8.412939264,2.772765404,-0.043431937
1734523540.988765717,8,5,-1.384627973,9.042417151,-0.053514285
1734523540.988765717,8,6,-7.654134565,-0.919435678,0.062028638
1734523540.988765717,8,7,-8.572346303,6.674128663,-0.037285019
1734523540.988765717,8,8,3.808552241,-3.903601031,2.000000000
1734523540.988765717,8,9,-6.576497961,1.458888162,0.030867135
1734523541.048765659,9,0,8.820187908,1.164763139,0.011727059
1734523541.048765659,9,1,4.274184290,0.594300968,0.145309803
1734523541.048765659,9,2,6.975666966,4.825747393,-0.209606489
1734523541.048765659,9,3,8.213196720,-2.703522383,-0.038182810
1734523541.048765659,9,4,4.590442383,0.720568438,-0.080849316
1734523541.048765659,9,5,5.248841455,2.576637901,0.036607024
1734523541.048765659,9,6,4.768314132,-3.355812593,0.031414699
1734523541.048765659,9,7,3.340950376,4.605860260,-0.017230420
1734523541.048765659,9,8,5.286894440,-1.330539628,0.007599869
1734523541.048765659,9,9,-7.575036318,-0.015985880,2.000000000
1734523541.118765831,0,0,0.081284665,-0.010816907,2.000000000
1734523541.118765831,0,1,4.004693690,-0.072270696,-0.214770449
1734523541.118765831,0,2,-0.026908708,4.071294028,0.000349675
1734523541.118765831,0,3,0.046862948,-4.011813979,0.025092487
1734523541.118765831,0,4,-4.172244050,-0.055722203,-0.004057732
1734523541.118765831,0,5,3.889299777,3.999639794,0.023308121
1734523541.118765831,0,6,-4.040142429,-4.118405232,-0.028463408
1734523541.118765831,0,7,-3.937113877,3.819082416,0.007242917
1734523541.118765831,0,8,4.035408837,-3.966821079,0.022539201
1734523541.118765831,0,9,-7.878948979,-0.144787312,-0.042702476
1734523541.178765774,1,0,-3.756873080,0.095337412,-0.047762348
1734523541.178765774,1,1,3.710393657,0.001818783,2.000000000
1734523541.178765774,1,2,-3.948212736,3.951631127,-0.088953836
1734523541.178765774,1,3,-4.099905227,-4.163377637,-0.087078441
1734523541.178765774,1,4,-8.193162336,-0.017098577,-0.089636268
1734523541.178765774,1,5,-0.030704426,4.088444986,0.000721917
1734523541.178765774,1,6,-8.243476737,-4.112678096,-0.186394337
1734523541.178765774,1,7,-8.068902466,3.908584701,0.054311492
1734523541.178765774,1,8,-0.018542292,-4.057049448,0.001157900
1734523541.178765774,1,9,-7.839674787,0.004304044,-0.016923207
1734523541.248765707,2,0,-0.963288068,-4.075273856,-0.195912965
1734523541.248765707,2,1,2.946828639,-4.936195336,-0.060706058
1734523541.248765707,2,2,0.144831917,3.846239498,2.000000000
1734523541.248765707,2,3,-1.857053624,-7.732943529,-0.185865905
1734523541.248765707,2,4,-5.092366445,-3.092449010,-0.078199476
1734523541.248765707,2,5,3.992616031,-1.000224665,-0.014420833
1734523541.248765707,2,6,-5.493347516,-6.991805677,-0.118766807
1734523541.248765707,2,7,-3.834395324,0.956158350,-0.030445510
1734523541.248765707,2,8,1.989870694,-8.743584208,-0.144540651
1734523541.248765707,2,9,-8.713597887,-2.013842367,-0.121515665
1734523541.308765650,3,0,-0.779177144,3.958194402,-0.058030087
1734523541.308765650,3,1,3.053354000,4.903136261,-0.122081871
1734523541.308765650,3,2,-1.747564121,7.522607044,-0.203133000
1734523541.308765650,3,3,0.121192048,-3.831997601,2.000000000
1734523541.308765650,3,4,-4.891905951,3.047752263,-0.100561949
1734523541.308765650,3,5,2.379402874,8.754024607,-0.288166127
1734523541.308765650,3,6,-3.708672220,-0.833478555,0.016902655
1734523541.308765650,3,7,-5.787179627,7.027572069,-0.164883571
1734523541.308765650,3,8,3.976140197,0.917262033,-0.002870089
1734523541.308765650,3,9,-8.717794547,2.221973714,-0.211609166
1734523541.368765831,4,0,4.294394205,1.008410077,0.055194345
1734523541.368765831,4,1,7.397708812,1.564101174,-0.120361286
1734523541.368765831,4,2,3.004709278,4.974285383,-0.062696642
1734523541.368765831,4,3,4.620973188,-3.167194497,-0.070358668
1734523541.368765831,4,4,-4.324564140,-0.019632775,2.000000000
1734523541.368765831,4,5,6.763236659,5.615138927,-0.005578088
1734523541.368765831,4,6,0.936291978,-3.831376236,0.010535840
1734523541.368765831,4,7,-0.910592031,3.778445568,-0.032621335
1734523541.368765831,4,8,7.998238357,-2.198077862,0.070387016
1734523541.368765831,4,9,-3.195198110,-0.817176548,0.133984993
1734523541.438765764,5,0,-2.913957244,-4.871625393,-0.060485359
1734523541.438765764,5,1,0.794321480,-3.924533468,0.025381817
1734523541.438765764,5,2,-3.874882768,-0.901366978,0.000777499
1734523541.438765764,5,3,-2.459116389,-8.857110947,-0.085584878
1734523541.438765764,5,4,-7.053947232,-5.939677506,-0.015320633
1734523541.438765764,5,5,3.743368507,3.895364544,2.000000000
1734523541.438765764,5,6,-5.750078230,-9.388375548,0.031133470
1734523541.438765764,5,7,-7.514337437,-1.872308535,-0.031524108
1734523541.438765764,5,8,1.941065458,-7.805025813,-0.082115259
1734523541.438765764,5,9,-4.806450260,-2.845222718,-0.030908520
1734523541.498765707,6,0,3.083058717,4.801820873,-0.005714172
1734523541.498765707,6,1,7.022284016,5.663126142,0.019972871
1734523541.498765707,6,2,2.186073573,8.656815624,-0.086609638
1734523541.498765707,6,3,3.875907497,0.817165326,0.004085769
1734523541.498765707,6,4,-0.907859128,3.993304385,0.017392536
1734523541.498765707,6,5,6.057522129,9.432748289,-0.055051733
1734523541.498765707,6,6,-3.699907458,-3.919589107,2.000000000
1734523541.498765707,6,7,-1.427024219,7.669143305,-0.023411730
1734523541.498765707,6,8,7.835863962,1.735085516,-0.018148964
1734523541.498765707,6,9,-4.738465368,3.045364047,-0.079743246
1734523541.558765650,7,0,4.668320578,-3.189332978,0.042304239
1734523541.558765650,7,1,8.468153100,-1.987133121,-0.013012229
1734523541.558765650,7,2,3.977485587,1.018103308,0.005288973
1734523541.558765650,7,3,5.879520932,-7.096228753,-0.014028335
1734523541.558765650,7,4,0.949710380,-3.971801355,-0.020267552
1734523541.558765650,7,5,7.655309712,1.771585783,0.009220101
1734523541.558765650,7,6,1.914163063,-8.178048076,-0.094408161
1734523541.558765650,7,7,-3.729461738,3.943351597,2.000000000
1734523541.558765650,7,8,10.257542042,-6.426906817,-0.001046939
1734523541.558765650,7,9,-2.999347542,-4.905394531,-0.010015270
1734523541.628765821,8,0,-4.802386877,3.018161934,-0.006869705
1734523541.628765821,8,1,-0.876391003,4.022317574,-0.156612536
1734523541.628765821,8,2,-5.943331439,7.774289509,0.025074326
1734523541.628765821,8,3,-4.058963703,-0.986228547,0.013898544
1734523541.628765821,8,4,-8.589432208,2.338395567,0.012680087
1734523541.628765821,8,5,-1.992921226,8.632841553,0.025643296
1734523541.628765821,8,6,-7.458183275,-1.773055016,-0.023264838
1734523541.628765821,8,7,-9.607891116,6.021230175,-0.074284226
1734523541.628765821,8,8,3.767171670,-3.882094029,2.000000000
1734523541.628765821,8,9,-5.771088996,0.899317358,0.108384852
1734523541.688765764,9,0,8.144841356,1.810344162,0.008085149
1734523541.688765764,9,1,4.053968637,1.003937505,0.124355837
1734523541.688765764,9,2,6.682000602,5.113282135,-0.147018484
1734523541.688765764,9,3,8.250729510,-2.227049722,-0.089456774
1734523541.688765764,9,4,3.964620624,0.969781495,-0.037260915
1734523541.688765764,9,5,5.015803594,2.840731724,-0.070444786
1734523541.688765764,9,6,4.856400323,-2.910348735,-0.033294521
1734523541.688765764,9,7,3.124272621,4.691535141,0.052410601
1734523541.688765764,9,8,5.064851310,-0.774404666,-0.074115401
1734523541.688765764,9,9,-7.493837574,-0.019066664,2.000000000
1734523541.748765707,0,0,0.094233389,-0.013178180,2.000000000
1734523541.748765707,0,1,4.008834278,0.008729870,0.019560102
1734523541.748765707,0,2,-0.074103624,4.158059729,-0.005051570
1734523541.748765707,0,3,0.047725882,-4.044690775,0.048575338
1734523541.748765707,0,4,-4.218710429,-0.092561288,0.042583199
1734523541.748765707,0,5,3.887245973,3.992733608,-0.061200529
1734523541.748765707,0,6,-4.074355389,-4.099691656,-0.090126049
1734523541.748765707,0,7,-3.847039987,3.901098616,0.054441021
1734523541.748765707,0,8,3.942887899,-3.939231125,-0.052780377
1734523541.748765707,0,9,-7.948647615,-0.159789998,0.019439930
1734523541.808765650,1,0,-3.751560162,0.031164911,-0.137754477
1734523541.808765650,1,1,3.657701839,0.001948828,2.000000000
1734523541.808765650,1,2,-3.987454126,4.027048800,-0.189091948
1734523541.808765650,1,3,-4.030096304,-4.247223763,0.001541000
1734523541.808765650,1,4,-7.584793828,0.015179165,-0.113265339
1734523541.808765650,1,5,-0.040616339,4.024729757,-0.012176835
1734523541.808765650,1,6,-8.007788635,-3.971608010,-0.078087043
1734523541.808765650,1,7,-8.133097368,3.976588248,-0.081164865
1734523541.808765650,1,8,-0.016465847,-4.094191963,-0.011875850
1734523541.808765650,1,9,-7.817918166,0.019189216,-0.118079666
1734523541.878765821,2,0,-1.139346126,-3.815216029,-0.185256593
1734523541.878765821,2,1,2.507446854,-5.182729708,-0.103986794
1734523541.878765821,2,2,0.170579621,3.817161544,2.000000000
1734523541.878765821,2,3,-2.535825408,-7.305580418,-0.182225811
1734523541.878765821,2,4,-5.257718759,-3.030645300,0.042782798
1734523541.878765821,2,5,3.932688921,-1.394861152,0.035519376
1734523541.878765821,2,6,-6.481087772,-6.582220013,-0.162447043
1734523541.878765821,2,7,-3.833155083,1.263974620,-0.023555557
1734523541.878765821,2,8,1.069924105,-8.655543013,-0.149464687
1734523541.878765821,2,9,-9.017191451,-1.264729412,-0.081596423
1734523541.938765764,3,0,-1.012299678,3.938936984,0.105469613
1734523541.938765764,3,1,2.712326394,5.225474565,-0.113645809
1734523541.938765764,3,2,-2.214642834,6.928610693,-0.147163759
1734523541.938765764,3,3,0.144130761,-3.798552308,2.000000000
1734523541.938765764,3,4,-5.064259716,2.852605876,-0.152186717
1734523541.938765764,3,5,1.648270740,8.675548474,-0.299592336
1734523541.938765764,3,6,-3.667717576,-1.182673953,-0.012539484
1734523541.938765764,3,7,-6.429715239,6.547291420,-0.199026225
1734523541.938765764,3,8,3.972401077,1.288320936,0.018983636
1734523541.938765764,3,9,-8.913960665,1.698916049,-0.155230702
1734523541.998765707,4,0,4.025438756,1.310137887,0.081288850
1734523541.998765707,4,1,7.008142677,2.105460914,-0.039218538
1734523541.998765707,4,2,2.857164680,4.981135635,-0.117629533
1734523541.998765707,4,3,4.859631598,-2.699903213,-0.095127477
1734523541.998765707,4,4,-4.395285022,-0.023143179,2.000000000
1734523541.998765707,4,5,6.218866148,6.212676443,-0.057260136
1734523541.998765707,4,6,1.244131802,-3.654026720,0.035902444
1734523541.998765707,4,7,-1.264248215,3.785580814,-0.034004880
1734523541.998765707,4,8,7.909126650,-1.490768483,0.112572131
1734523541.998765707,4,9,-3.038041237,-0.950290329,0.064834203
1734523542.068765879,5,0,-2.593501485,-5.275852802,-0.034390244
1734523542.068765879,5,1,1.175358905,-3.812991109,0.077653227
1734523542.068765879,5,2,-3.781343502,-1.274640461,0.014369078
1734523542.068765879,5,3,-1.707135687,-8.891847290,-0.072266691
1734523542.068765879,5,4,-6.309534797,-6.341717766,-0.007563316
1734523542.068765879,5,5,3.696704393,3.875499309,2.000000000
1734523542.068765879,5,6,-5.088619893,-9.439909315,0.082614301
1734523542.068765879,5,7,-7.606778921,-2.555724230,-0.061425007
1734523542.068765879,5,8,2.589399452,-7.555282529,-0.011494832
1734523542.068765879,5,9,-4.660419452,-2.970688179,-0.030908520
1734523542.128765821,6,0,2.624181584,4.962574847,0.007817697
1734523542.128765821,6,1,6.131861889,5.693913531,-0.065953162
1734523542.128765821,6,2,1.496807454,8.687222695,-0.009879653
1734523542.128765821,6,3,4.011950510,1.176881844,0.002613393
1734523542.128765821,6,4,-1.147780514,4.021346184,-0.060446035
1734523542.128765821,6,5,5.510345152,9.008060924,-0.035119398
1734523542.128765821,6,6,-3.642918918,-3.903802602,2.000000000
1734523542.128765821,6,7,-2.194382102,7.336225714,-0.062001211
1734523542.128765821,6,8,7.893892262,2.199322208,0.128229596
1734523542.128765821,6,9,-4.874077684,2.826303136,-0.017860689
1734523542.188765764,7,0,4.971433042,-2.486727579,-0.044060753
1734523542.188765764,7,1,8.568468643,-1.259529094,0.043756798
1734523542.188765764,7,2,3.668913718,1.280142854,0.008348528
1734523542.188765764,7,3,5.540727625,-6.131000523,0.039239485
1734523542.188765764,7,4,1.291670119,-3.869629798,-0.007438061
1734523542.188765764,7,5,7.498182522,2.508636064,-0.005997130
1734523542.188765764,7,6,2.593902792,-7.810228818,-0.054842364
1734523542.188765764,7,7,-3.677568790,3.931635831,2.000000000
1734523542.188765764,7,8,10.418444187,-5.694521397,-0.095041244
1734523542.188765764,7,9,-2.780952100,-5.015361508,-0.055507227
1734523542.248765707,8,0,-5.123426409,2.597990245,-0.015128727
1734523542.248765707,8,1,-1.112743652,4.057291018,-0.002865331
1734523542.248765707,8,2,-6.438972506,7.152132547,-0.018456467
1734523542.248765707,8,3,-3.936017585,-1.358025363,-0.005036236
1734523542.248765707,8,4,-8.846518036,1.691299922,0.099630599
1734523542.248765707,8,5,-2.414224868,8.437638573,0.081752254
1734523542.248765707,8,6,-7.619524728,-2.506412984,-0.043253228
1734523542.248765707,8,7,-9.531203879,5.271838132,-0.043934861
1734523542.248765707,8,8,3.721914889,-3.858518609,2.000000000
1734523542.248765707,8,9,-5.032481235,0.240216430,0.141401213
1734523542.318765879,9,0,7.947498115,2.251768991,-0.105969732
1734523542.318765879,9,1,3.916507107,1.304671151,0.086326322
1734523542.318765879,9,2,5.922637755,5.524697657,-0.199980557
1734523542.318765879,9,3,8.264426122,-1.693885060,-0.023622075
1734523542.318765879,9,4,3.990127410,1.340277202,-0.048178877
1734523542.318765879,9,5,4.745425955,3.133914646,-0.161141826
1734523542.318765879,9,6,5.261970588,-2.615187523,0.011157752
1734523542.318765879,9,7,2.816214296,5.218050441,-0.083934331
1734523542.318765879,9,8,4.800109061,-0.182932136,-0.085737456
1734523542.318765879,9,9,-7.407180937,-0.022353962,2.000000000
1734523542.378765821,0,0,0.107916499,-0.015669091,2.000000000
1734523542.378765821,0,1,3.912742041,0.202257900,-0.052122840
1734523542.378765821,0,2,-0.077349679,4.034599405,-0.002998520
1734523542.378765821,0,3,0.047481357,-4.152788413,0.020450556
1734523542.378765821,0,4,-4.080340954,-0.100371884,-0.021941226
1734523542.378765821,0,5,3.909017325,4.140133412,0.025267926
1734523542.378765821,0,6,-4.018428641,-4.151983439,-0.157242883
1734523542.378765821,0,7,-3.910201350,3.819333252,-0.029177245
1734523542.378765821,0,8,3.955918561,-3.950565309,-0.052283631
1734523542.378765821,0,9,-7.840123064,-0.156690923,-0.042265290
1734523542.438765764,1,0,-3.745004052,-0.173994127,0.051784289
1734523542.438765764,1,1,3.600901298,0.002075752,2.000000000
1734523542.438765764,1,2,-3.950273088,4.047284766,-0.049137255
1734523542.438765764,1,3,-4.075644179,-4.237078212,0.008378475
1734523542.438765764,1,4,-8.258713718,-0.068022369,-0.115433152
1734523542.438765764,1,5,-0.023195439,3.964884826,0.004516933
1734523542.438765764,1,6,-8.219080312,-4.112357143,-0.080925334
1734523542.438765764,1,7,-8.132563003,3.972628059,-0.111693925
1734523542.438765764,1,8,-0.051469051,-4.113668541,-0.013843106
1734523542.438765764,1,9,-7.802967981,0.010886186,-0.043791397
1734523542.508765697,2,0,-1.644261428,-3.854284284,-0.179669377
1734523542.508765697,2,1,2.228067266,-5.356371566,-0.151093108
1734523542.508765697,2,2,0.197871927,3.786336273,2.000000000
1734523542.508765697,2,3,-3.190449781,-7.414171301,-0.130354937
1734523542.508765697,2,4,-5.542030387,-2.511920232,0.059775153
1734523542.508765697,2,5,3.779535717,-1.678655987,0.007467664
1734523542.508765697,2,6,-6.849259868,-5.885934943,-0.141613042
1734523542.508765697,2,7,-3.733950798,1.565982779,-0.001277838
1734523542.508765697,2,8,0.495986650,-8.896198027,-0.171569382
1734523542.508765697,2,9,-9.050725618,-0.506436739,-0.028788187
1734523542.568765879,3,0,-1.288522165,3.599529909,0.000099533
1734523542.568765879,3,1,2.326616184,5.595278284,-0.117186790
1734523542.568765879,3,2,-2.879430864,7.185666327,-0.223918064
1734523542.568765879,3,3,0.168433150,-3.763150042,2.000000000
1734523542.568765879,3,4,-5.133972431,2.394119330,-0.161895601
1734523542.568765879,3,5,0.856891164,8.836338134,-0.191504436
1734523542.568765879,3,6,-3.564537588,-1.454074789,-0.021951529
1734523542.568765879,3,7,-6.872713032,6.209552803,-0.158837362
1734523542.568765879,3,8,3.837808757,1.628258407,0.001969189
1734523542.568765879,3,9,-8.770421209,0.902876770,-0.146190446
1734523542.628765821,4,0,3.804720749,1.588254695,0.022205363
1734523542.628765821,4,1,6.807393605,2.540989624,0.086626296
1734523542.628765821,4,2,2.352156829,5.132304627,-0.126231305
1734523542.628765821,4,3,5.061752308,-2.426445349,-0.047135395
1734523542.628765821,4,4,-4.468038049,-0.026636731,2.000000000
1734523542.628765821,4,5,6.040119108,6.647584675,-0.067741509
1734523542.628765821,4,6,1.522073121,-3.557251264,0.035756510
1734523542.628765821,4,7,-1.505811583,3.609012510,-0.025956866
1734523542.628765821,4,8,7.735374500,-0.763004173,-0.082102687
1734523542.628765821,4,9,-3.573431764,-1.533472347,0.047804804
1734523542.698765755,5,0,-2.145008225,-5.465301517,-0.032240690
1734523542.698765755,5,1,1.249869618,-3.828024833,0.077653227
1734523542.698765755,5,2,-3.689134765,-1.495903116,-0.022973690
1734523542.698765755,5,3,-0.906225017,-9.060375782,0.004411163
1734523542.698765755,5,4,-6.432767318,-6.751660079,-0.086599647
1734523542.698765755,5,5,3.648124305,3.854748918,2.000000000
1734523542.698765755,5,6,-4.383097321,-9.635806612,-0.009323818
1734523542.698765755,5,7,-7.532662576,-3.219490333,0.037584927
1734523542.698765755,5,8,3.116899173,-7.321489518,-0.002573931
1734523542.698765755,5,9,-3.854662907,-3.030409547,0.059711671
1734523542.758765697,6,0,2.410646332,5.363604889,0.008886620
1734523542.758765697,6,1,6.248327399,6.161034782,-0.182629029
1734523542.758765697,6,2,0.972088610,8.911814470,-0.017713113
1734523542.758765697,6,3,3.983646273,1.459970779,0.009188153
1734523542.758765697,6,4,-1.444874185,3.686661485,-0.010844265
1734523542.758765697,6,5,5.070394261,9.595136185,0.028119625
1734523542.758765697,6,6,-3.583309619,-3.887220066,2.000000000
1734523542.758765697,6,7,-2.553738736,7.315527338,-0.003734392
1734523542.758765697,6,8,7.777921423,2.965236692,0.037262925
1734523542.758765697,6,9,-5.070977612,2.447904479,-0.119127065
1734523542.818765879,7,0,5.231271125,-2.136532243,-0.075705652
1734523542.818765879,7,1,8.609426956,-0.599884140,0.042955661
1734523542.818765879,7,2,3.687014966,1.646922123,0.012082466
1734523542.818765879,7,3,6.734139911,-5.883604823,-0.114235746
1734523542.818765879,7,4,1.572621833,-3.857340648,-0.025504384
1734523542.818765879,7,5,7.382929543,3.070239738,0.015812494
1734523542.818765879,7,6,3.126623487,-7.353706336,-0.054864854
1734523542.818765879,7,7,-3.622279141,3.919106810,2.000000000
1734523542.818765879,7,8,10.778549355,-4.762283097,-0.033665452
1734523542.818765879,7,9,-2.331585876,-5.112303553,-0.100925395
1734523542.888765812,8,0,-5.375891832,2.179085200,-0.056392990
1734523542.888765812,8,1,-1.402973400,4.010820763,0.063851836
1734523542.888765812,8,2,-6.935880081,6.343865380,-0.134814409
1734523542.888765812,8,3,-3.880177149,-1.706272995,0.004381156
1734523542.888765812,8,4,-8.883354249,0.918606620,0.063906463
1734523542.888765812,8,5,-3.077842161,7.233242359,-0.012209647
1734523542.888765812,8,6,-7.681042014,-2.958830884,-0.074562987
1734523542.888765812,8,7,-10.020247162,4.644687711,-0.005067706
1734523542.888765812,8,8,3.673675696,-3.833283384,2.000000000
1734523542.888765812,8,9,-4.831141987,-0.230782231,0.026839694
1734523542.948765755,9,0,8.265705816,3.237239263,-0.100114046
1734523542.948765755,9,1,3.689625488,1.699490697,0.049025279
1734523542.948765755,9,2,5.414852937,5.860485634,-0.152793743
1734523542.948765755,9,3,8.307769365,-1.004478608,-0.127790727
1734523542.948765755,9,4,3.752987939,1.592273741,-0.040364971
1734523542.948765755,9,5,4.416140127,3.529193225,-0.167964120
1734523542.948765755,9,6,5.446501895,-2.182160072,-0.035656407
1734523542.948765755,9,7,2.330027594,5.340359044,-0.023249619
1734523542.948765755,9,8,4.514449664,0.073403621,0.010904878
1734523542.948765755,9,9,-7.315145161,-0.025837817,2.000000000
1734523543.018765688,0,0,0.122353483,-0.018299681,2.000000000
1734523543.018765688,0,1,3.946684863,0.301695094,0.182622917
1734523543.018765688,0,2,-0.108641616,4.192204904,0.017837718
1734523543.018765688,0,3,0.084390853,-4.048458522,0.021649482
1734523543.018765688,0,4,-4.041300470,-0.098997834,-0.026009395
1734523543.018765688,0,5,3.891914543,4.082062002,-0.126564796
1734523543.018765688,0,6,-4.095216467,-4.106989055,-0.194786463
1734523543.018765688,0,7,-4.019115214,3.948715280,0.015007327
1734523543.018765688,0,8,3.840108249,-4.046714882,0.049444566
1734523543.018765688,0,9,-8.062638177,-0.152457791,-0.036872098
1734523543.078765869,1,0,-3.895162726,-0.041440840,0.015417161
1734523543.078765869,1,1,3.540029720,0.002199451,2.000000000
1734523543.078765869,1,2,-3.939156731,4.117854554,-0.111909185
1734523543.078765869,1,3,-4.069501376,-4.170879994,-0.061244627
1734523543.078765869,1,4,-7.883243236,-0.052713156,-0.095216540
1734523543.078765869,1,5,-0.039250015,3.954217159,0.010526428
1734523543.078765869,1,6,-8.088881634,-4.049415577,-0.094214116
1734523543.078765869,1,7,-8.212388815,3.996978383,0.050451353
1734523543.078765869,1,8,-0.024320506,-4.062987631,-0.011094019
1734523543.078765869,1,9,-7.786049723,0.007452424,-0.124130587
1734523543.138765812,2,0,-1.952999216,-3.906508004,-0.131806201
1734523543.138765812,2,1,1.677061111,-5.368623269,-0.229213780
1734523543.138765812,2,2,0.226876039,3.753598680,2.000000000
1734523543.138765812,2,3,-3.652955913,-6.876445780,-0.093277004
1734523543.138765812,2,4,-5.383278414,-1.831727836,-0.067279864
1734523543.138765812,2,5,3.584156311,-1.994137072,0.034487601
1734523543.138765812,2,6,-7.613697083,-5.255553878,-0.232546101
1734523543.138765812,2,7,-3.508188196,1.829185714,0.015832973
1734523543.138765812,2,8,-0.311877808,-9.125346602,-0.157079510
1734523543.138765812,2,9,-9.390619461,0.182945855,-0.053843980
1734523543.208765745,3,0,-1.745646409,3.577786050,0.064241202
1734523543.208765745,3,1,1.863330171,5.543363648,-0.066754260
1734523543.208765745,3,2,-3.412206107,6.863965573,-0.187023735
1734523543.208765745,3,3,0.194142423,-3.725755046,2.000000000
1734523543.208765745,3,4,-5.265369811,1.865773182,-0.227038342
1734523543.208765745,3,5,0.231211922,9.233160955,-0.164982995
1734523543.208765745,3,6,-3.662492633,-1.832544680,0.007255979
1734523543.208765745,3,7,-7.417908098,5.531999285,-0.138775083
1734523543.208765745,3,8,3.818403152,1.803793082,0.023083883
1734523543.208765745,3,9,-8.902741941,0.267835092,-0.097575570
1734523543.278765678,4,0,3.680867990,1.683133577,0.054550305
1734523543.278765678,4,1,6.510598070,2.910763603,0.129238212
1734523543.278765678,4,2,1.801943900,5.527885696,-0.103018816
1734523543.278765678,4,3,4.948142851,-1.792967023,-0.028801229
1734523543.278765678,4,4,-4.540205113,-0.029959643,2.000000000
1734523543.278765678,4,5,5.273413773,7.309969601,-0.062192891
1734523543.278765678,4,6,1.872756400,-3.452005076,0.036692255
1734523543.278765678,4,7,-1.813732120,3.417993647,-0.026690547
1734523543.278765678,4,8,7.577845112,0.280019550,-0.046016584
1734523543.278765678,4,9,-3.482346998,-1.732668595,0.003618523
1734523543.338765860,5,0,-1.733671463,-5.607394855,-0.032054302
1734523543.338765860,5,1,1.723325481,-3.662578209,-0.026493186
1734523543.338765860,5,2,-3.615768969,-1.813995139,-0.054545574
1734523543.338765860,5,3,-0.132807654,-9.089014345,-0.044104567
1734523543.338765860,5,4,-5.084254835,-7.056692620,-0.007605674
1734523543.338765860,5,5,3.597232204,3.832932810,2.000000000
1734523543.338765860,5,6,-3.417322809,-9.642770093,0.009545808
1734523543.338765860,5,7,-7.232242750,-3.866048845,-0.019661521
1734523543.338765860,5,8,3.701583330,-6.927231323,-0.076177924
1734523543.338765860,5,9,-3.211738639,-3.194213290,-0.070740850
1734523543.398765802,6,0,2.210803514,5.480511215,0.022169153
1734523543.398765802,6,1,5.155179942,6.616333437,0.046900296
1734523543.398765802,6,2,0.189050299,8.606894810,-0.007363317
1734523543.398765802,6,3,3.829619817,1.734211255,0.002724554
1734523543.398765802,6,4,-1.702564833,3.509417109,-0.024603201
1734523543.398765802,6,5,3.956480877,9.263295243,-0.016801473
1734523543.398765802,6,6,-3.520956823,-3.869794053,2.000000000
1734523543.398765802,6,7,-3.464264572,7.289135226,-0.047208561
1734523543.398765802,6,8,7.504317260,3.526672538,0.093402882
1734523543.398765802,6,9,-5.107488507,2.104078953,-0.072004797
1734523543.468765736,7,0,5.440839020,-1.883706706,0.015196794
1734523543.468765736,7,1,8.418167532,0.122495537,-0.100720574
1734523543.468765736,7,2,3.476570482,1.884575253,-0.007744408
1734523543.468765736,7,3,6.597339035,-4.822888834,-0.067106537
1734523543.468765736,7,4,1.812321211,-3.761530392,0.053659431
1734523543.468765736,7,5,7.316393190,3.391203444,-0.022703019
1734523543.468765736,7,6,3.796760383,-7.278147523,-0.050153405
1734523543.468765736,7,7,-3.563576429,3.905759681,2.000000000
1734523543.468765736,7,8,11.201554810,-4.033320369,-0.085618531
1734523543.468765736,7,9,-2.071223776,-5.469183223,-0.176174511
1734523543.528765678,8,0,-5.458693498,1.754774431,-0.001542386
1734523543.528765678,8,1,-1.803560712,4.083304262,-0.013515861
1734523543.528765678,8,2,-7.353859743,5.761834377,-0.231398658
1734523543.528765678,8,3,-3.646595703,-2.011068501,0.008706216
1734523543.528765678,8,4,-8.652521205,0.204874601,0.143214888
1734523543.528765678,8,5,-3.704019429,7.194020351,-0.009268850
1734523543.528765678,8,6,-7.289714877,-3.804339771,0.057685267
1734523543.528765678,8,7,-9.872791242,3.639056306,-0.112247416
1734523543.528765678,8,8,3.622603014,-3.806546374,2.000000000
1734523543.528765678,8,9,-4.838498003,-0.639558960,0.133546104
1734523543.588765860,9,0,7.867021717,3.832479049,-0.064403691
1734523543.588765860,9,1,3.679645550,1.935883618,0.040593910
1734523543.588765860,9,2,4.830192850,6.192363568,-0.230821656
1734523543.588765860,9,3,8.314415479,-0.375520926,-0.048300043
1734523543.588765860,9,4,3.716903899,1.798381687,-0.007603352
1734523543.588765860,9,5,4.297837393,3.712853101,-0.167964120
1734523543.588765860,9,6,5.456486043,-1.668813156,0.008164715
1734523543.588765860,9,7,1.767163052,5.445043004,-0.010821149
1734523543.588765860,9,8,4.449814975,0.379520575,-0.052073044
1734523543.588765860,9,9,-7.219477538,-0.029424319,2.000000000
1734523543.648765802,0,0,0.137514790,-0.021061326,2.000000000
1734523543.648765802,0,1,4.038640377,0.276170939,0.168607813
1734523543.648765802,0,2,-0.165433788,4.103482327,0.048042137
1734523543.648765802,0,3,0.108295768,-4.222151780,-0.015820736
1734523543.648765802,0,4,-4.060505600,-0.144213769,-0.009485654
1734523543.648765802,0,5,3.739664307,4.182212163,0.000646626
1734523543.648765802,0,6,-3.877265958,-4.052731723,-0.168229577
1734523543.648765802,0,7,-4.187776301,3.786532120,0.050367737
1734523543.648765802,0,8,3.902465476,-3.928984000,0.092926789
1734523543.648765802,0,9,-7.973396193,-0.210888867,0.006044626
1734523543.718765736,1,0,-3.954977479,-0.066221089,-0.032795226
1734523543.718765736,1,1,3.475125880,0.002320765,2.000000000
1734523543.718765736,1,2,-3.830161439,3.914154034,0.004639152
1734523543.718765736,1,3,-4.118981019,-4.099538469,-0.187214858
1734523543.718765736,1,4,-8.273484961,-0.024360196,-0.082802238
1734523543.718765736,1,5,-0.130376514,3.865027149,0.022879337
1734523543.718765736,1,6,-8.298210763,-4.145910978,-0.110644413
1734523543.718765736,1,7,-8.108668374,4.092552312,0.001135895
1734523543.718765736,1,8,0.042379789,-3.968287386,-0.103464184
1734523543.718765736,1,9,-7.798399192,-0.105169964,-0.112194487
1734523543.778765678,2,0,-2.283617506,-3.787647760,-0.110053934
1734523543.778765678,2,1,1.196729745,-5.610278642,-0.025945786
1734523543.778765678,2,2,0.257512741,3.718991461,2.000000000
1734523543.778765678,2,3,-4.324055955,-6.666577260,-0.167872947
1734523543.778765678,2,4,-5.582762645,-1.298376093,0.110167992
1734523543.778765678,2,5,3.373327386,-2.294050017,-0.006523559
1734523543.778765678,2,6,-8.181835978,-4.706943588,-0.146050808
1734523543.778765678,2,7,-3.467829872,2.207429904,0.009698514
1734523543.778765678,2,8,-0.967426547,-9.386122278,-0.158027758
1734523543.778765678,2,9,-9.362867242,0.945377957,-0.053286520
1734523543.838765860,3,0,-1.868738125,3.463938669,0.038759738
1734523543.838765860,3,1,1.413796073,5.694329289,-0.093855099
1734523543.838765860,3,2,-4.070624073,6.720075440,-0.078966314
1734523543.838765860,3,3,0.221276033,-3.686317238,2.000000000
1734523543.838765860,3,4,-5.229923849,1.315331757,-0.183430971
1734523543.838765860,3,5,-0.662255524,9.195296473,-0.215431164
1734523543.838765860,3,6,-3.474961878,-2.099274204,0.018939932
1734523543.838765860,3,7,-7.946190633,4.939401114,-0.189208869
1734523543.838765860,3,8,3.597720353,2.287312830,0.007091833
1734523543.838765860,3,9,-9.131559062,-0.508392152,-0.141895974
1734523543.898765802,4,0,3.416426474,1.938623275,-0.016961218
1734523543.898765802,4,1,6.311203270,3.505268393,0.035556341
1734523543.898765802,4,2,1.407649360,5.605608850,-0.193908924
1734523543.898765802,4,3,5.198025719,-1.347822722,0.059706816
1734523543.898765802,4,4,-4.612015336,-0.033158826,2.000000000
1734523543.898765802,4,5,4.706603641,7.853173293,-0.028162188
1734523543.898765802,4,6,2.263715239,-3.404667818,0.027490511
1734523543.898765802,4,7,-2.202449250,3.457855210,-0.018299545
1734523543.898765802,4,8,7.818372329,0.904162588,0.028566380
1734523543.898765802,4,9,-3.401680229,-2.168261272,-0.024344854
1734523543.968765736,5,0,-1.388896426,-5.699929989,-0.155599652
1734523543.968765736,5,1,2.276431121,-3.535274856,0.101775200
1734523543.968765736,5,2,-3.358945814,-2.006569185,0.008324899
1734523543.968765736,5,3,0.608463748,-8.730531362,-0.066526653
1734523543.968765736,5,4,-5.002673318,-7.344911692,0.087728717
1734523543.968765736,5,5,3.542875540,3.809533006,2.000000000
1734523543.968765736,5,6,-2.825068018,-9.863239980,0.051772044
1734523543.968765736,5,7,-6.834463428,-4.328409727,-0.004914581
1734523543.968765736,5,8,4.321305957,-6.864125251,-0.050545000
1734523543.968765736,5,9,-2.702923005,-3.352588924,-0.016639983
1734523544.038765669,6,0,1.639958886,5.699713222,-0.039388510
1734523544.038765669,6,1,4.980282183,7.532783675,0.002809481
1734523544.038765669,6,2,-0.554831348,9.017244558,-0.068854707
1734523544.038765669,6,3,3.725926455,2.064544653,0.029603118
1734523544.038765669,6,4,-2.062924330,3.471593713,-0.001778078
1734523544.038765669,6,5,3.380923699,9.888514164,0.032209303
1734523544.038765669,6,6,-3.456001823,-3.851553796,2.000000000
1734523544.038765669,6,7,-3.981988334,6.924672925,-0.050442943
1734523544.038765669,6,8,6.897304645,4.040041317,-0.021509797
1734523544.038765669,6,9,-5.634742920,1.733286947,-0.046618878
1734523544.098765850,7,0,5.318665316,-1.209472580,-0.047641205
1734523544.098765850,7,1,8.772757520,0.891683176,-0.046572674
1734523544.098765850,7,2,3.339551691,2.247299602,-0.013591717
1734523544.098765850,7,3,7.485304668,-4.637728231,-0.102276060
1734523544.098765850,7,4,2.105758943,-3.397734918,-0.032566934
1734523544.098765850,7,5,6.959371958,4.357021151,0.066103808
1734523544.098765850,7,6,4.419132711,-7.065022491,-0.089919815
1734523544.098765850,7,7,-3.501226711,3.891541891,2.000000000
1734523544.098765850,7,8,11.421161388,-2.972183802,-0.202612548
1734523544.098765850,7,9,-1.564988234,-5.472884652,-0.208075982
1734523544.168765783,8,0,-5.659171702,1.242204588,0.003307306
1734523544.168765783,8,1,-2.011247162,3.559014371,0.003855450
1734523544.168765783,8,2,-7.881437544,5.000753231,-0.045315553
1734523544.168765783,8,3,-3.477869199,-2.348905340,-0.009121310
1734523544.168765783,8,4,-8.774105569,-0.587094284,0.143341161
1734523544.168765783,8,5,-4.419301105,7.112790439,0.010175300
1734523544.168765783,8,6,-7.103748789,-4.518924090,-0.006241874
1734523544.168765783,8,7,-10.282213276,2.910089601,-0.028566124
1734523544.168765783,8,8,3.568819488,-3.778378301,2.000000000
1734523544.168765783,8,9,-4.828810167,-1.077407756,0.064241741
1734523544.228765726,9,0,7.419164951,4.468056508,-0.071781381
1734523544.228765726,9,1,3.428432909,2.327360518,-0.078776132
1734523544.228765726,9,2,4.460763790,6.515173603,-0.300175705
1734523544.228765726,9,3,8.318193578,0.279344360,-0.062164906
1734523544.228765726,9,4,3.450895905,2.204093454,-0.090847198
1734523544.228765726,9,5,3.768985011,4.268766363,-0.084089563
1734523544.228765726,9,6,5.346957253,-1.414505156,0.016659487
1734523544.228765726,9,7,1.320793675,5.875294221,-0.028581650
1734523544.228765726,9,8,4.030093482,0.647767163,-0.097237083
1734523544.228765726,9,9,-7.121644101,-0.033103022,2.000000000
1734523544.288765669,0,0,0.153416630,-0.023960397,2.000000000
1734523544.288765669,0,1,4.040096444,0.238226534,0.094272164
1734523544.288765669,0,2,-0.091780327,4.165331819,0.003279463
1734523544.288765669,0,3,0.087684390,-4.238815995,0.012610753
1734523544.288765669,0,4,-4.012910894,-0.165185166,-0.011527357
1734523544.288765669,0,5,3.931632419,4.251669929,-0.026752646
1734523544.288765669,0,6,-3.782071964,-3.905050382,-0.075412637
1734523544.288765669,0,7,-4.117405991,3.902193296,0.271092106
1734523544.288765669,0,8,4.016151689,-3.695561328,0.076219276
1734523544.288765669,0,9,-8.143725912,-0.255537502,0.004039256
1734523544.348765850,1,0,-3.888661328,0.015337713,-0.077572748
1734523544.348765850,1,1,3.406223070,0.002440099,2.000000000
1734523544.348765850,1,2,-3.928964839,3.865791721,0.053713973
1734523544.348765850,1,3,-4.252841082,-4.303642175,-0.172427100
1734523544.348765850,1,4,-7.880133803,-0.008019833,-0.057636373
1734523544.348765850,1,5,-0.062615555,4.041442357,-0.012320606
1734523544.348765850,1,6,-8.178126309,-4.002501102,-0.167599524
1734523544.348765850,1,7,-8.151112683,4.148201215,-0.092760238
1734523544.348765850,1,8,-0.049887957,-4.045016943,0.022585678
1734523544.348765850,1,9,-7.784689099,-0.059105749,-0.222666564
1734523544.418765783,2,0,-2.587559470,-3.498341931,-0.178108660
1734523544.418765783,2,1,0.688323133,-5.841824389,-0.075288274
1734523544.418765783,2,2,0.289864910,3.682477903,2.000000000
1734523544.418765783,2,3,-4.768343035,-6.088435914,-0.039952597
1734523544.418765783,2,4,-5.732115863,-0.948168640,0.062637641
1734523544.418765783,2,5,3.155916244,-2.542141205,0.030148156
1734523544.418765783,2,6,-8.749295975,-4.316718980,-0.190263729
1734523544.418765783,2,7,-3.351713661,2.395552986,-0.009491373
1734523544.418765783,2,8,-1.837522088,-9.746004796,-0.039054754
1734523544.418765783,2,9,-9.588575967,1.551720983,-0.090066966
1734523544.478765726,3,0,-2.105722461,3.375397146,-0.080828405
1734523544.478765726,3,1,0.810955372,5.726959442,-0.026707752
1734523544.478765726,3,2,-4.608965078,6.210847409,-0.096836307
1734523544.478765726,3,3,0.250460948,-3.643877183,2.000000000
1734523544.478765726,3,4,-5.717332744,0.924310651,-0.010539762
1734523544.478765726,3,5,-1.384942789,9.257046511,-0.095398881
1734523544.478765726,3,6,-3.306310268,-2.368410386,0.006667659
1734523544.478765726,3,7,-8.328114130,4.336518729,-0.115252633
1734523544.478765726,3,8,3.250688766,2.502707040,0.016520986
1734523544.478765726,3,9,-9.088596240,-1.396496714,0.008155935
1734523544.538765669,4,0,3.265827031,2.383975569,0.049594709
1734523544.538765669,4,1,5.884163852,3.981392169,0.008489779
1734523544.538765669,4,2,0.741134425,5.630586375,-0.116287597
1734523544.538765669,4,3,5.256801170,-0.925814656,-0.106033913
1734523544.538765669,4,4,-4.682979006,-0.036246305,2.000000000
1734523544.538765669,4,5,4.140166689,8.463307934,-0.074816958
1734523544.538765669,4,6,2.632143604,-3.378168854,0.051962334
1734523544.538765669,4,7,-2.275968618,3.297062399,-0.100758694
1734523544.538765669,4,8,7.780665624,1.486123395,0.056073391
1734523544.538765669,4,9,-3.296838350,-2.325241768,-0.004309316
1734523544.598765850,5,0,-0.925826369,-5.563523681,-0.052163493
1734523544.598765850,5,1,2.622605076,-3.536841837,0.070216169
1734523544.598765850,5,2,-3.414432420,-2.341230777,-0.000684191
1734523544.598765850,5,3,1.166143181,-8.941852941,-0.168564744
1734523544.598765850,5,4,-4.244108793,-7.392935455,0.043644132
1734523544.598765850,5,5,3.486506043,3.785193019,2.000000000
1734523544.598765850,5,6,-2.254341116,-9.957227669,-0.040036095
1734523544.598765850,5,7,-6.632484465,-4.753101499,-0.033400145
1734523544.598765850,5,8,4.761347105,-6.639408070,-0.056051601
1734523544.598765850,5,9,-2.536227268,-3.700747407,0.051424048
1734523544.658765793,6,0,1.275824987,5.839477119,0.005243824
1734523544.658765793,6,1,4.181133924,7.507430866,-0.020771366
1734523544.658765793,6,2,-0.984239479,8.728442269,-0.087354175
1734523544.658765793,6,3,3.554317741,2.353220832,0.009141073
1734523544.658765793,6,4,-2.331324953,3.255444160,-0.044309272
1734523544.658765793,6,5,2.194355453,9.303566925,-0.081407859
1734523544.658765793,6,6,-3.388423726,-3.832484905,2.000000000
1734523544.658765793,6,7,-4.541399917,6.460399948,-0.020459623
1734523544.658765793,6,8,6.615658725,4.713105044,-0.022254486
1734523544.658765793,6,9,-5.944269105,1.137423662,-0.018414712
1734523544.728765726,7,0,5.525628505,-0.788025422,-0.047190050
1734523544.728765726,7,1,8.813223379,1.557921517,-0.035870948
1734523544.728765726,7,2,3.246934654,2.542736584,-0.000232610
1734523544.728765726,7,3,7.212810640,-4.120390208,-0.022430522
1734523544.728765726,7,4,2.445464324,-3.288990423,-0.016642492
1734523544.728765726,7,5,6.493156073,4.847600742,0.037824508
1734523544.728765726,7,6,4.877756115,-6.428771101,-0.051493530
1734523544.728765726,7,7,-3.433482482,3.876049074,2.000000000
1734523544.728765726,7,8,11.509203371,-2.062181594,-0.229680193
1734523544.728765726,7,9,-0.986953041,-5.478533561,-0.037409724
1734523544.788765669,8,0,-5.503865442,0.751643538,-0.003695163
1734523544.788765669,8,1,-2.483694275,3.460766842,0.036646565
1734523544.788765669,8,2,-8.122473427,4.420771714,-0.180960847
1734523544.788765669,8,3,-3.176597216,-2.591450944,0.014636375
1734523544.788765669,8,4,-8.806192927,-1.371480928,0.083180383
1734523544.788765669,8,5,-5.009723672,6.600605968,-0.013968080
1734523544.788765669,8,6,-6.929098841,-4.864155875,-0.009176924
1734523544.788765669,8,7,-9.998855181,2.084040055,-0.106716090
1734523544.788765669,8,8,3.512341795,-3.748796932,2.000000000
1734523544.788765669,8,9,-5.005842430,-1.391730523,0.067730702
1734523544.848765850,9,0,6.978013175,5.180569632,-0.228657326
1734523544.848765850,9,1,3.528991884,2.582872872,-0.095046965
1734523544.848765850,9,2,3.708198246,6.837379453,-0.186506779
1734523544.848765850,9,3,7.992984211,0.821820746,-0.070001568
1734523544.848765850,9,4,3.291954110,2.558088947,-0.088958381
1734523544.848765850,9,5,3.325587608,4.724512669,-0.097401511
1734523544.848765850,9,6,5.580449384,-0.945438209,-0.045325817
1734523544.848765850,9,7,0.799628693,5.974948144,-0.157953316
1734523544.848765850,9,8,3.955678429,0.899031171,0.001855951
1734523544.848765850,9,9,-7.020543633,-0.036884104,2.000000000
1734523544.918765783,0,0,0.170221038,-0.027022431,2.000000000
1734523544.918765783,0,1,4.023101679,0.248869052,-0.021608806
1734523544.918765783,0,2,-0.081526741,4.186983258,0.127210544
1734523544.918765783,0,3,0.121461462,-4.137172418,-0.010013828
1734523544.918765783,0,4,-4.056152407,-0.073085688,-0.018108463
1734523544.918765783,0,5,3.727575989,4.111348928,0.098085366
1734523544.918765783,0,6,-3.905919835,-4.111983291,-0.074949021
1734523544.918765783,0,7,-4.137890704,3.811371773,0.007836766
1734523544.918765783,0,8,4.122123301,-3.689753500,0.102508779
1734523544.918765783,0,9,-8.099228633,-0.312663420,0.037608435
1734523544.978765726,1,0,-3.941590750,-0.073441258,-0.125283525
1734523544.978765726,1,1,3.333273606,0.002560899,2.000000000
1734523544.978765726,1,2,-4.033876073,3.888295160,-0.088272360
1734523544.978765726,1,3,-4.180403956,-4.121812305,-0.220677081
1734523544.978765726,1,4,-8.249016202,-0.146462290,-0.030337134
1734523544.978765726,1,5,-0.084486246,4.113003692,-0.000105887
1734523544.978765726,1,6,-8.409918873,-3.969402598,-0.162367763
1734523544.978765726,1,7,-8.167648446,4.004450216,-0.044206107
1734523544.978765726,1,8,-0.078968856,-4.060895682,0.014674305
1734523544.978765726,1,9,-7.770464381,-0.061171852,-0.052751614
1734523545.038765669,2,0,-2.989353851,-3.213488763,-0.171263422
1734523545.038765669,2,1,0.373443865,-5.879334487,-0.117108933
1734523545.038765669,2,2,0.323431156,3.644532702,2.000000000
1734523545.038765669,2,3,-5.232511662,-5.723301661,-0.059435573
1734523545.038765669,2,4,-6.056918555,-0.472634870,0.029378568
1734523545.038765669,2,5,2.985815738,-2.935691593,0.005385579
1734523545.038765669,2,6,-8.930199836,-3.415059087,-0.055792839
1734523545.038765669,2,7,-3.039236468,2.698046680,0.007534278
1734523545.038765669,2,8,-2.715265490,-9.633295651,0.031337713
1734523545.038765669,2,9,-9.624854804,2.347027925,-0.018463860
1734523545.108765841,3,0,-2.354126676,3.140217109,-0.099273611
1734523545.108765841,3,1,0.446821994,5.904616930,-0.018305915
1734523545.108765841,3,2,-5.383807006,6.184532973,-0.085602311
1734523545.108765841,3,3,0.281328622,-3.598875743,2.000000000
1734523545.108765841,3,4,-5.569148600,0.555657912,-0.054716811
1734523545.108765841,3,5,-2.145317811,8.712484287,-0.103727040
1734523545.108765841,3,6,-3.099107334,-2.615092232,0.018000026
1734523545.108765841,3,7,-8.708329348,3.764448619,-0.095789929
1734523545.108765841,3,8,2.988841143,2.812901728,-0.001604863
1734523545.108765841,3,9,-9.599649703,-2.533022986,-0.124565932
1734523545.168765783,4,0,3.183080993,2.705279607,0.039741037
1734523545.168765783,4,1,5.680735616,4.425710462,-0.023939128
1734523545.168765783,4,2,0.232679023,5.556822927,0.021941970
1734523545.168765783,4,3,5.144995506,-0.284613114,0.037491385
1734523545.168765783,4,4,-4.753004038,-0.039235569,2.000000000
1734523545.168765783,4,5,3.330110752,8.908585567,-0.054876731
1734523545.168765783,4,6,2.876907432,-3.073748390,-0.007153111
1734523545.168765783,4,7,-2.670501932,2.943507904,-0.028047134
1734523545.168765783,4,8,7.825463134,2.218774900,0.007357007
1734523545.168765783,4,9,-2.963165110,-2.744131061,0.011991355
1734523545.228765726,5,0,-0.595596492,-5.563621508,-0.022728847
1734523545.228765726,5,1,2.683522809,-3.376558633,-0.055515029
1734523545.228765726,5,2,-3.226940707,-2.402657836,0.003178168
1734523545.228765726,5,3,1.984230943,-8.853086638,-0.067089614
1734523545.228765726,5,4,-3.908611017,-7.745588628,-0.102643349
1734523545.228765726,5,5,3.428200362,3.759943399,2.000000000
1734523545.228765726,5,6,-1.550024905,-10.112350256,-0.165574777
1734523545.228765726,5,7,-6.360185777,-5.003343809,-0.049386318
1734523545.228765726,5,8,5.228402237,-6.707239587,-0.060296613
1734523545.228765726,5,9,-2.503201155,-4.094403878,0.118718380
1734523545.298765659,6,0,0.449902224,5.687556779,0.002314916
1734523545.298765659,6,1,3.546499175,8.055717306,-0.046664654
1734523545.298765659,6,2,-1.441068001,8.740468625,-0.002090522
1734523545.298765659,6,3,3.170772698,2.499024263,0.000901099
1734523545.298765659,6,4,-2.558259232,2.907920499,0.003480988
1734523545.298765659,6,5,1.706895288,9.476902913,-0.084611033
1734523545.298765659,6,6,-3.318366803,-3.812625140,2.000000000
1734523545.298765659,6,7,-5.067010770,6.104957246,0.008492819
1734523545.298765659,6,8,6.062981258,5.120430778,-0.017405110
1734523545.298765659,6,9,-6.525975252,0.647487490,0.059001473
1734523545.358765841,7,0,5.524011339,-0.336736372,0.003613482
1734523545.358765841,7,1,8.670110291,2.201222701,-0.038236463
1734523545.358765841,7,2,3.050036320,2.862000463,0.019147654
1734523545.358765841,7,3,7.857394497,-3.973315802,-0.012255189
1734523545.358765841,7,4,2.754812056,-3.245332794,-0.041701552
1734523545.358765841,7,5,6.193804808,5.365186173,0.032778908
1734523545.358765841,7,6,5.543123774,-6.339442975,-0.077569127
1734523545.358765841,7,7,-3.360290302,3.859265732,2.000000000
1734523545.358765841,7,8,11.414751090,-1.063994704,-0.156491769
1734523545.358765841,7,9,-0.778110943,-5.638377616,0.026651100
1734523545.418765783,8,0,-5.697977655,0.279711068,0.013202575
1734523545.418765783,8,1,-2.433882899,3.063615325,-0.032921887
1734523545.418765783,8,2,-8.456273403,3.272462052,-0.030441742
1734523545.418765783,8,3,-2.939526272,-2.899851901,0.020394558
1734523545.418765783,8,4,-8.378457346,-2.386776640,0.038409254
1734523545.418765783,8,5,-5.546350892,6.063925991,0.016225611
1734523545.418765783,8,6,-5.989534149,-5.441640052,-0.015997894
1734523545.418765783,8,7,-10.136518079,1.314103374,-0.094801063
1734523545.418765783,8,8,3.453138378,-3.717791047,2.000000000
1734523545.418765783,8,9,-4.771576107,-1.847347925,0.136461706
1734523545.478765726,9,0,6.281676837,5.492321049,-0.336475950
1734523545.478765726,9,1,3.241182243,2.950533941,-0.118237399
1734523545.478765726,9,2,3.124725256,7.039694546,-0.201954630
1734523545.478765726,9,3,8.010770472,2.169770839,-0.181408099
1734523545.478765726,9,4,3.087647494,2.813722361,-0.062531730
1734523545.478765726,9,5,3.008330276,5.123491396,-0.153954408
1734523545.478765726,9,6,5.793887303,-0.399132670,-0.092558830
1734523545.478765726,9,7,0.339232651,5.786064949,-0.225259587
1734523545.478765726,9,8,3.360185104,1.167944235,-0.026977552
1734523545.478765726,9,9,-6.915928745,-0.040770022,2.000000000
1734523545.548765659,0,0,0.187735489,-0.030216270,2.000000000
1734523545.548765659,0,1,4.055729203,0.088207344,0.038785515
1734523545.548765659,0,2,-0.155154044,4.187246340,0.019839871
1734523545.548765659,0,3,0.127622830,-4.155767803,0.026526830
1734523545.548765659,0,4,-3.994702588,-0.153062940,0.008063582
1734523545.548765659,0,5,3.755093479,3.962700939,0.166231093
1734523545.548765659,0,6,-3.816320825,-4.211329452,-0.157253822
1734523545.548765659,0,7,-3.980339779,3.954548493,0.043529669
1734523545.548765659,0,8,4.094467199,-3.699458672,0.258729362
1734523545.548765659,0,9,-8.276392877,-0.321474434,0.006509511
1734523545.608765841,1,0,-4.007815020,0.109475746,-0.050574372
1734523545.608765841,1,1,3.256109333,0.002682348,2.000000000
1734523545.608765841,1,2,-3.969334789,3.811395284,-0.042034467
1734523545.608765841,1,3,-4.147849536,-4.270359885,-0.155339964
1734523545.608765841,1,4,-7.869849196,-0.036619866,-0.020471388
1734523545.608765841,1,5,-0.084725726,3.936970122,-0.013997950
1734523545.608765841,1,6,-8.203038804,-4.055207521,-0.063232894
1734523545.608765841,1,7,-8.233422135,4.092513110,-0.008863194
1734523545.608765841,1,8,-0.078335243,-4.097724506,-0.053538467
1734523545.608765841,1,9,-7.761663045,0.017150008,-0.097438670
1734523545.668765783,2,0,-2.986789000,-2.845068914,-0.055166726
1734523545.668765783,2,1,-0.249213862,-5.876735708,-0.058450826
1734523545.668765783,2,2,0.358523228,3.604913365,2.000000000
1734523545.668765783,2,3,-5.730320062,-5.422043284,-0.095302380
1734523545.668765783,2,4,-6.055802539,-0.086874440,-0.044868788
1734523545.668765783,2,5,2.723511092,-3.056335418,-0.016757402
1734523545.668765783,2,6,-9.136425076,-2.814923400,-0.084030363
1734523545.668765783,2,7,-2.921520309,2.949778762,-0.007163700
1734523545.668765783,2,8,-3.474162239,-9.401363619,-0.026459941
1734523545.668765783,2,9,-9.389943257,3.100410868,0.020782704
1734523545.738765717,3,0,-2.909100211,3.073058186,-0.079765285
1734523545.738765717,3,1,-0.076963679,6.011883724,-0.108294663
1734523545.738765717,3,2,-5.687335199,5.627491591,-0.095365235
1734523545.738765717,3,3,0.313810608,-3.551384675,2.000000000
1734523545.738765717,3,4,-5.640661035,0.104883667,-0.049781449
1734523545.738765717,3,5,-2.961720752,8.683893425,0.027753425
1734523545.738765717,3,6,-2.883825950,-2.764926218,-0.001468067
1734523545.738765717,3,7,-8.973084298,3.167123837,0.011773911
1734523545.738765717,3,8,2.760491195,2.985488059,0.014397543
1734523545.738765717,3,9,-8.992541565,-3.006078844,-0.056776982
1734523545.798765659,4,0,2.883882155,3.061605348,-0.006847357
1734523545.798765659,4,1,5.327082138,4.750551222,-0.062949576
1734523545.798765659,4,2,-0.132892777,5.809708260,-0.166130315
1734523545.798765659,4,3,5.245957955,-0.193518532,0.124800231
1734523545.798765659,4,4,-4.822934556,-0.042242556,2.000000000
1734523545.798765659,4,5,2.679543030,9.051345620,-0.103670369
1734523545.798765659,4,6,3.045617471,-2.819597205,0.012891057
1734523545.798765659,4,7,-2.800066850,2.922765420,-0.103998923
1734523545.798765659,4,8,8.255191351,2.943153140,0.019586976
1734523545.798765659,4,9,-2.822597141,-2.977797457,0.037079994
1734523545.868765831,5,0,-0.457827961,-5.474970637,-0.047438285
1734523545.868765831,5,1,2.765984103,-3.056242994,-0.084215410
1734523545.868765831,5,2,-3.269033652,-2.487832726,0.022929198
1734523545.868765831,5,3,2.213046677,-8.952827683,-0.002119091
1734523545.868765831,5,4,-3.453075002,-7.841008328,-0.028041415
1734523545.868765831,5,5,3.366820185,3.733293818,2.000000000
1734523545.868765831,5,6,-1.162242376,-10.182689193,-0.126159845
1734523545.868765831,5,7,-6.239153390,-5.213370410,0.059625693
1734523545.868765831,5,8,5.111051498,-6.191597996,-0.029019827
1734523545.868765831,5,9,-2.625728223,-4.430729831,0.175059721
1734523545.928765774,6,0,0.091016650,5.751085459,0.009135970
1734523545.928765774,6,1,2.846704490,7.950779400,-0.027576859
1734523545.928765774,6,2,-2.168096068,8.349559443,-0.094288490
1734523545.928765774,6,3,3.001005512,2.726223974,-0.010021653
1734523545.928765774,6,4,-2.824595584,2.810641607,0.001662046
1734523545.928765774,6,5,0.385249580,8.928141645,0.046942598
1734523545.928765774,6,6,-3.245849544,-3.791971924,2.000000000
1734523545.928765774,6,7,-5.714429239,5.825253779,-0.078954520
1734523545.928765774,6,8,5.738563756,5.606899539,-0.023243356
1734523545.928765774,6,9,-6.763056957,0.151971140,-0.043183826
1734523545.988765717,7,0,5.877794864,-0.147217606,-0.076968474
1734523545.988765717,7,1,8.833201172,2.831085909,-0.079100623
1734523545.988765717,7,2,2.777789442,2.882347848,-0.001554598
1734523545.988765717,7,3,7.606228528,-3.250378514,0.066087661
1734523545.988765717,7,4,2.995640918,-3.181459312,-0.043259753
1734523545.988765717,7,5,5.860051852,5.574618071,-0.023773910
1734523545.988765717,7,6,5.857761757,-6.055119785,-0.096535583
1734523545.988765717,7,7,-3.281781580,3.841223651,2.000000000
1734523545.988765717,7,8,11.583574017,-0.525366263,-0.183785737
1734523545.988765717,7,9,-0.218201586,-5.606599896,-0.155721432
1734523546.048765659,8,0,-5.648158367,-0.146497128,-0.011448817
1734523546.048765659,8,1,-2.696617580,2.972857547,-0.331127386
1734523546.048765659,8,2,-8.750013596,2.763711523,-0.087707594
1734523546.048765659,8,3,-2.701390220,-3.079519547,-0.003954064
1734523546.048765659,8,4,-8.440935107,-2.976277847,0.109346744
1734523546.048765659,8,5,-6.111542338,5.823448471,-0.024058037
1734523546.048765659,8,6,-5.713489019,-5.886190910,0.038221780
1734523546.048765659,8,7,-9.737030297,0.315186462,-0.226074787
1734523546.048765659,8,8,3.391367446,-3.685448033,2.000000000
1734523546.048765659,8,9,-4.560882128,-2.326551856,0.087908054
1734523546.118765831,9,0,5.725762833,5.760235798,-0.337480870
1734523546.118765831,9,1,3.283552457,3.270654119,-0.032495861
1734523546.118765831,9,2,2.181126830,7.536096105,-0.200017216
1734523546.118765831,9,3,7.889688875,2.628235503,-0.136249233
1734523546.118765831,9,4,2.962343958,3.074419908,-0.076880449
1734523546.118765831,9,5,2.699647103,5.538119916,-0.095144090
1734523546.118765831,9,6,5.833685648,0.100723572,-0.070077659
1734523546.118765831,9,7,0.010798936,5.891493031,-0.120912172
1734523546.118765831,9,8,3.430214386,1.324573905,-0.064593230
1734523546.118765831,9,9,-6.807997046,-0.044742294,2.000000000
1734523546.178765774,0,0,0.206064852,-0.033561304,2.000000000
1734523546.178765774,0,1,4.066309914,0.187414658,0.070285552
1734523546.178765774,0,2,-0.181140181,4.276187724,-0.016771791
1734523546.178765774,0,3,0.145161482,-4.228737442,0.015942070
1734523546.178765774,0,4,-3.968866888,-0.200327161,0.001986201
1734523546.178765774,0,5,3.782163660,4.011333001,0.059289271
1734523546.178765774,0,6,-3.609862511,-4.071820398,-0.073767413
1734523546.178765774,0,7,-4.101037041,3.783258612,0.110390842
1734523546.178765774,0,8,3.994998179,-3.644233999,0.109692220
1734523546.178765774,0,9,-8.252198902,-0.353976853,-0.021090889
1734523546.238765717,1,0,-3.910801759,-0.017905644,0.083041906
1734523546.238765717,1,1,3.174850849,0.002798844,2.000000000
1734523546.238765717,1,2,-4.011597379,4.073792055,0.030678569
1734523546.238765717,1,3,-4.205266221,-4.078700856,0.008665270
1734523546.238765717,1,4,-8.115030554,-0.060585139,-0.062892618
1734523546.238765717,1,5,-0.069335297,3.941200500,0.035830202
1734523546.238765717,1,6,-8.428696175,-4.221417988,0.063562626
1734523546.238765717,1,7,-8.284811362,4.137087635,-0.090313689
1734523546.238765717,1,8,-0.091269422,-4.092771211,-0.006466311
1734523546.238765717,1,9,-7.768463236,-0.000976494,-0.097438670
1734523546.308765650,2,0,-3.115012902,-2.500810294,0.004102504
1734523546.308765650,2,1,-0.773408320,-5.930754256,-0.116615113
1734523546.308765650,2,2,0.395501338,3.563138447,2.000000000
1734523546.308765650,2,3,-6.308030800,-5.055248295,-0.046960001
1734523546.308765650,2,4,-6.052911352,0.477398079,-0.074078714
1734523546.308765650,2,5,2.425035469,-3.229292200,-0.006283688
1734523546.308765650,2,6,-9.074137352,-2.069606189,-0.024457981
1734523546.308765650,2,7,-2.628618542,3.121461310,0.011747767
1734523546.308765650,2,8,-4.325048706,-9.492559301,-0.027754390
1734523546.308765650,2,9,-9.289045725,3.756698322,-0.029472085
1734523546.368765831,3,0,-3.250670280,2.929476686,-0.073854371
1734523546.368765831,3,1,-0.541921338,5.957452643,-0.055660805
1734523546.368765831,3,2,-6.217063025,5.328388628,-0.138771267
1734523546.368765831,3,3,0.347870679,-3.501547344,2.000000000
1734523546.368765831,3,4,-5.854321340,-0.245297289,-0.008567741
1734523546.368765831,3,5,-3.721725701,8.281556530,0.080223636
1734523546.368765831,3,6,-2.639364068,-2.985531005,0.019065683
1734523546.368765831,3,7,-9.389926488,2.438636911,-0.076817476
1734523546.368765831,3,8,2.450281037,3.085405356,0.008564996
1734523546.368765831,3,9,-8.990964935,-3.850929386,-0.108884961
1734523546.428765774,4,0,2.853493423,3.273930468,0.071915490
1734523546.428765774,4,1,4.778382105,5.082037808,-0.067297808
1734523546.428765774,4,2,-0.586258377,5.869782025,-0.253902853
1734523546.428765774,4,3,5.251072744,0.295588570,-0.006256920
1734523546.428765774,4,4,-4.892524716,-0.045266098,2.000000000
1734523546.428765774,4,5,2.071881833,9.375069763,-0.061579534
1734523546.428765774,4,6,3.175205282,-2.580888704,-0.085838524
1734523546.428765774,4,7,-3.082187363,2.518552414,0.015966567
1734523546.428765774,4,8,7.953155344,3.618840522,-0.014682335
1734523546.428765774,4,9,-2.608649145,-3.201973413,-0.022619180
1734523546.488765717,5,0,-0.453930236,-5.659007144,-0.052167485
1734523546.488765717,5,1,2.936518878,-3.118285746,0.008751409
1734523546.488765717,5,2,-3.027493040,-2.344973556,-0.010385077
1734523546.488765717,5,3,2.206043542,-8.919766592,-0.041659250
1734523546.488765717,5,4,-3.472356380,-7.928948473,-0.132214248
1734523546.488765717,5,5,3.301253115,3.704675724,2.000000000
1734523546.488765717,5,6,-1.074328871,-10.369862850,-0.107878127
1734523546.488765717,5,7,-6.217535273,-5.218001621,-0.024958576
1734523546.488765717,5,8,5.156016263,-6.133796744,-0.058234567
1734523546.488765717,5,9,-2.736527980,-4.669537504,0.066994226
1734523546.558765650,6,0,-0.361286653,5.616833621,-0.018593971
1734523546.558765650,6,1,2.421198305,8.532928065,0.014968419
1734523546.558765650,6,2,-2.818528493,8.082237182,-0.127310924
1734523546.558765650,6,3,2.817501797,2.910672695,0.010571117
1734523546.558765650,6,4,-3.024737224,2.565925195,-0.012938855
1734523546.558765650,6,5,-0.066125813,9.147507580,0.099965748
1734523546.558765650,6,6,-3.171213542,-3.770633224,2.000000000
1734523546.558765650,6,7,-6.146274835,5.454347531,0.038590448
1734523546.558765650,6,8,5.350511361,6.147663639,0.037179546
1734523546.558765650,6,9,-6.427285384,-0.364103186,-0.133371230
1734523546.618765831,7,0,5.830130057,0.104799853,-0.126339602
1734523546.618765831,7,1,8.807032326,3.176035170,-0.077938187
1734523546.618765831,7,2,2.772874231,3.123596622,0.014334372
1734523546.618765831,7,3,8.139626868,-3.195335709,-0.023852835
1734523546.618765831,7,4,3.146017209,-3.116378139,-0.032254019
1734523546.618765831,7,5,5.733461674,5.950359838,-0.020454559
1734523546.618765831,7,6,6.002309999,-5.718864225,-0.104045860
1734523546.618765831,7,7,-3.198414049,3.822019852,2.000000000
1734523546.618765831,7,8,11.567327256,0.053440309,-0.178023212
1734523546.618765831,7,9,0.016271424,-5.711941295,-0.118110054
1734523546.678765774,8,0,-5.642732553,-0.505548557,-0.012584422
1734523546.678765774,8,1,-2.945847598,2.954734393,0.062459396
1734523546.678765774,8,2,-9.033285036,2.173966191,-0.043690278
1734523546.678765774,8,3,-2.469672479,-3.316537917,-0.006731710
1734523546.678765774,8,4,-8.294342273,-3.689572843,-0.056086704
1734523546.678765774,8,5,-6.619481303,5.490226745,-0.066226245
1734523546.678765774,8,6,-5.209937867,-6.319356441,-0.071506802
1734523546.678765774,8,7,-9.697856544,-0.343688351,-0.114784724
1734523546.678765774,8,8,3.327315362,-3.651918288,2.000000000
1734523546.678765774,8,9,-4.445164050,-2.747699164,0.042570167
1734523546.738765717,9,0,5.266884062,6.160924227,-0.278699644
1734523546.738765717,9,1,3.172324384,3.626772604,-0.047083187
1734523546.738765717,9,2,2.041939023,7.773715002,-0.200815563
1734523546.738765717,9,3,7.973016643,3.382085085,-0.062445986
1734523546.738765717,9,4,2.605003490,3.173557765,-0.063063358
1734523546.738765717,9,5,2.367840258,5.933150387,0.019605585
1734523546.738765717,9,6,5.924378690,0.417234118,0.083141399
1734523546.738765717,9,7,-0.530156998,6.189517367,-0.017449871
1734523546.738765717,9,8,3.047839060,1.473853489,-0.091703599
1734523546.738765717,9,9,-6.695215413,-0.048803213,2.000000000
1734523546.808765650,0,0,0.225194288,-0.037049271,2.000000000
1734523546.808765650,0,1,4.165720950,0.098451407,-0.030647097
1734523546.808765650,0,2,-0.180931680,4.276744339,-0.016771791
1734523546.808765650,0,3,0.174645816,-4.195300881,-0.051867466
1734523546.808765650,0,4,-4.021720517,-0.206691570,0.021673694
1734523546.808765650,0,5,3.689632206,4.043205366,-0.049327753
1734523546.808765650,0,6,-3.788563625,-4.240181709,0.028322361
1734523546.808765650,0,7,-4.115969347,3.767218879,-0.006091538
1734523546.808765650,0,8,3.910683172,-3.796868102,0.035487347
1734523546.808765650,0,9,-7.985778553,-0.366218299,0.024880082
1734523546.868765831,1,0,-4.103362853,0.151070862,-0.002352201
1734523546.868765831,1,1,3.089554692,0.002913160,2.000000000
1734523546.868765831,1,2,-4.077930114,4.091597945,-0.096520157
1734523546.868765831,1,3,-4.248994478,-4.092338422,-0.200531935
1734523546.868765831,1,4,-8.016309787,-0.014702302,-0.087114649
1734523546.868765831,1,5,-0.131492651,3.823672868,0.030826963
1734523546.868765831,1,6,-8.296347536,-4.068183995,0.094947245
1734523546.868765831,1,7,-8.248193941,4.096165602,-0.070475990
1734523546.868765831,1,8,-0.151801272,-4.092221950,-0.020679163
1734523546.868765831,1,9,-7.741553408,-0.094919004,-0.052613252
1734523546.928765774,2,0,-3.384195648,-2.451778822,-0.150101830
1734523546.928765774,2,1,-1.033559724,-5.640015789,-0.005522904
1734523546.928765774,2,2,0.434215646,3.519362646,2.000000000
1734523546.928765774,2,3,-6.821750377,-4.714556137,-0.048384034
1734523546.928765774,2,4,-6.194799261,0.890928649,-0.133733286
1734523546.928765774,2,5,2.234498162,-3.500673664,-0.008317957
1734523546.928765774,2,6,-9.061245283,-1.404659034,-0.104285898
1734523546.928765774,2,7,-2.506785497,3.430912450,0.001867522
1734523546.928765774,2,8,-5.043657426,-9.204063712,0.014362099
1734523546.928765774,2,9,-8.454161265,4.323294307,0.037828739
1734523546.998765707,3,0,-3.276034532,2.639931230,-0.179506088
1734523546.998765707,3,1,-0.972328777,6.090319458,-0.035123010
1734523546.998765707,3,2,-6.527344858,4.779108149,-0.077798033
1734523546.998765707,3,3,0.383461939,-3.449420448,2.000000000
1734523546.998765707,3,4,-6.160556139,-0.906935984,-0.093922451
1734523546.998765707,3,5,-4.231352144,8.173071886,-0.026773784
1734523546.998765707,3,6,-2.520783283,-3.246682959,0.004783511
1734523546.998765707,3,7,-9.704576301,1.830763788,-0.094931137
1734523546.998765707,3,8,2.244308803,3.358137547,-0.017326788
1734523546.998765707,3,9,-8.801403770,-4.451490962,-0.087550842
1734523547.058765650,4,0,2.568970516,3.417033930,0.176203256
1734523547.058765650,4,1,4.350733963,5.529704640,0.090227401
1734523547.058765650,4,2,-1.191454743,5.961783804,-0.121465231
1734523547.058765650,4,3,5.233773871,0.807423626,0.043649880
1734523547.058765650,4,4,-4.961806580,-0.048319957,2.000000000
1734523547.058765650,4,5,1.340307407,9.255060344,-0.002612340
1734523547.058765650,4,6,3.304880440,-2.252598442,0.041094555
1734523547.058765650,4,7,-3.314205988,2.352517615,-0.030208621
1734523547.058765650,4,8,7.756466497,4.271029919,-0.110030882
1734523547.058765650,4,9,-2.353474629,-3.397286566,-0.025276365
1734523547.128765821,5,0,-0.462370358,-5.565020084,-0.033021943
1734523547.128765821,5,1,2.605606947,-3.170126636,-0.071519115
1734523547.128765821,5,2,-3.086459167,-2.284062910,0.005724244
1734523547.128765821,5,3,2.141706102,-9.140242262,-0.080044463
1734523547.128765821,5,4,-3.223957003,-7.915535782,-0.157466703
1734523547.128765821,5,5,3.231542560,3.674087708,2.000000000
1734523547.128765821,5,6,-1.129191752,-10.659434738,-0.178994659
1734523547.128765821,5,7,-6.307494088,-5.176727741,-0.048121072
1734523547.128765821,5,8,4.994043179,-6.116400128,-0.089593611
1734523547.128765821,5,9,-2.802041428,-4.879793798,0.083616650
1734523547.188765764,6,0,-0.804130227,5.725760012,-0.027107571
1734523547.188765764,6,1,1.684530465,8.389988081,0.013420829
1734523547.188765764,6,2,-3.437293731,7.783849212,-0.111866048
1734523547.188765764,6,3,2.589208572,3.035602532,-0.003035537
1734523547.188765764,6,4,-3.215242921,2.399293241,0.007465494
1734523547.188765764,6,5,-0.796251775,8.710661176,0.182071921
1734523547.188765764,6,6,-3.094717622,-3.748697203,2.000000000
1734523547.188765764,6,7,-6.627181510,5.079213902,0.018796096
1734523547.188765764,6,8,5.055085035,6.613951123,0.014014129
1734523547.188765764,6,9,-6.717340566,-0.698665424,-0.079614726
1734523547.248765707,7,0,6.054398123,0.219072343,-0.082857459
1734523547.248765707,7,1,8.868350948,3.289278847,-0.035599062
1734523547.248765707,7,2,2.715898999,3.181862709,-0.034128044
1734523547.248765707,7,3,7.918206474,-2.580194737,-0.060968022
1734523547.248765707,7,4,3.061666376,-2.971465212,-0.062517029
1734523547.248765707,7,5,5.621940608,6.068913169,-0.016677039
1734523547.248765707,7,6,6.148469858,-5.713738854,-0.127699696
1734523547.248765707,7,7,-3.110113874,3.801638185,2.000000000
1734523547.248765707,7,8,11.640202862,0.245645591,-0.137590376
1734523547.248765707,7,9,0.245746496,-5.576357375,0.002329712
1734523547.318765879,8,0,-5.673740752,-0.886637960,-0.045835568
1734523547.318765879,8,1,-2.960144383,2.477221074,-0.126797888
1734523547.318765879,8,2,-9.454179510,1.602036554,-0.091033792
1734523547.318765879,8,3,-2.203947092,-3.475153433,-0.022340207
1734523547.318765879,8,4,-7.937431119,-4.273967884,-0.054387101
1734523547.318765879,8,5,-6.511168030,4.629831876,-0.014160708
1734523547.318765879,8,6,-4.573693312,-6.387821360,-0.014968326
1734523547.318765879,8,7,-9.528908340,-1.102475528,0.018968268
1734523547.318765879,8,8,3.259805752,-3.616612322,2.000000000
1734523547.318765879,8,9,-4.177577312,-3.160062387,0.009225761
1734523547.378765821,9,0,4.666854850,6.545614978,-0.263878596
1734523547.378765821,9,1,3.067109964,3.989068648,-0.032071853
1734523547.378765821,9,2,1.099433243,7.970424160,-0.068696685
1734523547.378765821,9,3,8.148355128,4.228747973,-0.101902508
1734523547.378765821,9,4,2.289237305,3.300202348,-0.055405716
1734523547.378765821,9,5,1.890475420,6.251138552,-0.030313577
1734523547.378765821,9,6,6.042557180,0.853265014,0.141720436
1734523547.378765821,9,7,-0.931402122,6.189834279,-0.016542869
1734523547.378765821,9,8,2.966744526,1.660802466,-0.066072151
1734523547.378765821,9,9,-6.578145595,-0.052927464,2.000000000
1734523547.438765764,0,0,0.245109636,-0.040676745,2.000000000
1734523547.438765764,0,1,4.178371912,0.223735724,0.001576879
1734523547.438765764,0,2,-0.227214344,4.315566478,-0.030201172
1734523547.438765764,0,3,0.167833231,-4.173220117,0.020418408
1734523547.438765764,0,4,-4.068717863,-0.231036266,0.017183172
1734523547.438765764,0,5,3.769190356,4.152504434,0.148211089
1734523547.438765764,0,6,-3.756627755,-4.180850435,-0.046053213
1734523547.438765764,0,7,-4.293203058,3.775517223,-0.034156550
1734523547.438765764,0,8,4.263609964,-3.904269036,0.021651113
1734523547.438765764,0,9,-8.060871950,-0.406507651,-0.002114123
1734523547.508765697,1,0,-4.112444873,-0.036598202,-0.074117816
1734523547.508765697,1,1,3.000247861,0.003025533,2.000000000
1734523547.508765697,1,2,-3.999005949,4.102028407,0.008580821
1734523547.508765697,1,3,-4.241274066,-4.127177715,-0.005798188
1734523547.508765697,1,4,-8.191098799,-0.078592712,-0.076096649
1734523547.508765697,1,5,-0.167484500,3.973249046,0.002519519
1734523547.508765697,1,6,-8.395151918,-4.306412588,-0.000611903
1734523547.508765697,1,7,-8.113155836,4.128950940,0.008993288
1734523547.508765697,1,8,-0.156513741,-4.044414809,-0.003211128
1734523547.508765697,1,9,-7.737880398,-0.135912393,-0.059959452
1734523547.578765869,2,0,-3.731352734,-2.395184448,-0.024957780
1734523547.578765869,2,1,-1.506322837,-5.719884361,-0.014831593
1734523547.578765869,2,2,0.474871168,3.473371338,2.000000000
1734523547.578765869,2,3,-7.118680071,-4.241209786,0.013661976
1734523547.578765869,2,4,-5.988533454,1.386713642,-0.059521952
1734523547.578765869,2,5,1.980057367,-3.648420310,0.025362166
1734523547.578765869,2,6,-9.478659502,-0.776581499,-0.029730662
1734523547.578765869,2,7,-2.328884509,3.637906563,0.027732872
1734523547.578765869,2,8,-5.479774274,-8.310727096,0.130549169
1734523547.578765869,2,9,-8.106409298,4.847032554,-0.062019906
1734523547.638765812,3,0,-3.417978406,2.359700342,-0.064070573
1734523547.638765812,3,1,-1.343637480,5.792915790,-0.056055393
1734523547.638765812,3,2,-7.024529040,4.408236532,-0.001632472
1734523547.638765812,3,3,0.420570640,-3.395016287,2.000000000
1734523547.638765812,3,4,-5.509864594,-1.175413311,-0.009362185
1734523547.638765812,3,5,-5.072207069,8.002453381,-0.083321466
1734523547.638765812,3,6,-2.420573507,-3.421679415,0.028678618
1734523547.638765812,3,7,-9.722829456,1.073834191,-0.086506789
1734523547.638765812,3,8,2.015423201,3.473567683,-0.002818283
1734523547.638765812,3,9,-8.398023961,-4.979900479,-0.002571126
1734523547.708765745,4,0,2.284515429,3.506692302,0.157609455
1734523547.708765745,4,1,3.776154731,5.709743499,0.011533364
1734523547.708765745,4,2,-1.712234947,6.079664000,-0.005816892
1734523547.708765745,4,3,5.498565066,1.030301620,-0.020088434
1734523547.708765745,4,4,-5.030956696,-0.051431337,2.000000000
1734523547.708765745,4,5,0.707398784,9.481805226,-0.030254324
1734523547.708765745,4,6,3.546567074,-2.030139884,-0.025633933
1734523547.708765745,4,7,-3.475230418,2.119363407,0.005288732
1734523547.708765745,4,8,7.707710433,4.922690239,0.017198782
1734523547.708765745,4,9,-2.139131397,-3.555606425,0.039517526
1734523547.768765688,5,0,-0.654487102,-5.711124485,-0.061525354
1734523547.768765688,5,1,2.553097213,-2.995541685,-0.157408675
1734523547.768765688,5,2,-3.184284604,-2.331327085,-0.132190434
1734523547.768765688,5,3,1.972833630,-9.031140513,-0.128468632
1734523547.768765688,5,4,-3.696195067,-8.131370800,-0.086170985
1734523547.768765688,5,5,3.157830141,3.641585467,2.000000000
1734523547.768765688,5,6,-1.331543579,-10.749007856,-0.089438104
1734523547.768765688,5,7,-6.596365467,-5.041094560,0.003669288
1734523547.768765688,5,8,4.857287631,-6.359149340,-0.015444873
1734523547.768765688,5,9,-3.045212482,-4.743333119,0.021795554
1734523547.838765860,6,0,-1.151160207,5.640491515,-0.021720173
1734523547.838765860,6,1,1.202399720,8.926990700,0.033645714
1734523547.838765860,6,2,-3.933682509,7.603909626,-0.076396220
1734523547.838765860,6,3,2.361015034,3.155684747,0.006493243
1734523547.838765860,6,4,-3.375577601,2.161595886,-0.034944262
1734523547.838765860,6,5,-1.301010009,9.115328499,0.015725944
1734523547.838765860,6,6,-3.016651507,-3.726253979,2.000000000
1734523547.838765860,6,7,-6.807208451,4.532454493,-0.016695134
1734523547.838765860,6,8,4.766469569,7.137659969,0.043113200
1734523547.838765860,6,9,-6.316534010,-1.394427808,-0.030926110
1734523547.898765802,7,0,5.975397166,0.163575326,-0.044059975
1734523547.898765802,7,1,8.813546630,3.279388978,-0.047208965
1734523547.898765802,7,2,2.688376885,3.143287400,-0.026569895
1734523547.898765802,7,3,8.487450606,-2.752037741,-0.049457475
1734523547.898765802,7,4,2.930611210,-2.850454463,-0.056903177
1734523547.898765802,7,5,5.603191310,6.111991702,-0.080791929
1734523547.898765802,7,6,6.226405459,-5.753839183,-0.076239013
1734523547.898765802,7,7,-3.018327184,3.780386745,2.000000000
1734523547.898765802,7,8,11.005662118,0.224850118,-0.116366857
1734523547.898765802,7,9,0.145532572,-5.742058572,-0.101444861
1734523547.958765745,8,0,-5.672673028,-1.359156243,-0.069916867
1734523547.958765745,8,1,-3.238636987,2.318316335,-0.141358847
1734523547.958765745,8,2,-9.132551661,0.912390027,-0.028692519
1734523547.958765745,8,3,-1.870772010,-3.480235270,0.010179066
1734523547.958765745,8,4,-7.794099179,-4.907735713,-0.010819193
1734523547.958765745,8,5,-6.824745632,4.131612812,-0.017579594
1734523547.958765745,8,6,-4.118090434,-6.787971560,-0.039360807
1734523547.958765745,8,7,-9.467438278,-1.710058432,-0.029587445
1734523547.958765745,8,8,3.190234291,-3.580264853,2.000000000
1734523547.958765745,8,9,-4.200066675,-3.560411366,0.044968286
1734523548.028765678,9,0,4.494286524,7.015407992,-0.177564553
1734523548.028765678,9,1,2.760927654,4.350797988,0.028359562
1734523548.028765678,9,2,0.620783087,8.282356080,-0.149980837
1734523548.028765678,9,3,7.953195240,4.756963565,-0.166311096
1734523548.028765678,9,4,2.216451531,3.447834447,-0.137248370
1734523548.028765678,9,5,1.507667822,6.592841521,-0.008005552
1734523548.028765678,9,6,5.588005285,1.406493829,0.125653248
1734523548.028765678,9,7,-1.327521764,6.251301686,-0.070654221
1734523548.028765678,9,8,2.556317770,1.796844312,-0.085113547
1734523548.028765678,9,9,-6.456724968,-0.057101272,2.000000000
1734523548.088765860,0,0,0.265793973,-0.044443458,2.000000000
1734523548.088765860,0,1,4.114035242,0.096948083,0.035514190
1734523548.088765860,0,2,-0.130548340,4.353974271,-0.064754118
1734523548.088765860,0,3,0.198824446,-4.332062058,-0.002426448
1734523548.088765860,0,4,-4.062991474,-0.434695132,0.004029098
1734523548.088765860,0,5,3.817340664,4.270059404,0.138573935
1734523548.088765860,0,6,-3.779624761,-4.243874720,0.004176805
1734523548.088765860,0,7,-4.253516927,3.839366471,-0.025841702
1734523548.088765860,0,8,4.259794635,-3.937816007,0.001163314
1734523548.088765860,0,9,-7.878619613,-0.474736224,0.083191891
1734523548.148765802,1,0,-4.198714058,0.047056749,-0.110557629
1734523548.148765802,1,1,2.906770684,0.003139410,2.000000000
1734523548.148765802,1,2,-4.143231666,4.275819163,0.025341795
1734523548.148765802,1,3,-4.070532041,-4.238268261,-0.019399305
1734523548.148765802,1,4,-7.994756123,-0.091518874,0.025781100
1734523548.148765802,1,5,-0.140236045,4.098963223,0.034385724
1734523548.148765802,1,6,-8.183965431,-4.119953564,-0.015127101
1734523548.148765802,1,7,-8.107889812,4.112837856,0.114968284
1734523548.148765802,1,8,-0.144911895,-4.053582269,0.019907667
1734523548.148765802,1,9,-7.735989855,0.034098452,-0.020849259
1734523548.208765745,2,0,-3.852696676,-2.090943422,-0.121966340
1734523548.208765745,2,1,-1.974554065,-5.730540187,-0.030677895
1734523548.208765745,2,2,0.517404430,3.425239688,2.000000000
1734523548.208765745,2,3,-7.316530771,-3.616062571,-0.036725370
1734523548.208765745,2,4,-5.952543709,1.831905791,-0.003179946
1734523548.208765745,2,5,1.721486357,-3.783544354,0.007693400
1734523548.208765745,2,6,-9.113806616,-0.127426277,-0.021040945
1734523548.208765745,2,7,-1.915229401,3.586536730,-0.002472661
1734523548.208765745,2,8,-6.100757658,-8.220870263,0.044606587
1734523548.208765745,2,9,-7.690624189,5.390887804,-0.088494545
1734523548.278765678,3,0,-3.755821058,2.068636318,-0.024888826
1734523548.278765678,3,1,-1.851393639,5.820015914,-0.014924696
1734523548.278765678,3,2,-7.062850086,4.174001418,0.098082519
1734523548.278765678,3,3,0.458755654,-3.339082196,2.000000000
1734523548.278765678,3,4,-5.634249827,-1.621309082,-0.064807378
1734523548.278765678,3,5,-5.609993205,7.758537872,-0.112472402
1734523548.278765678,3,6,-2.200771165,-3.690162524,0.011562052
1734523548.278765678,3,7,-9.500502610,0.337784095,-0.023280562
1734523548.278765678,3,8,1.832540136,3.556705954,0.046458746
1734523548.278765678,3,9,-7.647113897,-5.281413762,-0.054794533
1734523548.338765860,4,0,1.914264000,3.538555551,0.061284448
1734523548.338765860,4,1,3.396145051,6.035455473,-0.113644820
1734523548.338765860,4,2,-2.100487598,6.174979263,-0.120676685
1734523548.338765860,4,3,5.598112778,1.709238992,0.007650713
1734523548.338765860,4,4,-5.101371857,-0.054692238,2.000000000
1734523548.338765860,4,5,-0.037867551,9.469391943,-0.020689177
1734523548.338765860,4,6,3.629802982,-1.760704046,-0.003156192
1734523548.338765860,4,7,-3.761740956,1.994518314,0.001888524
1734523548.338765860,4,8,7.626102615,5.534302533,0.111221241
1734523548.338765860,4,9,-1.989539756,-3.860785332,0.046126804
1734523548.408765793,5,0,-0.993572854,-5.553310470,-0.050065322
1734523548.408765793,5,1,2.572535274,-3.093137063,-0.000469187
1734523548.408765793,5,2,-3.288964028,-2.076303548,-0.061943585
1734523548.408765793,5,3,1.490052696,-9.198307927,-0.087215673
1734523548.408765793,5,4,-3.776637959,-7.788933725,-0.042337494
1734523548.408765793,5,5,3.080085614,3.607144651,2.000000000
1734523548.408765793,5,6,-1.823733286,-10.503950962,-0.039383646
1734523548.408765793,5,7,-6.717880998,-4.584237486,-0.071277628
1734523548.408765793,5,8,4.502312254,-6.645649869,-0.083428377
1734523548.408765793,5,9,-3.166600248,-4.514147744,-0.004542691
1734523548.468765736,6,0,-1.511808661,5.440445634,0.008971299
1734523548.468765736,6,1,0.610000845,8.848970715,0.065546683
1734523548.468765736,6,2,-4.477486898,7.199713109,0.102250700
1734523548.468765736,6,3,2.254766230,3.426732553,0.018470845
1734523548.468765736,6,4,-3.569030263,1.888145882,0.063678571
1734523548.468765736,6,5,-1.957770987,8.533237027,-0.077069980
1734523548.468765736,6,6,-2.937846392,-3.703631490,2.000000000
1734523548.468765736,6,7,-7.100761097,4.056953152,0.061849521
1734523548.468765736,6,8,4.405837455,7.481846037,0.020234162
1734523548.468765736,6,9,-5.912522103,-1.760567952,0.008672644
1734523548.528765678,7,0,5.827837532,0.024193601,-0.043758857
1734523548.528765678,7,1,8.774424663,3.102967363,-0.081929843
1734523548.528765678,7,2,2.710132375,2.985357477,-0.008015803
1734523548.528765678,7,3,8.019701503,-2.576761342,0.017330264
1734523548.528765678,7,4,3.012282693,-2.923333237,-0.085623536
1734523548.528765678,7,5,5.722027086,5.753517443,0.037233912
1734523548.528765678,7,6,5.787441607,-5.653347462,-0.093917319
1734523548.528765678,7,7,-2.921840335,3.758001119,2.000000000
1734523548.528765678,7,8,11.011736764,0.000619822,-0.093097189
1734523548.528765678,7,9,0.013520198,-5.588711181,-0.074827907
1734523548.598765850,8,0,-5.694986682,-1.792753967,-0.064094069
1734523548.598765850,8,1,-3.426155853,2.093299054,-0.163625203
1734523548.598765850,8,2,-9.286788434,0.203301728,-0.082823121
1734523548.598765850,8,3,-1.694962447,-3.623552020,-0.053110645
1734523548.598765850,8,4,-7.319235394,-5.526346664,-0.048606495
1734523548.598765850,8,5,-7.369628086,3.776414570,-0.062288681
1734523548.598765850,8,6,-3.767827422,-7.307997461,0.029068606
1734523548.598765850,8,7,-9.294438873,-2.340259874,-0.048047834
1734523548.598765850,8,8,3.118001934,-3.542585720,2.000000000
1734523548.598765850,8,9,-4.333772327,-3.976521584,0.043368918
1734523548.658765793,9,0,3.973179091,7.346579176,-0.266147976
1734523548.658765793,9,1,2.657117291,4.740035654,-0.048900493
1734523548.658765793,9,2,0.189711906,8.319914359,-0.132716942
1734523548.658765793,9,3,7.921086142,5.181679592,-0.129444309
1734523548.658765793,9,4,1.864920103,3.572862083,-0.081906956
1734523548.658765793,9,5,1.024687624,6.824155232,-0.156740615
1734523548.658765793,9,6,5.632865514,1.976928722,-0.004705637
1734523548.658765793,9,7,-1.766573870,6.026121244,-0.039128241
1734523548.658765793,9,8,2.411095556,1.966070886,-0.020262667
1734523548.658765793,9,9,-6.332753182,-0.061263536,2.000000000
1734523548.718765736,0,0,0.287242084,-0.048350158,2.000000000
1734523548.718765736,0,1,4.016271659,0.038085429,0.045245609
1734523548.718765736,0,2,-0.105564603,4.237924663,-0.113007713
1734523548.718765736,0,3,0.185506210,-4.316399168,0.060013405
1734523548.718765736,0,4,-4.093629148,-0.237829019,-0.007140152
1734523548.718765736,0,5,3.896406456,4.406978583,0.090542095
1734523548.718765736,0,6,-3.866931346,-4.340688214,-0.006971845
1734523548.718765736,0,7,-4.138406493,3.760701039,-0.132787594
1734523548.718765736,0,8,4.166329831,-3.841924877,-0.029223971
1734523548.718765736,0,9,-7.967965234,-0.334279737,0.067328329
1734523548.788765669,1,0,-4.118702691,-0.080963201,-0.031642884
1734523548.788765669,1,1,2.809173585,0.003255559,2.000000000
1734523548.788765669,1,2,-4.118442620,4.335052092,-0.100575152
1734523548.788765669,1,3,-4.221016521,-4.390544064,-0.025803338
1734523548.788765669,1,4,-8.297525908,-0.123454684,0.080561804
1734523548.788765669,1,5,-0.148982019,4.139602065,0.025372367
1734523548.788765669,1,6,-8.365618591,-4.051501667,0.063339048
1734523548.788765669,1,7,-7.937271010,4.040968220,0.073220131
1734523548.788765669,1,8,-0.140871789,-3.918662089,0.033114066
1734523548.788765669,1,9,-7.742466378,-0.066559728,-0.128133330
1734523548.848765850,2,0,-3.781777171,-1.755131714,0.008413996
1734523548.848765850,2,1,-2.393043771,-5.788367749,0.051903978
1734523548.848765850,2,2,0.561423538,3.375479037,2.000000000
1734523548.848765850,2,3,-7.480543916,-3.141585703,-0.124761860
1734523548.848765850,2,4,-5.763542483,2.188936018,-0.006725104
1734523548.848765850,2,5,1.533716800,-3.919539880,-0.068155409
1734523548.848765850,2,6,-9.304619724,0.451467759,0.013822041
1734523548.848765850,2,7,-1.707988650,3.647063828,0.039077782
1734523548.848765850,2,8,-6.417070800,-7.741061558,-0.045113634
1734523548.848765850,2,9,-7.510160491,5.907804662,-0.202584403
1734523548.908765793,3,0,-3.867869511,1.839391279,-0.107478058
1734523548.908765793,3,1,-2.175487867,5.717866220,-0.005834757
1734523548.908765793,3,2,-7.328615847,3.806625405,0.074440251
1734523548.908765793,3,3,0.498131136,-3.281476196,2.000000000
1734523548.908765793,3,4,-5.399322070,-1.919782046,-0.058898992
1734523548.908765793,3,5,-6.107302839,7.454275366,-0.223413376
1734523548.908765793,3,6,-1.840484762,-3.558046986,-0.031883205
1734523548.908765793,3,7,-9.407439519,-0.192087952,-0.098372071
1734523548.908765793,3,8,1.648522829,3.687169389,0.030844738
1734523548.908765793,3,9,-7.261986148,-5.767500138,-0.041431939
1734523548.978765726,4,0,1.606090086,3.833213651,-0.071845807
1734523548.978765726,4,1,3.212717854,6.833539415,0.092448175
1734523548.978765726,4,2,-2.530039395,5.898113141,0.022166868
1734523548.978765726,4,3,5.579443012,2.168847700,-0.032998076
1734523548.978765726,4,4,-5.171509413,-0.058033603,2.000000000
1734523548.978765726,4,5,-0.559296404,9.382656747,-0.013338085
1734523548.978765726,4,6,3.773555775,-1.541498489,-0.029790259
1734523548.978765726,4,7,-3.844144456,1.732169854,0.000232604
1734523548.978765726,4,8,6.930193383,5.787674502,-0.027149570
1734523548.978765726,4,9,-1.763316942,-4.084952573,-0.074940450
1734523549.038765669,5,0,-1.018592780,-5.568245757,-0.021831319
1734523549.038765669,5,1,2.365242505,-3.128535707,0.039427158
1734523549.038765669,5,2,-3.525471085,-1.813746452,-0.019619401
1734523549.038765669,5,3,0.907160483,-9.221842816,-0.031390288
1734523549.038765669,5,4,-4.382575162,-7.664633354,-0.090562693
1734523549.038765669,5,5,2.998202707,3.570704048,2.000000000
1734523549.038765669,5,6,-2.638672434,-10.791242577,-0.039961378
1734523549.038765669,5,7,-6.781186611,-4.042080042,0.018645273
1734523549.038765669,5,8,4.302618536,-6.999630794,-0.091349142
1734523549.038765669,5,9,-3.195759522,-4.216009106,-0.050018398
1734523549.098765850,6,0,-1.794203535,5.425442306,-0.000600351
1734523549.098765850,6,1,0.154600887,9.160552168,-0.014743022
1734523549.098765850,6,2,-4.937557130,7.100990894,-0.013882246
1734523549.098765850,6,3,2.091979572,3.504710865,0.032429898
1734523549.098765850,6,4,-3.846010560,1.840696819,0.132662726
1734523549.098765850,6,5,-2.776215571,8.651520213,-0.028987370
1734523549.098765850,6,6,-2.858436761,-3.680914624,2.000000000
1734523549.098765850,6,7,-7.425987317,3.795034478,0.026284316
1734523549.098765850,6,8,4.059272797,7.697191217,0.113080531
1734523549.098765850,6,9,-5.881063177,-2.055000624,-0.049544887
1734523549.168765783,7,0,5.836094768,-0.237196478,0.006372839
1734523549.168765783,7,1,8.978313737,2.802379519,-0.098655773
1734523549.168765783,7,2,2.556312274,2.878370289,0.005813986
1734523549.168765783,7,3,8.421357380,-3.112487158,0.016029697
1734523549.168765783,7,4,2.687549027,-3.335872260,-0.033569465
1734523549.168765783,7,5,5.732158450,5.722085665,0.042269738
1734523549.168765783,7,6,5.631972234,-5.985776890,-0.097253741
1734523549.168765783,7,7,-2.821038167,3.734569471,2.000000000
1734523549.168765783,7,8,10.646584444,-0.345090099,-0.054845343
1734523549.168765783,7,9,-0.230918802,-5.989352642,-0.057486343
1734523549.228765726,8,0,-5.516003651,-2.051439409,-0.009605493
1734523549.228765726,8,1,-3.413146613,1.661902808,-0.041314562
1734523549.228765726,8,2,-9.372241566,-0.341998973,-0.104802436
1734523549.228765726,8,3,-1.408310772,-4.000387812,0.001396025
1734523549.228765726,8,4,-7.132602243,-5.977533134,-0.067750320
1734523549.228765726,8,5,-7.773676830,3.449512001,0.003396915
1734523549.228765726,8,6,-3.225520522,-7.423519488,-0.042441548
1734523549.228765726,8,7,-9.013180824,-2.751624647,-0.092537006
1734523549.228765726,8,8,3.043413348,-3.503686819,2.000000000
1734523549.228765726,8,9,-4.093297075,-4.322215024,0.130432092
1734523549.288765669,9,0,3.372413727,7.856666522,-0.157981500
1734523549.288765669,9,1,2.267001695,5.074995120,-0.040965760
1734523549.288765669,9,2,-0.614866771,8.513573895,-0.118784246
1734523549.288765669,9,3,7.517401891,5.487475961,-0.060488189
1734523549.288765669,9,4,1.733270185,3.732392073,-0.152792236
1734523549.288765669,9,5,0.602756138,7.090167570,-0.018863654
1734523549.288765669,9,6,5.251246982,2.164983353,-0.049042626
1734523549.288765669,9,7,-2.222999725,5.742834206,0.097553773
1734523549.288765669,9,8,2.291251453,1.942393097,-0.020262667
1734523549.288765669,9,9,-6.206365665,-0.065411714,2.000000000
1734523549.348765850,0,0,0.309330721,-0.052375639,2.000000000
1734523549.348765850,0,1,4.076401917,-0.145099577,0.191143206
1734523549.348765850,0,2,-0.190481090,4.084792228,0.026283160
1734523549.348765850,0,3,0.201880674,-4.278502093,0.062587898
1734523549.348765850,0,4,-4.083053818,-0.638910077,0.166870805
1734523549.348765850,0,5,3.876853396,4.385808081,0.016326296
1734523549.348765850,0,6,-3.822263877,-4.241017147,-0.010533435
1734523549.348765850,0,7,-4.127774513,3.940315405,-0.016664721
1734523549.348765850,0,8,4.133758837,-3.807851049,-0.001513513
1734523549.348765850,0,9,-7.814329827,-0.370616584,-0.011853947
1734523549.408765793,1,0,-4.277386371,-0.056882690,-0.022121934
1734523549.408765793,1,1,2.707496527,0.003374423,2.000000000
1734523549.408765793,1,2,-4.277943003,4.379953682,-0.013992297
1734523549.408765793,1,3,-4.215606925,-4.423027820,0.012474860
1734523549.408765793,1,4,-8.060659851,0.031082634,0.053150200
1734523549.408765793,1,5,-0.180353816,4.035213799,0.122046280
1734523549.408765793,1,6,-8.233002681,-3.903348836,0.091318889
1734523549.408765793,1,7,-7.939662375,4.049066201,-0.004854005
1734523549.408765793,1,8,-0.232318231,-3.998954034,0.015545644
1734523549.408765793,1,9,-7.717380994,-0.042698370,-0.163227134
1734523549.478765726,2,0,-4.060299278,-1.408433049,-0.116528474
1734523549.478765726,2,1,-2.794611183,-5.852180268,-0.055988952
1734523549.478765726,2,2,0.607026960,3.323994798,2.000000000
1734523549.478765726,2,3,-7.632999631,-2.676329108,-0.058164175
1734523549.478765726,2,4,-5.560665583,2.416598183,-0.012815366
1734523549.478765726,2,5,1.361220008,-3.808596413,-0.031367468
1734523549.478765726,2,6,-9.168992068,0.957215914,-0.041551617
1734523549.478765726,2,7,-1.450681761,3.892633005,0.003808354
1734523549.478765726,2,8,-7.034264896,-7.270268746,0.002889677
1734523549.478765726,2,9,-7.364426103,6.737487560,0.029884555
1734523549.538765669,3,0,-4.161946759,1.574872017,-0.220750634
1734523549.538765669,3,1,-2.460105742,5.381470443,-0.054336834
1734523549.538765669,3,2,-7.642915244,3.317367215,-0.021708881
1734523549.538765669,3,3,0.538604960,-3.222348757,2.000000000
1734523549.538765669,3,4,-5.359817045,-2.315516825,-0.016819229
1734523549.538765669,3,5,-6.796824074,7.018733055,-0.060688994
1734523549.538765669,3,6,-1.623244104,-3.701759621,-0.012379823
1734523549.538765669,3,7,-9.592120586,-0.850102080,-0.040232171
1734523549.538765669,3,8,1.368179905,3.691443125,0.029537512
1734523549.538765669,3,9,-7.144611671,-6.430358870,-0.001439684
1734523549.608765841,4,0,1.418033163,4.038883015,-0.082852777
1734523549.608765841,4,1,2.757816878,7.206715216,0.120025797
1734523549.608765841,4,2,-2.882602188,5.632547367,-0.060394569
1734523549.608765841,4,3,5.555246222,2.442440260,0.031394253
1734523549.608765841,4,4,-5.239953764,-0.061341082,2.000000000
1734523549.608765841,4,5,-1.114005870,9.663542912,-0.037762387
1734523549.608765841,4,6,3.917066126,-1.279959735,-0.070377270
1734523549.608765841,4,7,-3.981905076,1.582091219,0.062723424
1734523549.608765841,4,8,6.506440459,6.251135260,-0.061818115
1734523549.608765841,4,9,-1.510140299,-4.224330359,0.084990442
1734523549.668765783,5,0,-1.444760803,-5.562563613,0.059945235
1734523549.668765783,5,1,1.919542953,-3.353198115,-0.072727834
1734523549.668765783,5,2,-3.670257619,-1.651863063,-0.044543096
1734523549.668765783,5,3,0.172967943,-9.185303389,-0.043315073
1734523549.668765783,5,4,-4.717154884,-7.068720665,0.053586952
1734523549.668765783,5,5,2.913201037,3.532760294,2.000000000
1734523549.668765783,5,6,-3.533839303,-10.936019011,-0.058713880
1734523549.668765783,5,7,-6.723930146,-3.293785528,0.012280548
1734523549.668765783,5,8,3.841600208,-7.452048666,-0.124291460
1734523549.668765783,5,9,-3.110139708,-3.593351215,0.023802152
1734523549.728765726,6,0,-2.064526315,5.514686011,-0.022926556
1734523549.728765726,6,1,-0.271956584,8.882431054,-0.037027602
1734523549.728765726,6,2,-5.256198048,6.683419775,0.088033276
1734523549.728765726,6,3,1.964324250,3.603523148,0.004646467
1734523549.728765726,6,4,-3.916142600,1.652142946,0.016134092
1734523549.728765726,6,5,-3.524202841,9.229205513,0.035269645
1734523549.728765726,6,6,-2.778161651,-3.658015053,2.000000000
1734523549.728765726,6,7,-7.650018386,3.464500168,-0.015495041
1734523549.728765726,6,8,3.746445145,8.181940286,0.031716823
1734523549.728765726,6,9,-5.588995605,-2.280234563,-0.001562943
1734523549.798765659,7,0,5.814923102,-0.552211665,-0.081095228
1734523549.798765659,7,1,9.004843030,2.203573336,-0.082034349
1734523549.798765659,7,2,2.659439566,2.579894755,0.056718735
1734523549.798765659,7,3,7.796243230,-3.372139525,0.040173714
1734523549.798765659,7,4,2.811958356,-3.307851492,-0.085061619
1734523549.798765659,7,5,6.013235256,5.399866214,0.117084118
1734523549.798765659,7,6,5.301935509,-6.275478423,-0.041146547
1734523549.798765659,7,7,-2.716004811,3.710087079,2.000000000
1734523549.798765659,7,8,10.446590590,-0.924652496,0.028294171
1734523549.798765659,7,9,-0.544204769,-5.878729496,-0.037196367
1734523549.858765841,8,0,-5.207766580,-2.354063186,-0.008677617
1734523549.858765841,8,1,-3.852554710,1.574784409,-0.112682913
1734523549.858765841,8,2,-9.285626617,-0.917611234,-0.041888414
1734523549.858765841,8,3,-1.208166333,-4.006194556,-0.006109125
1734523549.858765841,8,4,-6.898917405,-6.557425126,-0.019033504
1734523549.858765841,8,5,-8.163048107,2.959652460,-0.018174715
1734523549.858765841,8,6,-2.689268045,-7.543377570,0.001345335
1734523549.858765841,8,7,-8.725944718,-3.649133816,-0.110327421
1734523549.858765841,8,8,2.967475042,-3.464134228,2.000000000
1734523549.858765841,8,9,-3.665690822,-4.604607954,-0.006368651
1734523549.918765783,9,0,3.036620011,7.815262469,-0.087810600
1734523549.918765783,9,1,2.031343314,5.444267363,-0.120118082
1734523549.918765783,9,2,-1.206355887,8.484430927,-0.071902174
1734523549.918765783,9,3,6.935093277,6.222670404,-0.000184922
1734523549.918765783,9,4,1.610224144,4.062118339,-0.055002596
1734523549.918765783,9,5,0.107659556,7.249657942,-0.081390359
1734523549.918765783,9,6,5.296326060,2.619700332,-0.055206102
1734523549.918765783,9,7,-2.412059761,5.447580953,-0.042806546
1734523549.918765783,9,8,2.022538629,2.111318125,-0.094107851
1734523549.918765783,9,9,-6.079981093,-0.069575510,2.000000000
1734523549.988765717,0,0,0.332529538,-0.056597087,2.000000000
1734523549.988765717,0,1,4.150604300,0.132200483,0.104399481
1734523549.988765717,0,2,-0.218522035,4.061097259,-0.035519809
1734523549.988765717,0,3,0.131205175,-4.394527937,0.053637993
1734523549.988765717,0,4,-4.135857952,-0.342125285,0.100133875
1734523549.988765717,0,5,3.719202810,4.305968884,-0.010820911
1734523549.988765717,0,6,-3.687339594,-4.188128571,0.012416402
1734523549.988765717,0,7,-4.175181484,3.786663194,-0.026732485
1734523549.988765717,0,8,4.135252773,-3.783452527,0.033309695
1734523549.988765717,0,9,-7.952795284,-0.568927102,0.012802410
1734523550.048765659,1,0,-4.153456478,0.000362013,0.026506293
1734523550.048765659,1,1,2.601773157,0.003496489,2.000000000
1734523550.048765659,1,2,-4.166709604,4.290487475,0.026265807
1734523550.048765659,1,3,-4.147696458,-4.327272300,-0.048233297
1734523550.048765659,1,4,-8.109740972,-0.068094298,-0.069669072
1734523550.048765659,1,5,-0.280417352,3.958307010,0.409518264
1734523550.048765659,1,6,-8.109240631,-4.020234819,0.015000758
1734523550.048765659,1,7,-7.947445060,4.087236601,0.054542265
1734523550.048765659,1,8,-0.359330828,-4.113369859,0.042532653
1734523550.048765659,1,9,-7.722227881,-0.148000347,-0.093816794
1734523550.108765841,2,0,-4.270587192,-1.283266928,-0.087130330
1734523550.108765841,2,1,-3.055922618,-5.346981786,-0.033696487
1734523550.108765841,2,2,0.654663589,3.270340824,2.000000000
1734523550.108765841,2,3,-8.020865939,-2.285414607,-0.021138213
1734523550.108765841,2,4,-5.360850764,2.733760600,-0.013633012
1734523550.108765841,2,5,1.069577378,-4.042276050,-0.055757612
1734523550.108765841,2,6,-9.316156681,1.594200860,-0.013129459
1734523550.108765841,2,7,-1.291904749,3.940127245,-0.002845673
1734523550.108765841,2,8,-7.209852510,-6.560243355,0.019392906
1734523550.108765841,2,9,-6.633852981,6.675634800,-0.081668296
1734523550.168765783,3,0,-4.205715045,1.365475532,-0.129734990
1734523550.168765783,3,1,-2.865650492,5.251068437,0.012885089
1734523550.168765783,3,2,-7.896022887,2.920858970,-0.057602895
1734523550.168765783,3,3,0.580186652,-3.161729944,2.000000000
1734523550.168765783,3,4,-5.212055788,-2.625316937,-0.055605362
1734523550.168765783,3,5,-7.230577629,6.834833047,-0.026195656
1734523550.168765783,3,6,-1.357115492,-3.650398254,0.011588017
1734523550.168765783,3,7,-9.492297542,-1.376626307,-0.022058186
1734523550.168765783,3,8,1.111127167,3.883670655,-0.025947800
1734523550.168765783,3,9,-6.647441963,-6.820276548,-0.083470478
1734523550.238765717,4,0,1.073116037,4.254430423,0.090086720
1734523550.238765717,4,1,2.361438430,7.300560240,-0.029114703
1734523550.238765717,4,2,-3.191401799,5.409338521,0.001597673
1734523550.238765717,4,3,5.407341351,2.728284721,0.009148883
1734523550.238765717,4,4,-5.307747390,-0.064723882,2.000000000
1734523550.238765717,4,5,-1.747175910,9.015403130,0.024109045
1734523550.238765717,4,6,4.246891976,-1.224248178,-0.017252381
1734523550.238765717,4,7,-3.985307952,1.210506303,0.000869264
1734523550.238765717,4,8,6.145322005,6.520442920,-0.005392416
1734523550.238765717,4,9,-1.133115107,-4.198765887,-0.052768479
1734523550.298765659,5,0,-2.286719492,-5.292130329,-0.052306642
1734523550.298765659,5,1,1.758653478,-3.622824671,-0.045565285
1734523550.298765659,5,2,-3.614190676,-1.363142786,0.000825302
1734523550.298765659,5,3,-0.675287778,-9.155922229,-0.122118188
1734523550.298765659,5,4,-5.387552639,-6.594576783,0.108689345
1734523550.298765659,5,5,2.825300847,3.493424792,2.000000000
1734523550.298765659,5,6,-4.648415407,-10.901872813,-0.124625436
1734523550.298765659,5,7,-6.958898466,-2.604740628,0.013222947
1734523550.298765659,5,8,3.170257511,-7.866249468,-0.193937834
1734523550.298765659,5,9,-2.992949754,-3.134926634,0.004468752
1734523550.358765841,6,0,-2.256896865,5.316653404,0.009650960
1734523550.358765841,6,1,-0.616574492,8.937259843,0.029920949
1734523550.358765841,6,2,-5.562458694,6.410548451,-0.067097117
1734523550.358765841,6,3,1.828955910,3.800537345,0.012368204
1734523550.358765841,6,4,-3.869116885,1.341090754,-0.024859264
1734523550.358765841,6,5,-4.159233683,9.762588810,-0.005960899
1734523550.358765841,6,6,-2.695647528,-3.634524135,2.000000000
1734523550.358765841,6,7,-7.515104623,3.051888013,-0.024882451
1734523550.358765841,6,8,3.411656597,8.422327479,0.055294123
1734523550.358765841,6,9,-5.336392331,-2.428600912,-0.003514578
1734523550.428765774,7,0,5.706007136,-0.945843746,-0.013410204
1734523550.428765774,7,1,9.066799072,1.888974987,-0.175709110
1734523550.428765774,7,2,2.870166778,2.497079493,0.071406489
1734523550.428765774,7,3,8.057468661,-3.771070875,0.052306469
1734523550.428765774,7,4,2.591596205,-3.452278774,-0.125168919
1734523550.428765774,7,5,6.442355358,4.845177160,0.004988136
1734523550.428765774,7,6,5.029545610,-6.479656850,-0.071379152
1734523550.428765774,7,7,-2.606438411,3.684477849,2.000000000
1734523550.428765774,7,8,10.155018541,-1.691492513,-0.029037101
1734523550.428765774,7,9,-1.006779360,-5.846082731,0.000550628
1734523550.488765717,8,0,-4.969058174,-2.624689479,-0.011515083
1734523550.488765717,8,1,-4.024440688,1.457832629,-0.086144466
1734523550.488765717,8,2,-9.147223665,-1.467273639,-0.092122216
1734523550.488765717,8,3,-0.942196177,-4.125257271,0.027669437
1734523550.488765717,8,4,-6.420028571,-6.910932057,-0.055157332
1734523550.488765717,8,5,-8.693827335,2.549789233,-0.075377580
1734523550.488765717,8,6,-2.207726127,-7.892447595,0.022480626
1734523550.488765717,8,7,-8.772856653,-4.537323232,-0.024210443
1734523550.488765717,8,8,2.889009671,-3.423297897,2.000000000
1734523550.488765717,8,9,-3.427613359,-4.940477984,-0.062675436
1734523550.548765659,9,0,2.393813900,8.095829314,-0.112525139
1734523550.548765659,9,1,1.617479121,5.719506894,-0.144032987
1734523550.548765659,9,2,-1.766088552,8.561623760,-0.094261869
1734523550.548765659,9,3,6.673597006,6.543002247,0.031570728
1734523550.548765659,9,4,1.249715782,4.277758449,-0.081539367
1734523550.548765659,9,5,-0.125971833,7.640610650,-0.068753345
1734523550.548765659,9,6,5.104606968,2.984300434,0.006931189
1734523550.548765659,9,7,-2.908291593,5.365793046,-0.167432419
1734523550.548765659,9,8,1.840874179,2.184685534,-0.063612710
1734523550.548765659,9,9,-5.949770238,-0.073716894,2.000000000
1734523550.608765841,0,0,0.356517861,-0.060966002,2.000000000
1734523550.608765841,0,1,4.247412621,0.132329379,0.023305059
1734523550.608765841,0,2,-0.206714104,4.163265249,-0.108269822
1734523550.608765841,0,3,0.205962774,-4.410129441,0.117855526
1734523550.608765841,0,4,-4.054547479,-0.419862710,-0.031268032
1734523550.608765841,0,5,3.707161054,4.349746710,0.022737345
1734523550.608765841,0,6,-3.673921591,-4.219783706,-0.024678372
1734523550.608765841,0,7,-4.210229650,3.915830626,0.014400301
1734523550.608765841,0,8,4.258212492,-3.886497503,0.021852347
1734523550.608765841,0,9,-7.960404828,-0.431077892,0.002343843
1734523550.668765783,1,0,-4.273454160,-0.009220512,0.069522070
1734523550.668765783,1,1,2.492041099,0.003621621,2.000000000
1734523550.668765783,1,2,-4.184432231,4.314405527,-0.023798013
1734523550.668765783,1,3,-4.161263182,-4.356122891,-0.057991492
1734523550.668765783,1,4,-7.995821182,-0.174339987,-0.171093007
1734523550.668765783,1,5,-0.195744985,3.928663930,0.160706719
1734523550.668765783,1,6,-8.102474898,-4.115259209,0.080559596
1734523550.668765783,1,7,-7.886305037,3.977158642,-0.120654858
1734523550.668765783,1,8,-0.250408468,-4.176935184,0.077139954
1734523550.668765783,1,9,-7.702391595,-0.060392161,-0.136729826
1734523550.738765717,2,0,-4.393109888,-1.019015131,-0.000126435
1734523550.738765717,2,1,-3.296367109,-5.311595079,-0.070277526
1734523550.738765717,2,2,0.704514920,3.214363547,2.000000000
1734523550.738765717,2,3,-7.995837463,-1.777056320,-0.088637578
1734523550.738765717,2,4,-5.365277075,3.204378245,0.019290183
1734523550.738765717,2,5,0.695207837,-4.031382328,0.144582795
1734523550.738765717,2,6,-9.311257898,2.157280211,-0.057644271
1734523550.738765717,2,7,-1.033118570,3.889803219,-0.009461668
1734523550.738765717,2,8,-7.751331112,-6.125506126,-0.099289719
1734523550.738765717,2,9,-6.166642474,7.279804594,-0.078253372
1734523550.798765659,3,0,-4.327612652,1.138588763,0.040605135
1734523550.798765659,3,1,-3.290523648,5.276820163,-0.003594111
1734523550.798765659,3,2,-7.898340110,2.410885079,-0.015970423
1734523550.798765659,3,3,0.622679523,-3.100013809,2.000000000
1734523550.798765659,3,4,-5.157758101,-2.951515028,0.030151711
1734523550.798765659,3,5,-7.229093900,5.940884351,-0.012270456
1734523550.798765659,3,6,-1.408007824,-3.678705949,-0.036979451
1734523550.798765659,3,7,-9.576209969,-2.037128132,-0.006936001
1734523550.798765659,3,8,0.787707018,3.955173675,0.125531700
1734523550.798765659,3,9,-6.396433827,-7.321541520,-0.033635392
1734523550.858765841,4,0,0.832005503,4.328671784,-0.091104638
1734523550.858765841,4,1,1.782107162,7.394673793,0.036777565
1734523550.858765841,4,2,-3.476020559,5.103011753,0.011374472
1734523550.858765841,4,3,5.088204174,3.011697134,0.044269741
1734523550.858765841,4,4,-5.373679864,-0.068133551,2.000000000
1734523550.858765841,4,5,-2.286872687,8.925597425,0.010888015
1734523550.858765841,4,6,4.293464488,-0.828201058,0.058979323
1734523550.858765841,4,7,-4.136998883,0.961732916,-0.046779384
1734523550.858765841,4,8,5.754966176,6.979547554,0.000875421
1734523550.858765841,4,9,-0.613872664,-4.491883965,0.022439676
1734523550.918765783,5,0,-2.691708266,-4.876162555,-0.014909812
1734523550.918765783,5,1,1.159056134,-3.812670429,0.031699698
1734523550.918765783,5,2,-3.756937705,-1.069946065,-0.257307338
1734523550.918765783,5,3,-1.599337771,-9.304192957,-0.085720625
1734523550.918765783,5,4,-6.196288944,-5.714278475,-0.071028198
1734523550.918765783,5,5,2.735998494,3.453388728,2.000000000
1734523550.918765783,5,6,-5.702735440,-10.286869746,-0.013870176
1734523550.918765783,5,7,-7.024457488,-1.938510433,-0.021146143
1734523550.918765783,5,8,2.510575203,-8.498170672,-0.132058706
1734523550.918765783,5,9,-2.750032932,-2.335336958,-0.071122570
1734523550.988765717,6,0,-2.409456748,5.192134316,0.016450186
1734523550.988765717,6,1,-0.878697112,8.846805771,-0.018517785
1734523550.988765717,6,2,-5.834740660,6.515859483,-0.120146523
1734523550.988765717,6,3,1.634880462,3.767628264,-0.114981943
1734523550.988765717,6,4,-4.032647333,1.250161029,0.033780069
1734523550.988765717,6,5,-4.587374352,9.996119008,0.017215852
1734523550.988765717,6,6,-2.610240024,-3.610258574,2.000000000
1734523550.988765717,6,7,-7.767503139,2.787938803,-0.013266341
1734523550.988765717,6,8,3.288108238,8.750788855,-0.004369289
1734523550.988765717,6,9,-5.144501664,-2.585266551,-0.050454726
1734523551.048765659,7,0,5.681580571,-1.501630601,-0.077064550
1734523551.048765659,7,1,9.341479737,0.759319307,-0.092663147
1734523551.048765659,7,2,3.133012403,2.221642402,0.146434217
1734523551.048765659,7,3,7.077595749,-4.184790408,0.125976345
1734523551.048765659,7,4,2.212011117,-3.427089895,-0.129111351
1734523551.048765659,7,5,6.883070190,4.473530217,-0.090161263
1734523551.048765659,7,6,4.490308216,-6.796628405,-0.036666603
1734523551.048765659,7,7,-2.492150442,3.657685211,2.000000000
1734523551.048765659,7,8,10.221150483,-2.732597309,-0.006976894
1734523551.048765659,7,9,-1.501204977,-5.841444967,-0.031476028
1734523551.108765841,8,0,-4.992166108,-3.035442403,-0.028577052
1734523551.108765841,8,1,-3.958038718,1.249696567,-0.035010155
1734523551.108765841,8,2,-9.220484468,-1.996352192,-0.034158237
1734523551.108765841,8,3,-0.697920744,-4.129682954,0.028071470
1734523551.108765841,8,4,-6.047285449,-7.364296849,-0.031436300
1734523551.108765841,8,5,-8.628200991,1.992427689,-0.010399552
1734523551.108765841,8,6,-1.718208454,-8.208221994,0.124203427
1734523551.108765841,8,7,-8.600542484,-5.113487365,-0.021128533
1734523551.108765841,8,8,2.808252936,-3.381294854,2.000000000
1734523551.108765841,8,9,-3.383642640,-5.347013334,-0.064107776
1734523551.178765774,9,0,1.957760254,8.415816087,-0.131522853
1734523551.178765774,9,1,1.299906434,6.041236551,-0.149410148
1734523551.178765774,9,2,-2.350479877,8.569888522,-0.090842800
1734523551.178765774,9,3,6.436093055,6.842755310,-0.102786974
1734523551.178765774,9,4,1.040993260,4.315624728,0.021261987
1734523551.178765774,9,5,-0.610937629,7.663022204,-0.067004515
1734523551.178765774,9,6,4.976085008,3.389291624,-0.026354837
1734523551.178765774,9,7,-3.125293266,4.985972126,-0.035248973
1734523551.178765774,9,8,1.744672427,2.297849207,-0.115755651
1734523551.178765774,9,9,-5.815989105,-0.077817819,2.000000000
1734523551.238765717,0,0,0.381175535,-0.065459051,2.000000000
1734523551.238765717,0,1,4.242554373,-0.047577896,-0.049039427
1734523551.238765717,0,2,-0.522197436,4.124429890,0.037233317
1734523551.238765717,0,3,0.152147463,-4.625280207,0.078203858
1734523551.238765717,0,4,-4.197937230,-0.289025068,-0.061699504
1734523551.238765717,0,5,3.812134559,4.457785342,0.026526455
1734523551.238765717,0,6,-3.613067684,-4.281173189,0.049151510
1734523551.238765717,0,7,-4.169487485,3.813220229,-0.028494907
1734523551.238765717,0,8,4.089215161,-3.822901811,0.001552188
1734523551.238765717,0,9,-7.927726278,-0.524700223,0.036943624
1734523551.308765650,1,0,-4.146384322,0.046717432,0.019230686
1734523551.308765650,1,1,2.378341227,0.003749228,2.000000000
1734523551.308765650,1,2,-4.181318869,4.351433453,0.025897915
1734523551.308765650,1,3,-4.161079937,-4.386245518,-0.014808702
1734523551.308765650,1,4,-8.147713257,-0.044916582,0.019164703
1734523551.308765650,1,5,-0.106161565,4.123958272,0.016917352
1734523551.308765650,1,6,-8.178577340,-4.118344670,-0.068558257
1734523551.308765650,1,7,-8.077090138,3.999151555,-0.163910019
1734523551.308765650,1,8,-0.291837961,-4.254564035,0.034437088
1734523551.308765650,1,9,-7.702003317,-0.026676389,-0.040238156
1734523551.368765831,2,0,-4.275111096,-0.729605177,-0.075660256
1734523551.368765831,2,1,-3.548987906,-4.743632674,-0.017025358
1734523551.368765831,2,2,0.756546092,3.156229228,2.000000000
1734523551.368765831,2,3,-8.023481362,-1.199525849,-0.101969454
1734523551.368765831,2,4,-5.193026575,3.485555072,-0.001359634
1734523551.368765831,2,5,0.511703738,-4.059146336,0.102944108
1734523551.368765831,2,6,-9.425896741,2.807766823,-0.056572024
1734523551.368765831,2,7,-0.866063148,3.887551323,0.054916593
1734523551.368765831,2,8,-8.120813433,-5.561397248,-0.001954783
1734523551.368765831,2,9,-5.931282701,7.762816353,-0.084651163
1734523551.428765774,3,0,-4.665574065,0.878849686,0.038578967
1734523551.428765774,3,1,-3.570331114,4.995648643,0.018379548
1734523551.428765774,3,2,-7.671252437,1.786398961,-0.029921146
1734523551.428765774,3,3,0.666152400,-3.037088637,2.000000000
1734523551.428765774,3,4,-5.023628150,-3.408997847,-0.003130546
1734523551.428765774,3,5,-7.942761034,5.559577017,0.038363381
1734523551.428765774,3,6,-0.980270334,-3.909134381,-0.001413000
1734523551.428765774,3,7,-9.423299297,-2.580185272,0.008065927
1734523551.428765774,3,8,0.396571500,4.110500479,0.012696354
1734523551.428765774,3,9,-5.891278473,-7.810864166,-0.013287637
1734523551.488765717,4,0,0.673234801,4.455676590,0.062718034
1734523551.488765717,4,1,1.355868914,7.633346647,-0.025919542
1734523551.488765717,4,2,-3.811492810,4.880543431,-0.014371696
1734523551.488765717,4,3,5.032077760,3.362818459,0.017066766
1734523551.488765717,4,4,-5.438510368,-0.071684081,2.000000000
1734523551.488765717,4,5,-2.868734034,9.017612478,-0.008206942
1734523551.488765717,4,6,4.447661293,-0.488971391,0.019307074
1734523551.488765717,4,7,-4.355215995,0.841916563,-0.052596552
1734523551.488765717,4,8,5.332881349,7.386722276,-0.047729190
1734523551.488765717,4,9,-0.582956277,-4.344083060,0.114836234
1734523551.558765650,5,0,-3.134993471,-4.443054722,-0.048776024
1734523551.558765650,5,1,0.792676933,-3.888398504,0.072719747
1734523551.558765650,5,2,-3.871188035,-0.405481621,0.014232858
1734523551.558765650,5,3,-2.289836578,-9.249127134,-0.134943679
1734523551.558765650,5,4,-6.489810955,-5.527871833,-0.119929488
1734523551.558765650,5,5,2.644832301,3.412432480,2.000000000
1734523551.558765650,5,6,-6.833778269,-9.740007893,-0.026577357
1734523551.558765650,5,7,-7.213416872,-1.209672045,-0.036017448
1734523551.558765650,5,8,1.739426814,-8.423644618,-0.168765321
1734523551.558765650,5,9,-2.494005791,-1.747215449,0.009191431
1734523551.618765831,6,0,-2.576053884,5.137086462,0.011843554
1734523551.618765831,6,1,-1.078799607,9.003774186,0.015866263
1734523551.618765831,6,2,-6.522709309,6.403297282,-0.044770579
1734523551.618765831,6,3,1.582589445,3.874073006,-0.235654689
1734523551.618765831,6,4,-3.936566181,1.133619357,-0.041506001
1734523551.618765831,6,5,-4.665532858,9.959425243,0.041733389
1734523551.618765831,6,6,-2.522058868,-3.585247589,2.000000000
1734523551.618765831,6,7,-7.994975751,2.528023473,0.061181752
1734523551.618765831,6,8,3.183641022,9.044238605,0.151371497
1734523551.618765831,6,9,-5.156154655,-2.820465393,0.039219619
1734523551.678765774,7,0,5.433321149,-2.060918776,-0.049452502
1734523551.678765774,7,1,9.172520801,-0.262633448,-0.016897346
1734523551.678765774,7,2,3.357860401,1.809546046,0.120029407
1734523551.678765774,7,3,6.680811015,-5.541594650,-0.074880674
1734523551.678765774,7,4,1.844046397,-3.701246543,-0.249950551
1734523551.678765774,7,5,7.135881561,3.733784850,-0.103567490
1734523551.678765774,7,6,3.793197492,-7.199409018,-0.058572678
1734523551.678765774,7,7,-2.374753660,3.630090462,2.000000000
1734523551.678765774,7,8,10.171263061,-3.582745071,-0.118510710
1734523551.678765774,7,9,-2.085115660,-5.540080877,-0.054208757
1734523551.748765707,8,0,-4.927547467,-3.326547673,0.040263433
1734523551.748765707,8,1,-4.207559492,0.930352788,-0.124407879
1734523551.748765707,8,2,-9.209352134,-2.641782701,0.012448055
1734523551.748765707,8,3,-0.307492605,-4.126965445,0.139557421
1734523551.748765707,8,4,-5.294053111,-7.431823487,0.033472748
1734523551.748765707,8,5,-8.662746867,1.533311910,-0.189630018
1734523551.748765707,8,6,-1.261956809,-8.461717039,-0.069153237
1734523551.748765707,8,7,-8.869905343,-6.058068596,-0.045362217
1734523551.748765707,8,8,2.726996340,-3.339016602,2.000000000
1734523551.748765707,8,9,-2.986806027,-5.562082197,-0.150004588
1734523551.808765650,9,0,1.455740362,8.718032014,-0.053317756
1734523551.808765650,9,1,1.075037736,6.409286752,-0.027500814
1734523551.808765650,9,2,-2.940134230,8.564612766,-0.063424515
1734523551.808765650,9,3,5.930188243,7.834450834,-0.044156680
1734523551.808765650,9,4,0.729239881,4.511211889,0.114723086
1734523551.808765650,9,5,-1.115408524,7.576223481,-0.121212237
1734523551.808765650,9,6,4.879155598,3.840153309,-0.019484423
1734523551.808765650,9,7,-3.579526710,4.969418378,0.011024350
1734523551.808765650,9,8,1.546152039,2.363549529,-0.089444129
1734523551.808765650,9,9,-5.679946750,-0.081887047,2.000000000
1734523551.868765831,0,0,0.406728566,-0.070118868,2.000000000
1734523551.868765831,0,1,4.293245292,-0.125971927,-0.151197078
1734523551.868765831,0,2,-0.368707763,4.171284729,-0.017225216
1734523551.868765831,0,3,0.113798518,-4.648204556,-0.038463270
1734523551.868765831,0,4,-4.195192658,-0.250941201,-0.066364813
1734523551.868765831,0,5,3.792447825,4.370499640,0.006893106
1734523551.868765831,0,6,-3.630375758,-4.178883327,-0.031587393
1734523551.868765831,0,7,-4.161817188,3.901497588,-0.064881239
1734523551.868765831,0,8,4.112537534,-3.798077036,0.015928543
1734523551.868765831,0,9,-8.067764409,-0.482030743,0.063946052
1734523551.928765774,1,0,-4.387111001,0.059936614,-0.101378222
1734523551.928765774,1,1,2.260718181,0.003879794,2.000000000
1734523551.928765774,1,2,-4.343230745,4.492684599,0.005944715
1734523551.928765774,1,3,-4.215334304,-4.436724797,0.020730851
1734523551.928765774,1,4,-7.976331792,-0.079707325,-0.111516525
1734523551.928765774,1,5,-0.188231951,3.873969266,0.029297131
1734523551.928765774,1,6,-8.098800960,-4.010430713,-0.016830039
1734523551.928765774,1,7,-8.002362204,4.142395044,-0.134851746
1734523551.928765774,1,8,-0.239794693,-4.125551278,0.073223616
1734523551.928765774,1,9,-7.686743892,0.069484732,0.049237961
1734523551.998765707,2,0,-4.349721377,-0.480392944,-0.018624091
1734523551.998765707,2,1,-3.906977480,-4.687614439,0.044634956
1734523551.998765707,2,2,0.810521455,3.096302428,2.000000000
1734523551.998765707,2,3,-8.256990832,-0.684752644,-0.033537469
1734523551.998765707,2,4,-5.067037755,3.828075999,0.022192813
1734523551.998765707,2,5,0.231835971,-4.134330836,0.003125215
1734523551.998765707,2,6,-9.426252742,3.316035295,-0.073955960
1734523551.998765707,2,7,-0.623792951,4.026459124,0.017363716
1734523551.998765707,2,8,-7.919705923,-4.786272902,0.008788098
1734523551.998765707,2,9,-5.607601924,8.189345343,0.076309740
1734523552.058765650,3,0,-4.825207248,0.828399968,-0.010194591
1734523552.058765650,3,1,-3.887917557,4.808551909,0.032231872
1734523552.058765650,3,2,-7.362653368,1.084078915,0.081091744
1734523552.058765650,3,3,0.710592880,-2.973141886,2.000000000
1734523552.058765650,3,4,-4.936221115,-3.708311231,-0.019096575
1734523552.058765650,3,5,-8.518595553,5.296211230,0.147762501
1734523552.058765650,3,6,-0.795565614,-4.000285548,-0.108895101
1734523552.058765650,3,7,-8.889252074,-2.910957160,-0.014330105
1734523552.058765650,3,8,0.173941363,4.227439982,-0.028424269
1734523552.058765650,3,9,-5.582221390,-8.254756389,-0.026646692
1734523552.128765821,4,0,0.226940477,4.523502237,-0.011051912
1734523552.128765821,4,1,0.757186084,7.907375494,0.015532798
1734523552.128765821,4,2,-4.193266011,4.725181262,-0.018569966
1734523552.128765821,4,3,4.952150638,3.732610912,0.027840260
1734523552.128765821,4,4,-5.500636935,-0.075281195,2.000000000
1734523552.128765821,4,5,-3.358591068,8.639838452,-0.040457897
1734523552.128765821,4,6,4.267344916,-0.277825278,-0.083402028
1734523552.128765821,4,7,-4.521283558,0.638506001,-0.029997984
1734523552.128765821,4,8,4.905442224,7.672964072,-0.036785144
1734523552.128765821,4,9,-0.509557077,-4.458003978,0.086939539
1734523552.188765764,5,0,-3.621653547,-4.232008655,-0.063434139
1734523552.188765764,5,1,0.520032314,-4.072965653,0.025141457
1734523552.188765764,5,2,-3.962699327,-0.173416512,0.069296393
1734523552.188765764,5,3,-3.555217059,-9.016337552,-0.072253024
1734523552.188765764,5,4,-7.504619746,-4.542255877,-0.020527521
1734523552.188765764,5,5,2.551739043,3.370532214,2.000000000
1734523552.188765764,5,6,-7.773033527,-9.500011316,-0.033187989
1734523552.188765764,5,7,-7.386451442,-0.520891069,-0.005532826
1734523552.188765764,5,8,0.991761598,-8.625126950,-0.117154403
1734523552.188765764,5,9,-2.324477394,-1.197104690,0.032548711
1734523552.248765707,6,0,-2.626354049,5.119645252,-0.011923209
1734523552.248765707,6,1,-1.239635224,8.989609965,-0.000957822
1734523552.248765707,6,2,-6.500018205,6.093976795,-0.020707541
1734523552.248765707,6,3,1.452620382,3.432977631,-0.129055260
1734523552.248765707,6,4,-3.668665006,1.051473460,-0.017663093
1734523552.248765707,6,5,-5.058361591,9.748062228,0.059597916
1734523552.248765707,6,6,-2.431365227,-3.559653344,2.000000000
1734523552.248765707,6,7,-8.129303687,2.431646166,0.097053793
1734523552.248765707,6,8,2.784478752,8.834277090,0.082777061
1734523552.248765707,6,9,-5.098837730,-2.928940560,-0.012626095
1734523552.318765879,7,0,5.130859681,-2.525605585,-0.067397188
1734523552.318765879,7,1,9.207231600,-1.138439746,-0.101601553
1734523552.318765879,7,2,3.400592864,1.544015620,-0.016643223
1734523552.318765879,7,3,5.907104784,-5.992152835,-0.055834796
1734523552.318765879,7,4,0.821427035,-3.639413400,-0.192463376
1734523552.318765879,7,5,7.375376217,3.081175706,-0.148305200
1734523552.318765879,7,6,2.991615242,-7.868218439,-0.052596529
1734523552.318765879,7,7,-2.253172394,3.601401378,2.000000000
1734523552.318765879,7,8,9.760957660,-4.858520925,-0.075554699
1734523552.318765879,7,9,-2.587457010,-5.339596943,-0.045685435
1734523552.378765821,8,0,-4.862119409,-3.863661754,0.061249973
1734523552.378765821,8,1,-4.076301842,0.628816186,-0.074638526
1734523552.378765821,8,2,-9.333254069,-3.241955661,0.074667898
1734523552.378765821,8,3,-0.223174623,-4.137159535,0.072078004
1734523552.378765821,8,4,-4.842542377,-7.724605219,-0.086449658
1734523552.378765821,8,5,-8.917648621,1.207356794,-0.173307602
1734523552.378765821,8,6,-1.010385514,-8.599689990,-0.128452219
1734523552.378765821,8,7,-8.787896305,-6.800641606,-0.028267345
1734523552.378765821,8,8,2.645272239,-3.296475956,2.000000000
1734523552.378765821,8,9,-2.735916539,-5.875393624,-0.153434013
1734523552.438765764,9,0,1.011778106,8.986291251,-0.186098533
1734523552.438765764,9,1,0.707417895,6.667255521,0.017381447
1734523552.438765764,9,2,-3.490848700,8.509339522,-0.115143988
1734523552.438765764,9,3,5.451712615,8.086978972,-0.036464560
1734523552.438765764,9,4,0.543999538,4.368364094,0.052437806
1734523552.438765764,9,5,-1.578645471,7.561595908,-0.036663019
1734523552.438765764,9,6,4.789340621,4.156500784,0.020961848
1734523552.438765764,9,7,-3.902742969,4.857251122,-0.032261946
1734523552.438765764,9,8,1.375933606,2.444000663,0.016855905
1734523552.438765764,9,9,-5.542179314,-0.085912888,2.000000000
1734523552.498765707,0,0,0.433089825,-0.074932084,2.000000000
1734523552.498765707,0,1,4.286436125,0.045746137,-0.049011357
1734523552.498765707,0,2,-0.308337360,4.072377235,0.025399085
1734523552.498765707,0,3,0.137440539,-4.437901319,-0.053179834
1734523552.498765707,0,4,-4.198134499,-0.113111211,-0.165299736
1734523552.498765707,0,5,3.740607845,4.392181665,0.045106501
1734523552.498765707,0,6,-3.680682188,-4.158690055,0.003900140
1734523552.498765707,0,7,-4.152513103,3.874609915,-0.104939474
1734523552.498765707,0,8,4.046955947,-3.776770380,0.040496265
1734523552.498765707,0,9,-7.988644196,-0.575678418,0.004410199
1734523552.568765879,1,0,-4.362435507,0.124010777,0.025247217
1734523552.568765879,1,1,2.139209864,0.004014467,2.000000000
1734523552.568765879,1,2,-4.416621615,4.500132232,-0.008481314
1734523552.568765879,1,3,-4.271251548,-4.527505341,0.025593519
1734523552.568765879,1,4,-8.150654609,-0.101357181,-0.243494037
1734523552.568765879,1,5,-0.101598256,4.149913866,0.028709391
1734523552.568765879,1,6,-8.052490805,-4.183321458,0.108963383
1734523552.568765879,1,7,-8.425000892,4.205990127,0.019822652
1734523552.568765879,1,8,-0.021556869,-4.169053493,0.161198577
1734523552.568765879,1,9,-7.693724458,-0.096013499,0.026336562
1734523552.628765821,2,0,-4.589982090,-0.198904641,0.107275161
1734523552.628765821,2,1,-4.113070831,-4.410254392,0.009169594
1734523552.628765821,2,2,0.866873775,3.034276070,2.000000000
1734523552.628765821,2,3,-8.567113492,-0.327035350,-0.065003392
1734523552.628765821,2,4,-4.779341948,4.051170248,-0.007684702
1734523552.628765821,2,5,0.050003765,-4.275828732,0.361990515
1734523552.628765821,2,6,-9.282731343,3.871630659,-0.014367103
1734523552.628765821,2,7,-0.400117911,4.140516307,0.000091746
1734523552.628765821,2,8,-8.438679558,-4.354447122,-0.072969830
1734523552.628765821,2,9,-5.084626074,8.604637609,0.032294982
1734523552.688765764,3,0,-4.925169727,0.503445584,-0.054094142
1734523552.688765764,3,1,-4.151287567,4.609738120,0.020063788
1734523552.688765764,3,2,-7.444330317,0.722890575,0.076561766
1734523552.688765764,3,3,0.756050145,-2.908215661,2.000000000
1734523552.688765764,3,4,-4.884320537,-4.101046401,-0.006337123
1734523552.688765764,3,5,-8.810281079,4.820484626,0.023286629
1734523552.688765764,3,6,-0.597946418,-4.227873327,0.011584115
1734523552.688765764,3,7,-8.833894504,-3.451886334,-0.068929922
1734523552.688765764,3,8,-0.013707193,4.335341901,-0.079016518
1734523552.688765764,3,9,-4.966590659,-8.411892030,-0.009075839
1734523552.748765707,4,0,0.074056696,4.125207471,0.021686563
1734523552.748765707,4,1,0.264860871,8.401787955,0.003920786
1734523552.748765707,4,2,-4.447065035,4.595709135,-0.095066912
1734523552.748765707,4,3,4.618866915,4.031520453,0.053560987
1734523552.748765707,4,4,-5.558210338,-0.078846430,2.000000000
1734523552.748765707,4,5,-3.857066198,8.498717394,0.075451998
1734523552.748765707,4,6,4.045693966,-0.236561054,0.005979347
1734523552.748765707,4,7,-4.705368243,0.485518402,0.049077978
1734523552.748765707,4,8,4.373296015,7.774753432,-0.032383883
1734523552.748765707,4,9,-0.188940019,-4.262749462,0.019563856
1734523552.818765879,5,0,-4.075983151,-3.920503967,-0.028407426
1734523552.818765879,5,1,0.340090857,-4.189037537,0.015372334
1734523552.818765879,5,2,-3.884554922,0.234836965,0.129366834
1734523552.818765879,5,3,-4.388312765,-8.602579953,-0.084295935
1734523552.818765879,5,4,-7.548863011,-3.647078596,-0.011356632
1734523552.818765879,5,5,2.454473021,3.326643421,2.000000000
1734523552.818765879,5,6,-8.455125069,-8.172940556,-0.049499742
1734523552.818765879,5,7,-7.569647489,0.238486147,-0.009660420
1734523552.818765879,5,8,-0.000277318,-8.503122144,-0.055514223
1734523552.818765879,5,9,-2.184646044,-0.844201934,0.066840381
1734523552.878765821,6,0,-2.707099641,5.094680828,0.016284852
1734523552.878765821,6,1,-1.376840145,9.133304898,-0.004704804
1734523552.878765821,6,2,-6.633898886,6.054639481,-0.035434063
1734523552.878765821,6,3,1.533609082,3.548750863,-0.039371470
1734523552.878765821,6,4,-3.753080644,0.889424802,-0.000085028
1734523552.878765821,6,5,-5.160550825,9.595589366,0.067550301
1734523552.878765821,6,6,-2.337888729,-3.533403776,2.000000000
1734523552.878765821,6,7,-8.255378111,2.423286360,0.156051076
1734523552.878765821,6,8,2.669358475,8.647799037,0.080539283
1734523552.878765821,6,9,-5.059615801,-2.976917540,-0.047231068
1734523552.948765755,7,0,4.921425686,-3.062837782,-0.024914676
1734523552.948765755,7,1,8.809605712,-2.006104448,-0.040077458
1734523552.948765755,7,2,3.495322643,1.126506207,-0.014585511
1734523552.948765755,7,3,5.765114992,-6.548634904,-0.106689848
1734523552.948765755,7,4,0.797126903,-4.006449123,-0.155641295
1734523552.948765755,7,5,7.347558626,2.358639239,-0.014853001
1734523552.948765755,7,6,2.179213691,-8.283631647,-0.001579653
1734523552.948765755,7,7,-2.128564759,3.571898160,2.000000000
1734523552.948765755,7,8,9.519926345,-5.909719112,0.054374562
1734523552.948765755,7,9,-3.161322082,-5.059642804,-0.023019950
1734523553.008765697,8,0,-4.363551723,-3.799419160,-0.064222242
1734523553.008765697,8,1,-4.289641511,0.394426629,0.050815349
1734523553.008765697,8,2,-9.484656373,-3.910441352,-0.057846634
1734523553.008765697,8,3,-0.002922060,-3.923354272,-0.084301861
1734523553.008765697,8,4,-4.525558506,-8.093817232,0.048873124
1734523553.008765697,8,5,-9.048308494,0.567355252,-0.152054977
1734523553.008765697,8,6,-0.333818510,-8.300473180,-0.164282748
1734523553.008765697,8,7,-8.589295519,-7.441283722,0.059104255
1734523553.008765697,8,8,2.561587965,-3.252952751,2.000000000
1734523553.008765697,8,9,-2.409244693,-6.136470526,-0.001830590
1734523553.068765879,9,0,0.391945957,9.082268510,-0.197701251
1734523553.068765879,9,1,0.398509173,6.949671851,-0.114871047
1734523553.068765879,9,2,-4.060755530,8.410906423,-0.100431027
1734523553.068765879,9,3,4.962123668,8.232902887,-0.026434817
1734523553.068765879,9,4,0.123914082,4.196482787,0.058267226
1734523553.068765879,9,5,-1.976423729,7.637189463,-0.067546973
1734523553.068765879,9,6,4.394489469,4.284578304,-0.047928210
1734523553.068765879,9,7,-4.093398777,4.589777501,-0.026945383
1734523553.068765879,9,8,1.114610656,2.502654325,0.109055734
1734523553.068765879,9,9,-5.403209642,-0.089890574,2.000000000
1734523553.138765812,0,0,0.460227118,-0.079891437,2.000000000
1734523553.138765812,0,1,4.356201295,0.166864302,-0.112797732
1734523553.138765812,0,2,-0.416098413,4.355543633,0.051021296
1734523553.138765812,0,3,0.137412272,-4.521456500,-0.051897972
1734523553.138765812,0,4,-4.209871183,-0.056092450,-0.121489856
1734523553.138765812,0,5,3.642018409,4.326998246,0.028162391
1734523553.138765812,0,6,-3.714623907,-4.250123150,-0.001385924
1734523553.138765812,0,7,-4.312781287,3.963074190,-0.041396035
1734523553.138765812,0,8,4.283692038,-3.938250482,-0.007039823
1734523553.138765812,0,9,-8.111986590,-0.672259788,-0.136180156
1734523553.208765745,1,0,-4.467113044,-0.024179381,0.010321182
1734523553.208765745,1,1,2.013924131,0.004152253,2.000000000
1734523553.208765745,1,2,-4.275893206,4.456952867,0.010698056
1734523553.208765745,1,3,-4.301319019,-4.600810092,-0.030185284
1734523553.208765745,1,4,-8.122775364,-0.267638874,0.006907591
1734523553.208765745,1,5,-0.224172602,3.968413585,0.077940879
1734523553.208765745,1,6,-8.244146308,-4.230563250,0.095286716
1734523553.208765745,1,7,-8.381960134,4.222917880,-0.033369198
1734523553.208765745,1,8,-0.150114785,-4.183710503,0.055566048
1734523553.208765745,1,9,-7.663370812,-0.113004657,0.042293915
1734523553.268765688,2,0,-4.678696986,-0.094234972,0.017992429
1734523553.268765688,2,1,-4.411339943,-4.246805624,0.021786431
1734523553.268765688,2,2,0.923579927,2.971743392,2.000000000
1734523553.268765688,2,3,-8.665954942,0.206639386,0.030394733
1734523553.268765688,2,4,-4.354537579,4.117042570,-0.034762746
1734523553.268765688,2,5,-0.327458799,-3.929525760,0.021371398
1734523553.268765688,2,6,-9.022493956,4.298944800,-0.025217615
1734523553.268765688,2,7,-0.082453424,4.309119943,0.130711671
1734523553.268765688,2,8,-8.840066862,-3.913629374,-0.071565780
1734523553.268765688,2,9,-4.546547591,8.737846492,-0.052179585
1734523553.328765869,3,0,-4.991457085,0.282424804,0.021786927
1734523553.328765869,3,1,-4.481274854,4.395402442,-0.019328006
1734523553.328765869,3,2,-7.526954255,0.188317471,-0.007598505
1734523553.328765869,3,3,0.802729537,-2.842303168,2.000000000
1734523553.328765869,3,4,-4.737181800,-4.356891309,-0.007582724
1734523553.328765869,3,5,-8.869358778,4.144755502,-0.062257720
1734523553.328765869,3,6,-0.372324930,-4.035392816,0.022736547
1734523553.328765869,3,7,-8.810115555,-3.996555911,-0.044659538
1734523553.328765869,3,8,-0.294635839,4.186475625,0.019934021
1734523553.328765869,3,9,-4.593033369,-8.702417370,0.031256835
1734523553.398765802,4,0,-0.044929913,4.010894888,0.144246427
1734523553.398765802,4,1,-0.237476757,8.252657868,0.049767549
1734523553.398765802,4,2,-4.563551080,4.121541254,0.032490350
1734523553.398765802,4,3,4.523325514,4.269168005,0.038058511
1734523553.398765802,4,4,-5.609106499,-0.082155123,2.000000000
1734523553.398765802,4,5,-4.324757077,8.257260917,0.072239456
1734523553.398765802,4,6,3.902870624,0.076316142,0.140947720
1734523553.398765802,4,7,-4.490946352,0.167621265,0.176276477
1734523553.398765802,4,8,4.074906913,8.227480852,0.049073127
1734523553.398765802,4,9,0.177699827,-4.377880859,0.040045709
1734523553.468765736,5,0,-4.345384567,-3.484052249,-0.043570525
1734523553.468765736,5,1,-0.139257014,-4.245754670,-0.184208127
1734523553.468765736,5,2,-4.074592784,0.605835034,0.169179804
1734523553.468765736,5,3,-5.210164958,-8.500718554,0.040449004
1734523553.468765736,5,4,-7.503487239,-2.820834906,-0.001167853
1734523553.468765736,5,5,2.354621702,3.281510204,2.000000000
1734523553.468765736,5,6,-9.245462138,-7.437569795,0.032402577
1734523553.468765736,5,7,-7.782278990,0.873252929,-0.024960200
1734523553.468765736,5,8,-0.788046814,-8.454065155,-0.177112515
1734523553.468765736,5,9,-2.072069332,-0.468916348,0.101648532
1734523553.528765678,6,0,-2.773914821,5.097423259,0.036320016
1734523553.528765678,6,1,-1.341689900,8.971723456,-0.084622933
1734523553.528765678,6,2,-6.995133579,6.295697410,-0.015777019
1734523553.528765678,6,3,1.628475734,3.743549653,0.022012236
1734523553.528765678,6,4,-3.955737270,0.911506999,0.000963533
1734523553.528765678,6,5,-5.234166168,9.557624230,-0.008208703
1734523553.528765678,6,6,-2.241649512,-3.506532697,2.000000000
1734523553.528765678,6,7,-8.292197742,2.267453353,0.097520666
1734523553.528765678,6,8,2.693040594,8.459407068,0.039168597
1734523553.528765678,6,9,-5.129757815,-3.037630599,-0.046406284
1734523553.598765850,7,0,4.825731636,-3.513996657,-0.004060370
1734523553.598765850,7,1,8.859176676,-2.968528453,-0.077566310
1734523553.598765850,7,2,3.850588871,0.606558583,-0.040129057
1734523553.598765850,7,3,4.481722914,-6.836615086,-0.118487053
1734523553.598765850,7,4,0.570818175,-3.991139205,-0.007768596
1734523553.598765850,7,5,7.791486753,1.589775420,-0.036211536
1734523553.598765850,7,6,1.319212780,-8.999018336,-0.052844637
1734523553.598765850,7,7,-2.001426462,3.541699043,2.000000000
1734523553.598765850,7,8,9.288899261,-7.017604478,0.032222620
1734523553.598765850,7,9,-3.777841722,-4.838228663,-0.058021635
1734523553.658765793,8,0,-4.167373595,-4.125464569,-0.009619851
1734523553.658765793,8,1,-4.398980712,0.208253325,-0.038975138
1734523553.658765793,8,2,-9.552057784,-4.451596186,-0.073833583
1734523553.658765793,8,3,0.402040123,-3.903502749,0.001189572
1734523553.658765793,8,4,-4.093372734,-8.356259358,0.067234474
1734523553.658765793,8,5,-8.866933865,0.200328131,-0.004354019
1734523553.658765793,8,6,0.052473469,-8.005613586,-0.133809506
1734523553.658765793,8,7,-8.479314296,-8.221350153,-0.005019210
1734523553.658765793,8,8,2.476401753,-3.208662183,2.000000000
1734523553.658765793,8,9,-2.132877297,-6.423093194,0.013007542
1734523553.718765736,9,0,-0.286479163,9.174693765,-0.200862721
1734523553.718765736,9,1,0.022230948,7.128414245,-0.071479366
1734523553.718765736,9,2,-4.611465142,8.219567081,0.019411409
1734523553.718765736,9,3,4.436863145,8.618158128,-0.021840431
1734523553.718765736,9,4,-0.109286544,4.284250976,0.087653832
1734523553.718765736,9,5,-2.443020028,7.416407380,-0.033608861
1734523553.718765736,9,6,4.100837462,4.487204851,0.062649773
1734523553.718765736,9,7,-4.438592732,4.352460613,0.019184606
1734523553.718765736,9,8,1.136982950,2.588274694,0.053819112
1734523553.718765736,9,9,-5.263263173,-0.093809852,2.000000000
1734523553.788765669,0,0,0.488199341,-0.085000886,2.000000000
1734523553.788765669,0,1,4.284975887,0.204890742,-0.139364511
1734523553.788765669,0,2,-0.475290179,4.540140917,-0.024812034
1734523553.788765669,0,3,0.274653336,-4.460118893,0.030085635
1734523553.788765669,0,4,-4.381279578,-0.329441584,-0.018817719
1734523553.788765669,0,5,3.650544762,4.325114910,0.022417606
1734523553.788765669,0,6,-3.690141923,-4.311691035,-0.044991648
1734523553.788765669,0,7,-4.206582316,3.887262189,-0.024072288
1734523553.788765669,0,8,4.277449787,-3.894393765,0.023382038
1734523553.788765669,0,9,-8.194258657,-0.489673347,-0.038305244
1734523553.848765850,1,0,-4.480460299,-0.104812797,0.002983830
1734523553.848765850,1,1,1.884839833,0.004292514,2.000000000
1734523553.848765850,1,2,-4.387425211,4.529225310,-0.023049345
1734523553.848765850,1,3,-4.282462493,-4.601538127,0.004717980
1734523553.848765850,1,4,-8.206438109,-0.300402941,-0.073774242
1734523553.848765850,1,5,-0.073152998,4.074869599,-0.050463055
1734523553.848765850,1,6,-8.241099792,-4.365153068,0.116467608
1734523553.848765850,1,7,-8.471334291,4.221342960,-0.088401405
1734523553.848765850,1,8,-0.358459896,-4.116479026,0.116042186
1734523553.848765850,1,9,-7.668376697,-0.285734285,0.033375747
1734523553.908765793,2,0,-4.475377760,0.204497444,0.136401533
1734523553.908765793,2,1,-4.764413765,-4.050499641,-0.032875505
1734523553.908765793,2,2,0.980655689,2.908692882,2.000000000
1734523553.908765793,2,3,-8.848773347,0.775430490,-0.130998238
1734523553.908765793,2,4,-4.218881599,4.469740925,-0.022256706
1734523553.908765793,2,5,-0.525733691,-3.987395189,-0.009290960
1734523553.908765793,2,6,-8.792502855,4.773501735,-0.072414930
1734523553.908765793,2,7,0.104088283,4.267573418,-0.053901605
1734523553.908765793,2,8,-8.737385210,-3.315943459,-0.095224857
1734523553.908765793,2,9,-3.975781019,8.716160995,0.018563745
1734523553.978765726,3,0,-4.801618355,-0.195476694,0.036606128
1734523553.978765726,3,1,-4.707449017,4.151618076,0.091586653
1734523553.978765726,3,2,-7.883701854,-0.205052402,0.074189418
1734523553.978765726,3,3,0.847852022,-2.779283713,2.000000000
1734523553.978765726,3,4,-4.426842716,-4.615231656,0.008328073
1734523553.978765726,3,5,-9.089474067,3.629734838,0.017155217
1734523553.978765726,3,6,-0.190104877,-4.038524782,0.003366387
1734523553.978765726,3,7,-8.702700147,-4.598007763,-0.083753906
1734523553.978765726,3,8,-0.710245362,4.279285750,0.073507990
1734523553.978765726,3,9,-4.169220882,-9.056016274,-0.021279166
1734523554.038765669,4,0,-0.194772676,3.939373445,0.157349150
1734523554.038765669,4,1,-0.727778819,8.327429721,-0.067499071
1734523554.038765669,4,2,-4.926467101,3.861825801,0.001113783
1734523554.038765669,4,3,4.311363447,4.589529470,-0.044474678
1734523554.038765669,4,4,-5.649394518,-0.084966680,2.000000000
1734523554.038765669,4,5,-4.958087510,7.958242212,0.029289591
1734523554.038765669,4,6,3.995711537,0.354155273,0.109164989
1734523554.038765669,4,7,-4.301240740,-0.065034813,-0.024652173
1734523554.038765669,4,8,3.850686435,8.617779834,0.045424917
1734523554.038765669,4,9,0.500378156,-4.258621698,0.087892337
1734523554.098765850,5,0,-4.730671569,-3.119521647,0.007507464
1734523554.098765850,5,1,-0.663211784,-4.213254657,-0.019104527
1734523554.098765850,5,2,-4.015032021,1.172530687,0.089159903
1734523554.098765850,5,3,-5.936605143,-8.246367747,-0.024587852
1734523554.098765850,5,4,-8.568190063,-2.325442968,-0.046411414
1734523554.098765850,5,5,2.253149512,3.235622325,2.000000000
1734523554.098765850,5,6,-10.116629310,-6.771726725,-0.021545619
1734523554.098765850,5,7,-7.888663053,1.709236125,-0.061016513
1734523554.098765850,5,8,-1.548471167,-7.745523865,-0.162859346
1734523554.098765850,5,9,-2.056024076,-0.294772540,0.002598054
1734523554.158765793,6,0,-2.999964043,5.058396481,-0.015254219
1734523554.158765793,6,1,-1.411625207,9.030382135,0.019334396
1734523554.158765793,6,2,-6.927860838,6.358814531,-0.015755958
1734523554.158765793,6,3,1.485772045,3.676222129,-0.029656979
1734523554.158765793,6,4,-4.128288013,0.810500994,-0.041243271
1734523554.158765793,6,5,-5.370863533,9.804512478,-0.006839506
1734523554.158765793,6,6,-2.142511347,-3.479008181,2.000000000
1734523554.158765793,6,7,-7.956920446,2.376973739,-0.056284503
1734523554.158765793,6,8,2.635269558,8.445751623,0.101203904
1734523554.158765793,6,9,-5.162089033,-3.186500735,0.042679943
1734523554.228765726,7,0,4.208847989,-4.032167458,-0.009571752
1734523554.228765726,7,1,8.443986482,-3.806102709,-0.088681703
1734523554.228765726,7,2,3.870212043,0.521261046,0.027283393
1734523554.228765726,7,3,4.357190863,-7.419338067,-0.079688855
1734523554.228765726,7,4,0.138430297,-4.117998947,-0.187088706
1734523554.228765726,7,5,8.314676615,0.325944584,-0.032266349
1734523554.228765726,7,6,0.466105051,-9.373637689,-0.104672467
1734523554.228765726,7,7,-1.870655163,3.510451823,2.000000000
1734523554.228765726,7,8,8.655853612,-8.361186536,-0.055084003
1734523554.228765726,7,9,-4.335101107,-4.613716991,-0.027223050
1734523554.288765669,8,0,-3.886398621,-4.191176445,0.007976583
1734523554.288765669,8,1,-4.530138816,-0.001868969,0.090904380
1734523554.288765669,8,2,-9.406905283,-5.042800220,0.073728949
1734523554.288765669,8,3,0.543345372,-3.943891364,0.040175336
1734523554.288765669,8,4,-3.788756818,-8.578096435,0.016770715
1734523554.288765669,8,5,-8.206043537,-0.483096249,-0.003007437
1734523554.288765669,8,6,0.367079320,-8.067001272,0.002672053
1734523554.288765669,8,7,-8.210097967,-8.903237093,-0.035629138
1734523554.288765669,8,8,2.390758375,-3.164091971,2.000000000
1734523554.288765669,8,9,-1.831511555,-6.688441408,-0.023994226
1734523554.348765850,9,0,-0.907183080,9.187237899,-0.090000026
1734523554.348765850,9,1,-0.478215883,7.139616760,-0.070388746
1734523554.348765850,9,2,-5.232366720,8.332740026,-0.033193844
1734523554.348765850,9,3,3.983264365,9.003801006,-0.081508176
1734523554.348765850,9,4,-0.236685077,4.124238251,0.036372990
1734523554.348765850,9,5,-2.824157647,7.575437843,-0.033608861
1734523554.348765850,9,6,3.659560608,4.726130660,0.036120288
1734523554.348765850,9,7,-4.707273347,4.091414202,-0.000327360
1734523554.348765850,9,8,0.864069666,2.629109336,0.117132238
1734523554.348765850,9,9,-5.121130477,-0.097651433,2.000000000
1734523554.408765793,0,0,0.516649505,-0.090195099,2.000000000
1734523554.408765793,0,1,4.404476126,0.193674538,-0.031018622
1734523554.408765793,0,2,-0.329497439,4.425189947,0.001564817
1734523554.408765793,0,3,0.366464529,-4.569215403,0.045752089
1734523554.408765793,0,4,-4.453067788,-0.392058694,0.041756309
1734523554.408765793,0,5,3.550319943,4.382477807,0.036385814
1734523554.408765793,0,6,-3.775631860,-4.299573106,0.000120816
1734523554.408765793,0,7,-4.229709051,3.937541525,-0.082479564
1734523554.408765793,0,8,4.193948248,-3.901872102,-0.009878398
1734523554.408765793,0,9,-8.182479862,-0.366045641,-0.095217091
1734523554.468765736,1,0,-4.590023532,-0.023692890,-0.112257818
1734523554.468765736,1,1,1.751989021,0.004435296,2.000000000
1734523554.468765736,1,2,-4.267042345,4.399176954,0.008045167
1734523554.468765736,1,3,-4.302779504,-4.640632706,-0.024946288
1734523554.468765736,1,4,-8.027333548,-0.213871659,-0.117593875
1734523554.468765736,1,5,-0.364621155,4.276390576,-0.026855721
1734523554.468765736,1,6,-8.142183361,-4.222033558,-0.093350656
1734523554.468765736,1,7,-8.383577932,4.181019395,-0.025988102
1734523554.468765736,1,8,-0.442838776,-4.028462290,0.093506540
1734523554.468765736,1,9,-7.652727867,-0.219557329,0.033375747
1734523554.528765678,2,0,-4.694563355,0.452408249,0.205349243
1734523554.528765678,2,1,-5.058852367,-3.749053539,-0.012543647
1734523554.528765678,2,2,1.038197370,2.845030357,2.000000000
1734523554.528765678,2,3,-9.108970711,1.319583323,-0.038885619
1734523554.528765678,2,4,-4.074101574,4.698431233,-0.009350144
1734523554.528765678,2,5,-0.752037487,-3.884562881,0.006701916
1734523554.528765678,2,6,-8.700659328,5.344561904,-0.089955705
1734523554.528765678,2,7,0.370811273,4.134297690,0.073683203
1734523554.528765678,2,8,-9.166769668,-2.846276548,-0.019086594
1734523554.528765678,2,9,-3.627676977,9.123104142,-0.004740008
1734523554.598765850,3,0,-4.943377638,-0.270670480,-0.265270278
1734523554.598765850,3,1,-4.854102318,3.805778332,-0.027737151
1734523554.598765850,3,2,-7.772294003,-0.586310910,0.084103010
1734523554.598765850,3,3,0.889740231,-2.721438057,2.000000000
1734523554.598765850,3,4,-4.080881558,-4.671354640,-0.031439800
1734523554.598765850,3,5,-9.333486740,3.134695888,0.070484291
1734523554.598765850,3,6,0.035191856,-3.966696746,-0.097204621
1734523554.598765850,3,7,-8.566390052,-5.229587350,-0.038157600
1734523554.598765850,3,8,-0.666866738,4.078788258,0.157378382
1734523554.598765850,3,9,-3.763755496,-9.301885779,0.073751973
1734523554.658765793,4,0,-0.542313042,3.990156170,0.078307411
1734523554.658765793,4,1,-1.257519585,8.193600339,0.034468314
1734523554.658765793,4,2,-5.222067446,3.685968455,0.001113783
1734523554.658765793,4,3,3.923559398,4.593697337,0.022389445
1734523554.658765793,4,4,-5.688490233,-0.087697271,2.000000000
1734523554.658765793,4,5,-5.474608728,7.787580187,-0.061457697
1734523554.658765793,4,6,3.846958398,0.750099120,0.128739274
1734523554.658765793,4,7,-4.302982508,-0.401498761,0.025750567
1734523554.658765793,4,8,3.326809891,8.704682653,-0.047813144
1734523554.658765793,4,9,0.543961076,-4.443635182,-0.019435025
1734523554.718765736,5,0,-5.030798398,-2.687122874,-0.010196633
1734523554.718765736,5,1,-1.134493775,-4.228506580,-0.031968696
1734523554.718765736,5,2,-3.814791134,1.500272040,0.099643417
1734523554.718765736,5,3,-6.840038592,-7.663520912,0.026643816
1734523554.718765736,5,4,-8.574483182,-1.427514727,-0.004046381
1734523554.718765736,5,5,2.148196008,3.188144309,2.000000000
1734523554.718765736,5,6,-10.673854227,-5.782365114,-0.063589249
1734523554.718765736,5,7,-7.859817123,2.627267897,0.113677452
1734523554.718765736,5,8,-2.141255900,-7.739902971,-0.113159881
1734523554.718765736,5,9,-2.051470972,0.023766369,-0.032886835
1734523554.778765678,6,0,-2.738643942,5.127185779,0.032473912
1734523554.778765678,6,1,-1.296034857,9.007233500,-0.062228100
1734523554.778765678,6,2,-7.006340523,6.350566248,-0.003568562
1734523554.778765678,6,3,1.688101871,3.811789485,0.110828201
1734523554.778765678,6,4,-4.131520342,0.928074718,-0.018059010
1734523554.778765678,6,5,-5.347075090,9.841009205,-0.141075886
1734523554.778765678,6,6,-2.039706337,-3.450681825,2.000000000
1734523554.778765678,6,7,-7.917541078,2.418171926,-0.006676492
1734523554.778765678,6,8,2.432636496,7.862019957,0.031233224
1734523554.778765678,6,9,-5.250715705,-3.192907566,-0.071640622
1734523554.848765850,7,0,3.771270685,-4.445425880,-0.009596250
1734523554.848765850,7,1,8.049143937,-4.635407179,-0.088197173
1734523554.848765850,7,2,3.988705337,0.212512757,-0.060119736
1734523554.848765850,7,3,3.155524520,-8.296529778,-0.068208292
1734523554.848765850,7,4,-0.314274768,-4.238207921,-0.102549296
1734523554.848765850,7,5,8.452145468,-0.531249850,-0.027636105
1734523554.848765850,7,6,-0.471019172,-9.563559220,-0.163401152
1734523554.848765850,7,7,-1.735008111,3.477808893,2.000000000
1734523554.848765850,7,8,7.948359899,-9.449324535,-0.114398057
1734523554.848765850,7,9,-4.951429048,-4.225839348,-0.006471989
1734523554.908765793,8,0,-3.649280773,-4.477166141,0.002371063
1734523554.908765793,8,1,-4.420276446,-0.208280824,0.216387432
1734523554.908765793,8,2,-8.875598130,-5.550451715,0.026503223
1734523554.908765793,8,3,0.726514874,-3.805999276,-0.055281790
1734523554.908765793,8,4,-3.309084225,-9.127000457,-0.054237708
1734523554.908765793,8,5,-8.252901098,-0.873454724,0.020952261
1734523554.908765793,8,6,0.860983333,-8.134610887,-0.179472532
1734523554.908765793,8,7,-7.815869307,-9.377812698,-0.086435404
1734523554.908765793,8,8,2.305044379,-3.119431642,2.000000000
1734523554.908765793,8,9,-1.295997897,-6.717489746,-0.008024914
1734523554.978765726,9,0,-1.324920218,9.108056573,-0.137620592
1734523554.978765726,9,1,-0.776596404,7.385233836,-0.070388746
1734523554.978765726,9,2,-5.720395833,8.095670781,-0.169104303
1734523554.978765726,9,3,3.628371570,9.322305245,0.069321747
1734523554.978765726,9,4,-0.402664594,4.062366449,-0.070490070
1734523554.978765726,9,5,-3.321890962,6.867284066,0.106684523
1734523554.978765726,9,6,3.261233373,4.852673251,-0.003844338
1734523554.978765726,9,7,-4.841435093,3.727605745,0.024650988
1734523554.978765726,9,8,0.659901479,2.609615575,0.000881791
1734523554.978765726,9,9,-4.978429423,-0.101458252,2.000000000
1734523555.038765669,0,0,0.545613540,-0.095485909,2.000000000
1734523555.038765669,0,1,4.281484311,0.177981517,-0.003190974
1734523555.038765669,0,2,-0.314527764,4.320779847,0.069866181
1734523555.038765669,0,3,-0.006341334,-4.623843119,-0.013119580
1734523555.038765669,0,4,-4.351098217,-0.339198453,0.188766782
1734523555.038765669,0,5,3.629016955,4.423130935,0.105817213
1734523555.038765669,0,6,-3.654992135,-4.270183224,-0.003591220
1734523555.038765669,0,7,-4.194496871,3.912593875,0.075325906
1734523555.038765669,0,8,4.160944819,-3.922283562,0.011321869
1734523555.038765669,0,9,-8.212521184,-0.712493462,-0.010747009
1734523555.108765841,1,0,-4.322237736,-0.030637442,-0.046185429
1734523555.108765841,1,1,1.615312606,0.004585962,2.000000000
1734523555.108765841,1,2,-4.321412510,4.364321632,-0.128988948
1734523555.108765841,1,3,-4.404109276,-4.688814027,0.020461795
1734523555.108765841,1,4,-8.210608359,-0.171305898,-0.003554316
1734523555.108765841,1,5,-0.370857202,4.230178246,0.035353534
1734523555.108765841,1,6,-8.237146242,-4.192443210,-0.150914488
1734523555.108765841,1,7,-8.288867733,4.151262686,-0.069998815
1734523555.108765841,1,8,-0.431829942,-3.879461014,0.115095882
1734523555.108765841,1,9,-7.666355104,-0.123035472,-0.115656255
1734523555.168765783,2,0,-4.437774351,0.765675487,0.182573913
1734523555.168765783,2,1,-5.305923525,-3.661260953,0.006373964
1734523555.168765783,2,2,1.096169552,2.780793690,2.000000000
1734523555.168765783,2,3,-8.858807848,1.630677444,0.020978801
1734523555.168765783,2,4,-3.915535312,4.961631800,-0.021661048
1734523555.168765783,2,5,-0.916410326,-3.814035478,-0.008747135
1734523555.168765783,2,6,-7.849859398,5.382598239,-0.076088164
1734523555.168765783,2,7,0.501262540,3.988940445,0.045312576
1734523555.168765783,2,8,-9.447191219,-2.424861881,-0.078924221
1734523555.168765783,2,9,-3.079791133,9.116930916,-0.004235690
1734523555.228765726,3,0,-4.934264675,-0.584683723,-0.048113281
1734523555.228765726,3,1,-5.008822524,3.507532249,-0.008766948
1734523555.228765726,3,2,-7.763135095,-1.110278544,-0.095662337
1734523555.228765726,3,3,0.926838518,-2.670534388,2.000000000
1734523555.228765726,3,4,-3.664686264,-4.595127552,-0.000756751
1734523555.228765726,3,5,-9.596387974,2.780638825,-0.039087095
1734523555.228765726,3,6,-0.022410594,-3.906246625,-0.059535265
1734523555.228765726,3,7,-8.595845920,-5.856167095,-0.046218012
1734523555.228765726,3,8,-1.245564815,4.106331431,-0.028818685
1734523555.228765726,3,9,-3.457185062,-9.769538481,0.012702401
1734523555.288765669,4,0,-0.791279447,3.825712178,0.051425577
1734523555.288765669,4,1,-1.562683468,8.220167383,-0.112244759
1734523555.288765669,4,2,-5.444001744,3.660869481,-0.041085321
1734523555.288765669,4,3,3.654228738,4.841349988,-0.026533502
1734523555.288765669,4,4,-5.726304967,-0.090347564,2.000000000
1734523555.288765669,4,5,-5.825188055,7.514065623,0.113961351
1734523555.288765669,4,6,3.890328355,1.002051761,-0.011933162
1734523555.288765669,4,7,-4.408251328,-0.735662444,0.037731716
1734523555.288765669,4,8,2.796891948,9.050609168,-0.044450072
1734523555.288765669,4,9,0.857331093,-4.615808407,0.026304511
1734523555.358765841,5,0,-5.238864997,-2.404959074,-0.048692357
1734523555.358765841,5,1,-1.295927441,-4.234298799,0.046955585
1734523555.358765841,5,2,-3.734616025,1.783446919,0.067417419
1734523555.358765841,5,3,-7.429227810,-7.123559984,0.038093937
1734523555.358765841,5,4,-8.980788450,-0.914170112,0.033501360
1734523555.358765841,5,5,2.041376038,3.139810320,2.000000000
1734523555.358765841,5,6,-10.979102963,-4.932985611,-0.040423185
1734523555.358765841,5,7,-7.676467935,3.409964917,0.182837881
1734523555.358765841,5,8,-2.823821539,-7.565605484,-0.024741090
1734523555.358765841,5,9,-2.166239123,0.163548248,0.036422165
1734523555.418765783,6,0,-2.674050023,5.115013289,0.025692236
1734523555.418765783,6,1,-1.281807312,9.262153929,-0.017005257
1734523555.418765783,6,2,-6.888084040,6.349807082,-0.040742855
1734523555.418765783,6,3,1.604966461,3.791758829,0.075725500
1734523555.418765783,6,4,-4.106990549,0.987743276,0.101620044
1734523555.418765783,6,5,-5.347521063,9.825526389,-0.072100502
1734523555.418765783,6,6,-1.933227615,-3.421377556,2.000000000
1734523555.418765783,6,7,-8.027004982,2.531228198,-0.060217400
1734523555.418765783,6,8,2.453077359,7.797424981,0.068118173
1734523555.418765783,6,9,-5.120174811,-3.073609090,-0.037179762
1734523555.478765726,7,0,3.406282539,-4.796135865,0.006123385
1734523555.478765726,7,1,7.729030087,-5.363651549,-0.001303190
1734523555.478765726,7,2,4.110522273,-0.196657463,-0.086545061
1734523555.478765726,7,3,2.595249549,-8.809012435,0.044711357
1734523555.478765726,7,4,-0.716757055,-4.359970887,-0.085651677
1734523555.478765726,7,5,8.672749970,-1.246635395,-0.026611642
1734523555.478765726,7,6,-1.194682190,-9.564478532,-0.062364317
1734523555.478765726,7,7,-1.595459084,3.443972912,2.000000000
1734523555.478765726,7,8,7.467281789,-10.513454692,0.027335764
1734523555.478765726,7,9,-5.087269780,-3.682773848,-0.007078557
1734523555.548765659,8,0,-3.450601401,-4.635189138,-0.010059534
1734523555.548765659,8,1,-4.493010196,-0.384799151,0.105088458
1734523555.548765659,8,2,-8.409572130,-5.679940339,-0.033015887
1734523555.548765659,8,3,1.060549053,-3.984740198,0.082665694
1734523555.548765659,8,4,-2.835587275,-9.520967932,-0.056745511
1734523555.548765659,8,5,-8.192944564,-1.434096163,-0.037282896
1734523555.548765659,8,6,1.279857226,-7.731481750,-0.041631458
1734523555.548765659,8,7,-7.526111198,-9.841244297,-0.046817050
1734523555.548765659,8,8,2.220516143,-3.075356973,2.000000000
1734523555.548765659,8,9,-0.838263513,-6.845601686,-0.037172801
1734523555.608765841,9,0,-1.752320548,9.244210219,-0.226892491
1734523555.608765841,9,1,-1.073096977,7.629080252,-0.070388746
1734523555.608765841,9,2,-6.225649546,8.025059757,0.010785203
1734523555.608765841,9,3,3.323277830,9.661283033,0.024160635
1734523555.608765841,9,4,-0.702123899,4.252628507,-0.099866898
1734523555.608765841,9,5,-3.714071371,6.778897444,0.002116402
1734523555.608765841,9,6,3.148756203,5.148443190,0.031011474
1734523555.608765841,9,7,-5.067634764,3.549881828,0.033321319
1734523555.608765841,9,8,0.456913607,2.717774255,0.001178069
1734523555.608765841,9,9,-4.834876927,-0.105233585,2.000000000
1734523555.668765783,0,0,0.575113781,-0.100877395,2.000000000
1734523555.668765783,0,1,4.418493826,0.203987892,-0.022066638
1734523555.668765783,0,2,-0.315701529,4.340080739,-0.050755752
1734523555.668765783,0,3,0.133578568,-4.480089127,0.057592115
1734523555.668765783,0,4,-4.186397326,-0.376559119,-0.007914195
1734523555.668765783,0,5,3.754039622,4.334835834,0.118637238
1734523555.668765783,0,6,-3.735052679,-4.326039575,-0.058782623
1734523555.668765783,0,7,-4.311849740,3.961726788,0.004074389
1734523555.668765783,0,8,4.146683169,-3.934160939,0.025464938
1734523555.668765783,0,9,-8.438612451,-0.646641704,-0.005191654
1734523555.728765726,1,0,-4.220697094,-0.178169125,0.021408027
1734523555.728765726,1,1,1.474840287,0.004745282,2.000000000
1734523555.728765726,1,2,-4.349148103,4.441195001,-0.019980676
1734523555.728765726,1,3,-4.267253924,-4.674466146,-0.040169710
1734523555.728765726,1,4,-8.291958591,-0.162615383,-0.098658023
1734523555.728765726,1,5,-0.420705294,4.275026915,0.033581930
1734523555.728765726,1,6,-8.204393587,-4.159129401,0.036674821
1734523555.728765726,1,7,-8.294731003,4.169520833,0.041740975
1734523555.728765726,1,8,-0.321066633,-4.045925233,0.121160953
1734523555.728765726,1,9,-7.644544759,-0.087918139,-0.045211648
1734523555.798765659,2,0,-4.434308124,1.087552037,0.095663425
1734523555.798765659,2,1,-5.492605465,-3.392755253,0.035385245
1734523555.798765659,2,2,1.147932264,2.723318895,2.000000000
1734523555.798765659,2,3,-8.966508510,2.057984782,0.058010418
1734523555.798765659,2,4,-3.714502688,5.251934626,-0.078875508
1734523555.798765659,2,5,-1.141198754,-3.870862776,0.029431751
1734523555.798765659,2,6,-7.606841511,5.669577166,0.005962288
1734523555.798765659,2,7,0.797091377,3.943992039,0.081856067
1734523555.798765659,2,8,-9.574967487,-2.026952508,-0.035537573
1734523555.798765659,2,9,-2.695501082,9.430744930,0.040646543
1734523555.858765841,3,0,-4.383169589,-0.699922538,0.074557797
1734523555.858765841,3,1,-5.396026711,3.467173995,0.000632408
1734523555.858765841,3,2,-7.731348253,-1.528803521,-0.018175394
1734523555.858765841,3,3,0.960366205,-2.624876839,2.000000000
1734523555.858765841,3,4,-3.545006860,-4.832601282,0.013822518
1734523555.858765841,3,5,-9.450436408,2.234781613,-0.018510373
1734523555.858765841,3,6,0.218029469,-4.130722729,-0.049649571
1734523555.858765841,3,7,-8.424336450,-5.982461968,-0.019684924
1734523555.858765841,3,8,-1.206794058,3.910752721,-0.003085867
1734523555.858765841,3,9,-2.940284320,-10.095873963,-0.007699753
1734523555.928765774,4,0,-1.009836420,4.071261316,-0.016965514
1734523555.928765774,4,1,-2.064215375,8.268271470,0.071267986
1734523555.928765774,4,2,-5.713928782,3.358180170,-0.040819161
1734523555.928765774,4,3,3.504098298,5.213550007,0.091619736
1734523555.928765774,4,4,-5.757322152,-0.092362006,2.000000000
1734523555.928765774,4,5,-6.412902759,7.263607465,0.050210083
1734523555.928765774,4,6,3.793739982,1.139869001,-0.143307738
1734523555.928765774,4,7,-4.259609014,-0.905018444,-0.022669965
1734523555.928765774,4,8,2.373687325,9.518748772,-0.061314775
1734523555.928765774,4,9,1.137342651,-4.371929790,-0.042086988
1734523555.988765717,5,0,-5.349144924,-2.052021600,-0.118923830
1734523555.988765717,5,1,-1.433712245,-3.861620597,-0.079099794
1734523555.988765717,5,2,-3.413755673,2.163082966,-0.016565663
1734523555.988765717,5,3,-7.998914418,-6.512626044,-0.014634883
1734523555.988765717,5,4,-8.905475106,-0.187152042,0.020210980
1734523555.988765717,5,5,1.932221452,3.090402175,2.000000000
1734523555.988765717,5,6,-11.286412014,-4.081870390,-0.003632757
1734523555.988765717,5,7,-7.199052600,3.759505779,0.028738112
1734523555.988765717,5,8,-3.590295096,-7.290325140,0.096852932
1734523555.988765717,5,9,-2.320584374,0.271380950,0.026591243
1734523556.048765659,6,0,-2.649950177,5.183814545,0.044158790
1734523556.048765659,6,1,-1.186897197,8.999783183,0.049447548
1734523556.048765659,6,2,-6.975126154,6.585950692,0.061769300
1734523556.048765659,6,3,1.776916787,3.730855056,0.156009658
1734523556.048765659,6,4,-4.069896084,1.171042293,-0.006562487
1734523556.048765659,6,5,-5.360760669,9.878897517,-0.123625160
1734523556.048765659,6,6,-1.823147190,-3.391180596,2.000000000
1734523556.048765659,6,7,-7.817434043,2.628216251,-0.001189775
1734523556.048765659,6,8,2.388955631,7.511577941,0.181690566
1734523556.048765659,6,9,-5.130367882,-2.979112742,-0.031123920
1734523556.108765841,7,0,3.007223992,-5.127980259,-0.040731644
1734523556.108765841,7,1,7.385213940,-6.166070776,-0.012748036
1734523556.108765841,7,2,4.338988079,-0.637826409,-0.119453123
1734523556.108765841,7,3,1.779034072,-8.907104775,-0.059975202
1734523556.108765841,7,4,-1.033976168,-4.400478289,-0.008128660
1734523556.108765841,7,5,8.102163237,-1.926997775,0.046407731
1734523556.108765841,7,6,-1.976605900,-8.902045071,-0.017899114
1734523556.108765841,7,7,-1.451620085,3.408800101,2.000000000
1734523556.108765841,7,8,6.239796929,-10.581449583,-0.076968227
1734523556.108765841,7,9,-5.421039983,-3.319782593,0.018362653
1734523556.178765774,8,0,-3.219073850,-4.809945273,-0.011863660
1734523556.178765774,8,1,-4.615708256,-0.569510741,0.209489031
1734523556.178765774,8,2,-8.276576596,-6.112827454,-0.119671467
1734523556.178765774,8,3,1.404422865,-3.891953887,0.014858414
1734523556.178765774,8,4,-2.340897682,-9.498811676,0.011512607
1734523556.178765774,8,5,-8.233963191,-1.834153104,-0.015950659
1734523556.178765774,8,6,1.691614155,-7.730595973,-0.049591526
1734523556.178765774,8,7,-6.630734279,-9.837399894,0.002390641
1734523556.178765774,8,8,2.137070141,-3.031801962,2.000000000
1734523556.178765774,8,9,-0.558025987,-7.121971064,0.017291922
1734523556.238765717,9,0,-2.290858594,9.292634669,-0.266482359
1734523556.238765717,9,1,-1.693446764,7.283994907,0.023808092
1734523556.238765717,9,2,-6.867220942,7.903445614,-0.094834957
1734523556.238765717,9,3,2.622867269,9.833754700,-0.121532659
1734523556.238765717,9,4,-0.880889189,4.395362121,0.007307991
1734523556.238765717,9,5,-4.088364167,6.606411793,-0.048727089
1734523556.238765717,9,6,2.924489130,5.407388287,-0.006014260
1734523556.238765717,9,7,-5.507621830,3.426379108,0.002975425
1734523556.238765717,9,8,0.431799176,2.688885915,0.055843158
1734523556.238765717,9,9,-4.690833828,-0.108982217,2.000000000
1734523556.298765659,0,0,0.605228104,-0.106380526,2.000000000
1734523556.298765659,0,1,4.512020846,0.255308894,0.067295180
1734523556.298765659,0,2,-0.342159811,4.273078581,0.047075712
1734523556.298765659,0,3,0.454227740,-4.494259115,0.035889849
1734523556.298765659,0,4,-4.212760104,-0.346201590,-0.003014414
1734523556.298765659,0,5,3.675320797,4.310543349,-0.015539383
1734523556.298765659,0,6,-3.738297727,-4.384868763,-0.003271263
1734523556.298765659,0,7,-4.365206522,4.042564217,0.016747149
1734523556.298765659,0,8,4.231858626,-3.981340336,0.017723216
1734523556.298765659,0,9,-8.582215835,-0.747614728,0.008388155
1734523556.368765831,1,0,-4.196696836,-0.190096162,0.008394063
1734523556.368765831,1,1,1.330615538,0.004912693,2.000000000
1734523556.368765831,1,2,-4.353617417,4.449479431,-0.035715972
1734523556.368765831,1,3,-4.338281063,-4.711963167,-0.011852765
1734523556.368765831,1,4,-8.380911880,-0.265729031,-0.056772605
1734523556.368765831,1,5,-0.450021177,4.362142219,-0.001912781
1734523556.368765831,1,6,-8.191211606,-4.158182186,0.019801924
1734523556.368765831,1,7,-8.328611060,4.140268114,-0.045101663
1734523556.368765831,1,8,-0.383681314,-3.930240221,0.051604249
1734523556.368765831,1,9,-7.645610838,-0.278395408,-0.071026194
1734523556.428765774,2,0,-4.521592987,1.328361438,0.012640327
1734523556.428765774,2,1,-5.619713967,-3.199785396,-0.000318840
1734523556.428765774,2,2,1.195455369,2.670386192,2.000000000
1734523556.428765774,2,3,-8.822852194,2.434254127,-0.068629373
1734523556.428765774,2,4,-3.448902624,5.405047343,-0.146877442
1734523556.428765774,2,5,-1.305280288,-3.815844938,-0.022258436
1734523556.428765774,2,6,-7.411549277,6.035226074,0.002357593
1734523556.428765774,2,7,0.803968168,3.851986443,-0.000166096
1734523556.428765774,2,8,-9.648321690,-1.682701154,0.050936345
1734523556.428765774,2,9,-2.466189580,9.638565879,0.045257137
1734523556.498765707,3,0,-4.299412463,-0.973934453,0.134759919
1734523556.498765707,3,1,-5.638838654,3.254782207,0.021806241
1734523556.498765707,3,2,-7.840675859,-2.047914689,-0.067479028
1734523556.498765707,3,3,0.988163493,-2.587214088,2.000000000
1734523556.498765707,3,4,-3.321446637,-4.994727030,-0.001250104
1734523556.498765707,3,5,-9.618709633,1.887799455,-0.043414966
1734523556.498765707,3,6,0.476347644,-4.095152803,-0.005564532
1734523556.498765707,3,7,-8.208614986,-6.418578887,-0.003428662
1734523556.498765707,3,8,-1.331161629,3.815600759,-0.032383624
1734523556.498765707,3,9,-2.462490372,-10.217207812,-0.086831710
1734523556.558765650,4,0,-1.242631836,4.010568294,0.036172472
1734523556.558765650,4,1,-2.495548733,8.165110059,-0.043622665
1734523556.558765650,4,2,-5.776503397,2.709747389,0.000116532
1734523556.558765650,4,3,3.288774266,5.348212364,0.007366892
1734523556.558765650,4,4,-5.784759830,-0.093987087,2.000000000
1734523556.558765650,4,5,-7.008861539,7.215543167,0.058519076
1734523556.558765650,4,6,3.660766378,1.171238871,-0.142623348
1734523556.558765650,4,7,-4.370257985,-1.115615496,0.004549859
1734523556.558765650,4,8,1.730817143,9.803289150,0.060259563
1734523556.558765650,4,9,1.313238255,-4.260681963,0.014337466
1734523556.618765831,5,0,-5.702776399,-1.598874487,-0.049583918
1734523556.618765831,5,1,-1.811459561,-4.073420881,-0.152947813
1734523556.618765831,5,2,-3.326619190,2.460775027,-0.000564312
1734523556.618765831,5,3,-8.632407307,-5.984024603,0.023113436
1734523556.618765831,5,4,-8.896501977,0.466889219,0.014322608
1734523556.618765831,5,5,1.820674550,3.039893979,2.000000000
1734523556.618765831,5,6,-11.430266436,-3.084130019,-0.021907447
1734523556.618765831,5,7,-7.030631713,4.393659025,0.016811743
1734523556.618765831,5,8,-4.138695096,-7.183335970,-0.092491344
1734523556.618765831,5,9,-2.499446000,0.400243977,0.111186250
1734523556.678765774,6,0,-2.467269513,5.099083753,-0.037119522
1734523556.678765774,6,1,-1.018313795,9.374404528,-0.044108674
1734523556.678765774,6,2,-6.966413016,6.814257680,0.036675460
1734523556.678765774,6,3,1.847860673,3.842749093,0.035394965
1734523556.678765774,6,4,-4.153193773,1.205708049,-0.062977405
1734523556.678765774,6,5,-5.160962420,10.044266060,-0.126709540
1734523556.678765774,6,6,-1.709815533,-3.360199114,2.000000000
1734523556.678765774,6,7,-7.733060276,2.686978595,-0.027148733
1734523556.678765774,6,8,2.696194651,7.421711411,0.017597838
1734523556.678765774,6,9,-5.140523004,-2.894573486,0.027529720
1734523556.748765707,7,0,2.595003593,-5.384023908,0.005210028
1734523556.748765707,7,1,6.787024562,-6.638586726,-0.046448482
1734523556.748765707,7,2,4.140687357,-0.886565130,-0.048754742
1734523556.748765707,7,3,1.061024720,-9.101647351,-0.022882864
1734523556.748765707,7,4,-1.510076344,-4.163080645,-0.045020534
1734523556.748765707,7,5,7.915083425,-2.616104959,0.007000728
1734523556.748765707,7,6,-2.680291766,-8.573702484,-0.028316206
1734523556.748765707,7,7,-1.306007266,3.373024292,2.000000000
1734523556.748765707,7,8,5.410732664,-11.135665506,-0.050026714
1734523556.748765707,7,9,-5.601734474,-2.804092033,-0.037282644
1734523556.808765650,8,0,-3.096876929,-5.062754845,-0.048969674
1734523556.808765650,8,1,-4.570470497,-0.876736123,0.060828408
1734523556.808765650,8,2,-7.658416287,-6.448432262,-0.028314500
1734523556.808765650,8,3,1.528602105,-3.695413623,-0.005801359
1734523556.808765650,8,4,-1.650775527,-9.197205992,-0.065059575
1734523556.808765650,8,5,-8.212593227,-2.254000644,-0.045968134
1734523556.808765650,8,6,2.103078605,-7.690611009,-0.039729984
1734523556.808765650,8,7,-6.311476787,-10.412493525,-0.023201484
1734523556.808765650,8,8,2.056109780,-2.989397153,2.000000000
1734523556.808765650,8,9,-0.337905630,-7.419945721,-0.029663720
1734523556.868765831,9,0,-2.780971640,9.347409907,-0.154549121
1734523556.868765831,9,1,-2.136855087,7.217892056,-0.006393331
1734523556.868765831,9,2,-7.192190694,7.321465251,0.008457883
1734523556.868765831,9,3,2.269541606,10.036522927,-0.020560494
1734523556.868765831,9,4,-1.155583869,4.444364750,-0.088280278
1734523556.868765831,9,5,-4.435073852,6.427626900,-0.006845270
1734523556.868765831,9,6,2.585236444,5.466496204,0.027212488
1734523556.868765831,9,7,-5.768108466,3.287636745,-0.045921271
1734523556.868765831,9,8,0.231894336,2.843963509,-0.057648774
1734523556.868765831,9,9,-4.546187648,-0.112695182,2.000000000
1734523556.938765764,0,0,0.635925273,-0.111989865,2.000000000
1734523556.938765764,0,1,4.610624783,0.262337694,-0.067953115
1734523556.938765764,0,2,-0.297231413,4.358208261,0.139777774
1734523556.938765764,0,3,0.434911982,-4.599103264,0.102282306
1734523556.938765764,0,4,-4.163499597,-0.405501013,-0.003125592
1734523556.938765764,0,5,3.543629763,4.471239931,0.102778031
1734523556.938765764,0,6,-3.817279084,-4.423110023,0.026005556
1734523556.938765764,0,7,-4.241550467,4.026561062,0.120448528
1734523556.938765764,0,8,4.199669352,-4.001003364,-0.025766102
1734523556.938765764,0,9,-8.579305823,-0.737097748,0.120099480
1734523556.998765707,1,0,-4.274573071,-0.070831751,-0.290550721
1734523556.998765707,1,1,1.182672912,0.005088504,2.000000000
1734523556.998765707,1,2,-4.455098399,4.550530998,-0.026950808
1734523556.998765707,1,3,-4.370477988,-4.712783440,0.007364416
1734523556.998765707,1,4,-8.486094975,-0.204221103,0.001512995
1734523556.998765707,1,5,-0.430460653,4.297814937,-0.007452754
1734523556.998765707,1,6,-8.153162066,-4.183230606,0.089204928
1734523556.998765707,1,7,-8.344935521,4.134590365,0.065607275
1734523556.998765707,1,8,-0.499652920,-4.104335196,0.018193567
1734523556.998765707,1,9,-7.627847642,-0.167918924,-0.097243194
1734523557.058765650,2,0,-4.514039007,1.426567885,0.073847651
1734523557.058765650,2,1,-5.879048024,-3.018558660,-0.002217796
1734523557.058765650,2,2,1.239149804,2.621588867,2.000000000
1734523557.058765650,2,3,-9.000812754,2.612903043,0.096813802
1734523557.058765650,2,4,-3.451579500,5.563213640,0.131156968
1734523557.058765650,2,5,-1.462525977,-3.753165407,0.011135756
1734523557.058765650,2,6,-7.065985037,6.178116916,-0.085796794
1734523557.058765650,2,7,0.946572063,3.930178255,0.020239084
1734523557.058765650,2,8,-9.771598791,-1.351331315,-0.005154429
1734523557.058765650,2,9,-2.069864093,9.638546339,-0.049371147
1734523557.128765821,3,0,-4.411190690,-1.273161591,0.108193897
1734523557.128765821,3,1,-5.898058302,3.168401081,0.001343762
1734523557.128765821,3,2,-7.957719784,-2.251749948,-0.010408400
1734523557.128765821,3,3,1.011588360,-2.555521229,2.000000000
1734523557.128765821,3,4,-3.199446130,-5.156497853,0.003538184
1734523557.128765821,3,5,-9.815671583,1.616096571,-0.039738661
1734523557.128765821,3,6,0.592528663,-4.061713922,0.010545688
1734523557.128765821,3,7,-7.997749750,-6.909033417,-0.035579696
1734523557.128765821,3,8,-1.471825701,3.794722566,0.022626225
1734523557.128765821,3,9,-2.234012324,-10.543227344,-0.105062318
1734523557.188765764,4,0,-1.675368464,3.955988994,0.234024230
1734523557.188765764,4,1,-3.018085467,8.225069742,0.010907319
1734523557.188765764,4,2,-5.730622947,2.310051442,-0.024353552
1734523557.188765764,4,3,2.989531473,5.531305289,0.032506033
1734523557.188765764,4,4,-5.808432503,-0.095279984,2.000000000
1734523557.188765764,4,5,-7.416705725,6.723196721,0.013902085
1734523557.188765764,4,6,3.539317986,1.472618855,0.001160329
1734523557.188765764,4,7,-4.311304945,-1.347828614,-0.015135177
1734523557.188765764,4,8,1.068148753,9.717618093,0.071285051
1734523557.188765764,4,9,1.538134826,-4.170555147,0.037014606
1734523557.248765707,5,0,-5.987877906,-1.244779417,-0.121804791
1734523557.248765707,5,1,-2.018770341,-3.911860874,-0.099477880
1734523557.248765707,5,2,-3.137852400,2.661251317,0.003202196
1734523557.248765707,5,3,-8.895077914,-5.365941839,-0.125540056
1734523557.248765707,5,4,-8.984508372,1.145274806,-0.056105066
1734523557.248765707,5,5,1.706787828,2.988317255,2.000000000
1734523557.248765707,5,6,-11.634411039,-2.261717360,-0.084955114
1734523557.248765707,5,7,-7.013158870,5.051891531,-0.006715754
1734523557.248765707,5,8,-4.881388931,-6.836818171,-0.002075449
1734523557.248765707,5,9,-2.666561087,0.589679202,0.056768065
1734523557.308765650,6,0,-2.385826420,5.201215264,-0.019480274
1734523557.308765650,6,1,-0.878597787,9.259920357,0.005546252
1734523557.308765650,6,2,-6.805622040,6.962980779,0.053742348
1734523557.308765650,6,3,2.122722972,3.574739291,-0.008534154
1734523557.308765650,6,4,-4.197571109,1.214832933,-0.136880958
1734523557.308765650,6,5,-4.946438906,10.160079572,-0.057278272
1734523557.308765650,6,6,-1.593383279,-3.328453685,2.000000000
1734523557.308765650,6,7,-7.653528172,2.891913875,-0.019274411
1734523557.308765650,6,8,2.907534772,7.368892501,0.006064139
1734523557.308765650,6,9,-5.011351213,-2.884424288,-0.024090360
1734523557.368765831,7,0,2.138953851,-5.551911430,-0.046011823
1734523557.368765831,7,1,6.427041993,-7.128905822,-0.039102151
1734523557.368765831,7,2,4.183057494,-1.389253563,-0.096514034
1734523557.368765831,7,3,0.652793825,-9.137942900,0.073007521
1734523557.368765831,7,4,-1.899126137,-4.176738517,-0.001621822
1734523557.368765831,7,5,7.587773912,-3.068814420,0.008562588
1734523557.368765831,7,6,-3.396416606,-8.762218409,0.066331980
1734523557.368765831,7,7,-1.158686655,3.336660358,2.000000000
1734523557.368765831,7,8,4.225298844,-11.168818156,-0.011816918
1734523557.368765831,7,9,-6.063950146,-2.434415005,-0.007256594
1734523557.438765764,8,0,-2.820573390,-5.134484497,-0.047010121
1734523557.438765764,8,1,-4.506637523,-0.938033966,0.068599836
1734523557.438765764,8,2,-7.332179397,-6.921346330,-0.035732700
1734523557.438765764,8,3,1.723663759,-3.586959599,0.038006835
1734523557.438765764,8,4,-1.237333585,-9.417829936,-0.065281490
1734523557.438765764,8,5,-8.008774916,-2.617683646,-0.041898902
1734523557.438765764,8,6,2.384247320,-7.522896043,-0.013633605
1734523557.438765764,8,7,-5.911949187,-10.906351055,0.113424430
1734523557.438765764,8,8,1.977454367,-2.948088549,2.000000000
1734523557.438765764,8,9,0.082722760,-7.563388714,0.014043183
1734523557.498765707,9,0,-3.313345966,9.024975208,-0.098976970
1734523557.498765707,9,1,-2.480359596,7.388325187,-0.006393331
1734523557.498765707,9,2,-7.716887916,6.936792614,-0.051371929
1734523557.498765707,9,3,1.686858447,10.292363641,-0.010279575
1734523557.498765707,9,4,-1.605181763,4.452574352,-0.020856162
1734523557.498765707,9,5,-4.751924219,5.997557103,0.029645861
1734523557.498765707,9,6,2.165465924,5.648564697,0.043692543
1734523557.498765707,9,7,-5.861001049,2.998733978,0.012246379
1734523557.498765707,9,8,0.115643819,2.725758600,-0.116706647
1734523557.498765707,9,9,-4.401383020,-0.116389576,2.000000000
1734523557.558765650,0,0,0.667279885,-0.117723048,2.000000000
1734523557.558765650,0,1,4.403431399,0.403829778,-0.130526800
1734523557.558765650,0,2,-0.329452827,4.481314560,0.021258349
1734523557.558765650,0,3,0.271695678,-4.426750969,0.038596804
1734523557.558765650,0,4,-4.214764434,-0.385335184,0.005419294
1734523557.558765650,0,5,3.540903906,4.333627136,0.069197077
1734523557.558765650,0,6,-3.737583727,-4.318114306,-0.023397304
1734523557.558765650,0,7,-4.323086736,4.010791859,0.150293042
1734523557.558765650,0,8,4.225052736,-3.971330202,-0.042871909
1734523557.558765650,0,9,-8.445131131,-0.605820636,0.104472354
1734523557.618765831,1,0,-4.250978851,-0.147593241,0.043965232
1734523557.618765831,1,1,1.030953084,0.005268392,2.000000000
1734523557.618765831,1,2,-4.343267374,4.474104103,-0.020358324
1734523557.618765831,1,3,-4.354413920,-4.818712060,0.042359771
1734523557.618765831,1,4,-8.644414316,-0.269551932,0.036504043
1734523557.618765831,1,5,-0.492677517,4.321253724,0.000819345
1734523557.618765831,1,6,-8.281640184,-4.325176002,0.031308597
1734523557.618765831,1,7,-8.417974012,4.150613618,0.000464720
1734523557.618765831,1,8,-0.413066889,-4.214292393,-0.075283411
1734523557.618765831,1,9,-7.637942640,-0.198725985,-0.010279025
1734523557.688765764,2,0,-4.448834923,1.493011791,-0.130670781
1734523557.688765764,2,1,-5.684882386,-2.669622236,0.024136393
1734523557.688765764,2,2,1.279452829,2.576431008,2.000000000
1734523557.688765764,2,3,-8.832306996,2.939876702,-0.027321567
1734523557.688765764,2,4,-3.061264669,5.567450208,0.124139482
1734523557.688765764,2,5,-1.495016821,-3.692759921,-0.086540538
1734523557.688765764,2,6,-7.029132704,6.604059482,-0.158801724
1734523557.688765764,2,7,1.043953795,3.900823877,-0.010949104
1734523557.688765764,2,8,-9.846364405,-0.967153294,-0.039956703
1734523557.688765764,2,9,-1.839634726,9.936997231,-0.032241434
1734523557.748765707,3,0,-4.611131291,-1.293630947,0.064808326
1734523557.748765707,3,1,-6.096555524,3.000823063,0.004398642
1734523557.748765707,3,2,-8.225201917,-2.490482750,-0.005755879
1734523557.748765707,3,3,1.031417047,-2.528711730,2.000000000
1734523557.748765707,3,4,-2.941953757,-5.370573434,-0.071297435
1734523557.748765707,3,5,-10.055757868,1.383988251,-0.031189613
1734523557.748765707,3,6,0.659084004,-3.821765980,-0.013345555
1734523557.748765707,3,7,-7.973367941,-7.273823958,0.024070570
1734523557.748765707,3,8,-1.612271893,3.727312065,0.026687026
1734523557.748765707,3,9,-1.914032835,-10.622040730,0.029147013
1734523557.808765650,4,0,-1.795261032,3.913197782,0.024739235
1734523557.808765650,4,1,-3.493914434,8.126817774,-0.104405943
1734523557.808765650,4,2,-5.938543693,1.987766487,-0.036701117
1734523557.808765650,4,3,2.669250420,5.676469799,-0.031204455
1734523557.808765650,4,4,-5.829324543,-0.096328688,2.000000000
1734523557.808765650,4,5,-7.941378569,6.530463769,0.025288742
1734523557.808765650,4,6,3.432301178,1.675835535,-0.014105645
1734523557.808765650,4,7,-4.314353747,-1.635769051,-0.003893265
1734523557.808765650,4,8,0.668770883,10.035848199,-0.054986795
1734523557.808765650,4,9,1.770660772,-4.113025945,-0.090050329
1734523557.878765821,5,0,-5.754516394,-0.728993559,-0.002853422
1734523557.878765821,5,1,-2.461799808,-3.827988109,-0.108714605
1734523557.878765821,5,2,-2.930164594,2.934480731,-0.018037718
1734523557.878765821,5,3,-9.725463742,-4.938032824,-0.161481731
1734523557.878765821,5,4,-8.796011602,1.771290296,0.005660432
1734523557.878765821,5,5,1.589080961,2.935020713,2.000000000
1734523557.878765821,5,6,-11.939187537,-1.467838443,-0.041991997
1734523557.878765821,5,7,-6.703118325,5.635482732,-0.014680917
1734523557.878765821,5,8,-5.480810989,-6.554351779,0.016700533
1734523557.878765821,5,9,-2.646364415,0.982631938,0.043597086
1734523557.938765764,6,0,-2.325937623,5.334279318,0.020478810
1734523557.938765764,6,1,-0.654301741,9.530795720,-0.003091373
1734523557.938765764,6,2,-6.469386706,6.834522458,-0.005973345
1734523557.938765764,6,3,2.254593223,3.685136423,0.092223537
1734523557.938765764,6,4,-3.977698229,1.307495300,-0.065429492
1734523557.938765764,6,5,-4.733291588,10.299013790,0.062805306
1734523557.938765764,6,6,-1.474095887,-3.296008664,2.000000000
1734523557.938765764,6,7,-7.644828187,3.121677287,-0.006747990
1734523557.938765764,6,8,3.117474597,7.304582568,-0.048862671
1734523557.938765764,6,9,-5.005454782,-2.901173881,-0.062409256
1734523557.998765707,7,0,1.655757146,-5.691584906,0.001253712
1734523557.998765707,7,1,5.621916913,-7.703163457,0.008049706
1734523557.998765707,7,2,3.983850061,-1.429238296,-0.125273276
1734523557.998765707,7,3,-0.435881596,-9.107311886,-0.026324680
1734523557.998765707,7,4,-2.157555598,-3.818864059,-0.031418364
1734523557.998765707,7,5,7.145196894,-3.708869534,0.023804473
1734523557.998765707,7,6,-4.003300121,-8.077337741,0.010402691
1734523557.998765707,7,7,-1.010091592,3.299826666,2.000000000
1734523557.998765707,7,8,3.402251927,-11.663412563,0.032875749
1734523557.998765707,7,9,-6.602231195,-2.050280214,-0.022543884
1734523558.068765879,8,0,-2.708851293,-5.319048287,-0.046343341
1734523558.068765879,8,1,-4.082336626,-1.009213960,0.030056247
1734523558.068765879,8,2,-6.786602266,-6.984815542,0.006958965
1734523558.068765879,8,3,1.904170637,-3.648670106,0.008460768
1734523558.068765879,8,4,-0.881849954,-9.513617802,-0.152408743
1734523558.068765879,8,5,-7.872494350,-2.852175480,-0.072579884
1734523558.068765879,8,6,2.724634870,-7.438838422,0.061905134
1734523558.068765879,8,7,-5.485139476,-11.133649776,0.161535118
1734523558.068765879,8,8,1.901467603,-2.908049089,2.000000000
1734523558.068765879,8,9,0.288568532,-7.807933257,-0.030775824
1734523558.128765821,9,0,-3.771669157,8.708573398,0.082830871
1734523558.128765821,9,1,-2.871318447,7.204513162,0.024626405
1734523558.128765821,9,2,-7.962081768,6.258948666,0.056898064
1734523558.128765821,9,3,0.990654458,10.364711393,0.035244638
1734523558.128765821,9,4,-1.934618912,4.466160351,-0.034122459
1734523558.128765821,9,5,-5.055622904,5.705277835,0.089045668
1734523558.128765821,9,6,1.902018866,5.995010148,-0.027014057
1734523558.128765821,9,7,-6.146722112,2.719254120,-0.010059428
1734523558.128765821,9,8,0.007285020,2.910798371,-0.141284733
1734523558.128765821,9,9,-4.257271553,-0.120110081,2.000000000
1734523558.188765764,0,0,0.699193632,-0.123555733,2.000000000
1734523558.188765764,0,1,4.301549203,0.248284859,-0.017989953
1734523558.188765764,0,2,-0.256004929,4.545848107,-0.044292414
1734523558.188765764,0,3,0.176590868,-4.616737552,0.030710385
1734523558.188765764,0,4,-4.116989456,-0.379926263,-0.028982268
1734523558.188765764,0,5,3.603610081,4.582398262,0.147633785
1734523558.188765764,0,6,-3.798946887,-4.459666405,0.069185988
1734523558.188765764,0,7,-4.203432506,4.164679015,0.163044437
1734523558.188765764,0,8,4.199097781,-3.987351179,0.016747779
1734523558.188765764,0,9,-8.711748698,-0.713864990,0.029850099
1734523558.258765697,1,0,-4.340485289,0.007516922,-0.187456890
1734523558.258765697,1,1,0.875500077,0.005450986,2.000000000
1734523558.258765697,1,2,-4.459810442,4.514287764,-0.025622906
1734523558.258765697,1,3,-4.316814565,-4.776786153,-0.031658763
1734523558.258765697,1,4,-8.657631247,-0.249782748,-0.009239676
1734523558.258765697,1,5,-0.497695032,4.152706650,-0.032671558
1734523558.258765697,1,6,-8.042104800,-4.281216355,-0.093521706
1734523558.258765697,1,7,-8.424649331,4.124687641,-0.015584691
1734523558.258765697,1,8,-0.432863632,-4.390347214,-0.053743277
1734523558.258765697,1,9,-7.619706994,-0.111496416,0.030712165
1734523558.318765879,2,0,-4.285488868,1.493971639,-0.014543492
1734523558.318765879,2,1,-5.611512522,-2.539559735,-0.013982859
1734523558.318765879,2,2,1.317166382,2.534064331,2.000000000
1734523558.318765879,2,3,-8.837188577,3.110816221,-0.051982004
1734523558.318765879,2,4,-2.791780653,5.830635054,0.136193363
1734523558.318765879,2,5,-1.740611260,-3.800806335,0.025944613
1734523558.318765879,2,6,-7.052910472,6.915462672,-0.031499286
1734523558.318765879,2,7,1.114689131,3.840302092,-0.004265546
1734523558.318765879,2,8,-9.966602373,-0.703709200,-0.048302271
1734523558.318765879,2,9,-1.572578258,10.050907645,-0.031246088
1734523558.378765821,3,0,-4.612564173,-1.368796333,-0.039377732
1734523558.378765821,3,1,-6.233768245,2.919171547,0.022527299
1734523558.378765821,3,2,-8.371717805,-2.687000748,-0.067781664
1734523558.378765821,3,3,1.048696380,-2.505383044,2.000000000
1734523558.378765821,3,4,-2.804940356,-5.447711365,-0.013485730
1734523558.378765821,3,5,-10.004142564,0.916870870,-0.041265956
1734523558.378765821,3,6,0.666351311,-3.751831767,-0.014211231
1734523558.378765821,3,7,-7.799530142,-7.119606043,0.025978542
1734523558.378765821,3,8,-1.634489738,3.695174027,0.094932372
1734523558.378765821,3,9,-1.540608253,-10.867053309,0.101751252
1734523558.448765755,4,0,-2.088578642,3.923569999,-0.081054546
1734523558.448765755,4,1,-4.079755331,7.965849304,0.032735823
1734523558.448765755,4,2,-6.094114317,1.530165028,-0.074097325
1734523558.448765755,4,3,2.382922294,5.839926256,0.021531366
1734523558.448765755,4,4,-5.847730554,-0.097187799,2.000000000
1734523558.448765755,4,5,-8.169261890,5.978338547,0.028168509
1734523558.448765755,4,6,3.536880226,1.922335946,-0.008340744
1734523558.448765755,4,7,-4.061967341,-1.808194356,0.029924530
1734523558.448765755,4,8,0.239292831,9.998221962,0.025630358
1734523558.448765755,4,9,2.045779672,-4.136349421,-0.025435631
1734523558.508765697,5,0,-5.944645094,-0.406863132,-0.050927634
1734523558.508765697,5,1,-2.672958463,-3.615568379,-0.084258853
1734523558.508765697,5,2,-2.850700023,3.260888341,0.001938976
1734523558.508765697,5,3,-9.704927659,-4.038709253,-0.053429887
1734523558.508765697,5,4,-8.940321656,2.415204778,0.014574274
1734523558.508765697,5,5,1.467449726,2.879968258,2.000000000
1734523558.508765697,5,6,-12.137121482,-0.638886061,-0.108115697
1734523558.508765697,5,7,-6.315579609,6.030836755,0.014175721
1734523558.508765697,5,8,-6.084183774,-6.303310834,-0.001265712
1734523558.508765697,5,9,-2.790229772,1.282914162,0.056811038
1734523558.578765869,6,0,-2.238623195,5.414891371,-0.020832265
1734523558.578765869,6,1,-0.469148754,9.204762271,-0.019493653
1734523558.578765869,6,2,-6.470424846,7.021388610,0.063019362
1734523558.578765869,6,3,2.200388219,3.526864477,0.170605126
1734523558.578765869,6,4,-3.856397600,1.420039984,0.010521903
1734523558.578765869,6,5,-4.515497803,10.295723751,0.019433110
1734523558.578765869,6,6,-1.351906368,-3.262857732,2.000000000
1734523558.578765869,6,7,-7.546917283,3.266642532,-0.042436666
1734523558.578765869,6,8,3.231835452,7.082625480,-0.056019743
1734523558.578765869,6,9,-5.031756109,-2.835877048,-0.094122787
1734523558.638765812,7,0,1.379116928,-5.783907369,0.008069142
1734523558.638765812,7,1,5.113034209,-8.182592500,-0.020860230
1734523558.638765812,7,2,3.897240318,-1.672600257,-0.140203388
1734523558.638765812,7,3,-1.120457256,-9.768555220,-0.062985599
1734523558.638765812,7,4,-2.414274412,-3.803376523,-0.021740514
1734523558.638765812,7,5,6.830550371,-4.117557456,0.004010902
1734523558.638765812,7,6,-4.381827519,-7.419854970,0.000985814
1734523558.638765812,7,7,-0.858839851,3.262044079,2.000000000
1734523558.638765812,7,8,2.613441387,-12.027339632,0.044942565
1734523558.638765812,7,9,-6.899320552,-1.770386876,-0.115398257
1734523558.708765745,8,0,-2.477009886,-5.170452956,0.004833608
1734523558.708765745,8,1,-4.188237313,-1.037815997,-0.106439535
1734523558.708765745,8,2,-6.565074396,-7.063663347,-0.019337432
1734523558.708765745,8,3,2.021285241,-3.546595784,-0.017069748
1734523558.708765745,8,4,-0.500615339,-9.490398231,-0.014361749
1734523558.708765745,8,5,-7.803083657,-3.120490294,-0.044443362
1734523558.708765745,8,6,3.002235792,-7.452237149,0.057953053
1734523558.708765745,8,7,-5.329855642,-11.168490153,0.009147698
1734523558.708765745,8,8,1.827655853,-2.869072226,2.000000000
1734523558.708765745,8,9,0.581609957,-7.986294461,-0.145755559
1734523558.778765678,9,0,-4.072474087,8.229858958,0.030070685
1734523558.778765678,9,1,-3.286439915,6.979053942,0.048656436
1734523558.778765678,9,2,-8.407434404,5.879689114,0.083286253
1734523558.778765678,9,3,0.489074147,10.128309455,0.074579423
1734523558.778765678,9,4,-2.077226294,4.201593662,-0.010834962
1734523558.778765678,9,5,-5.416262526,5.539713317,0.003235017
1734523558.778765678,9,6,1.636328781,6.224665767,-0.013831906
1734523558.778765678,9,7,-6.487456469,2.394127802,0.108247028
1734523558.778765678,9,8,-0.208927813,2.739941845,-0.039163635
1734523558.778765678,9,9,-4.113895108,-0.123870396,2.000000000
1734523558.838765860,0,0,0.731678431,-0.129491981,2.000000000
1734523558.838765860,0,1,4.394966244,0.155214028,0.079067291
1734523558.838765860,0,2,-0.361696237,4.459686813,-0.029277952
1734523558.838765860,0,3,0.034076511,-4.680367214,0.015399022
1734523558.838765860,0,4,-4.147772049,-0.408991088,0.071197366
1734523558.838765860,0,5,3.654198155,4.521522191,0.007858513
1734523558.838765860,0,6,-3.740366899,-4.492135215,-0.114499235
1734523558.838765860,0,7,-4.103418899,4.013547223,-0.050988038
1734523558.838765860,0,8,4.182705695,-4.024894937,-0.025338194
1734523558.838765860,0,9,-8.615430192,-0.767744366,0.059390793
1734523558.898765802,1,0,-4.064121248,-0.126799347,-0.023829064
1734523558.898765802,1,1,0.716399011,0.005636340,2.000000000
1734523558.898765802,1,2,-4.512847814,4.598083926,-0.032714640
1734523558.898765802,1,3,-4.374647480,-4.907624494,-0.005743885
1734523558.898765802,1,4,-8.655344018,-0.314074560,-0.018805467
1734523558.898765802,1,5,-0.515688169,4.361120673,-0.014607972
1734523558.898765802,1,6,-8.105753250,-4.284049625,0.008937506
1734523558.898765802,1,7,-8.468009325,4.172662171,0.018838322
1734523558.898765802,1,8,-0.252622205,-4.235548342,-0.028610177
1734523558.898765802,1,9,-7.624808745,-0.263116572,0.126145277
1734523558.968765736,2,0,-4.259312708,1.702520366,-0.028079435
1734523558.968765736,2,1,-5.788298151,-2.408824419,0.001028825
1734523558.968765736,2,2,1.352766535,2.493997489,2.000000000
1734523558.968765736,2,3,-8.803838643,3.513180153,0.098922195
1734523558.968765736,2,4,-2.818533769,5.711807746,0.074607733
1734523558.968765736,2,5,-1.752770857,-3.679632354,-0.033543035
1734523558.968765736,2,6,-6.970725794,7.067715673,0.005294304
1734523558.968765736,2,7,1.199306841,3.771474075,0.004873061
1734523558.968765736,2,8,-9.764825964,-0.554522103,-0.058258953
1734523558.968765736,2,9,-1.416244120,9.755472148,0.043565044
1734523559.028765678,3,0,-4.787085118,-1.467269122,-0.039263029
1734523559.028765678,3,1,-5.930624456,2.705710505,-0.025233907
1734523559.028765678,3,2,-8.482244752,-2.986485218,-0.088550980
1734523559.028765678,3,3,1.063813671,-2.485023656,2.000000000
1734523559.028765678,3,4,-2.815852938,-5.637241797,-0.010724194
1734523559.028765678,3,5,-10.353758728,0.606063441,0.076725550
1734523559.028765678,3,6,0.748560682,-3.829074967,-0.007311997
1734523559.028765678,3,7,-7.587525773,-7.142941804,0.032132536
1734523559.028765678,3,8,-1.808821916,3.627025349,-0.028898555
1734523559.028765678,3,9,-1.465164685,-10.814062345,0.049953746
1734523559.088765860,4,0,-2.345568664,3.971624831,-0.142380793
1734523559.088765860,4,1,-4.455436890,7.847926074,0.011581294
1734523559.088765860,4,2,-6.311647317,1.360505585,0.049842746
1734523559.088765860,4,3,2.125407667,5.917678921,0.006937816
1734523559.088765860,4,4,-5.864577638,-0.097906659,2.000000000
1734523559.088765860,4,5,-8.415201859,5.429049207,-0.009509102
1734523559.088765860,4,6,3.511328563,2.197946420,-0.008645556
1734523559.088765860,4,7,-4.136863465,-2.065594128,0.004146165
1734523559.088765860,4,8,-0.347236116,9.517930540,0.032160583
1734523559.088765860,4,9,2.254443438,-4.078063177,-0.021779611
1734523559.148765802,5,0,-5.889250529,-0.001353225,-0.013415272
1734523559.148765802,5,1,-2.806003119,-3.493388141,0.002336081
1734523559.148765802,5,2,-2.672804901,3.536461700,0.009572824
1734523559.148765802,5,3,-10.310267817,-3.521560988,-0.005913222
1734523559.148765802,5,4,-8.770237543,2.967588477,-0.066302718
1734523559.148765802,5,5,1.342249660,2.823340774,2.000000000
1734523559.148765802,5,6,-12.580879569,0.086857873,-0.019181064
1734523559.148765802,5,7,-5.685648573,6.388487791,-0.021489811
1734523559.148765802,5,8,-6.571448836,-6.083390550,-0.063736408
1734523559.148765802,5,9,-2.921991736,1.621615178,0.100225866
1734523559.218765736,6,0,-2.028920866,5.394824692,0.042871187
1734523559.218765736,6,1,-0.236696793,9.422806693,-0.023663691
1734523559.218765736,6,2,-6.323955707,7.163048412,0.000338442
1734523559.218765736,6,3,2.470221371,3.420434964,0.190557964
1734523559.218765736,6,4,-3.728702720,1.452436469,0.008023426
1734523559.218765736,6,5,-4.276721762,10.648326196,-0.028465015
1734523559.218765736,6,6,-1.226976863,-3.229053433,2.000000000
1734523559.218765736,6,7,-7.487251535,3.407910176,0.032394166
1734523559.218765736,6,8,3.339641329,7.010581938,0.029305599
1734523559.218765736,6,9,-5.192134020,-2.418628207,0.002154048
1734523559.278765678,7,0,0.939801517,-6.022505756,-0.056471908
1734523559.278765678,7,1,4.586379254,-8.490546493,-0.002771559
1734523559.278765678,7,2,3.809864330,-2.027660610,-0.118132795
1734523559.278765678,7,3,-1.828150709,-9.566532808,0.011110925
1734523559.278765678,7,4,-2.635272063,-3.544525518,-0.026062850
1734523559.278765678,7,5,6.664191144,-4.519665531,0.044409340
1734523559.278765678,7,6,-5.007589003,-7.334644519,-0.033434430
1734523559.278765678,7,7,-0.705051384,3.223325102,2.000000000
1734523559.278765678,7,8,1.800154452,-12.291995128,-0.018440504
1734523559.278765678,7,9,-6.927827984,-1.372324559,-0.099871895
1734523559.338765860,8,0,-2.275514697,-5.181402172,0.073481846
1734523559.338765860,8,1,-4.160234979,-1.247432302,-0.041502311
1734523559.338765860,8,2,-6.644256806,-7.446574006,-0.010316424
1734523559.338765860,8,3,2.090877835,-3.406384519,-0.000057445
1734523559.338765860,8,4,-0.455297651,-9.286453827,-0.126647017
1734523559.338765860,8,5,-7.808902977,-3.389073741,-0.134348503
1734523559.338765860,8,6,3.156025274,-7.262252889,0.010938929
1734523559.338765860,8,7,-5.136095871,-11.519550378,0.047913730
1734523559.338765860,8,8,1.756636126,-2.831495060,2.000000000
1734523559.338765860,8,9,0.751239593,-8.098740375,-0.173968424
1734523559.408765793,9,0,-4.764367752,8.182021117,0.014886758
1734523559.408765793,9,1,-3.631650038,6.887765534,-0.063733583
1734523559.408765793,9,2,-8.801230701,5.499063089,0.143088001
1734523559.408765793,9,3,0.002691524,10.281478762,0.083497726
1734523559.408765793,9,4,-2.331149540,4.124642634,0.017220034
1734523559.408765793,9,5,-5.990157248,5.249543964,-0.012168620
1734523559.408765793,9,6,1.201779156,5.915599226,-0.018345193
1734523559.408765793,9,7,-6.780132504,2.035956953,0.042442145
1734523559.408765793,9,8,-0.386812340,2.863542025,-0.066386243
1734523559.408765793,9,9,-3.971186663,-0.127681702,2.000000000
1734523559.468765736,0,0,0.764689884,-0.135525715,2.000000000
1734523559.468765736,0,1,4.552354426,0.134064035,0.099013051
1734523559.468765736,0,2,-0.362741160,4.604451701,-0.006980083
1734523559.468765736,0,3,0.179831504,-4.554005562,-0.041415248
1734523559.468765736,0,4,-4.338792434,-0.419066795,-0.023320751
1734523559.468765736,0,5,3.627075667,4.483162874,-0.078316549
1734523559.468765736,0,6,-3.789855188,-4.372282290,-0.086800145
1734523559.468765736,0,7,-4.309026895,4.140782740,0.094191103
1734523559.468765736,0,8,4.081777969,-3.989835599,-0.009089715
1734523559.468765736,0,9,-8.563455863,-0.762204280,-0.028055059
1734523559.528765678,1,0,-4.319264422,0.053397004,-0.064229436
1734523559.528765678,1,1,0.553525938,0.005826784,2.000000000
1734523559.528765678,1,2,-4.481755531,4.515651803,-0.052964751
1734523559.528765678,1,3,-4.428117280,-4.893888383,-0.034139736
1734523559.528765678,1,4,-8.556020470,-0.303366585,-0.046381038
1734523559.528765678,1,5,-0.533287180,4.310981856,-0.000059370
1734523559.528765678,1,6,-8.262670206,-4.276329917,-0.063185764
1734523559.528765678,1,7,-8.430982360,4.052711125,0.049195025
1734523559.528765678,1,8,-0.468972079,-4.144038832,-0.056746417
1734523559.528765678,1,9,-7.602682899,-0.198121269,0.128567879
1734523559.598765850,2,0,-4.541782520,1.819305111,-0.022061819
1734523559.598765850,2,1,-5.906635194,-2.428947637,-0.040160323
1734523559.598765850,2,2,1.386656567,2.455784709,2.000000000
1734523559.598765850,2,3,-9.081291460,3.638015518,0.044548420
1734523559.598765850,2,4,-2.722053234,5.708951061,0.126208054
1734523559.598765850,2,5,-1.824533559,-3.644006382,0.019566040
1734523559.598765850,2,6,-6.769851358,6.982686620,0.002414285
1734523559.598765850,2,7,1.273807049,3.901529614,-0.024539140
1734523559.598765850,2,8,-9.857706747,-0.346046769,0.024606677
1734523559.598765850,2,9,-1.221522479,9.682397531,-0.049806297
1734523559.658765793,3,0,-4.548353779,-1.473074247,-0.113923402
1734523559.658765793,3,1,-5.923237685,2.551779180,-0.048550601
1734523559.658765793,3,2,-8.820096142,-3.229119609,-0.072980538
1734523559.658765793,3,3,1.076820623,-2.467520206,2.000000000
1734523559.658765793,3,4,-2.810328407,-5.644541283,-0.104061545
1734523559.658765793,3,5,-10.367026448,0.435618472,-0.037948079
1734523559.658765793,3,6,0.745292162,-3.794689766,0.001686205
1734523559.658765793,3,7,-7.138366617,-6.936944179,-0.055025418
1734523559.658765793,3,8,-1.973421840,3.583856367,0.081098981
1734523559.658765793,3,9,-1.208448375,-10.425784116,-0.014545250
1734523559.728765726,4,0,-2.577394475,4.011751904,-0.194281326
1734523559.728765726,4,1,-4.784535501,7.797806681,-0.032304085
1734523559.728765726,4,2,-6.288364976,0.973980524,-0.001925031
1734523559.728765726,4,3,1.815561660,6.192843637,0.024179976
1734523559.728765726,4,4,-5.879570261,-0.098484172,2.000000000
1734523559.728765726,4,5,-8.275711534,4.672149839,-0.031763594
1734523559.728765726,4,6,3.193433224,2.306214259,-0.014718348
1734523559.728765726,4,7,-4.035215651,-2.320193372,-0.020771739
1734523559.728765726,4,8,-0.894418800,9.591875991,0.009137068
1734523559.728765726,4,9,2.400231387,-4.142180095,0.128052006
1734523559.788765669,5,0,-5.918724255,0.346342843,-0.005279561
1734523559.788765669,5,1,-2.809912078,-3.234849322,-0.102284123
1734523559.788765669,5,2,-2.382882842,3.636620493,-0.016815316
1734523559.788765669,5,3,-9.858533711,-2.797736462,-0.106624655
1734523559.788765669,5,4,-8.607387638,3.511763876,0.002808768
1734523559.788765669,5,5,1.213896963,2.765331906,2.000000000
1734523559.788765669,5,6,-12.760515350,0.880489083,-0.016374870
1734523559.788765669,5,7,-5.185060637,6.558557640,-0.001817945
1734523559.788765669,5,8,-6.695224301,-5.439606630,-0.000270716
1734523559.788765669,5,9,-3.098620637,1.961267031,0.059259756
1734523559.848765850,6,0,-1.932276473,5.472704605,0.005598386
1734523559.848765850,6,1,0.008023975,9.317912105,0.006147642
1734523559.848765850,6,2,-6.260128934,7.502767388,-0.030052870
1734523559.848765850,6,3,2.406561653,3.400417209,0.149611626
1734523559.848765850,6,4,-3.784148528,1.601062929,-0.002825573
1734523559.848765850,6,5,-4.120779613,10.621385854,-0.022445305
1734523559.848765850,6,6,-1.099845806,-3.194683972,2.000000000
1734523559.848765850,6,7,-7.453246096,3.560389147,-0.054836653
1734523559.848765850,6,8,3.364548006,6.970651964,0.035979228
1734523559.848765850,6,9,-5.262634725,-2.476481911,0.028267023
1734523559.908765793,7,0,0.553979803,-6.267475377,-0.138622727
1734523559.908765793,7,1,3.991679050,-8.836481269,0.042780781
1734523559.908765793,7,2,3.503639851,-2.152490073,-0.014000231
1734523559.908765793,7,3,-2.420346189,-9.165103645,0.002843859
1734523559.908765793,7,4,-2.880435062,-3.347399872,-0.019940284
1734523559.908765793,7,5,6.281115716,-5.070082142,-0.031028450
1734523559.908765793,7,6,-5.417574931,-6.991363286,-0.011411982
1734523559.908765793,7,7,-0.548986652,3.183724227,2.000000000
1734523559.908765793,7,8,0.903850617,-12.355528264,-0.045004959
1734523559.908765793,7,9,-7.160004108,-0.894384019,0.074913014
1734523559.978765726,8,0,-2.279088971,-5.432667708,0.006591502
1734523559.978765726,8,1,-4.163727007,-1.405064018,-0.170092110
1734523559.978765726,8,2,-6.785569557,-7.749007115,-0.110730147
1734523559.978765726,8,3,2.246875113,-3.483399579,0.021916760
1734523559.978765726,8,4,-0.242540761,-9.254895784,0.027461979
1734523559.978765726,8,5,-7.720019586,-3.564283594,0.071875299
1734523559.978765726,8,6,3.277993776,-7.072891583,0.035775804
1734523559.978765726,8,7,-4.711043830,-11.471092222,0.110599243
1734523559.978765726,8,8,1.685881113,-2.794070983,2.000000000
1734523559.978765726,8,9,1.115730107,-8.209229758,-0.076130509
1734523560.038765669,9,0,-5.186585042,7.928592593,0.085682267
1734523560.038765669,9,1,-3.989143993,6.496933515,-0.059828242
1734523560.038765669,9,2,-8.545403463,4.584804311,0.114291839
1734523560.038765669,9,3,-0.456332031,10.301499729,0.146342733
1734523560.038765669,9,4,-2.456943789,3.846967901,-0.004950458
1734523560.038765669,9,5,-6.445107650,5.068347039,0.006556522
1734523560.038765669,9,6,0.918963246,6.164105555,-0.056928221
1734523560.038765669,9,7,-7.059049153,1.709756002,-0.136581495
1734523560.038765669,9,8,-0.469274441,2.776461101,-0.077012919
1734523560.038765669,9,9,-3.829687376,-0.131577049,2.000000000
1734523560.098765850,0,0,0.798208630,-0.141653472,2.000000000
1734523560.098765850,0,1,4.551032748,0.216750741,0.061163320
1734523560.098765850,0,2,-0.380334591,4.565641659,-0.001487177
1734523560.098765850,0,3,0.257193643,-4.660965631,-0.159861727
1734523560.098765850,0,4,-4.334923397,-0.417059126,-0.003121423
1734523560.098765850,0,5,3.739579381,4.420007496,0.032451620
1734523560.098765850,0,6,-3.717675702,-4.449178615,-0.033648732
1734523560.098765850,0,7,-4.305831915,4.088224961,0.052949720
1734523560.098765850,0,8,3.995415623,-3.927771955,0.005178891
1734523560.098765850,0,9,-8.621087927,-0.753996303,-0.015813121
1734523560.168765783,1,0,-4.240471750,-0.062851855,-0.051987491
1734523560.168765783,1,1,0.386917492,0.006019232,2.000000000
1734523560.168765783,1,2,-4.428211439,4.519385704,0.045806132
1734523560.168765783,1,3,-4.372084615,-4.869356858,-0.016081667
1734523560.168765783,1,4,-8.562614394,-0.341921869,-0.060673208
1734523560.168765783,1,5,-0.597003246,4.366075660,0.027123068
1734523560.168765783,1,6,-8.259710287,-4.362227506,-0.005785511
1734523560.168765783,1,7,-8.444898720,4.088795375,0.022236461
1734523560.168765783,1,8,-0.387928028,-4.326532574,-0.051071305
1734523560.168765783,1,9,-7.612341491,-0.283039814,0.150812669
1734523560.228765726,2,0,-4.550444651,1.777454742,-0.154352700
1734523560.228765726,2,1,-5.971561458,-2.399040921,-0.041106998
1734523560.228765726,2,2,1.418914462,2.419316924,2.000000000
1734523560.228765726,2,3,-9.148182222,3.808807269,-0.013047467
1734523560.228765726,2,4,-2.718264686,5.448953823,-0.024489639
1734523560.228765726,2,5,-1.829943300,-3.568644235,0.007240020
1734523560.228765726,2,6,-6.634854598,6.916140799,-0.099451386
1734523560.228765726,2,7,1.254288185,3.789120946,-0.006360906
1734523560.228765726,2,8,-9.955920508,-0.309152191,-0.050743217
1734523560.228765726,2,9,-1.230750737,9.626581842,0.019443094
1734523560.288765669,3,0,-4.515409668,-1.581158346,0.030858602
1734523560.288765669,3,1,-6.027597972,2.562058179,-0.058553050
1734523560.288765669,3,2,-9.003210480,-3.353446236,-0.056534592
1734523560.288765669,3,3,1.087833361,-2.452695337,2.000000000
1734523560.288765669,3,4,-2.702424976,-5.504365191,-0.116701485
1734523560.288765669,3,5,-10.068438954,0.344592151,-0.066299501
1734523560.288765669,3,6,0.753238762,-3.736805095,-0.002112186
1734523560.288765669,3,7,-7.146734802,-6.976111120,0.034345540
1734523560.288765669,3,8,-1.991783548,3.427996743,0.082691218
1734523560.288765669,3,9,-1.205286755,-10.179415153,-0.008893590
1734523560.358765841,4,0,-2.842786442,3.952178571,-0.103273655
1734523560.358765841,4,1,-5.582310967,7.977635702,-0.023399072
1734523560.358765841,4,2,-6.342440875,0.658813310,0.040561933
1734523560.358765841,4,3,1.515558312,6.407431453,0.021529563
1734523560.358765841,4,4,-5.892525132,-0.098919199,2.000000000
1734523560.358765841,4,5,-8.589966119,4.272864166,-0.000271731
1734523560.358765841,4,6,3.170159592,2.504122280,-0.023983890
1734523560.358765841,4,7,-3.874196725,-2.480858347,-0.009580525
1734523560.358765841,4,8,-1.296964793,9.216023485,-0.017810603
1734523560.358765841,4,9,2.672592766,-3.671368320,-0.009905325
1734523560.418765783,5,0,-5.935700342,0.643910129,-0.001728512
1734523560.418765783,5,1,-3.346101001,-3.146461763,-0.073958990
1734523560.418765783,5,2,-1.947139118,3.444205705,0.011652567
1734523560.418765783,5,3,-10.058147163,-2.411395410,-0.056132269
1734523560.418765783,5,4,-8.406784791,4.080189600,-0.008836114
1734523560.418765783,5,5,1.082894997,2.706112285,2.000000000
1734523560.418765783,5,6,-13.063854763,1.677663585,-0.020001364
1734523560.418765783,5,7,-4.759652601,6.972867922,0.001245177
1734523560.418765783,5,8,-7.240124617,-5.150496305,0.043672938
1734523560.418765783,5,9,-3.327844823,2.302213749,0.126188370
1734523560.478765726,6,0,-1.953371259,5.586086833,0.011608689
1734523560.478765726,6,1,0.278042070,9.420556651,0.007103297
1734523560.478765726,6,2,-5.989259748,7.489959536,-0.056966108
1734523560.478765726,6,3,2.446462482,3.310854906,-0.019301894
1734523560.478765726,6,4,-3.605494524,1.614848892,-0.015381299
1734523560.478765726,6,5,-3.844563683,10.901366399,-0.039276882
1734523560.478765726,6,6,-0.970309723,-3.159722822,2.000000000
1734523560.478765726,6,7,-7.390817813,3.736431911,-0.054962926
1734523560.478765726,6,8,3.729141321,6.809951580,0.023653738
1734523560.478765726,6,9,-5.469764864,-2.444550463,-0.009273505
1734523560.538765669,7,0,0.066936877,-6.123284933,-0.090590416
1734523560.538765669,7,1,3.438446811,-9.321136245,0.002142978
1734523560.538765669,7,2,3.421579684,-2.416274347,-0.002664830
1734523560.538765669,7,3,-3.239464433,-9.550944976,0.024097719
1734523560.538765669,7,4,-3.166492520,-3.213874719,-0.041528444
1734523560.538765669,7,5,6.031992357,-5.571823342,-0.033028333
1734523560.538765669,7,6,-5.887788842,-6.858291632,-0.043396489
1734523560.538765669,7,7,-0.390925811,3.143316434,2.000000000
1734523560.538765669,7,8,0.085758491,-11.900325504,0.072235192
1734523560.538765669,7,9,-7.444428598,-0.427943267,-0.056979449
1734523560.608765841,8,0,-2.225341011,-5.479997507,-0.051557535
1734523560.608765841,8,1,-4.332696104,-1.502850096,-0.094734233
1734523560.608765841,8,2,-6.604882438,-7.704384390,-0.067434581
1734523560.608765841,8,3,2.204700608,-3.246155511,0.022839335
1734523560.608765841,8,4,-0.202464363,-9.361283346,-0.080848637
1734523560.608765841,8,5,-7.757437243,-3.655455870,-0.045001505
1734523560.608765841,8,6,3.341316188,-7.085900541,-0.017584595
1734523560.608765841,8,7,-4.618549663,-11.629427978,0.137667651
1734523560.608765841,8,8,1.615765541,-2.756959714,2.000000000
1734523560.608765841,8,9,1.178723822,-8.228293441,-0.076860614
1734523560.668765783,9,0,-5.443922714,7.468526573,0.116790461
1734523560.668765783,9,1,-4.334474434,6.168736491,-0.145157934
1734523560.668765783,9,2,-9.108059595,4.289838388,-0.086192908
1734523560.668765783,9,3,-1.048998161,10.275965057,-0.029076481
1734523560.668765783,9,4,-2.683532606,3.814434226,0.022555088
1734523560.668765783,9,5,-6.833005235,4.865836093,0.068743237
1734523560.668765783,9,6,0.588806328,6.153260010,0.003893737
1734523560.668765783,9,7,-7.360969706,1.616800594,-0.006262329
1734523560.668765783,9,8,-0.577672777,2.986487000,-0.030339430
1734523560.668765783,9,9,-3.689549110,-0.135605387,2.000000000
1734523560.738765717,0,0,0.832230637,-0.147874814,2.000000000
1734523560.738765717,0,1,4.512534228,0.171651055,0.113187561
1734523560.738765717,0,2,-0.405465121,4.777697082,-0.031443784
1734523560.738765717,0,3,0.091488023,-4.817094413,-0.104253152
1734523560.738765717,0,4,-4.253663122,-0.429573736,-0.028536467
1734523560.738765717,0,5,3.718855053,4.674844047,0.075732669
1734523560.738765717,0,6,-3.682415615,-4.480892158,0.023663692
1734523560.738765717,0,7,-4.449669988,4.051960125,0.059779162
1734523560.738765717,0,8,4.121111608,-4.045713871,-0.008577912
1734523560.738765717,0,9,-8.806519968,-0.844598819,-0.018092489
1734523560.798765659,1,0,-4.560098380,-0.022642294,-0.029636956
1734523560.798765659,1,1,0.216653391,0.006217312,2.000000000
1734523560.798765659,1,2,-4.475172026,4.470206517,-0.018263994
1734523560.798765659,1,3,-4.379756750,-4.966600032,-0.017332580
1734523560.798765659,1,4,-8.595004169,-0.351138262,0.013035321
1734523560.798765659,1,5,-0.554985739,4.299197291,-0.018112802
1734523560.798765659,1,6,-8.148119662,-4.222491742,0.075163103
1734523560.798765659,1,7,-8.421967466,4.085139138,-0.067368697
1734523560.798765659,1,8,-0.481664205,-4.465320808,0.036808556
1734523560.798765659,1,9,-7.589090192,-0.264705001,0.105339524
1734523560.858765841,2,0,-4.505886917,1.816861816,0.057679507
1734523560.858765841,2,1,-6.214039371,-2.419508014,0.012927609
1734523560.858765841,2,2,1.449683863,2.384468088,2.000000000
1734523560.858765841,2,3,-8.970868400,3.828138226,0.067011804
1734523560.858765841,2,4,-2.678180548,5.582904543,-0.046061409
1734523560.858765841,2,5,-1.831213998,-3.529315039,-0.006572701
1734523560.858765841,2,6,-6.564763788,6.766410868,-0.035335788
1734523560.858765841,2,7,1.260204849,3.719382641,-0.008326119
1734523560.858765841,2,8,-10.028806881,-0.238435585,-0.061872787
1734523560.858765841,2,9,-1.021359872,9.668466692,0.023000050
1734523560.918765783,3,0,-4.547021086,-1.661652863,0.019845607
1734523560.918765783,3,1,-6.123741235,2.559809798,-0.024110766
1734523560.918765783,3,2,-9.040136893,-3.322719213,-0.055973078
1734523560.918765783,3,3,1.097096384,-2.440228274,2.000000000
1734523560.918765783,3,4,-2.628118563,-5.532451350,-0.111539437
1734523560.918765783,3,5,-10.292159001,0.374427394,-0.165160977
1734523560.918765783,3,6,0.753272477,-3.968035729,0.004514507
1734523560.918765783,3,7,-7.267483879,-6.942150294,-0.034200012
1734523560.918765783,3,8,-1.931499890,3.590715370,0.018751286
1734523560.918765783,3,9,-1.203049283,-10.136029206,-0.093460143
1734523560.988765717,4,0,-3.038035330,3.825427848,-0.075753778
1734523560.988765717,4,1,-6.177557804,7.574183735,-0.042632339
1734523560.988765717,4,2,-6.514110261,0.305476704,0.006665423
1734523560.988765717,4,3,1.161226207,6.367518511,0.035900984
1734523560.988765717,4,4,-5.903408094,-0.099198578,2.000000000
1734523560.988765717,4,5,-8.807154034,3.860288158,-0.055550391
1734523560.988765717,4,6,3.039460717,2.738317517,0.028367397
1734523560.988765717,4,7,-3.607157938,-2.616067010,0.009576791
1734523560.988765717,4,8,-1.604599145,9.188353872,-0.050990462
1734523560.988765717,4,9,2.940312150,-3.566370385,-0.005438672
1734523561.048765659,5,0,-6.001155751,1.077133115,-0.058420957
1734523561.048765659,5,1,-3.556374870,-2.909366496,-0.049396197
1734523561.048765659,5,2,-1.735103713,3.608338791,0.035299091
1734523561.048765659,5,3,-10.356954150,-1.780175236,0.060713979
1734523561.048765659,5,4,-8.384249889,4.620693193,-0.023281924
1734523561.048765659,5,5,0.951009423,2.646443635,2.000000000
1734523561.048765659,5,6,-12.594013991,2.415403360,-0.057937681
1734523561.048765659,5,7,-4.247422816,7.017094663,0.031448795
1734523561.048765659,5,8,-7.571586661,-4.719909758,0.008847937
1734523561.048765659,5,9,-3.490554692,2.678017440,-0.002180160
1734523561.108765841,6,0,-1.674904912,5.559676702,-0.023465352
1734523561.108765841,6,1,0.355949819,9.203237563,-0.000073010
1734523561.108765841,6,2,-5.970975766,7.751184705,-0.062890669
1734523561.108765841,6,3,2.533234512,3.026170601,0.066089602
1734523561.108765841,6,4,-3.519685208,1.648068167,-0.008962464
1734523561.108765841,6,5,-3.519360872,10.674672870,-0.082344609
1734523561.108765841,6,6,-0.838339593,-3.123990864,2.000000000
1734523561.108765841,6,7,-7.315696999,3.950912791,0.000850656
1734523561.108765841,6,8,3.857358485,6.695568881,0.033583995
1734523561.108765841,6,9,-5.560935187,-2.490297206,-0.027390327
1734523561.168765783,7,0,-0.437550208,-6.042451008,0.065726160
1734523561.168765783,7,1,2.712810795,-9.174940870,-0.029011916
1734523561.168765783,7,2,3.017188084,-2.769405844,0.029603208
1734523561.168765783,7,3,-3.907598905,-9.260898056,0.014923842
1734523561.168765783,7,4,-3.366237419,-2.954279276,-0.006721034
1734523561.168765783,7,5,5.597663678,-5.994497601,0.026305941
1734523561.168765783,7,6,-6.278492846,-6.147948221,-0.006069068
1734523561.168765783,7,7,-0.231217350,3.102194534,2.000000000
1734523561.168765783,7,8,-0.876863670,-12.090977743,0.004817059
1734523561.168765783,7,9,-7.298453300,0.289733298,-0.148866673
1734523561.228765726,8,0,-2.117368934,-5.587090495,-0.098546580
1734523561.228765726,8,1,-4.314500765,-1.640132398,-0.068185572
1734523561.228765726,8,2,-6.638091487,-7.812447566,-0.119082767
1734523561.228765726,8,3,2.350865614,-3.344913174,0.011281548
1734523561.228765726,8,4,0.011260468,-9.359589913,-0.225450192
1734523561.228765726,8,5,-7.807161496,-3.821212684,-0.083415984
1734523561.228765726,8,6,3.376491871,-7.173894457,-0.010196258
1734523561.228765726,8,7,-4.420495707,-11.405724820,-0.030813397
1734523561.228765726,8,8,1.547326857,-2.720675754,2.000000000
1734523561.228765726,8,9,1.318829796,-8.240451198,-0.062361958
1734523561.298765659,9,0,-5.561966822,6.882140985,0.059393576
1734523561.298765659,9,1,-4.672182871,5.928345332,-0.123704221
1734523561.298765659,9,2,-9.278827814,4.034037893,-0.114995450
1734523561.298765659,9,3,-1.649520637,9.989515019,0.077368519
1734523561.298765659,9,4,-2.842543899,3.531230693,-0.000879767
1734523561.298765659,9,5,-7.168347380,4.590358721,-0.054186613
1734523561.298765659,9,6,0.180968255,6.158402922,-0.075443249
1734523561.298765659,9,7,-7.251217414,0.974545425,-0.147828338
1734523561.298765659,9,8,-0.775621685,2.723901038,-0.083794921
1734523561.298765659,9,9,-3.550655345,-0.139783501,2.000000000
1734523561.358765841,0,0,0.866782706,-0.154189520,2.000000000
1734523561.358765841,0,1,4.453730652,0.210880011,-0.095956692
1734523561.358765841,0,2,-0.386135155,4.727748999,-0.118701963
1734523561.358765841,0,3,0.248661358,-4.777290252,0.014146593
1734523561.358765841,0,4,-4.312492573,-0.400936783,-0.006970600
1734523561.358765841,0,5,3.667910837,4.458419736,0.161014482
1734523561.358765841,0,6,-3.691745065,-4.586110855,-0.005677384
1734523561.358765841,0,7,-4.395605997,4.059229343,-0.052181476
1734523561.358765841,0,8,4.056688947,-4.018991737,0.018435326
1734523561.358765841,0,9,-8.938722632,-0.792372862,0.018511318
1734523561.428765774,1,0,-4.418202756,-0.137917949,-0.012910019
1734523561.428765774,1,1,0.042614668,0.006416433,2.000000000
1734523561.428765774,1,2,-4.556235384,4.565004525,-0.026784012
1734523561.428765774,1,3,-4.364632990,-4.937430030,-0.031587700
1734523561.428765774,1,4,-8.504873416,-0.292583108,0.004026230
1734523561.428765774,1,5,-0.611127268,4.285025573,0.013595348
1734523561.428765774,1,6,-8.239043527,-4.221536618,0.041391179
1734523561.428765774,1,7,-8.382565770,4.206679358,0.034697710
1734523561.428765774,1,8,-0.550822068,-4.437866028,0.110623855
1734523561.428765774,1,9,-7.598667594,-0.295589308,0.020190976
1734523561.488765717,2,0,-4.299011656,1.673448915,0.049571894
1734523561.488765717,2,1,-6.188489105,-2.460256649,-0.023151744
1734523561.488765717,2,2,1.479188743,2.351002495,2.000000000
1734523561.488765717,2,3,-9.050836482,3.974522678,0.040636612
1734523561.488765717,2,4,-2.513261933,5.721157838,-0.062351932
1734523561.488765717,2,5,-1.896100883,-3.445095473,0.000634902
1734523561.488765717,2,6,-6.786137120,7.016109476,-0.046619361
1734523561.488765717,2,7,1.363392299,3.814141892,0.067836001
1734523561.488765717,2,8,-10.044971069,-0.243851931,0.035039491
1734523561.488765717,2,9,-1.234401879,9.619928792,-0.054082116
1734523561.548765659,3,0,-4.829705564,-1.684301042,-0.009516297
1734523561.548765659,3,1,-6.004466235,2.535279993,0.026025404
1734523561.548765659,3,2,-9.133776091,-3.279968672,-0.048489278
1734523561.548765659,3,3,1.104261502,-2.430587017,2.000000000
1734523561.548765659,3,4,-2.643671004,-5.629819506,-0.101912746
1734523561.548765659,3,5,-10.013806607,0.304856104,0.021748727
1734523561.548765659,3,6,0.738300347,-3.840417687,-0.020923376
1734523561.548765659,3,7,-7.313311092,-7.045997857,-0.040454935
1734523561.548765659,3,8,-1.925373825,3.676306441,0.004215213
1734523561.548765659,3,9,-1.225960101,-9.755383109,0.044487133
1734523561.618765831,4,0,-3.208521642,3.286357582,0.017665710
1734523561.618765831,4,1,-6.279950996,7.071160654,-0.052249657
1734523561.618765831,4,2,-6.691673384,-0.022545646,-0.009392018
1734523561.618765831,4,3,0.886840602,6.283034744,0.011122931
1734523561.618765831,4,4,-5.912408576,-0.099416136,2.000000000
1734523561.618765831,4,5,-8.750389586,3.270063378,0.017719299
1734523561.618765831,4,6,2.894468183,2.838033465,0.008183705
1734523561.618765831,4,7,-3.531913217,-2.804970632,-0.008005471
1734523561.618765831,4,8,-1.945251661,9.170314118,0.012378713
1734523561.618765831,4,9,3.153279381,-3.526843065,0.016674818
1734523561.678765774,5,0,-5.995424387,1.464827581,-0.031379866
1734523561.678765774,5,1,-3.807036481,-2.726932702,0.073966140
1734523561.678765774,5,2,-1.513161402,3.737384061,0.019901503
1734523561.678765774,5,3,-10.664643452,-1.152166978,0.132530716
1734523561.678765774,5,4,-8.286446510,5.026947256,0.047010557
1734523561.678765774,5,5,0.816816908,2.585735791,2.000000000
1734523561.678765774,5,6,-12.405274768,3.111572403,0.074589012
1734523561.678765774,5,7,-3.862254292,7.420718082,0.000261066
1734523561.678765774,5,8,-7.652367261,-4.153675710,-0.045269407
1734523561.678765774,5,9,-3.556147380,3.089139693,0.005067472
1734523561.738765717,6,0,-1.601939163,5.653326053,0.009658453
1734523561.738765717,6,1,0.656930500,9.420325075,-0.035637511
1734523561.738765717,6,2,-5.788366667,7.901319694,-0.085731494
1734523561.738765717,6,3,2.542234885,2.919531572,0.188553626
1734523561.738765717,6,4,-3.548626934,1.746848411,-0.007528299
1734523561.738765717,6,5,-3.487880763,10.850495380,-0.042297044
1734523561.738765717,6,6,-0.704174060,-3.087615552,2.000000000
1734523561.738765717,6,7,-7.252498914,4.028572223,0.013773013
1734523561.738765717,6,8,3.981287497,6.640137668,0.008116912
1734523561.738765717,6,9,-5.814095915,-2.261164754,-0.015390440
1734523561.808765650,7,0,-0.676699662,-5.890669431,0.037327960
1734523561.808765650,7,1,2.136330282,-9.230138272,-0.020762112
1734523561.808765650,7,2,2.925883945,-2.884126221,-0.087233206
1734523561.808765650,7,3,-4.445960626,-9.079466051,-0.077863941
1734523561.808765650,7,4,-3.655662217,-2.848313954,0.041920529
1734523561.808765650,7,5,5.346318616,-6.413776459,-0.010959760
1734523561.808765650,7,6,-6.633849549,-5.830007473,-0.014166183
1734523561.808765650,7,7,-0.070098658,3.060464402,2.000000000
1734523561.808765650,7,8,-1.488937210,-11.914146712,0.006635885
1734523561.808765650,7,9,-7.338870630,0.566236513,-0.096541711
1734523561.868765831,8,0,-2.070776137,-5.361512562,0.012423209
1734523561.868765831,8,1,-4.194937861,-1.359475914,-0.091877330
1734523561.868765831,8,2,-6.653647480,-8.023173594,0.093823317
1734523561.868765831,8,3,2.302073924,-3.248562105,-0.035569818
1734523561.868765831,8,4,0.128137874,-9.472030741,-0.145038683
1734523561.868765831,8,5,-7.666548662,-3.786813691,0.008139791
1734523561.868765831,8,6,3.655279832,-7.428575106,-0.010832441
1734523561.868765831,8,7,-4.338852610,-11.189443046,-0.032611195
1734523561.868765831,8,8,1.480866213,-2.685383072,2.000000000
1734523561.868765831,8,9,1.304292182,-8.177861331,0.066265365
1734523561.928765774,9,0,-5.906116378,6.500484629,0.060060837
1734523561.928765774,9,1,-5.001923296,5.796563193,-0.093320310
1734523561.928765774,9,2,-9.744850157,3.529840506,-0.106153167
1734523561.928765774,9,3,-2.143074375,9.972494246,0.039048496
1734523561.928765774,9,4,-3.000948180,3.410872010,0.008068364
1734523561.928765774,9,5,-7.451035532,4.188734233,-0.122520044
1734523561.928765774,9,6,-0.117189734,6.126032761,-0.077323000
1734523561.928765774,9,7,-6.965227068,0.632490851,-0.144780201
1734523561.928765774,9,8,-1.011656059,2.710670341,-0.067370036
1734523561.928765774,9,9,-3.414534659,-0.144106651,2.000000000
1734523561.998765707,0,0,0.901795828,-0.160587493,2.000000000
1734523561.998765707,0,1,4.496034746,0.269495984,-0.089254141
1734523561.998765707,0,2,-0.444101270,4.660199574,0.001002342
1734523561.998765707,0,3,0.116281443,-4.767591045,0.038867182
1734523561.998765707,0,4,-4.213314306,-0.463190727,-0.008087071
1734523561.998765707,0,5,3.531772790,4.472523051,-0.006400669
1734523561.998765707,0,6,-3.573433437,-4.345038671,-0.043419200
1734523561.998765707,0,7,-4.435145444,4.091767690,0.134130971
1734523561.998765707,0,8,4.114599014,-4.086201663,0.024572255
1734523561.998765707,0,9,-8.926986148,-0.804010421,0.037287867
1734523562.058765650,1,0,-4.508840202,-0.037947332,0.062116393
1734523562.058765650,1,1,-0.135277179,0.006621244,2.000000000
1734523562.058765650,1,2,-4.559338116,4.672895465,0.011098498
1734523562.058765650,1,3,-4.281752867,-4.854995942,-0.013696766
1734523562.058765650,1,4,-8.522582428,-0.333912336,0.020938167
1734523562.058765650,1,5,-0.622972241,4.323893494,-0.043668407
1734523562.058765650,1,6,-8.109456149,-4.254465701,0.069054945
1734523562.058765650,1,7,-8.324119967,4.205703515,-0.142839684
1734523562.058765650,1,8,-0.646708756,-4.471302897,0.047838861
1734523562.058765650,1,9,-7.585173899,-0.194665052,0.009681590
1734523562.118765831,2,0,-4.333596627,1.815841875,-0.087074571
1734523562.118765831,2,1,-6.018897728,-2.484864953,-0.010495934
1734523562.118765831,2,2,1.507410107,2.318878865,2.000000000
1734523562.118765831,2,3,-9.328458339,3.920512252,0.095361581
1734523562.118765831,2,4,-2.557910036,5.721192808,-0.075280479
1734523562.118765831,2,5,-1.928385338,-3.478812259,-0.029646400
1734523562.118765831,2,6,-6.896288608,7.006938188,-0.052115036
1734523562.118765831,2,7,1.240970402,3.800356872,-0.006071079
1734523562.118765831,2,8,-9.919251649,-0.295099134,-0.081666604
1734523562.118765831,2,9,-1.356539350,9.765465231,0.050260168
1734523562.188765764,3,0,-4.727368489,-1.570385758,-0.130652731
1734523562.188765764,3,1,-6.199072984,2.726965272,-0.050421564
1734523562.188765764,3,2,-9.190057071,-3.258027859,0.003952137
1734523562.188765764,3,3,1.109996952,-2.422918774,2.000000000
1734523562.188765764,3,4,-2.826438614,-5.630447009,-0.069683811
1734523562.188765764,3,5,-9.814790562,0.568324022,-0.047862393
1734523562.188765764,3,6,0.671693693,-3.960089521,0.014234915
1734523562.188765764,3,7,-7.558781222,-7.075258285,-0.060144563
1734523562.188765764,3,8,-1.935651092,3.679649667,0.039053530
1734523562.188765764,3,9,-1.352165476,-9.804189356,-0.014472578
1734523562.248765707,4,0,-3.435023369,3.251181960,0.082529643
1734523562.248765707,4,1,-6.587645644,6.608630014,-0.113119511
1734523562.248765707,4,2,-6.678818872,-0.372807384,-0.007998539
1734523562.248765707,4,3,0.583927637,6.517108693,-0.028489691
1734523562.248765707,4,4,-5.919903853,-0.099584995,2.000000000
1734523562.248765707,4,5,-9.082445710,2.840118554,0.016968335
1734523562.248765707,4,6,2.790405003,3.121784653,0.018013690
1734523562.248765707,4,7,-3.508459214,-3.047515459,0.022702546
1734523562.248765707,4,8,-2.545158882,8.845793481,0.108797576
1734523562.248765707,4,9,3.166287759,-3.221353332,-0.001812941
1734523562.318765879,5,0,-5.538182052,1.640345935,0.003654202
1734523562.318765879,5,1,-4.007819154,-2.741834173,-0.226390388
1734523562.318765879,5,2,-1.254590345,3.765063855,0.016112750
1734523562.318765879,5,3,-10.864729110,-0.518970928,0.060616794
1734523562.318765879,5,4,-8.034783186,5.700420664,0.025860935
1734523562.318765879,5,5,0.680145339,2.523936820,2.000000000
1734523562.318765879,5,6,-12.287776516,3.709368796,0.034132998
1734523562.318765879,5,7,-3.485175037,7.682259556,0.010540863
1734523562.318765879,5,8,-8.009458671,-3.758124386,-0.036950762
1734523562.318765879,5,9,-3.651568081,3.503041389,0.070353120
1734523562.378765821,6,0,-1.527297858,5.830513440,0.018073955
1734523562.378765821,6,1,0.746156746,9.177156308,-0.013405601
1734523562.378765821,6,2,-5.682472371,7.996079758,-0.000774548
1734523562.378765821,6,3,2.672392189,2.840059265,0.119637105
1734523562.378765821,6,4,-3.383111857,1.745934548,0.005669772
1734523562.378765821,6,5,-3.025296914,11.024547214,-0.055011469
1734523562.378765821,6,6,-0.567211991,-3.050304353,2.000000000
1734523562.378765821,6,7,-7.332716606,4.289136764,-0.023180332
1734523562.378765821,6,8,4.038741281,6.446244374,-0.012453394
1734523562.378765821,6,9,-5.836299162,-2.142686733,0.008728849
1734523562.438765764,7,0,-0.963523320,-5.959650259,-0.025060025
1734523562.438765764,7,1,1.600075172,-9.571800856,0.072099162
1734523562.438765764,7,2,2.827199945,-3.284719166,-0.018320813
1734523562.438765764,7,3,-5.003001359,-8.709635282,0.009757334
1734523562.438765764,7,4,-3.929278738,-2.654916385,0.006326104
1734523562.438765764,7,5,5.045313805,-6.896585441,-0.040090359
1734523562.438765764,7,6,-7.066029630,-5.418358357,-0.062517068
1734523562.438765764,7,7,0.092314570,3.018143858,2.000000000
1734523562.438765764,7,8,-2.319828017,-11.973672676,-0.016672680
1734523562.438765764,7,9,-7.301213715,1.052805904,-0.016343091
1734523562.498765707,8,0,-2.083254347,-5.269483413,-0.048318506
1734523562.498765707,8,1,-4.176536812,-1.550746246,-0.041078872
1734523562.498765707,8,2,-6.803169204,-8.150645506,-0.065142953
1734523562.498765707,8,3,2.285323978,-3.213328246,-0.011434911
1734523562.498765707,8,4,-0.034925922,-9.409912404,-0.027038318
1734523562.498765707,8,5,-7.765865501,-4.011024918,0.026296973
1734523562.498765707,8,6,3.478603821,-7.099538369,-0.010875571
1734523562.498765707,8,7,-4.360813955,-11.014710582,0.035806820
1734523562.498765707,8,8,1.415048266,-2.650449418,2.000000000
1734523562.498765707,8,9,1.296299353,-8.114484017,0.052379743
1734523562.568765879,9,0,-6.234396995,6.309873472,0.154222367
1734523562.568765879,9,1,-5.309021721,5.542341365,0.002591300
1734523562.568765879,9,2,-10.135553953,3.194479366,-0.106153167
1734523562.568765879,9,3,-2.529241037,9.888611166,-0.098220750
1734523562.568765879,9,4,-3.079830392,3.457533178,0.101743617
1734523562.568765879,9,5,-7.667078601,3.836028716,-0.095007125
1734523562.568765879,9,6,-0.380452708,6.206608548,0.085876536
1734523562.568765879,9,7,-6.778017606,0.190393220,-0.073528611
1734523562.568765879,9,8,-1.152543096,2.574553340,0.023667983
1734523562.568765879,9,9,-3.281287609,-0.148507736,2.000000000
1734523562.628765821,0,0,0.937373316,-0.167087717,2.000000000
1734523562.628765821,0,1,4.486519306,0.201149323,0.062005576
1734523562.628765821,0,2,-0.375985497,4.663888906,0.027145066
1734523562.628765821,0,3,0.136041669,-4.839534965,-0.108919495
1734523562.628765821,0,4,-4.263785371,-0.441943936,0.029993086
1734523562.628765821,0,5,3.564040826,4.542380809,0.006839694
1734523562.628765821,0,6,-3.482092147,-4.284187857,-0.002737293
1734523562.628765821,0,7,-4.442554396,4.224462797,-0.007502723
1734523562.628765821,0,8,4.071677989,-4.025680484,0.009620087
1734523562.628765821,0,9,-8.964825806,-0.829778899,0.001055687
1734523562.688765764,1,0,-4.603657153,0.000026484,-0.031939286
1734523562.688765764,1,1,-0.317070295,0.006837916,2.000000000
1734523562.688765764,1,2,-4.676138146,4.612704345,0.062785453
1734523562.688765764,1,3,-4.553835756,-5.153458645,-0.008319542
1734523562.688765764,1,4,-8.337844129,-0.340601943,-0.019744446
1734523562.688765764,1,5,-0.633040136,4.396200582,0.011104470
1734523562.688765764,1,6,-8.243823033,-4.388306091,0.104574862
1734523562.688765764,1,7,-8.265607717,4.204190970,-0.111493661
1734523562.688765764,1,8,-0.496100132,-4.369153838,0.042169261
1734523562.688765764,1,9,-7.591399951,-0.312745804,-0.096223064
1734523562.748765707,2,0,-4.379227127,1.694740992,-0.058625482
1734523562.748765707,2,1,-5.909559273,-2.433565109,0.001240683
1734523562.748765707,2,2,1.534379772,2.288130625,2.000000000
1734523562.748765707,2,3,-9.395528932,3.796411699,0.002492061
1734523562.748765707,2,4,-3.026795460,5.920371497,-0.049762310
1734523562.748765707,2,5,-1.907704217,-3.610634732,-0.007683461
1734523562.748765707,2,6,-6.982690872,6.922912878,-0.105086310
1734523562.748765707,2,7,1.281524253,3.750705657,-0.003082934
1734523562.748765707,2,8,-9.981555817,-0.439362757,-0.010549884
1734523562.748765707,2,9,-1.506493346,9.842814340,-0.086345642
1734523562.818765879,3,0,-4.843386502,-1.485198181,-0.145681590
1734523562.818765879,3,1,-6.180129308,2.738444465,0.024836648
1734523562.818765879,3,2,-9.074986081,-3.218009388,-0.087664170
1734523562.818765879,3,3,1.113877183,-2.417782886,2.000000000
1734523562.818765879,3,4,-2.930897853,-5.642446711,-0.021555153
1734523562.818765879,3,5,-9.751801221,0.580056529,-0.195124785
1734523562.818765879,3,6,0.585622010,-3.952290092,0.007547460
1734523562.818765879,3,7,-7.560811926,-6.868100294,-0.087943476
1734523562.818765879,3,8,-1.916636346,3.683354312,-0.010874371
1734523562.818765879,3,9,-1.428500133,-9.635038038,-0.063767257
1734523562.878765821,4,0,-3.489644196,3.271447578,0.026279551
1734523562.878765821,4,1,-6.928988793,6.429915053,-0.074315186
1734523562.878765821,4,2,-6.684413076,-0.641687412,0.095192392
1734523562.878765821,4,3,0.247505777,6.754600421,0.008155171
1734523562.878765821,4,4,-5.925654473,-0.099702874,2.000000000
1734523562.878765821,4,5,-9.241155713,2.413052443,-0.032613035
1734523562.878765821,4,6,2.591943123,3.157365541,0.024969057
1734523562.878765821,4,7,-3.217305444,-3.129737210,0.003823673
1734523562.878765821,4,8,-2.970882432,8.666007969,0.136141415
1734523562.878765821,4,9,3.405628113,-3.047040026,0.009421851
1734523562.938765764,5,0,-5.478067625,1.949657758,0.032870122
1734523562.938765764,5,1,-4.479955883,-2.465914076,-0.195577130
1734523562.938765764,5,2,-1.022441375,3.833140126,0.016391582
1734523562.938765764,5,3,-10.317127692,0.129391630,-0.027179217
1734523562.938765764,5,4,-7.737383931,6.261651670,0.051338470
1734523562.938765764,5,5,0.540615260,2.460890652,2.000000000
1734523562.938765764,5,6,-12.332044891,4.622995184,-0.054047343
1734523562.938765764,5,7,-2.925514671,7.504706900,0.043108140
1734523562.938765764,5,8,-8.098672017,-3.237515655,-0.030801757
1734523562.938765764,5,9,-3.651804931,3.924962108,-0.029006937
1734523563.008765697,6,0,-1.372220288,5.747416668,0.001774359
1734523563.008765697,6,1,0.945681520,9.428510780,-0.064986965
1734523563.008765697,6,2,-5.459235086,8.076604444,-0.017040660
1734523563.008765697,6,3,2.672548745,2.657737000,0.100501971
1734523563.008765697,6,4,-3.591356413,1.895832728,0.009712400
1734523563.008765697,6,5,-2.842666281,10.874719013,-0.020809361
1734523563.008765697,6,6,-0.427500035,-3.012044799,2.000000000
1734523563.008765697,6,7,-7.333087878,4.536868291,0.049484631
1734523563.008765697,6,8,4.183332050,6.381727403,-0.000263845
1734523563.008765697,6,9,-5.813803266,-2.216189127,0.089719203
1734523563.068765879,7,0,-1.462323502,-5.996833931,0.007856874
1734523563.068765879,7,1,0.999531291,-9.625188195,0.056554268
1734523563.068765879,7,2,2.510052841,-3.470237162,-0.032151896
1734523563.068765879,7,3,-5.643246893,-8.486063387,-0.072630391
1734523563.068765879,7,4,-4.066163303,-2.392839050,-0.009650956
1734523563.068765879,7,5,4.757227384,-7.192301588,0.110000760
1734523563.068765879,7,6,-7.503649427,-5.060792717,0.004744088
1734523563.068765879,7,7,0.255448060,2.975500976,2.000000000
1734523563.068765879,7,8,-3.041700458,-11.856967381,0.050517445
1734523563.068765879,7,9,-7.233779660,1.534196087,0.141113937
1734523563.128765821,8,0,-2.138917185,-5.236542812,-0.014034177
1734523563.128765821,8,1,-3.980040101,-1.277718484,-0.128696601
1734523563.128765821,8,2,-6.810122635,-8.197965387,-0.048817672
1734523563.128765821,8,3,2.306238490,-3.199944386,0.021718420
1734523563.128765821,8,4,-0.055335468,-9.387505697,-0.024003630
1734523563.128765821,8,5,-8.024806974,-3.948712636,0.010725099
1734523563.128765821,8,6,3.526951645,-6.991058023,0.013121101
1734523563.128765821,8,7,-4.307528927,-10.859749556,-0.019642159
1734523563.128765821,8,8,1.350234749,-2.616046198,2.000000000
1734523563.128765821,8,9,1.316346022,-8.059388236,-0.094728117
1734523563.198765755,9,0,-6.497007623,5.717324993,-0.000157910
1734523563.198765755,9,1,-5.609211582,5.217385843,0.099462260
1734523563.198765755,9,2,-10.636126753,2.601646629,0.060145859
1734523563.198765755,9,3,-3.142053599,9.654114994,0.043389871
1734523563.198765755,9,4,-3.359858201,3.077144317,0.032634411
1734523563.198765755,9,5,-7.803513635,3.439889642,0.021108211
1734523563.198765755,9,6,-0.689640713,6.219162516,0.035485584
1734523563.198765755,9,7,-6.909474701,-0.161651404,-0.048507720
1734523563.198765755,9,8,-1.234543762,2.834554234,-0.006025369
1734523563.198765755,9,9,-3.150999452,-0.152947817,2.000000000
1734523563.268765688,0,0,0.973424563,-0.173674723,2.000000000
1734523563.268765688,0,1,4.543689816,0.213699042,0.036303024
1734523563.268765688,0,2,-0.315906183,4.854845968,0.007774927
1734523563.268765688,0,3,0.225205717,-4.869399327,-0.101374138
1734523563.268765688,0,4,-4.298630519,-0.490624506,0.018828724
1734523563.268765688,0,5,3.500178872,4.608977743,-0.003943668
1734523563.268765688,0,6,-3.464181622,-4.224485796,-0.017055787
1734523563.268765688,0,7,-4.323472711,4.172491388,-0.033397904
1734523563.268765688,0,8,4.100637740,-4.085351199,0.119078183
1734523563.268765688,0,9,-9.013204935,-0.821455186,-0.038649432
1734523563.328765869,1,0,-4.712537097,0.018074322,-0.141907856
1734523563.328765869,1,1,-0.502789478,0.007064076,2.000000000
1734523563.328765869,1,2,-4.607172097,4.749426125,0.033343821
1734523563.328765869,1,3,-4.588467245,-5.240621003,0.078654114
1734523563.328765869,1,4,-8.380689077,-0.394662768,0.028062253
1734523563.328765869,1,5,-0.640767495,4.352489859,-0.027740263
1734523563.328765869,1,6,-8.073951158,-4.292274475,0.087919313
1734523563.328765869,1,7,-8.197538395,4.115568301,-0.076259836
1734523563.328765869,1,8,-0.539284657,-4.317343765,-0.070116128
1734523563.328765869,1,9,-7.573832448,-0.248641619,-0.103211625
1734523563.388765812,2,0,-4.501687841,1.590695165,0.087958939
1734523563.388765812,2,1,-5.740758525,-2.554328852,-0.013017707
1734523563.388765812,2,2,1.559914519,2.258966209,2.000000000
1734523563.388765812,2,3,-9.506451253,3.799554496,-0.047873894
1734523563.388765812,2,4,-3.066503160,5.777764331,-0.108697332
1734523563.388765812,2,5,-1.843676181,-3.568083210,0.133137065
1734523563.388765812,2,6,-7.033335730,6.615813008,-0.135023236
1734523563.388765812,2,7,1.121806805,3.920709177,-0.001708227
1734523563.388765812,2,8,-10.035738514,-0.515419031,-0.059253674
1734523563.388765812,2,9,-1.628697833,9.684238250,-0.049163668
1734523563.448765755,3,0,-4.859383476,-1.611457078,-0.209802688
1734523563.448765755,3,1,-6.054439120,2.857068805,-0.001495028
1734523563.448765755,3,2,-9.241343556,-3.021662705,-0.118655464
1734523563.448765755,3,3,1.115743319,-2.415221290,2.000000000
1734523563.448765755,3,4,-3.014549493,-5.559731088,-0.128983803
1734523563.448765755,3,5,-9.646292754,0.687959595,-0.189974518
1734523563.448765755,3,6,0.527927705,-3.948933942,-0.000579000
1734523563.448765755,3,7,-7.742956971,-6.851872261,-0.014320594
1734523563.448765755,3,8,-1.789341400,3.553558910,-0.025501922
1734523563.448765755,3,9,-1.602483534,-9.763842727,-0.022625869
1734523563.518765688,4,0,-3.577397820,2.849693075,0.136479587
1734523563.518765688,4,1,-7.319087094,6.003307833,0.031207580
1734523563.518765688,4,2,-6.362543111,-1.062980900,-0.010304302
1734523563.518765688,4,3,-0.054690401,6.594591820,-0.020428198
1734523563.518765688,4,4,-5.929938529,-0.099782930,2.000000000
1734523563.518765688,4,5,-9.268393936,1.851532736,0.078258599
1734523563.518765688,4,6,2.376961330,3.256955996,-0.006332131
1734523563.518765688,4,7,-3.071310740,-3.315435055,-0.024617272
1734523563.518765688,4,8,-3.339532754,8.373038358,0.081988704
1734523563.518765688,4,9,3.586197063,-2.960150671,-0.003702310
1734523563.578765869,5,0,-5.259317798,2.228480981,-0.031847506
1734523563.578765869,5,1,-4.268053452,-2.024577233,-0.038595349
1734523563.578765869,5,2,-0.830170791,3.875991071,0.016030158
1734523563.578765869,5,3,-10.462366817,0.609970026,0.103710068
1734523563.578765869,5,4,-7.626359778,6.791693934,0.012795575
1734523563.578765869,5,5,0.400367353,2.397525027,2.000000000
1734523563.578765869,5,6,-11.992678977,5.282718733,0.008025975
1734523563.578765869,5,7,-2.479693408,7.804286701,0.022108661
1734523563.578765869,5,8,-8.334379152,-2.795927838,-0.048297116
1734523563.578765869,5,9,-3.507700942,4.343862254,0.002014952
1734523563.638765812,6,0,-1.289746659,5.688370119,-0.010657313
1734523563.638765812,6,1,1.180154820,9.445840393,0.019453327
1734523563.638765812,6,2,-5.357693234,8.186195941,-0.097604860
1734523563.638765812,6,3,2.661076910,2.752548831,0.183321896
1734523563.638765812,6,4,-3.452904081,1.904868308,-0.004732646
1734523563.638765812,6,5,-2.730493330,11.018429785,0.023521542
1734523563.638765812,6,6,-0.284937285,-2.972810241,2.000000000
1734523563.638765812,6,7,-7.158740949,4.604981192,0.023782372
1734523563.638765812,6,8,4.372762608,6.437675927,0.032164773
1734523563.638765812,6,9,-6.022923869,-2.120235533,0.068847922
1734523563.708765745,7,0,-1.688180102,-6.081664950,-0.023505921
1734523563.708765745,7,1,0.394320039,-9.881150882,0.025862660
1734523563.708765745,7,2,2.241922270,-3.433961912,0.087256774
1734523563.708765745,7,3,-6.262720063,-8.254392065,-0.036085108
1734523563.708765745,7,4,-4.232832794,-2.166502154,0.028097779
1734523563.708765745,7,5,4.277491756,-7.410846456,0.065655277
1734523563.708765745,7,6,-7.469413249,-4.421852354,0.031108933
1734523563.708765745,7,7,0.419600057,2.932336680,2.000000000
1734523563.708765745,7,8,-3.930395367,-12.026476708,0.012809410
1734523563.708765745,7,9,-7.391835537,2.089570740,0.075098229
1734523563.768765688,8,0,-2.196942840,-5.275152854,-0.011100968
1734523563.768765688,8,1,-4.085179798,-1.438903132,0.014452045
1734523563.768765688,8,2,-6.789176592,-7.805928002,-0.017936064
1734523563.768765688,8,3,2.294209915,-3.215453510,-0.019980452
1734523563.768765688,8,4,-0.185432569,-9.026196095,-0.044194374
1734523563.768765688,8,5,-8.115257984,-3.978632479,-0.092409783
1734523563.768765688,8,6,3.276902142,-7.126659517,-0.037600480
1734523563.768765688,8,7,-4.425995801,-10.877602083,-0.032763139
1734523563.768765688,8,8,1.286085778,-2.581987747,2.000000000
1734523563.768765688,8,9,1.352369431,-8.015627258,-0.082956064
1734523563.838765860,9,0,-6.718304968,5.417848266,-0.089710756
1734523563.838765860,9,1,-5.917104000,5.127525200,-0.049190071
1734523563.838765860,9,2,-10.470258301,2.089085756,-0.112663385
1734523563.838765860,9,3,-3.617652255,9.704280227,-0.105938863
1734523563.838765860,9,4,-3.433963590,2.879429499,0.007308225
1734523563.838765860,9,5,-7.832125574,2.912607358,0.066579535
1734523563.838765860,9,6,-1.041060921,6.366018808,0.023315823
1734523563.838765860,9,7,-6.942033262,-0.419544578,-0.005236720
1734523563.838765860,9,8,-1.416460000,2.494717150,-0.072919626
1734523563.838765860,9,9,-3.025397126,-0.157408119,2.000000000
1734523563.898765802,0,0,1.010004298,-0.180357322,2.000000000
1734523563.898765802,0,1,4.586877951,0.242035542,-0.082785380
1734523563.898765802,0,2,-0.341268882,4.725415796,-0.126553613
1734523563.898765802,0,3,0.324899107,-4.903974841,-0.158290320
1734523563.898765802,0,4,-4.348517610,-0.522513295,-0.026056851
1734523563.898765802,0,5,3.525738194,4.637597893,-0.009720923
1734523563.898765802,0,6,-3.488026178,-4.099243758,-0.061586029
1734523563.898765802,0,7,-4.364240249,4.180262192,-0.041556280
1734523563.898765802,0,8,4.142781582,-4.031057856,0.096352309
1734523563.898765802,0,9,-9.066054746,-0.835741125,0.003429924
1734523563.968765736,1,0,-4.562296436,0.008494398,-0.128221981
1734523563.968765736,1,1,-0.692096923,0.007299003,2.000000000
1734523563.968765736,1,2,-4.549193849,4.689607812,-0.025639681
1734523563.968765736,1,3,-4.628213674,-5.237870000,-0.014705136
1734523563.968765736,1,4,-8.485028706,-0.374567428,-0.071736432
1734523563.968765736,1,5,-0.607463438,4.381521316,0.038575531
1734523563.968765736,1,6,-8.157377898,-4.453042263,-0.095274770
1734523563.968765736,1,7,-8.248111588,4.049278154,0.007747752
1734523563.968765736,1,8,-0.602120322,-4.209401263,0.037996040
1734523563.968765736,1,9,-7.580513407,-0.350689947,0.041341755
1734523564.028765678,2,0,-4.722765418,1.706814495,0.004841443
1734523564.028765678,2,1,-5.933662108,-2.544510219,0.056820058
1734523564.028765678,2,2,1.583536060,2.231926118,2.000000000
1734523564.028765678,2,3,-9.525442084,3.336015271,0.002045382
1734523564.028765678,2,4,-3.087497646,5.660280324,-0.183712686
1734523564.028765678,2,5,-1.599719030,-3.636339441,0.147023334
1734523564.028765678,2,6,-7.133781168,6.682038341,0.076348799
1734523564.028765678,2,7,1.032569187,3.924580940,0.076610931
1734523564.028765678,2,8,-10.076444365,-0.770321844,-0.070321223
1734523564.028765678,2,9,-1.847363361,9.825265382,-0.010430168
1734523564.088765860,3,0,-4.748019056,-1.326740764,-0.126982121
1734523564.088765860,3,1,-6.068263143,2.964155479,-0.019656438
1734523564.088765860,3,2,-9.325479124,-2.980634987,-0.059075565
1734523564.088765860,3,3,1.115918385,-2.414986411,2.000000000
1734523564.088765860,3,4,-3.274081729,-5.564412767,-0.118986651
1734523564.088765860,3,5,-10.049941620,0.862921585,-0.093376414
1734523564.088765860,3,6,0.447307301,-4.052447873,-0.000308333
1734523564.088765860,3,7,-7.902282180,-6.661134456,-0.053522811
1734523564.088765860,3,8,-1.755811593,3.630043469,0.009361368
1734523564.088765860,3,9,-1.802981977,-9.633937165,0.039510433
1734523564.158765793,4,0,-3.660803396,2.656803480,-0.029243136
1734523564.158765793,4,1,-7.638350673,5.836926499,0.049242257
1734523564.158765793,4,2,-6.407564557,-1.439380292,0.016143534
1734523564.158765793,4,3,-0.392241831,6.646025401,-0.014674966
1734523564.158765793,4,4,-5.932185330,-0.099826263,2.000000000
1734523564.158765793,4,5,-9.427495240,1.408803775,-0.062725382
1734523564.158765793,4,6,2.250387792,3.511512147,-0.009848367
1734523564.158765793,4,7,-2.947142879,-3.413221264,-0.001165763
1734523564.158765793,4,8,-3.820123255,7.957120158,0.121999573
1734523564.158765793,4,9,3.791173133,-2.771364547,-0.025038818
1734523564.218765736,5,0,-5.236769469,2.568834848,-0.024763813
1734523564.218765736,5,1,-4.245950042,-1.758676811,0.063102542
1734523564.218765736,5,2,-0.616762664,3.953344552,0.150280781
1734523564.218765736,5,3,-10.421379404,1.375139606,0.016035346
1734523564.218765736,5,4,-6.971240937,7.205085841,-0.048212127
1734523564.218765736,5,5,0.259561593,2.333905642,2.000000000
1734523564.218765736,5,6,-11.192833544,5.773886515,0.032423491
1734523564.218765736,5,7,-2.108691446,8.101818018,0.046506601
1734523564.218765736,5,8,-8.678146111,-2.330322602,-0.029070467
1734523564.218765736,5,9,-3.367764289,4.755420270,-0.031625004
1734523564.278765678,6,0,-1.108970717,5.474633478,-0.003797702
1734523564.278765678,6,1,1.387420653,9.576331984,0.060790676
1734523564.278765678,6,2,-5.197029616,8.577544599,-0.082817914
1734523564.278765678,6,3,2.781204794,2.618246826,0.033681911
1734523564.278765678,6,4,-3.523572636,1.987458430,-0.024310500
1734523564.278765678,6,5,-2.635329509,11.336821034,0.063621897
1734523564.278765678,6,6,-0.140934710,-2.933040114,2.000000000
1734523564.278765678,6,7,-7.207211895,4.807404925,-0.004316805
1734523564.278765678,6,8,4.396494848,6.438087906,-0.086657085
1734523564.278765678,6,9,-6.127971344,-2.165373418,-0.006298801
1734523564.348765850,7,0,-2.307572407,-5.949279127,0.017807308
1734523564.348765850,7,1,-0.229987827,-10.029881465,-0.047751098
1734523564.348765850,7,2,2.162089620,-3.707912239,0.043188729
1734523564.348765850,7,3,-6.809284214,-7.843335839,-0.075136884
1734523564.348765850,7,4,-4.458144388,-1.933258464,0.004399565
1734523564.348765850,7,5,3.638996284,-7.712900101,0.026090634
1734523564.348765850,7,6,-7.758218404,-4.012805166,0.024243341
1734523564.348765850,7,7,0.584393736,2.888783514,2.000000000
1734523564.348765850,7,8,-4.624454886,-11.453712051,-0.035563022
1734523564.348765850,7,9,-6.923994522,2.202017223,-0.048834146
1734523564.408765793,8,0,-2.341025770,-5.243628030,-0.013483271
1734523564.408765793,8,1,-3.921478553,-1.167845928,-0.005347267
1734523564.408765793,8,2,-6.850306335,-7.969662609,0.022423573
1734523564.408765793,8,3,2.311352707,-3.312419757,0.006393704
1734523564.408765793,8,4,-0.322503760,-8.795304691,-0.043936137
1734523564.408765793,8,5,-8.233862897,-3.862935574,-0.045035338
1734523564.408765793,8,6,3.119566196,-7.037011825,-0.039198790
1734523564.408765793,8,7,-4.675788053,-10.966263816,-0.039355029
1734523564.408765793,8,8,1.223037544,-2.548485173,2.000000000
1734523564.408765793,8,9,1.227759350,-7.872548221,-0.094682353
1734523564.478765726,9,0,-7.140281568,5.325682294,0.070778440
1734523564.478765726,9,1,-6.182106128,4.780651552,0.041389845
1734523564.478765726,9,2,-10.756250216,1.598767742,-0.095179112
1734523564.478765726,9,3,-4.153853434,9.657457421,-0.174799501
1734523564.478765726,9,4,-3.651323802,2.750277155,-0.005052217
1734523564.478765726,9,5,-7.872094509,2.465879609,0.049578290
1734523564.478765726,9,6,-1.362132833,6.049437734,0.133084688
1734523564.478765726,9,7,-6.868197146,-0.959568970,0.006132701
1734523564.478765726,9,8,-1.608993227,2.470995771,-0.113021160
1734523564.478765726,9,9,-2.901949608,-0.161933469,2.000000000
1734523564.538765669,0,0,1.046989527,-0.187113505,2.000000000
1734523564.538765669,0,1,4.598430681,0.308257735,-0.074769739
1734523564.538765669,0,2,-0.492126505,4.791739617,0.022420018
1734523564.538765669,0,3,0.185596297,-5.063835121,-0.096965916
1734523564.538765669,0,4,-4.374091811,-0.484232650,-0.027701308
1734523564.538765669,0,5,3.482324016,4.605980454,-0.035145237
1734523564.538765669,0,6,-3.527217497,-4.176572586,0.112921192
1734523564.538765669,0,7,-4.472420099,4.336497627,-0.024763899
1734523564.538765669,0,8,4.204281074,-3.992460787,0.052803875
1734523564.538765669,0,9,-8.993332084,-0.952575000,0.008297561
1734523564.598765850,1,0,-4.437543778,-0.041362091,-0.156094940
1734523564.598765850,1,1,-0.885018780,0.007543008,2.000000000
1734523564.598765850,1,2,-4.654959131,4.701076559,0.018650436
1734523564.598765850,1,3,-4.625073127,-5.239469484,0.004344037
1734523564.598765850,1,4,-8.709198137,-0.383426825,-0.080041467
1734523564.598765850,1,5,-0.814031688,4.538576448,-0.014192873
1734523564.598765850,1,6,-8.083016722,-4.211034287,-0.063335796
1734523564.598765850,1,7,-8.098582938,3.992041717,-0.033876958
1734523564.598765850,1,8,-0.539778508,-4.408335788,-0.011132852
1734523564.598765850,1,9,-7.560922684,-0.341358711,0.092629918
1734523564.668765783,2,0,-4.723970148,1.485868963,0.071568087
1734523564.668765783,2,1,-5.995084812,-2.819900141,-0.007970021
1734523564.668765783,2,2,1.605031079,2.207248425,2.000000000
1734523564.668765783,2,3,-9.576519208,3.147679568,-0.089812734
1734523564.668765783,2,4,-3.196784201,5.475480878,-0.002174335
1734523564.668765783,2,5,-1.586157825,-3.659352398,0.059106108
1734523564.668765783,2,6,-7.346729785,6.395774473,0.012412221
1734523564.668765783,2,7,0.919244737,3.757607454,0.009820719
1734523564.668765783,2,8,-9.855632567,-0.917546058,-0.059901267
1734523564.668765783,2,9,-2.071171449,9.967915903,-0.050237645
1734523564.728765726,3,0,-4.944502764,-1.375377417,-0.048237467
1734523564.728765726,3,1,-5.918824561,3.021483435,-0.011549258
1734523564.728765726,3,2,-9.403132744,-2.822515671,0.029225960
1734523564.728765726,3,3,1.114151892,-2.417386651,2.000000000
1734523564.728765726,3,4,-3.342303647,-5.533818353,0.019196054
1734523564.728765726,3,5,-9.993979884,1.027791936,0.075063762
1734523564.728765726,3,6,0.318020567,-3.848051557,0.002703826
1734523564.728765726,3,7,-8.169325935,-6.631554435,-0.061435258
1734523564.728765726,3,8,-1.663153496,3.603246119,-0.021375243
1734523564.728765726,3,9,-1.958209628,-9.634130059,-0.020641732
1734523564.788765669,4,0,-3.810876779,2.405362943,0.132636116
1734523564.788765669,4,1,-7.740536747,5.338071907,-0.085315308
1734523564.788765669,4,2,-6.384791136,-1.651569545,-0.008206357
1734523564.788765669,4,3,-0.649175182,6.692345310,-0.008518931
1734523564.788765669,4,4,-5.933299328,-0.099969927,2.000000000
1734523564.788765669,4,5,-9.519606137,0.965861218,0.034003390
1734523564.788765669,4,6,2.140960267,3.635715797,0.043890842
1734523564.788765669,4,7,-2.993617823,-3.505641343,-0.007868720
1734523564.788765669,4,8,-4.278030979,8.231678875,0.109078560
1734523564.788765669,4,9,3.995058624,-2.631091384,-0.011556540
1734523564.848765850,5,0,-5.192219314,2.855123666,-0.024763813
1734523564.848765850,5,1,-4.346258975,-1.667240317,-0.093226763
1734523564.848765850,5,2,-0.373510508,3.954719709,-0.011095190
1734523564.848765850,5,3,-10.540450184,1.762859086,0.022228749
1734523564.848765850,5,4,-6.831946482,7.619391165,-0.138972335
1734523564.848765850,5,5,0.118287108,2.270070445,2.000000000
1734523564.848765850,5,6,-10.920336579,6.171224716,-0.035942729
1734523564.848765850,5,7,-1.649921631,8.501177010,0.142656176
1734523564.848765850,5,8,-8.708602923,-1.795829523,-0.013321042
1734523564.848765850,5,9,-3.410665861,5.198611487,0.069548449
1734523564.918765783,6,0,-1.060400677,5.626083267,0.007044292
1734523564.918765783,6,1,1.519882546,9.256930247,0.010830431
1734523564.918765783,6,2,-5.152890419,8.497786863,-0.066318358
1734523564.918765783,6,3,3.015144628,2.652408215,0.024254821
1734523564.918765783,6,4,-3.440157060,2.004878093,-0.021517100
1734523564.918765783,6,5,-2.540751381,11.722869837,-0.011226312
1734523564.918765783,6,6,0.005624921,-2.892354513,2.000000000
1734523564.918765783,6,7,-7.047987072,4.942514732,0.083041477
1734523564.918765783,6,8,4.551392149,6.238520075,-0.010602304
1734523564.918765783,6,9,-6.088932277,-1.828594413,-0.039998626
1734523564.978765726,7,0,-2.528780350,-5.607278705,-0.033938215
1734523564.978765726,7,1,-0.827708991,-10.024217855,-0.049233937
1734523564.978765726,7,2,2.040957492,-3.992274641,0.095476142
1734523564.978765726,7,3,-7.294350977,-7.573321023,-0.056771511
1734523564.978765726,7,4,-4.561265512,-1.742718508,0.013227380
1734523564.978765726,7,5,3.487353466,-7.884310113,0.052101228
1734523564.978765726,7,6,-8.098271313,-3.677504970,0.051457116
1734523564.978765726,7,7,0.751169056,2.844383151,2.000000000
1734523564.978765726,7,8,-5.261237782,-11.472704525,-0.032556735
1734523564.978765726,7,9,-6.515745680,2.686293403,0.032042534
1734523565.038765669,8,0,-2.416865091,-5.133135271,-0.024635426
1734523565.038765669,8,1,-4.001967093,-1.161901945,0.078318364
1734523565.038765669,8,2,-7.215403412,-7.791355015,0.076229345
1734523565.038765669,8,3,2.252241185,-3.415188070,-0.015353207
1734523565.038765669,8,4,-0.300518643,-8.847070616,0.025889630
1734523565.038765669,8,5,-8.441088122,-3.581068276,-0.086618939
1734523565.038765669,8,6,3.052472129,-7.096835028,0.000434654
1734523565.038765669,8,7,-4.935224238,-10.939705934,-0.063862300
1734523565.038765669,8,8,1.160641942,-2.515304708,2.000000000
1734523565.038765669,8,9,0.997423588,-7.724770114,0.053686729
1734523565.108765841,9,0,-7.458902024,4.912480245,0.134089129
1734523565.108765841,9,1,-6.407783594,4.311236094,0.033093036
1734523565.108765841,9,2,-10.586801572,0.965584968,0.030673089
1734523565.108765841,9,3,-4.431828669,9.113192082,-0.140485802
1734523565.108765841,9,4,-3.951651260,2.546009129,0.027013684
1734523565.108765841,9,5,-7.977361558,2.108708549,-0.053185169
1734523565.108765841,9,6,-1.785276044,6.039777067,-0.039251934
1734523565.108765841,9,7,-6.752382899,-1.280562785,0.032541148
1734523565.108765841,9,8,-1.684963823,2.430308991,-0.033704564
1734523565.108765841,9,9,-2.779906959,-0.166500178,2.000000000
1734523565.168765783,0,0,1.084291086,-0.193925920,2.000000000
1734523565.168765783,0,1,4.605037574,0.360430680,-0.159502055
1734523565.168765783,0,2,-0.668464831,4.731132510,-0.057574209
1734523565.168765783,0,3,0.136377942,-5.112948717,-0.079517775
1734523565.168765783,0,4,-4.288345835,-0.483936689,-0.011037547
1734523565.168765783,0,5,3.536990706,4.688520259,-0.053826134
1734523565.168765783,0,6,-3.460443088,-4.251806760,-0.039487635
1734523565.168765783,0,7,-4.441394427,4.287470150,0.012455320
1734523565.168765783,0,8,4.152535113,-4.142120282,0.015923300
1734523565.168765783,0,9,-8.913756460,-0.881886681,0.038920230
1734523565.228765726,1,0,-4.588515160,-0.096952677,-0.119024312
1734523565.228765726,1,1,-1.081671904,0.007790474,2.000000000
1734523565.228765726,1,2,-4.730490595,4.894389312,0.010288777
1734523565.228765726,1,3,-4.550563800,-5.217874916,-0.010089258
1734523565.228765726,1,4,-8.709166315,-0.414457197,0.023062050
1734523565.228765726,1,5,-0.689291282,4.608040330,-0.034820054
1734523565.228765726,1,6,-8.089489884,-4.348865936,-0.020142136
1734523565.228765726,1,7,-7.999946192,4.038049894,-0.043906011
1734523565.228765726,1,8,-0.390143415,-4.298060982,0.075214644
1734523565.228765726,1,9,-7.565685253,-0.458606434,0.068571581
1734523565.298765659,2,0,-4.698823946,1.474430381,-0.031832971
1734523565.298765659,2,1,-5.980019894,-3.043509000,-0.049110524
1734523565.298765659,2,2,1.624490469,2.184860595,2.000000000
1734523565.298765659,2,3,-9.566554523,2.859571049,0.044687322
1734523565.298765659,2,4,-3.566055990,5.367383961,0.004588925
1734523565.298765659,2,5,-1.507822655,-3.599908224,0.062239602
1734523565.298765659,2,6,-7.722287171,6.404924927,-0.001239876
1734523565.298765659,2,7,0.873943515,3.768325475,-0.089986030
1734523565.298765659,2,8,-9.859768554,-1.068826419,0.029712681
1734523565.298765659,2,9,-2.413426667,10.053172808,0.089493100
1734523565.358765841,3,0,-5.011049442,-1.291095718,-0.048298888
1734523565.358765841,3,1,-5.884925594,3.202350164,-0.053417961
1734523565.358765841,3,2,-9.441293586,-2.614685130,0.120340746
1734523565.358765841,3,3,1.111491546,-2.420899369,2.000000000
1734523565.358765841,3,4,-3.502399890,-5.272293829,0.103941401
1734523565.358765841,3,5,-10.154979088,1.275675885,0.113459748
1734523565.358765841,3,6,0.208625541,-3.995001127,-0.010198638
1734523565.358765841,3,7,-8.248895513,-6.398168209,-0.065849063
1734523565.358765841,3,8,-1.575376454,3.599953886,0.033669873
1734523565.358765841,3,9,-2.259146617,-9.574057396,-0.000944502
1734523565.418765783,4,0,-4.083484399,2.132125399,0.127340237
1734523565.418765783,4,1,-7.988129180,5.037406985,-0.051925913
1734523565.418765783,4,2,-6.324457751,-1.975726457,0.045514837
1734523565.418765783,4,3,-0.882843383,6.492510476,0.000943893
1734523565.418765783,4,4,-5.933584781,-0.100262427,2.000000000
1734523565.418765783,4,5,-9.677266376,0.674936916,0.016052524
1734523565.418765783,4,6,1.965327668,3.749186531,0.038428878
1734523565.418765783,4,7,-2.726499841,-3.868469951,-0.005120251
1734523565.418765783,4,8,-4.775631305,7.899314606,0.048514746
1734523565.418765783,4,9,4.022488623,-2.470291322,0.038732769
1734523565.488765717,5,0,-4.940381205,3.112191375,-0.015755649
1734523565.488765717,5,1,-4.515622574,-1.531395419,-0.192615574
1734523565.488765717,5,2,-0.120184749,3.940602052,0.010574950
1734523565.488765717,5,3,-10.459380918,2.328304474,-0.045046217
1734523565.488765717,5,4,-6.372442296,7.955772946,-0.005929559
1734523565.488765717,5,5,-0.025069300,2.205356910,2.000000000
1734523565.488765717,5,6,-10.551472312,6.655160980,0.026193219
1734523565.488765717,5,7,-1.082385234,8.430437433,0.184708535
1734523565.488765717,5,8,-8.849310963,-1.320868915,-0.101540919
1734523565.488765717,5,9,-3.285001480,5.598618271,0.109763576
1734523565.548765659,6,0,-0.972540297,5.517530393,-0.000749430
1734523565.548765659,6,1,1.622989589,9.268300647,-0.022136914
1734523565.548765659,6,2,-5.075855857,8.531779111,-0.126431713
1734523565.548765659,6,3,3.031494141,2.813540125,-0.095714554
1734523565.548765659,6,4,-3.377480981,1.990729369,0.000526010
1734523565.548765659,6,5,-2.432191883,11.482861845,-0.050313449
1734523565.548765659,6,6,0.154891041,-2.850684718,2.000000000
1734523565.548765659,6,7,-7.128252299,5.005996291,0.042727189
1734523565.548765659,6,8,4.623007370,6.188253021,0.094427520
1734523565.548765659,6,9,-5.938411019,-1.719355228,-0.009904562
1734523565.608765841,7,0,-2.956469968,-5.631142904,-0.007045812
1734523565.608765841,7,1,-1.308598663,-10.010481245,-0.035516281
1734523565.608765841,7,2,1.908692248,-3.782858246,-0.048365416
1734523565.608765841,7,3,-7.717722274,-7.161581350,0.002396003
1734523565.608765841,7,4,-4.734762852,-1.472081409,-0.022574156
1734523565.608765841,7,5,3.002838755,-8.355290099,-0.071528355
1734523565.608765841,7,6,-8.413824259,-3.222394179,-0.034250131
1734523565.608765841,7,7,0.918225637,2.799823699,2.000000000
1734523565.608765841,7,8,-5.938158696,-11.299000898,-0.081397265
1734523565.608765841,7,9,-6.456896443,3.046128051,-0.130629086
1734523565.668765783,8,0,-2.434363341,-4.965584121,-0.041277063
1734523565.668765783,8,1,-3.945682415,-1.010659409,0.109260383
1734523565.668765783,8,2,-7.393077606,-7.607752181,-0.005042396
1734523565.668765783,8,3,2.221317102,-3.439586738,0.000927395
1734523565.668765783,8,4,-0.600432352,-8.669538182,0.016172629
1734523565.668765783,8,5,-8.361713503,-3.549549024,0.089105615
1734523565.668765783,8,6,2.893905062,-7.200974279,0.057937745
1734523565.668765783,8,7,-5.175519202,-10.804930424,-0.030701958
1734523565.668765783,8,8,1.098676901,-2.482349905,2.000000000
1734523565.668765783,8,9,0.708491712,-7.580795872,0.030016127
1734523565.738765717,9,0,-7.790786581,4.554567945,0.211932974
1734523565.738765717,9,1,-6.661228645,4.025898667,-0.029995833
1734523565.738765717,9,2,-10.774959289,0.498214895,0.059549874
1734523565.738765717,9,3,-4.974307524,9.100429550,-0.014806355
1734523565.738765717,9,4,-3.988608893,2.384432600,-0.018587887
1734523565.738765717,9,5,-7.956109507,1.639336736,-0.060116333
1734523565.738765717,9,6,-2.349148497,6.140075544,0.015465447
1734523565.738765717,9,7,-6.664467512,-1.593229833,-0.019516349
1734523565.738765717,9,8,-1.834209970,2.340355555,-0.048910678
1734523565.738765717,9,9,-2.658071201,-0.171178157,2.000000000
1734523565.798765659,0,0,1.122085619,-0.200823641,2.000000000
1734523565.798765659,0,1,4.665813209,0.133528305,-0.113026114
1734523565.798765659,0,2,-0.530057599,4.926604370,-0.068940735
1734523565.798765659,0,3,0.226148487,-5.217255259,-0.086989626
1734523565.798765659,0,4,-4.304356992,-0.493965567,-0.050754042
1734523565.798765659,0,5,3.654223636,4.783309558,0.008458347
1734523565.798765659,0,6,-3.469700796,-4.317831815,-0.045376795
1734523565.798765659,0,7,-4.501858422,4.332728996,-0.006031166
1734523565.798765659,0,8,4.180152598,-4.263094506,0.006698255
1734523565.798765659,0,9,-8.894802360,-0.912365363,-0.008859789
1734523565.858765841,1,0,-4.489968827,-0.115904467,-0.022810458
1734523565.858765841,1,1,-1.281865499,0.008047526,2.000000000
1734523565.858765841,1,2,-4.744292041,4.884026874,0.038193353
1734523565.858765841,1,3,-4.719956059,-5.374693603,-0.012433212
1734523565.858765841,1,4,-8.891511440,-0.455464032,0.006356111
1734523565.858765841,1,5,-0.747260255,4.525956520,-0.012925259
1734523565.858765841,1,6,-7.953230154,-4.203127526,0.034140349
1734523565.858765841,1,7,-8.368282221,4.141508434,-0.075991432
1734523565.858765841,1,8,-0.490164907,-4.340761214,0.150563133
1734523565.858765841,1,9,-7.546731022,-0.479882366,0.039240065
1734523565.918765783,2,0,-4.868622540,1.160870606,0.001606668
1734523565.918765783,2,1,-5.782846565,-3.090995724,-0.037663123
1734523565.918765783,2,2,1.641734088,2.164969556,2.000000000
1734523565.918765783,2,3,-9.676793289,2.785054198,-0.063101715
1734523565.918765783,2,4,-3.672814667,5.348453069,-0.042051510
1734523565.918765783,2,5,-1.460243133,-3.666543153,0.031804510
1734523565.918765783,2,6,-7.664118750,6.262865674,0.010058313
1734523565.918765783,2,7,0.947670572,3.729465712,-0.083237468
1734523565.918765783,2,8,-9.668909066,-1.227927383,-0.028160154
1734523565.918765783,2,9,-2.572177566,10.052410991,0.153746282
1734523565.988765717,3,0,-5.056276165,-1.101259447,-0.110834949
1734523565.988765717,3,1,-5.796103273,3.351348790,-0.032680545
1734523565.988765717,3,2,-9.554483167,-2.258099977,0.054761529
1734523565.988765717,3,3,1.105762379,-2.428687660,2.000000000
1734523565.988765717,3,4,-3.739767993,-5.158917224,-0.098733560
1734523565.988765717,3,5,-10.258225164,1.651218048,-0.024822777
1734523565.988765717,3,6,0.090864098,-3.924849169,-0.033307497
1734523565.988765717,3,7,-8.636062468,-6.303970622,-0.044086629
1734523565.988765717,3,8,-1.494061653,3.539538745,0.016017680
1734523565.988765717,3,9,-2.430146773,-9.628976317,0.009086935
1734523566.048765659,4,0,-3.874445051,2.035939305,0.146846345
1734523566.048765659,4,1,-8.427944963,4.683501007,-0.036574722
1734523566.048765659,4,2,-6.446335390,-2.343069522,0.078774241
1734523566.048765659,4,3,-1.103154453,6.436566320,0.024320150
1734523566.048765659,4,4,-5.933338648,-0.101431230,2.000000000
1734523566.048765659,4,5,-9.514226125,0.187967352,0.035555204
1734523566.048765659,4,6,1.827910709,3.751336863,-0.006683577
1734523566.048765659,4,7,-2.693107303,-3.995104076,0.117960735
1734523566.048765659,4,8,-5.047829299,7.716670316,0.019634511
1734523566.048765659,4,9,4.128021208,-2.336039942,0.035237659
1734523566.118765831,5,0,-4.816954588,3.387844788,0.017731518
1734523566.118765831,5,1,-4.274950469,-1.114406223,-0.083556066
1734523566.118765831,5,2,0.103291079,4.121270293,0.031730434
1734523566.118765831,5,3,-10.583153395,2.979605562,-0.026167896
1734523566.118765831,5,4,-5.815838746,8.283977273,0.039216613
1734523566.118765831,5,5,-0.170187678,2.139903265,2.000000000
1734523566.118765831,5,6,-10.512688084,7.563387784,-0.058744588
1734523566.118765831,5,7,-0.667174821,8.697899847,0.178103013
1734523566.118765831,5,8,-9.251179933,-0.876887629,0.055106015
1734523566.118765831,5,9,-3.113848372,5.976334838,-0.008448854
1734523566.178765774,6,0,-0.952242830,5.573207820,-0.012456501
1734523566.178765774,6,1,1.737683260,9.108814328,-0.010619055
1734523566.178765774,6,2,-4.950646025,8.465683677,-0.049578625
1734523566.178765774,6,3,3.067478630,2.663713942,-0.102963315
1734523566.178765774,6,4,-3.417574933,2.038409541,0.016352188
1734523566.178765774,6,5,-2.371707159,11.646008393,-0.042451938
1734523566.178765774,6,6,0.305399970,-2.808499934,2.000000000
1734523566.178765774,6,7,-6.997497826,5.222896230,-0.029279007
1734523566.178765774,6,8,4.714865567,6.133230593,0.082582392
1734523566.178765774,6,9,-6.036674773,-1.736889166,0.022158146
1734523566.238765717,7,0,-3.192519695,-5.355051575,0.022599626
1734523566.238765717,7,1,-1.949524345,-9.827355154,-0.080032767
1734523566.238765717,7,2,1.576205470,-3.746064776,-0.008632973
1734523566.238765717,7,3,-8.229568976,-6.814251608,0.058616689
1734523566.238765717,7,4,-4.764133480,-1.174236363,-0.036799512
1734523566.238765717,7,5,2.694688977,-8.701182469,-0.085330976
1734523566.238765717,7,6,-8.586988255,-2.758813006,-0.006587881
1734523566.238765717,7,7,1.087347012,2.754486296,2.000000000
1734523566.238765717,7,8,-6.613769345,-10.669683091,-0.017439289
1734523566.238765717,7,9,-6.188103896,3.308158170,0.002233465
1734523566.308765650,8,0,-2.536627397,-4.886150160,0.022131029
1734523566.308765650,8,1,-4.115158207,-1.087666522,-0.031407060
1734523566.308765650,8,2,-7.325976002,-7.350332375,-0.037055975
1734523566.308765650,8,3,2.157938539,-3.394988116,0.036271078
1734523566.308765650,8,4,-0.883075515,-8.760254685,-0.040239472
1734523566.308765650,8,5,-8.341109486,-3.426902123,0.059288031
1734523566.308765650,8,6,2.750491973,-7.370795212,0.019578402
1734523566.308765650,8,7,-5.495250509,-10.651578596,-0.053620038
1734523566.308765650,8,8,1.037054245,-2.449581109,2.000000000
1734523566.308765650,8,9,0.673665042,-7.598105956,0.057782204
1734523566.368765831,9,0,-8.215135960,4.251119107,-0.058854839
1734523566.368765831,9,1,-6.943462086,3.852801535,0.077249092
1734523566.368765831,9,2,-10.730555068,-0.179430132,0.028699936
1734523566.368765831,9,3,-5.676714709,9.150673499,0.059895170
1734523566.368765831,9,4,-4.159365839,2.206118642,-0.025983943
1734523566.368765831,9,5,-8.049703861,1.320442357,0.032881951
1734523566.368765831,9,6,-2.544103286,6.136543218,-0.014807634
1734523566.368765831,9,7,-6.745464272,-1.892433235,-0.007327422
1734523566.368765831,9,8,-1.989792358,2.172301061,-0.039858582
1734523566.368765831,9,9,-2.537365643,-0.175995479,2.000000000
1734523566.428765774,0,0,1.160354764,-0.207807464,2.000000000
1734523566.428765774,0,1,4.500441643,0.205303442,0.114088023
1734523566.428765774,0,2,-0.627265948,4.868469214,-0.136201666
1734523566.428765774,0,3,0.287322737,-5.079346527,0.069361130
1734523566.428765774,0,4,-4.297038587,-0.465887228,-0.000353831
1734523566.428765774,0,5,3.497868610,4.680731694,0.013836427
1734523566.428765774,0,6,-3.648475036,-4.303566446,0.033927067
1734523566.428765774,0,7,-4.419930705,4.242783358,0.024674424
1734523566.428765774,0,8,4.193641891,-4.201591501,0.091430793
1734523566.428765774,0,9,-8.843872978,-1.030962885,-0.000288260
1734523566.488765717,1,0,-4.319200581,-0.130169165,0.018994876
1734523566.488765717,1,1,-1.485679521,0.008317350,2.000000000
1734523566.488765717,1,2,-4.740605321,4.821346672,0.033137878
1734523566.488765717,1,3,-4.733209709,-5.328418604,0.066235694
1734523566.488765717,1,4,-8.953401358,-0.469381368,-0.042894493
1734523566.488765717,1,5,-0.829078244,4.598433999,0.039528585
1734523566.488765717,1,6,-8.241699209,-4.383936303,0.042347398
1734523566.488765717,1,7,-8.497540563,4.111619731,-0.137514862
1734523566.488765717,1,8,-0.598085952,-4.366747324,0.173474579
1734523566.488765717,1,9,-7.559979255,-0.373280575,0.035091057
1734523566.558765650,2,0,-4.813338994,1.236462160,0.017611882
1734523566.558765650,2,1,-5.832123009,-3.284377978,-0.008427967
1734523566.558765650,2,2,1.656960606,2.147348954,2.000000000
1734523566.558765650,2,3,-9.839474626,2.667976511,-0.002926053
1734523566.558765650,2,4,-3.986328002,5.364377208,-0.043069809
1734523566.558765650,2,5,-1.308090628,-3.553746212,0.009319314
1734523566.558765650,2,6,-7.887493549,5.981183643,0.035551779
1734523566.558765650,2,7,0.695682208,3.852875637,0.061300626
1734523566.558765650,2,8,-9.447872095,-1.433970673,-0.011034304
1734523566.558765650,2,9,-2.682206645,10.005015751,0.051815047
1734523566.618765831,3,0,-5.088621246,-0.877630876,-0.047525664
1734523566.618765831,3,1,-5.807026106,3.433125470,0.009933094
1734523566.618765831,3,2,-9.959074511,-2.007137275,-0.017085185
1734523566.618765831,3,3,1.098012268,-2.439361146,2.000000000
1734523566.618765831,3,4,-3.879843680,-5.232656564,-0.048633463
1734523566.618765831,3,5,-9.943151875,1.791358403,-0.084984499
1734523566.618765831,3,6,-0.065603695,-3.940420408,0.043244361
1734523566.618765831,3,7,-8.586915729,-5.877724109,0.004176051
1734523566.618765831,3,8,-1.418440125,3.588339799,0.013185575
1734523566.618765831,3,9,-2.729695643,-9.535624027,-0.002965074
1734523566.678765774,4,0,-3.746031448,1.876404481,0.050970139
1734523566.678765774,4,1,-8.582299559,4.542190810,-0.145245161
1734523566.678765774,4,2,-6.527603939,-2.553198697,-0.028168493
1734523566.678765774,4,3,-1.358979337,6.528201075,-0.015392610
1734523566.678765774,4,4,-5.931660974,-0.105354725,2.000000000
1734523566.678765774,4,5,-9.476635376,-0.110590310,-0.047753268
1734523566.678765774,4,6,1.668948125,3.786367609,0.013323756
1734523566.678765774,4,7,-2.785903791,-4.084151383,-0.171069060
1734523566.678765774,4,8,-5.310933379,7.989800977,0.059796890
1734523566.678765774,4,9,4.297321894,-2.182928402,0.135958030
1734523566.738765717,5,0,-4.706266788,3.661123119,-0.022181348
1734523566.738765717,5,1,-4.515713192,-0.905285166,-0.028201584
1734523566.738765717,5,2,0.339168146,3.936894374,-0.003595532
1734523566.738765717,5,3,-11.088668102,3.917588239,0.051625937
1734523566.738765717,5,4,-5.153252946,8.273823663,-0.035533436
1734523566.738765717,5,5,-0.316791772,2.073840412,2.000000000
1734523566.738765717,5,6,-10.082874696,7.951357403,0.059777846
1734523566.738765717,5,7,-0.174428101,8.584666494,0.114610371
1734523566.738765717,5,8,-9.650396828,-0.468765024,0.018134040
1734523566.738765717,5,9,-2.962000562,6.354739326,-0.018951130
1734523566.808765650,6,0,-0.945914731,5.762325490,0.005372453
1734523566.808765650,6,1,1.771245104,9.295314312,-0.036503516
1734523566.808765650,6,2,-4.871360228,8.587256623,-0.006359859
1734523566.808765650,6,3,3.082950892,2.585900810,0.030754209
1734523566.808765650,6,4,-3.376024009,2.056333176,0.023446554
1734523566.808765650,6,5,-2.261125721,11.885218340,0.006622374
1734523566.808765650,6,6,0.458206026,-2.765436064,2.000000000
1734523566.808765650,6,7,-6.837877729,5.162736446,-0.151142307
1734523566.808765650,6,8,4.762349506,6.101975356,0.063500442
1734523566.808765650,6,9,-6.162785001,-1.697568740,0.010593772
1734523566.868765831,7,0,-3.495994725,-5.174129633,0.032571684
1734523566.868765831,7,1,-2.531397153,-9.740630131,0.027788721
1734523566.868765831,7,2,1.330876626,-3.760679815,0.045735037
1734523566.868765831,7,3,-8.463912548,-6.163106681,0.066945105
1734523566.868765831,7,4,-4.762145953,-0.908761782,-0.002206054
1734523566.868765831,7,5,2.151581818,-9.050307449,0.042290546
1734523566.868765831,7,6,-8.689073214,-2.394631741,0.007460906
1734523566.868765831,7,7,1.258307902,2.708529686,2.000000000
1734523566.868765831,7,8,-7.170269736,-10.316448130,-0.010032078
1734523566.868765831,7,9,-5.955933013,3.676999136,-0.056124677
1734523566.938765764,8,0,-2.736421465,-4.979624339,-0.038504599
1734523566.938765764,8,1,-4.201082235,-0.858486900,-0.089248365
1734523566.938765764,8,2,-7.506924630,-7.105270311,-0.084205857
1734523566.938765764,8,3,2.069270285,-3.462032744,-0.026609876
1734523566.938765764,8,4,-1.123546850,-8.954570295,-0.000500046
1734523566.938765764,8,5,-8.209217696,-3.160179268,-0.010366575
1734523566.938765764,8,6,2.561253586,-7.533946130,-0.039585706
1734523566.938765764,8,7,-5.642449665,-10.456814157,-0.078085565
1734523566.938765764,8,8,0.975693682,-2.416962147,2.000000000
1734523566.938765764,8,9,0.422564200,-7.449724330,0.044925290
1734523566.998765707,9,0,-8.382662424,3.942963495,-0.059589236
1734523566.998765707,9,1,-7.336614439,3.621051885,0.064458234
1734523566.998765707,9,2,-10.816762287,-0.899291356,-0.072210985
1734523566.998765707,9,3,-5.976770418,8.431426207,0.074038420
1734523566.998765707,9,4,-4.433179814,1.906204069,-0.013310565
1734523566.998765707,9,5,-7.886060718,0.827217807,0.048287483
1734523566.998765707,9,6,-2.872507685,5.784212680,-0.034747388
1734523566.998765707,9,7,-6.618433619,-2.326190328,0.009242613
1734523566.998765707,9,8,-2.195589423,2.040205087,-0.009082804
1734523566.998765707,9,9,-2.417306049,-0.180988116,2.000000000
1734523567.058765650,0,0,1.198925663,-0.214844563,2.000000000
1734523567.058765650,0,1,4.586176185,0.165540598,0.082967670
1734523567.058765650,0,2,-0.767094894,4.936614503,-0.199344705
1734523567.058765650,0,3,0.285713507,-5.136662814,0.054700142
1734523567.058765650,0,4,-4.293527766,-0.506733875,0.008088528
1734523567.058765650,0,5,3.539455582,4.730214216,-0.000828035
1734523567.058765650,0,6,-3.640908451,-4.358628856,0.028581866
1734523567.058765650,0,7,-4.356024379,4.295170735,0.024479587
1734523567.058765650,0,8,4.140465371,-4.276105719,-0.008256922
1734523567.058765650,0,9,-8.825153221,-0.965533139,-0.062892009
1734523567.128765821,1,0,-4.467854214,-0.052461328,-0.000194253
1734523567.128765821,1,1,-1.693463206,0.008589710,2.000000000
1734523567.128765821,1,2,-4.688419557,4.825346692,-0.013716012
1734523567.128765821,1,3,-4.729845275,-5.401361198,-0.044588861
1734523567.128765821,1,4,-8.998146088,-0.405646110,0.032041760
1734523567.128765821,1,5,-0.869390917,4.650771277,0.037351321
1734523567.128765821,1,6,-8.220009539,-4.444203073,0.131617112
1734523567.128765821,1,7,-8.642209559,4.261736008,0.026050167
1734523567.128765821,1,8,-0.581914344,-4.291706316,-0.060994751
1734523567.128765821,1,9,-7.555252297,-0.267284603,0.025778038
1734523567.188765764,2,0,-4.891996378,1.148189523,0.097949492
1734523567.188765764,2,1,-5.818799506,-3.512366803,0.006014195
1734523567.188765764,2,2,1.669544759,2.132717518,2.000000000
1734523567.188765764,2,3,-9.875468044,2.321534332,-0.012755834
1734523567.188765764,2,4,-4.075029195,5.149424456,-0.029382419
1734523567.188765764,2,5,-1.244216281,-3.708603407,-0.029833785
1734523567.188765764,2,6,-7.886830464,5.557456130,-0.043332147
1734523567.188765764,2,7,0.516793672,4.063709448,0.054310378
1734523567.188765764,2,8,-9.581999429,-1.757433175,-0.033443408
1734523567.188765764,2,9,-2.895211722,9.711898715,-0.006725697
1734523567.248765707,3,0,-5.299949547,-0.822438551,-0.060077379
1734523567.248765707,3,1,-5.659402033,3.550730233,-0.021865026
1734523567.248765707,3,2,-10.349392873,-1.968682328,-0.102717470
1734523567.248765707,3,3,1.087691077,-2.453691391,2.000000000
1734523567.248765707,3,4,-4.047624260,-5.261501667,-0.057051710
1734523567.248765707,3,5,-9.969930312,2.027967770,-0.076075532
1734523567.248765707,3,6,-0.155867325,-3.828826702,-0.003308923
1734523567.248765707,3,7,-8.870967425,-5.700030212,0.019702237
1734523567.248765707,3,8,-1.362628366,3.611230254,0.008212657
1734523567.248765707,3,9,-2.900831584,-9.373685718,0.027254110
1734523567.318765879,4,0,-4.067164241,1.734320158,0.005802290
1734523567.318765879,4,1,-8.845568451,4.368563022,0.021351193
1734523567.318765879,4,2,-6.471539373,-2.850733078,0.013692873
1734523567.318765879,4,3,-1.529710676,6.616130380,0.041012103
1734523567.318765879,4,4,-5.929289875,-0.110247585,2.000000000
1734523567.318765879,4,5,-9.659838340,-0.450497383,-0.010046655
1734523567.318765879,4,6,1.471949648,3.675947677,-0.016312462
1734523567.318765879,4,7,-2.483840247,-4.271229967,-0.049315348
1734523567.318765879,4,8,-5.709082504,7.993331427,0.097326431
1734523567.318765879,4,9,4.258569290,-2.157863838,0.115909975
1734523567.378765821,5,0,-4.495607096,3.962149159,-0.010677626
1734523567.378765821,5,1,-4.781744006,-0.660865950,-0.028488446
1734523567.378765821,5,2,0.579603033,4.075266807,-0.064240041
1734523567.378765821,5,3,-10.912485667,4.568117729,0.106829714
1734523567.378765821,5,4,-4.950783549,8.772897517,-0.067966411
1734523567.378765821,5,5,-0.464501424,2.007329733,2.000000000
1734523567.378765821,5,6,-9.703368823,8.490826876,0.038301267
1734523567.378765821,5,7,0.369543936,8.403267584,-0.026574282
1734523567.378765821,5,8,-9.776299610,0.258928515,-0.094077455
1734523567.378765821,5,9,-2.874840503,6.731875581,-0.018951130
1734523567.438765764,6,0,-0.855492531,5.728948195,-0.015105834
1734523567.438765764,6,1,1.844839513,9.200504975,0.016801342
1734523567.438765764,6,2,-5.039628956,8.814143389,-0.046169654
1734523567.438765764,6,3,3.319103864,2.518697168,-0.098157849
1734523567.438765764,6,4,-3.277146088,2.159092096,0.091767536
1734523567.438765764,6,5,-2.084753117,11.622465338,-0.025056171
1734523567.438765764,6,6,0.613538063,-2.721401187,2.000000000
1734523567.438765764,6,7,-6.913901338,5.064833122,-0.160225917
1734523567.438765764,6,8,4.907371354,6.089893995,-0.013998624
1734523567.438765764,6,9,-6.207494351,-1.746360745,-0.017354693
1734523567.498765707,7,0,-3.768518732,-4.942572371,0.041791825
1734523567.498765707,7,1,-3.035806032,-9.423836893,0.035444301
1734523567.498765707,7,2,1.064363445,-4.062727577,0.002723899
1734523567.498765707,7,3,-8.959803128,-5.698518018,0.093401003
1734523567.498765707,7,4,-4.674972152,-0.599255508,-0.010061481
1734523567.498765707,7,5,1.542379923,-8.558460594,0.032648078
1734523567.498765707,7,6,-8.851008739,-1.787935544,0.051574117
1734523567.498765707,7,7,1.431605488,2.661847734,2.000000000
1734523567.498765707,7,8,-7.758840397,-10.075990992,-0.041071109
1734523567.498765707,7,9,-5.762664491,4.054835263,0.020657968
1734523567.558765650,8,0,-2.864106460,-4.753051201,-0.060477440
1734523567.558765650,8,1,-4.291486543,-0.734287538,-0.062768572
1734523567.558765650,8,2,-7.789624309,-7.040251222,-0.124357856
1734523567.558765650,8,3,2.083944886,-3.385564820,0.059815683
1734523567.558765650,8,4,-1.324580114,-9.044762370,0.011133593
1734523567.558765650,8,5,-8.291666063,-2.735175062,-0.020510699
1734523567.558765650,8,6,2.389255599,-7.692578176,-0.037740164
1734523567.558765650,8,7,-5.926962717,-10.255637673,0.004066884
1734523567.558765650,8,8,0.915239544,-2.384784677,2.000000000
1734523567.558765650,8,9,0.196640849,-7.429157078,0.010727676
1734523567.628765821,9,0,-8.472668987,3.348209630,0.045106085
1734523567.628765821,9,1,-7.930901150,3.195603953,-0.049343341
1734523567.628765821,9,2,-10.940259546,-1.568438366,-0.045235195
1734523567.628765821,9,3,-6.394830894,8.062184006,0.005367442
1734523567.628765821,9,4,-4.406789468,1.699480188,-0.010078070
1734523567.628765821,9,5,-8.002466085,0.551843490,0.054962393
1734523567.628765821,9,6,-3.286151618,5.632378507,0.012134225
1734523567.628765821,9,7,-6.625401031,-2.735566288,-0.093796329
1734523567.628765821,9,8,-2.436542712,1.881847741,-0.017168216
1734523567.628765821,9,9,-2.299652489,-0.186073688,2.000000000
1734523567.688765764,0,0,1.237836592,-0.221938564,2.000000000
1734523567.688765764,0,1,4.556450714,0.185598054,0.039724434
1734523567.688765764,0,2,-0.615141732,4.919588234,-0.239746349
1734523567.688765764,0,3,0.196809754,-5.182578786,-0.060035207
1734523567.688765764,0,4,-4.421747995,-0.493063697,-0.022563853
1734523567.688765764,0,5,3.530571580,4.733498308,0.034711553
1734523567.688765764,0,6,-3.561083418,-4.439223289,-0.067113239
1734523567.688765764,0,7,-4.392842550,4.269613528,-0.024532902
1734523567.688765764,0,8,4.197212506,-4.315302217,-0.026250030
1734523567.688765764,0,9,-8.833641194,-0.917799099,0.068158967
1734523567.748765707,1,0,-4.515671661,-0.085300594,-0.055414419
1734523567.748765707,1,1,-1.905127578,0.008865940,2.000000000
1734523567.748765707,1,2,-4.755023501,4.782136175,0.028369657
1734523567.748765707,1,3,-4.682207163,-5.439380276,-0.004672213
1734523567.748765707,1,4,-8.929976848,-0.485338335,-0.023002594
1734523567.748765707,1,5,-0.919087808,4.695154364,-0.005797087
1734523567.748765707,1,6,-8.448519101,-4.470495998,-0.013966943
1734523567.748765707,1,7,-8.501315857,4.336492632,-0.028679654
1734523567.748765707,1,8,-0.563701427,-4.304809089,-0.123914026
1734523567.748765707,1,9,-7.554999908,-0.381716362,-0.105639683
1734523567.818765879,2,0,-5.161937472,0.937980201,-0.080106460
1734523567.818765879,2,1,-5.676925655,-3.591212053,-0.025685428
1734523567.818765879,2,2,1.678502388,2.122186561,2.000000000
1734523567.818765879,2,3,-10.053660202,2.146567763,-0.075649650
1734523567.818765879,2,4,-4.215369177,5.080414704,0.030707212
1734523567.818765879,2,5,-1.233123992,-3.882025868,-0.026579031
1734523567.818765879,2,6,-7.937703800,5.383556984,-0.149169671
1734523567.818765879,2,7,0.765889782,4.104695619,-0.082045975
1734523567.818765879,2,8,-9.709199872,-2.040712120,-0.050141515
1734523567.818765879,2,9,-3.260392391,9.821808702,0.125358359
1734523567.878765821,3,0,-5.409672848,-0.638494940,0.100654822
1734523567.878765821,3,1,-5.550104838,3.654920346,-0.034863870
1734523567.878765821,3,2,-10.380498426,-1.827641214,-0.048543949
1734523567.878765821,3,3,1.075146471,-2.471181986,2.000000000
1734523567.878765821,3,4,-4.331663576,-5.221953965,-0.008751441
1734523567.878765821,3,5,-10.069981242,2.357082026,-0.009966289
1734523567.878765821,3,6,-0.233888828,-3.873670269,0.009760315
1734523567.878765821,3,7,-9.127765847,-5.616043610,-0.038540856
1734523567.878765821,3,8,-1.269977684,3.606935479,0.026350006
1734523567.878765821,3,9,-3.108508624,-9.447777654,-0.065751960
1734523567.948765755,4,0,-3.910668881,1.603895598,0.070236158
1734523567.948765755,4,1,-8.596005623,4.183343627,-0.020824905
1734523567.948765755,4,2,-6.329409054,-2.911430454,-0.006973235
1734523567.948765755,4,3,-1.561825082,6.270898805,0.013761759
1734523567.948765755,4,4,-5.925890307,-0.118960758,2.000000000
1734523567.948765755,4,5,-9.764630799,-0.556706500,0.010056556
1734523567.948765755,4,6,1.429338055,3.890736530,-0.011322718
1734523567.948765755,4,7,-2.459850862,-4.367595317,-0.015640669
1734523567.948765755,4,8,-5.837506951,7.684668476,0.120924465
1734523567.948765755,4,9,4.311844251,-1.978331223,0.163660385
1734523568.008765697,5,0,-4.448002051,4.208858418,0.008205549
1734523568.008765697,5,1,-5.074126272,-0.476990899,0.068746213
1734523568.008765697,5,2,0.750512307,4.044940964,0.128811068
1734523568.008765697,5,3,-10.844922306,5.033947855,0.050505785
1734523568.008765697,5,4,-4.612350224,9.247686950,-0.070826782
1734523568.008765697,5,5,-0.611413052,1.941187010,2.000000000
1734523568.008765697,5,6,-9.340929077,9.166939599,-0.116297323
1734523568.008765697,5,7,0.671981409,8.545691316,-0.099879644
1734523568.008765697,5,8,-9.413137559,0.463153231,-0.052032229
1734523568.008765697,5,9,-2.235061672,6.824197360,0.119611364
1734523568.068765879,6,0,-0.812282921,5.643909566,-0.010119851
1734523568.068765879,6,1,1.955903776,9.316713223,0.014825179
1734523568.068765879,6,2,-4.893765932,8.633534203,0.031118116
1734523568.068765879,6,3,3.359322190,2.455145029,-0.013177071
1734523568.068765879,6,4,-3.449122768,2.132364998,0.075226279
1734523568.068765879,6,5,-2.089898096,11.439466529,-0.013524609
1734523568.068765879,6,6,0.771467101,-2.676374797,2.000000000
1734523568.068765879,6,7,-6.916209375,5.320552659,-0.104669162
1734523568.068765879,6,8,4.797002962,5.822043583,-0.077027740
1734523568.068765879,6,9,-6.218747230,-1.748126643,0.011047833
1734523568.128765821,7,0,-4.154679472,-4.877513944,0.019841906
1734523568.128765821,7,1,-3.555328968,-9.412202494,-0.008413526
1734523568.128765821,7,2,0.875799192,-3.834119318,0.002028141
1734523568.128765821,7,3,-9.274380525,-5.307871670,0.007117302
1734523568.128765821,7,4,-4.976764732,-0.366066011,0.008833869
1734523568.128765821,7,5,0.925422979,-8.269379322,-0.085821461
1734523568.128765821,7,6,-8.961304904,-1.252217330,0.005654275
1734523568.128765821,7,7,1.607930485,2.614303751,2.000000000
1734523568.128765821,7,8,-8.334368635,-9.741001024,-0.030447406
1734523568.128765821,7,9,-5.593054995,4.392255516,0.011238133
1734523568.208765745,8,0,-3.056472878,-4.781359621,-0.023480183
1734523568.208765745,8,1,-4.412647462,-0.596388787,-0.191879824
1734523568.208765745,8,2,-7.934502942,-6.644357147,-0.026548415
1734523568.208765745,8,3,1.895837942,-3.440232031,-0.010336664
1734523568.208765745,8,4,-1.532700161,-8.968691376,0.003462254
1734523568.208765745,8,5,-8.403158912,-2.551237452,0.024913023
1734523568.208765745,8,6,2.258235217,-7.889895178,-0.022477684
1734523568.208765745,8,7,-6.115105892,-10.094714534,0.043714217
1734523568.208765745,8,8,0.855514528,-2.352964179,2.000000000
1734523568.208765745,8,9,0.140287525,-7.458489095,0.031739756
1734523568.268765688,9,0,-8.717000481,3.093937578,0.061021839
1734523568.268765688,9,1,-8.194161599,2.873142822,0.040512716
1734523568.268765688,9,2,-10.591990691,-1.899842014,-0.075370208
1734523568.268765688,9,3,-6.633578352,7.540589196,-0.010469243
1734523568.268765688,9,4,-4.333856085,1.503100230,-0.043532814
1734523568.268765688,9,5,-7.817247880,0.045502423,-0.007972559
1734523568.268765688,9,6,-3.664796113,5.632456181,-0.062532115
1734523568.268765688,9,7,-6.491629726,-2.991739099,-0.077666450
1734523568.268765688,9,8,-2.548027947,2.070933192,-0.056731778
1734523568.268765688,9,9,-2.186263373,-0.191205688,2.000000000
1734523568.328765869,0,0,1.277216746,-0.229117671,2.000000000
1734523568.328765869,0,1,4.669738470,0.326539457,-0.086263130
1734523568.328765869,0,2,-0.496962617,5.285079582,-0.202402769
1734523568.328765869,0,3,0.245228610,-5.232349390,0.109233770
1734523568.328765869,0,4,-4.336654744,-0.497039040,-0.020813248
1734523568.328765869,0,5,3.405798557,4.706129948,-0.001089999
1734523568.328765869,0,6,-3.625602800,-4.359538996,-0.033812283
1734523568.328765869,0,7,-4.501771373,4.323472252,-0.045503464
1734523568.328765869,0,8,4.036440197,-4.181736606,-0.017453446
1734523568.328765869,0,9,-8.719541873,-1.015323860,-0.047452204
1734523568.398765802,1,0,-4.555546120,0.066874324,0.017745006
1734523568.398765802,1,1,-2.120667094,0.009152743,2.000000000
1734523568.398765802,1,2,-4.857183668,5.004003547,0.019922779
1734523568.398765802,1,3,-4.598972337,-5.300122093,-0.019289181
1734523568.398765802,1,4,-8.997587115,-0.474935852,-0.059143064
1734523568.398765802,1,5,-0.832399011,4.795586107,-0.020045980
1734523568.398765802,1,6,-8.276700519,-4.335592444,-0.101573387
1734523568.398765802,1,7,-8.683691587,4.383199597,0.023457499
1734523568.398765802,1,8,-0.819429844,-4.607891313,-0.136359026
1734523568.398765802,1,9,-7.546057926,-0.285508116,-0.113408479
1734523568.458765745,2,0,-5.292289901,0.680202247,-0.054635146
1734523568.458765745,2,1,-5.655143040,-3.739689838,-0.011488553
1734523568.458765745,2,2,1.684425898,2.115069728,2.000000000
1734523568.458765745,2,3,-10.112826231,1.949078994,0.092355707
1734523568.458765745,2,4,-4.288483588,4.917169679,-0.006716215
1734523568.458765745,2,5,-1.243435349,-3.942035952,0.149463819
1734523568.458765745,2,6,-7.972783031,5.047503286,-0.030873455
1734523568.458765745,2,7,0.402050945,4.220550229,-0.019049327
1734523568.458765745,2,8,-9.415462982,-2.196410768,-0.027714961
1734523568.458765745,2,9,-3.559290662,9.672075527,0.103347801
1734523568.518765688,3,0,-5.210479749,-0.466671348,0.067877875
1734523568.518765688,3,1,-5.569789522,3.913102064,-0.030444195
1734523568.518765688,3,2,-10.391574540,-1.482025084,-0.041783644
1734523568.518765688,3,3,1.060150833,-2.492212589,2.000000000
1734523568.518765688,3,4,-4.457117402,-5.085430540,0.124292160
1734523568.518765688,3,5,-10.002576898,2.555995506,0.030915384
1734523568.518765688,3,6,-0.334847797,-3.966111851,0.011840963
1734523568.518765688,3,7,-9.366227809,-5.477192735,0.026692763
1734523568.518765688,3,8,-1.266953827,3.848633646,-0.004868860
1734523568.518765688,3,9,-3.405316892,-9.540353145,-0.046109773
1734523568.578765869,4,0,-4.170573554,1.593814991,0.095017650
1734523568.578765869,4,1,-8.802715831,3.927631665,0.116088554
1734523568.578765869,4,2,-6.339500652,-2.987325220,-0.033634295
1734523568.578765869,4,3,-1.644451607,6.340191658,0.001584778
1734523568.578765869,4,4,-5.921651858,-0.128979403,2.000000000
1734523568.578765869,4,5,-9.733173576,-0.891872989,-0.002102138
1734523568.578765869,4,6,1.385021597,3.877763111,-0.012575322
1734523568.578765869,4,7,-2.364075724,-4.465133550,-0.006437276
1734523568.578765869,4,8,-5.953443497,7.704179898,0.041615523
1734523568.578765869,4,9,4.424613105,-1.950329710,0.087577655
1734523568.648765802,5,0,-4.307095541,4.609322483,0.052271423
1734523568.648765802,5,1,-5.231125161,-0.234116619,0.093474403
1734523568.648765802,5,2,0.895600470,4.041307492,0.210743182
1734523568.648765802,5,3,-10.845668212,5.857692964,-0.049824275
1734523568.648765802,5,4,-4.034140804,9.412088436,0.065420785
1734523568.648765802,5,5,-0.757203020,1.875547244,2.000000000
1734523568.648765802,5,6,-8.544545159,9.260169421,-0.139184355
1734523568.648765802,5,7,1.251884917,8.511994573,-0.100623020
1734523568.648765802,5,8,-9.089971091,0.942349035,-0.036997106
1734523568.648765802,5,9,-1.899936724,7.072573325,0.054189872
1734523568.708765745,6,0,-0.825313356,5.790347965,-0.038472889
1734523568.708765745,6,1,1.944415389,9.252209764,0.089671038
1734523568.708765745,6,2,-4.832367252,8.580212962,-0.050057934
1734523568.708765745,6,3,3.313470007,2.538549023,0.088849815
1734523568.708765745,6,4,-3.398071855,2.274380182,0.006424652
1734523568.708765745,6,5,-2.025659613,11.539834171,-0.010463051
1734523568.708765745,6,6,0.931952884,-2.630369970,2.000000000
1734523568.708765745,6,7,-6.887215373,5.368413191,0.076090151
1734523568.708765745,6,8,4.889311211,5.944755696,-0.113091691
1734523568.708765745,6,9,-6.375532882,-1.725186555,-0.061551652
1734523568.768765688,7,0,-4.517334257,-4.666499144,-0.066841949
1734523568.768765688,7,1,-4.066250824,-9.381610969,-0.078498656
1734523568.768765688,7,2,0.629889118,-4.119871384,-0.074921656
1734523568.768765688,7,3,-9.720007331,-4.826454780,-0.068990328
1734523568.768765688,7,4,-5.066827854,-0.105181729,-0.075025644
1734523568.768765688,7,5,0.533948920,-8.120067288,0.038700193
1734523568.768765688,7,6,-9.306249080,-0.812293188,0.056524097
1734523568.768765688,7,7,1.788064388,2.565652288,2.000000000
1734523568.768765688,7,8,-8.907240473,-9.223947774,-0.056401890
1734523568.768765688,7,9,-5.335921549,4.696586438,-0.044068835
1734523568.838765860,8,0,-3.266964939,-4.842425627,0.041009298
1734523568.838765860,8,1,-4.469535226,-0.562195956,0.072922447
1734523568.838765860,8,2,-8.291728808,-6.624994498,0.021219642
1734523568.838765860,8,3,1.895949299,-3.423087350,0.045907942
1734523568.838765860,8,4,-1.843347624,-9.158814984,0.021951842
1734523568.838765860,8,5,-8.465864529,-2.496264993,-0.070036545
1734523568.838765860,8,6,2.052271657,-7.947388059,-0.046186605
1734523568.838765860,8,7,-6.398056010,-9.837114097,-0.080860753
1734523568.838765860,8,8,0.795641429,-2.321076053,2.000000000
1734523568.838765860,8,9,0.012951415,-7.371204147,0.002706832
1734523568.898765802,9,0,-9.278010045,2.563862110,0.031778875
1734523568.898765802,9,1,-8.289450755,2.383829005,0.006173764
1734523568.898765802,9,2,-10.554845117,-2.587700363,-0.051806263
1734523568.898765802,9,3,-7.075155006,7.264172940,-0.014195559
1734523568.898765802,9,4,-4.490693495,1.249964538,-0.004416641
1734523568.898765802,9,5,-7.912493567,-0.230601958,-0.039244269
1734523568.898765802,9,6,-3.860459262,5.579784483,-0.030599169
1734523568.898765802,9,7,-6.402577870,-3.380882390,0.019877656
1734523568.898765802,9,8,-2.809837799,1.963317748,-0.092767983
1734523568.898765802,9,9,-2.076716535,-0.196258510,2.000000000
1734523568.968765736,0,0,1.316875317,-0.236345323,2.000000000
1734523568.968765736,0,1,4.503219454,0.339892510,-0.160998179
1734523568.968765736,0,2,-0.562219011,4.946697536,-0.124775422
1734523568.968765736,0,3,0.114643025,-5.152275400,-0.028009109
1734523568.968765736,0,4,-4.419251177,-0.562799101,0.024785644
1734523568.968765736,0,5,3.472490556,4.756866006,0.048787783
1734523568.968765736,0,6,-3.567056628,-4.403773484,0.086754007
1734523568.968765736,0,7,-4.442619060,4.310503443,0.011149582
1734523568.968765736,0,8,3.995839799,-4.148518064,0.042148092
1734523568.968765736,0,9,-8.817059091,-0.900679400,-0.076179239
1734523569.038765669,1,0,-4.521152216,0.029897414,-0.051134201
1734523569.038765669,1,1,-2.339916127,0.009452684,2.000000000
1734523569.038765669,1,2,-4.822644546,4.978537531,-0.008626435
1734523569.038765669,1,3,-4.628023525,-5.367749374,-0.033654596
1734523569.038765669,1,4,-9.095478388,-0.436937583,0.008077677
1734523569.038765669,1,5,-0.814329786,4.606367026,0.107156375
1734523569.038765669,1,6,-8.351809929,-4.288692897,-0.188782849
1734523569.038765669,1,7,-8.722579215,4.391129698,-0.071290187
1734523569.038765669,1,8,-0.695844641,-4.438781400,-0.230966117
1734523569.038765669,1,9,-7.551593695,-0.366548001,-0.102317747
1734523569.098765850,2,0,-5.126634993,0.613087585,-0.162300257
1734523569.098765850,2,1,-5.531359398,-3.832461319,0.004135302
1734523569.098765850,2,2,1.686293775,2.112798790,2.000000000
1734523569.098765850,2,3,-10.177562445,1.671537440,-0.047587929
1734523569.098765850,2,4,-4.511889685,4.935165180,0.007083130
1734523569.098765850,2,5,-1.036597122,-3.933929872,0.019687921
1734523569.098765850,2,6,-8.269180646,4.913045602,0.024309146
1734523569.098765850,2,7,0.169336228,4.069645118,0.043337117
1734523569.098765850,2,8,-9.942504238,-2.408568366,-0.022369621
1734523569.098765850,2,9,-3.970282105,9.780841178,-0.025186187
1734523569.158765793,3,0,-5.143006088,-0.498728415,0.015840168
1734523569.158765793,3,1,-5.594510255,4.076315992,0.029538579
1734523569.158765793,3,2,-10.615725180,-1.221562615,-0.065104494
1734523569.158765793,3,3,1.042950772,-2.516457137,2.000000000
1734523569.158765793,3,4,-4.528926149,-4.947759219,0.053288162
1734523569.158765793,3,5,-9.981597358,2.726991119,0.031008663
1734523569.158765793,3,6,-0.462884768,-3.921294429,0.008804589
1734523569.158765793,3,7,-9.663971044,-5.308145758,-0.094471262
1734523569.158765793,3,8,-1.160606693,3.763132770,-0.030175671
1734523569.158765793,3,9,-3.646987509,-9.474778933,-0.062865162
1734523569.228765726,4,0,-4.053474038,1.584502059,-0.033617586
1734523569.228765726,4,1,-8.899507056,3.836560280,0.124754318
1734523569.228765726,4,2,-6.320649445,-3.121997026,0.000595229
1734523569.228765726,4,3,-1.806248170,6.553272066,-0.014536747
1734523569.228765726,4,4,-5.916082742,-0.141981495,2.000000000
1734523569.228765726,4,5,-9.845155875,-0.977995419,0.129597640
1734523569.228765726,4,6,1.247478743,3.727666784,0.003040572
1734523569.228765726,4,7,-2.372119228,-4.499016754,0.105196183
1734523569.228765726,4,8,-5.971275188,7.537172329,-0.018058138
1734523569.228765726,4,9,4.656319186,-1.941709662,0.147884206
1734523569.288765669,5,0,-4.076566332,4.699770734,-0.030997094
1734523569.288765669,5,1,-5.214934922,-0.213539745,-0.058588759
1734523569.288765669,5,2,1.023981878,4.127577231,0.323347412
1734523569.288765669,5,3,-9.669691315,5.765668224,-0.021260797
1734523569.288765669,5,4,-3.552684495,9.371670184,0.036452374
1734523569.288765669,5,5,-0.901481688,1.810562758,2.000000000
1734523569.288765669,5,6,-8.217524121,9.772285775,0.045971357
1734523569.288765669,5,7,1.534248537,8.486676422,-0.068593847
1734523569.288765669,5,8,-9.165206362,1.361330620,0.023258941
1734523569.288765669,5,9,-1.664570869,7.354240914,-0.065998741
1734523569.358765841,6,0,-0.864511013,5.955920751,0.004852276
1734523569.358765841,6,1,2.055827762,9.364420096,0.073766617
1734523569.358765841,6,2,-4.785471898,8.565852582,-0.058810451
1734523569.358765841,6,3,3.401496732,2.533750316,-0.022172253
1734523569.358765841,6,4,-3.454206092,2.225020596,-0.050226826
1734523569.358765841,6,5,-1.981842074,11.593621451,0.006988221
1734523569.358765841,6,6,1.094926087,-2.583380061,2.000000000
1734523569.358765841,6,7,-6.933349071,5.278102883,-0.069096733
1734523569.358765841,6,8,4.913993908,5.768489894,-0.078084535
1734523569.358765841,6,9,-6.260813004,-1.709629963,-0.035130553
1734523569.418765783,7,0,-4.898848996,-4.546170533,0.004372382
1734523569.418765783,7,1,-4.668993269,-9.308806362,0.028387342
1734523569.418765783,7,2,0.507045131,-4.233658403,-0.076445909
1734523569.418765783,7,3,-10.295705714,-4.422608006,0.002716231
1734523569.418765783,7,4,-4.853380018,0.193159119,0.007749790
1734523569.418765783,7,5,0.047363546,-8.277894640,-0.078424492
1734523569.418765783,7,6,-9.313664793,-0.360773591,0.010469712
1734523569.418765783,7,7,1.972942058,2.515622271,2.000000000
1734523569.418765783,7,8,-9.502587089,-9.023009730,-0.056401890
1734523569.418765783,7,9,-5.167666359,5.037559693,-0.039439788
1734523569.478765726,8,0,-3.454343361,-4.768253421,-0.005430794
1734523569.478765726,8,1,-4.417736012,-0.405349339,0.072723732
1734523569.478765726,8,2,-8.547540506,-6.322649072,-0.000287014
1734523569.478765726,8,3,1.812239910,-3.390160005,0.031050418
1734523569.478765726,8,4,-2.112361805,-9.174933695,-0.043378799
1734523569.478765726,8,5,-8.690853286,-2.011222107,0.037429439
1734523569.478765726,8,6,1.810005455,-7.713286746,-0.012773828
1734523569.478765726,8,7,-6.616913530,-9.572588514,-0.096432940
1734523569.478765726,8,8,0.735407648,-2.289027840,2.000000000
1734523569.478765726,8,9,-0.213770817,-7.190077357,0.066476866
1734523569.538765669,9,0,-9.039093888,1.987322902,-0.043346835
1734523569.538765669,9,1,-8.301728848,1.909952496,-0.093021357
1734523569.538765669,9,2,-10.205297815,-3.097238956,0.008034400
1734523569.538765669,9,3,-7.632714402,7.120130603,-0.021426354
1734523569.538765669,9,4,-4.475354877,1.084458161,-0.003825993
1734523569.538765669,9,5,-7.797410600,-0.645007324,-0.000591459
1734523569.538765669,9,6,-4.144334507,5.109990126,-0.102792451
1734523569.538765669,9,7,-6.282636506,-3.749610948,-0.073561707
1734523569.538765669,9,8,-3.081477155,1.887639217,0.033847915
1734523569.538765669,9,9,-1.972636393,-0.201228614,2.000000000
1734523569.608765841,0,0,1.356904620,-0.243638022,2.000000000
1734523569.608765841,0,1,4.418573386,0.356122776,0.029921304
1734523569.608765841,0,2,-0.674484281,5.044440004,-0.275330489
1734523569.608765841,0,3,0.153568619,-5.149242620,0.009508079
1734523569.608765841,0,4,-4.443574353,-0.527501365,-0.004965382
1734523569.608765841,0,5,3.542144905,4.887037147,-0.018785661
1734523569.608765841,0,6,-3.488759110,-4.495960361,0.198470849
1734523569.608765841,0,7,-4.419047397,4.305145160,-0.014274546
1734523569.608765841,0,8,4.086573643,-4.232823526,-0.000431892
1734523569.608765841,0,9,-8.833864947,-0.967840819,-0.111812703
1734523569.668765783,1,0,-4.439044490,0.094275004,-0.007465871
1734523569.668765783,1,1,-2.562813733,0.009758346,2.000000000
1734523569.668765783,1,2,-4.864110809,5.046109338,-0.003384483
1734523569.668765783,1,3,-4.622430820,-5.384041092,0.001467070
1734523569.668765783,1,4,-9.099261431,-0.534416222,-0.029169918
1734523569.668765783,1,5,-0.838577198,4.629599402,-0.056598640
1734523569.668765783,1,6,-8.428337143,-4.365886531,-0.162140003
1734523569.668765783,1,7,-8.832636592,4.505179470,0.015070448
1734523569.668765783,1,8,-0.801230680,-4.539830136,-0.200783341
1734523569.668765783,1,9,-7.536178066,-0.376133068,0.025610603
1734523569.728765726,2,0,-5.166967811,0.456980779,-0.170827934
1734523569.728765726,2,1,-5.539134895,-4.013624975,-0.034241817
1734523569.728765726,2,2,1.685180539,2.114107601,2.000000000
1734523569.728765726,2,3,-10.143552697,1.242384865,0.013451423
1734523569.728765726,2,4,-4.634134552,4.837668592,-0.062146918
1734523569.728765726,2,5,-0.976877906,-3.962945577,-0.014649978
1734523569.728765726,2,6,-8.395217082,4.684947324,-0.022097068
1734523569.728765726,2,7,0.160659414,3.906360026,0.059002483
1734523569.728765726,2,8,-9.949560303,-2.472992309,-0.126439367
1734523569.728765726,2,9,-4.342230763,9.944499626,0.016813019
1734523569.788765669,3,0,-5.022307718,-0.343159167,-0.095498330
1734523569.788765669,3,1,-5.617844436,4.268328360,-0.032681304
1734523569.788765669,3,2,-10.617970514,-1.097611821,-0.103580732
1734523569.788765669,3,3,1.023938934,-2.543378972,2.000000000
1734523569.788765669,3,4,-4.652014632,-5.068936642,-0.019167252
1734523569.788765669,3,5,-9.755757501,2.835663129,0.017035679
1734523569.788765669,3,6,-0.571212235,-3.826253514,-0.016653346
1734523569.788765669,3,7,-9.831557537,-5.254144109,-0.055418268
1734523569.788765669,3,8,-1.043622841,3.696863144,0.004930310
1734523569.788765669,3,9,-3.881024749,-9.468906631,-0.071753980
1734523569.858765841,4,0,-4.025287772,1.621663434,-0.071859554
1734523569.858765841,4,1,-9.076466576,3.856964246,0.123024115
1734523569.858765841,4,2,-6.004392811,-3.031889156,0.040199702
1734523569.858765841,4,3,-1.785683134,6.415111966,0.015911953
1734523569.858765841,4,4,-5.908871801,-0.158732596,2.000000000
1734523569.858765841,4,5,-9.704274653,-1.125134299,0.011858080
1734523569.858765841,4,6,1.230113809,3.791124591,-0.023233737
1734523569.858765841,4,7,-2.340940020,-4.626700073,-0.063323517
1734523569.858765841,4,8,-5.994900394,7.538961315,-0.058515201
1734523569.858765841,4,9,4.717828405,-1.977131700,-0.062676055
1734523569.918765783,5,0,-3.874985729,4.881226551,-0.017460620
1734523569.918765783,5,1,-4.830383488,0.226864951,-0.041552824
1734523569.918765783,5,2,1.399239513,3.863645713,0.170414318
1734523569.918765783,5,3,-9.596466280,6.226532261,0.069484573
1734523569.918765783,5,4,-3.137204999,9.401676352,0.037903632
1734523569.918765783,5,5,-1.043375749,1.746519663,2.000000000
1734523569.918765783,5,6,-7.778677022,10.254532522,0.121267249
1734523569.918765783,5,7,1.864185925,8.295991365,-0.079302478
1734523569.918765783,5,8,-9.428849401,1.819892899,-0.030683530
1734523569.918765783,5,9,-1.274537508,7.518567543,-0.128262904
1734523569.988765717,6,0,-0.823175002,5.963438885,-0.001029225
1734523569.988765717,6,1,2.045530051,9.281751548,0.006362464
1734523569.988765717,6,2,-4.950302564,8.667320423,-0.055621291
1734523569.988765717,6,3,3.313161150,2.606285297,0.011173619
1734523569.988765717,6,4,-3.320711467,2.098205037,-0.001954185
1734523569.988765717,6,5,-2.152184543,11.722095946,0.026927729
1734523569.988765717,6,6,1.260243826,-2.535469150,2.000000000
1734523569.988765717,6,7,-7.342248504,5.464490003,-0.115764431
1734523569.988765717,6,8,4.928466398,6.007473246,-0.095679667
1734523569.988765717,6,9,-6.271580156,-1.698331422,-0.010774986
1734523570.048765659,7,0,-5.256984110,-4.429441632,-0.004031229
1734523570.048765659,7,1,-5.101284165,-8.844676214,0.026597626
1734523570.048765659,7,2,0.295863240,-4.187927392,0.044371126
1734523570.048765659,7,3,-10.726787059,-3.978630684,0.068268935
1734523570.048765659,7,4,-4.977014695,0.577495424,0.039049774
1734523570.048765659,7,5,-0.297945080,-8.267591565,0.068394992
1734523570.048765659,7,6,-9.366777482,0.108161862,0.035298850
1734523570.048765659,7,7,2.162637004,2.464044400,2.000000000
1734523570.048765659,7,8,-9.950671507,-8.126685413,0.039098123
1734523570.048765659,7,9,-4.863882452,5.273559918,-0.010426700
1734523570.108765841,8,0,-3.473426122,-4.548884333,0.017187058
1734523570.108765841,8,1,-4.539010654,-0.372942274,0.027607689
1734523570.108765841,8,2,-8.575999261,-6.171349112,0.031935746
1734523570.108765841,8,3,1.786261910,-3.526668928,0.181788844
1734523570.108765841,8,4,-2.255878700,-9.037386338,0.016434463
1734523570.108765841,8,5,-8.663064130,-1.878621031,-0.056003956
1734523570.108765841,8,6,1.636218359,-7.767301045,0.027432977
1734523570.108765841,8,7,-6.737864588,-9.337104041,-0.025466548
1734523570.108765841,8,8,0.675539368,-2.257145759,2.000000000
1734523570.108765841,8,9,-0.531363082,-7.019270515,-0.064986960
1734523570.178765774,9,0,-9.236694324,1.626710587,-0.034622123
1734523570.178765774,9,1,-8.578138575,1.736136337,-0.119226295
1734523570.178765774,9,2,-10.197043553,-3.607333518,-0.050409838
1734523570.178765774,9,3,-8.176515886,6.990833531,-0.049320285
1734523570.178765774,9,4,-4.494890022,0.814560001,0.078380723
1734523570.178765774,9,5,-7.699178584,-1.069523098,0.045237673
1734523570.178765774,9,6,-4.445532870,5.016037079,0.040838315
1734523570.178765774,9,7,-6.133548105,-4.049751275,-0.081336944
1734523570.178765774,9,8,-3.405401590,1.782323923,0.048048278
1734523570.178765774,9,9,-1.876030422,-0.205964559,2.000000000
1734523570.238765717,0,0,1.397148700,-0.250965658,2.000000000
1734523570.238765717,0,1,4.475104791,0.356105502,-0.108596263
1734523570.238765717,0,2,-0.473666879,5.256509879,-0.063139190
1734523570.238765717,0,3,0.209032500,-5.133987760,-0.055652230
1734523570.238765717,0,4,-4.536296208,-0.571437046,0.023676207
1734523570.238765717,0,5,3.555931734,4.955351239,0.012906712
1734523570.238765717,0,6,-3.638230960,-4.422133869,-0.034013709
1734523570.238765717,0,7,-4.376378074,4.301733835,-0.011905723
1734523570.238765717,0,8,4.157258122,-4.197893870,0.017108228
1734523570.238765717,0,9,-8.895467608,-1.033189598,0.011358330
1734523570.298765659,1,0,-4.564900455,-0.023397052,0.032563141
1734523570.298765659,1,1,-2.789192731,0.010069587,2.000000000
1734523570.298765659,1,2,-4.819421393,4.923462493,-0.048365049
1734523570.298765659,1,3,-4.579238378,-5.367112900,0.015184268
1734523570.298765659,1,4,-9.152116685,-0.642852463,-0.038651512
1734523570.298765659,1,5,-0.780973390,4.504735565,-0.093666286
1734523570.298765659,1,6,-8.615399822,-4.459535792,-0.153799706
1734523570.298765659,1,7,-8.896690699,4.536230511,0.041305535
1734523570.298765659,1,8,-0.591543109,-4.439574088,-0.137370505
1734523570.298765659,1,9,-7.543811590,-0.366676951,0.072556496
1734523570.358765841,2,0,-5.228803556,0.295805801,-0.044053568
1734523570.358765841,2,1,-5.483070522,-4.143733225,-0.015286020
1734523570.358765841,2,2,1.682789409,2.117121725,2.000000000
1734523570.358765841,2,3,-10.511804082,1.079548750,0.024954441
1734523570.358765841,2,4,-4.822599127,4.757771997,-0.004284580
1734523570.358765841,2,5,-0.902834798,-3.926463593,-0.010359890
1734523570.358765841,2,6,-8.579398163,4.574932561,-0.031412073
1734523570.358765841,2,7,0.085702789,3.836153584,-0.052662541
1734523570.358765841,2,8,-9.991846918,-2.817162336,0.010236816
1734523570.358765841,2,9,-4.610525755,9.767755764,-0.042149442
1734523570.418765783,3,0,-5.131344547,-0.028647890,-0.096476741
1734523570.418765783,3,1,-5.651677894,4.468511559,-0.033963702
1734523570.418765783,3,2,-10.784324881,-0.929701145,0.045500599
1734523570.418765783,3,3,1.003228962,-2.572818842,2.000000000
1734523570.418765783,3,4,-4.903884515,-4.883998386,0.186572325
1734523570.418765783,3,5,-10.210750365,3.197271743,-0.003723060
1734523570.418765783,3,6,-0.644221904,-3.837089409,0.017965467
1734523570.418765783,3,7,-9.910513743,-4.975706396,0.133042484
1734523570.418765783,3,8,-1.070280909,3.811432186,-0.063492360
1734523570.418765783,3,9,-4.056976188,-9.411735300,-0.075009899
1734523570.488765717,4,0,-4.095220344,1.552854892,-0.108111231
1734523570.488765717,4,1,-8.758520300,3.791159546,0.135647212
1734523570.488765717,4,2,-5.958347785,-2.976472128,0.027031870
1734523570.488765717,4,3,-1.848663276,6.471447655,0.107052909
1734523570.488765717,4,4,-5.900651484,-0.177747310,2.000000000
1734523570.488765717,4,5,-9.819116341,-1.137657867,-0.048230769
1734523570.488765717,4,6,1.256624725,3.904001805,0.006614272
1734523570.488765717,4,7,-2.409036320,-4.567310873,-0.017043667
1734523570.488765717,4,8,-5.740069230,7.477564929,0.095662529
1734523570.488765717,4,9,4.967132634,-1.924996007,0.000412274
1734523570.548765659,5,0,-3.728687565,5.040388589,0.003529904
1734523570.548765659,5,1,-5.032869783,0.433497858,-0.067060372
1734523570.548765659,5,2,1.611003918,3.856755622,0.075116906
1734523570.548765659,5,3,-9.377589541,6.800856842,-0.150475083
1734523570.548765659,5,4,-2.791166000,9.617575226,0.127405661
1734523570.548765659,5,5,-1.182096240,1.683811418,2.000000000
1734523570.548765659,5,6,-6.889803327,10.256704471,0.045954803
1734523570.548765659,5,7,2.285627419,8.194664271,-0.002959003
1734523570.548765659,5,8,-9.302754261,2.386131693,0.014257055
1734523570.548765659,5,9,-0.881814772,7.825902070,-0.017764667
1734523570.608765841,6,0,-0.845036042,5.960118493,-0.031062411
1734523570.608765841,6,1,2.171115748,9.366736895,0.036521816
1734523570.608765841,6,2,-4.892772571,8.678327781,-0.042497279
1734523570.608765841,6,3,3.283064441,2.523583222,0.040016329
1734523570.608765841,6,4,-3.375306788,2.066113950,0.283982675
1734523570.608765841,6,5,-2.156650848,11.728749443,-0.078582261
1734523570.608765841,6,6,1.426985639,-2.486915613,2.000000000
1734523570.608765841,6,7,-7.254897164,5.539086352,-0.086786052
1734523570.608765841,6,8,4.977676006,5.679266832,-0.105268501
1734523570.608765841,6,9,-6.215655862,-1.721090011,0.014059676
1734523570.678765774,7,0,-5.066247808,-3.792988771,-0.026733724
1734523570.678765774,7,1,-5.642172804,-8.745260970,0.015671281
1734523570.678765774,7,2,0.139734045,-4.058096604,0.069939604
1734523570.678765774,7,3,-11.054792954,-3.251867796,0.043913865
1734523570.678765774,7,4,-4.796769484,0.686628003,0.028388854
1734523570.678765774,7,5,-0.686054243,-8.259038684,0.072721968
1734523570.678765774,7,6,-9.391709522,0.616549828,0.004567888
1734523570.678765774,7,7,2.357545540,2.410649041,2.000000000
1734523570.678765774,7,8,-10.248183384,-7.373308787,0.083765830
1734523570.678765774,7,9,-4.753709627,5.680517357,-0.022862476
1734523570.738765717,8,0,-3.633342289,-4.505406059,0.043070757
1734523570.738765717,8,1,-4.476303724,0.005121476,0.050364584
1734523570.738765717,8,2,-8.731909393,-5.937844256,0.034801541
1734523570.738765717,8,3,1.738114441,-3.598280734,0.099452400
1734523570.738765717,8,4,-2.505748850,-8.842869673,-0.011833776
1734523570.738765717,8,5,-8.963571186,-1.798686290,-0.002101681
1734523570.738765717,8,6,1.310554842,-7.570585038,-0.000814326
1734523570.738765717,8,7,-6.922224649,-8.966673994,0.067611728
1734523570.738765717,8,8,0.617529539,-2.226205210,2.000000000
1734523570.738765717,8,9,-0.695411001,-7.057959965,-0.064986960
1734523570.798765659,9,0,-9.393485591,1.222884198,-0.037902628
1734523570.798765659,9,1,-8.236683676,1.099133393,-0.099509814
1734523570.798765659,9,2,-10.247367706,-4.178969537,-0.080221519
1734523570.798765659,9,3,-8.513286780,6.724086638,-0.036470582
1734523570.798765659,9,4,-4.650919106,0.635179442,0.077655830
1734523570.798765659,9,5,-7.745475527,-1.361162837,0.051107069
1734523570.798765659,9,6,-4.704045282,4.665017089,0.117107536
1734523570.798765659,9,7,-6.069859532,-4.339496161,-0.019483244
1734523570.798765659,9,8,-3.648460628,1.811468841,0.091573680
1734523570.798765659,9,9,-1.784442864,-0.210561932,2.000000000
1734523570.868765831,0,0,1.437419619,-0.258297046,2.000000000
1734523570.868765831,0,1,4.677916573,0.412028407,-0.023943072
1734523570.868765831,0,2,-0.563524291,5.223452266,-0.015045179
1734523570.868765831,0,3,0.086431643,-5.155436229,-0.273305595
1734523570.868765831,0,4,-4.527702553,-0.541996632,0.013101276
1734523570.868765831,0,5,3.531111419,5.002492342,0.006612612
1734523570.868765831,0,6,-3.686600154,-4.517482611,0.042002571
1734523570.868765831,0,7,-4.396160888,4.309553614,-0.059938164
1734523570.868765831,0,8,4.146480936,-4.387603784,0.021351509
1734523570.868765831,0,9,-9.018169570,-0.988436898,0.006437895
1734523570.928765774,1,0,-4.685204113,-0.069757800,0.051320239
1734523570.928765774,1,1,-3.019079283,0.010384955,2.000000000
1734523570.928765774,1,2,-4.866010941,5.016704186,0.003501472
1734523570.928765774,1,3,-4.575834259,-5.347170260,-0.085228285
1734523570.928765774,1,4,-9.334778055,-0.444376442,0.032318745
1734523570.928765774,1,5,-0.812607395,4.641991933,-0.136772557
1734523570.928765774,1,6,-8.649983100,-4.534375701,0.064505561
1734523570.928765774,1,7,-8.931079655,4.573502246,0.116316195
1734523570.928765774,1,8,-0.835481473,-4.602937712,-0.104492146
1734523570.928765774,1,9,-7.526892932,-0.429273062,-0.016730771
1734523570.988765717,2,0,-5.202327145,0.216662568,-0.133712744
1734523570.988765717,2,1,-5.366303215,-4.407668237,0.013891254
1734523570.988765717,2,2,1.677314092,2.123994793,2.000000000
1734523570.988765717,2,3,-10.829451305,0.821791345,0.058142367
1734523570.988765717,2,4,-4.921313384,4.748120778,-0.045375543
1734523570.988765717,2,5,-0.848798093,-3.890480288,0.031559051
1734523570.988765717,2,6,-8.931980628,4.512599741,-0.010720411
1734523570.988765717,2,7,-0.032092934,3.844860844,-0.159241204
1734523570.988765717,2,8,-9.927359369,-3.057338641,-0.020872521
1734523570.988765717,2,9,-4.683830387,9.695471210,-0.053816247
1734523571.048765659,3,0,-5.349011726,-0.012404687,0.059133463
1734523571.048765659,3,1,-5.611987705,4.578544425,-0.028100305
1734523571.048765659,3,2,-10.717934736,-0.732554926,0.077246375
1734523571.048765659,3,3,0.980604393,-2.605140923,2.000000000
1734523571.048765659,3,4,-4.851407987,-4.680666091,0.114778809
1734523571.048765659,3,5,-10.139253359,3.405655973,0.018385450
1734523571.048765659,3,6,-0.783806539,-3.861916608,-0.005600116
1734523571.048765659,3,7,-10.119675984,-4.877673942,0.122617320
1734523571.048765659,3,8,-0.915728801,3.764575555,-0.019630584
1734523571.048765659,3,9,-4.236658214,-9.259929271,0.052125115
1734523571.118765831,4,0,-4.229724871,1.347815187,0.045230438
1734523571.118765831,4,1,-8.967253675,3.749076864,0.154732277
1734523571.118765831,4,2,-6.059558980,-3.106034271,-0.001135034
1734523571.118765831,4,3,-1.709407525,6.392121302,0.048267774
1734523571.118765831,4,4,-5.890838738,-0.200454551,2.000000000
1734523571.118765831,4,5,-9.967984108,-1.126690339,-0.000186488
1734523571.118765831,4,6,1.284301075,3.927760479,0.033598695
1734523571.118765831,4,7,-2.435183523,-4.722722792,-0.012535988
1734523571.118765831,4,8,-5.607143695,7.385134266,0.149941631
1734523571.118765831,4,9,4.807683962,-1.845904213,0.017878129
1734523571.178765774,5,0,-3.311552705,4.809601820,-0.050348275
1734523571.178765774,5,1,-5.112266183,0.414441129,-0.030086286
1734523571.178765774,5,2,1.726846728,3.970201237,0.007298954
1734523571.178765774,5,3,-9.317783846,7.213964641,-0.076228376
1734523571.178765774,5,4,-2.502159240,9.857975160,0.002646326
1734523571.178765774,5,5,-1.319185238,1.621785309,2.000000000
1734523571.178765774,5,6,-6.582895749,10.388063032,0.055095523
1734523571.178765774,5,7,2.609599673,8.377180420,-0.039984863
1734523571.178765774,5,8,-9.360153078,2.773989822,-0.019812543
1734523571.178765774,5,9,-0.562661861,8.125278372,-0.078114771
1734523571.238765717,6,0,-0.847166357,5.852017470,0.040144143
1734523571.238765717,6,1,2.079365671,9.373992212,-0.024140750
1734523571.238765717,6,2,-4.811254697,8.715284403,-0.076733729
1734523571.238765717,6,3,3.469464208,2.500338142,-0.003602564
1734523571.238765717,6,4,-3.584050518,2.195685231,0.280797172
1734523571.238765717,6,5,-2.043193737,11.859260752,-0.046031583
1734523571.238765717,6,6,1.594830431,-2.437825958,2.000000000
1734523571.238765717,6,7,-7.051458091,5.509340956,-0.046951924
1734523571.238765717,6,8,5.153896938,5.977692093,-0.058908259
1734523571.238765717,6,9,-6.272769571,-1.713941084,-0.021771123
1734523571.308765650,7,0,-5.354663111,-3.557928834,-0.174632087
1734523571.308765650,7,1,-6.107608482,-8.691469872,-0.096391744
1734523571.308765650,7,2,-0.041653330,-3.815793388,0.056230874
1734523571.308765650,7,3,-11.219711275,-2.839627868,-0.080339744
1734523571.308765650,7,4,-4.893939492,0.926266291,0.006468220
1734523571.308765650,7,5,-1.011929274,-8.273151718,-0.038132337
1734523571.308765650,7,6,-9.343583266,1.059159244,-0.014539966
1734523571.308765650,7,7,2.555736709,2.355815609,2.000000000
1734523571.308765650,7,8,-10.454048069,-6.789635914,-0.024760142
1734523571.308765650,7,9,-4.552512783,6.067937423,-0.015592427
1734523571.368765831,8,0,-3.751433515,-4.432510534,0.001922571
1734523571.368765831,8,1,-4.328571465,-0.057575719,0.040174818
1734523571.368765831,8,2,-8.825635931,-5.798775016,0.007809905
1734523571.368765831,8,3,1.568074670,-3.463939272,0.023824171
1734523571.368765831,8,4,-2.770842112,-8.929766341,-0.006405602
1734523571.368765831,8,5,-9.262527306,-1.594732433,0.098187457
1734523571.368765831,8,6,1.214474368,-7.617415879,-0.008518486
1734523571.368765831,8,7,-6.935733149,-8.720808691,-0.030746873
1734523571.368765831,8,8,0.561161537,-2.196094899,2.000000000
1734523571.368765831,8,9,-0.912161937,-7.124992340,-0.018545236
1734523571.428765774,9,0,-9.486407415,0.971351138,-0.046737642
1734523571.428765774,9,1,-8.452661119,0.823893355,-0.046115409
1734523571.428765774,9,2,-10.283769852,-4.592796311,-0.085995729
1734523571.428765774,9,3,-8.882617055,6.389441746,-0.061006269
1734523571.428765774,9,4,-4.721099893,0.468609151,-0.026406987
1734523571.428765774,9,5,-7.631956300,-1.774830013,0.007305313
1734523571.428765774,9,6,-4.733846272,4.503709384,0.023307841
1734523571.428765774,9,7,-5.774518377,-4.518446894,-0.070197383
1734523571.428765774,9,8,-3.953709722,1.813952939,0.087346702
1734523571.428765774,9,9,-1.699621928,-0.214966450,2.000000000
1734523571.498765707,0,0,1.477933243,-0.265672498,2.000000000
1734523571.498765707,0,1,4.672290111,0.449047569,-0.142605958
1734523571.498765707,0,2,-0.615008717,5.265497783,0.001714237
1734523571.498765707,0,3,0.189704561,-5.420231167,-0.229596427
1734523571.498765707,0,4,-4.466702561,-0.569373636,-0.031324307
1734523571.498765707,0,5,3.484393972,4.987241832,0.006045350
1734523571.498765707,0,6,-3.889078842,-4.633919131,0.000632695
1734523571.498765707,0,7,-4.454453657,4.460091480,-0.012032842
1734523571.498765707,0,8,4.030063087,-4.308772994,-0.000032320
1734523571.498765707,0,9,-9.026654295,-0.883542022,0.012791845
1734523571.558765650,1,0,-4.703139658,-0.108512668,-0.082182995
1734523571.558765650,1,1,-3.252651143,0.010714002,2.000000000
1734523571.558765650,1,2,-4.884490705,5.011163429,-0.017181885
1734523571.558765650,1,3,-4.679222434,-5.422613323,-0.041310906
1734523571.558765650,1,4,-9.567820034,-0.453969939,-0.010478549
1734523571.558765650,1,5,-0.890620673,4.720310145,-0.003320189
1734523571.558765650,1,6,-8.863033096,-4.672759476,-0.065517833
1734523571.558765650,1,7,-8.927003416,4.485186151,-0.029383545
1734523571.558765650,1,8,-0.737836438,-4.531211308,-0.060161098
1734523571.558765650,1,9,-7.534175507,-0.378260917,0.037536136
1734523571.618765831,2,0,-5.422370786,0.284287528,-0.065729518
1734523571.618765831,2,1,-5.448043392,-4.506759689,-0.019789409
1734523571.618765831,2,2,1.668924768,2.134509968,2.000000000
1734523571.618765831,2,3,-11.045098113,0.786420619,0.119591295
1734523571.618765831,2,4,-5.129362560,4.643984346,-0.005596518
1734523571.618765831,2,5,-0.775235058,-3.974122043,-0.026303428
1734523571.618765831,2,6,-9.119551548,4.479080680,-0.007766421
1734523571.618765831,2,7,-0.243712129,3.897747978,-0.047893607
1734523571.618765831,2,8,-9.998725639,-3.176187173,0.023197049
1734523571.618765831,2,9,-5.052090059,9.654670564,0.000090375
1734523571.688765764,3,0,-5.351342080,-0.031708615,0.044248689
1734523571.688765764,3,1,-5.622079666,4.743727580,-0.001174644
1734523571.688765764,3,2,-10.661401220,-0.576439471,0.004922199
1734523571.688765764,3,3,0.956971108,-2.639053366,2.000000000
1734523571.688765764,3,4,-4.865551103,-4.506181498,0.106816934
1734523571.688765764,3,5,-10.225237655,3.532067682,-0.015155542
1734523571.688765764,3,6,-0.818253018,-3.743485199,0.007724551
1734523571.688765764,3,7,-10.261042804,-4.637750726,0.091757899
1734523571.688765764,3,8,-1.034691597,3.768120404,-0.057584429
1734523571.688765764,3,9,-4.275726466,-9.178398106,0.024487391
1734523571.758765697,4,0,-4.152093227,1.374533616,-0.042809397
1734523571.758765697,4,1,-8.958385538,3.941308666,0.064501255
1734523571.758765697,4,2,-6.153605809,-3.088786151,-0.011677916
1734523571.758765697,4,3,-1.644288676,6.449796950,-0.019547793
1734523571.758765697,4,4,-5.879319142,-0.227166827,2.000000000
1734523571.758765697,4,5,-9.937479350,-1.135253199,-0.073088193
1734523571.758765697,4,6,1.270294999,3.789656242,-0.000143517
1734523571.758765697,4,7,-2.503513115,-4.799568490,-0.028917421
1734523571.758765697,4,8,-5.549291560,7.385189831,-0.021669285
1734523571.758765697,4,9,4.925992779,-2.115281499,0.023219103
1734523571.818765879,5,0,-3.304018954,5.026613954,-0.048702702
1734523571.818765879,5,1,-4.769575989,0.512258680,0.004657842
1734523571.818765879,5,2,1.778494145,3.917823990,-0.096132830
1734523571.818765879,5,3,-8.478424449,6.995306384,-0.041718664
1734523571.818765879,5,4,-2.061593565,9.819407953,-0.003349192
1734523571.818765879,5,5,-1.455469006,1.560162075,2.000000000
1734523571.818765879,5,6,-6.187862857,10.409979279,-0.049151263
1734523571.818765879,5,7,2.749889819,8.166534497,-0.138037067
1734523571.818765879,5,8,-9.549086872,3.114965666,-0.102696975
1734523571.818765879,5,9,-0.417072939,8.359362878,0.064880543
1734523571.878765821,6,0,-0.846148403,5.835376227,0.013086390
1734523571.878765821,6,1,2.088685235,9.474962050,-0.022631214
1734523571.878765821,6,2,-4.911195303,8.846640557,-0.051019536
1734523571.878765821,6,3,3.291611823,2.432825459,-0.085373410
1734523571.878765821,6,4,-3.423963132,2.092431441,0.020234056
1734523571.878765821,6,5,-2.090493046,11.944948375,0.008778293
1734523571.878765821,6,6,1.764809358,-2.387976001,2.000000000
1734523571.878765821,6,7,-7.177242248,5.414181850,-0.068023422
1734523571.878765821,6,8,4.981859255,5.686659592,-0.090997426
1734523571.878765821,6,9,-6.271669505,-1.829763538,-0.015539244
1734523571.948765755,7,0,-5.481982841,-3.367186215,-0.177576844
1734523571.948765755,7,1,-6.544414257,-8.208784394,0.013007718
1734523571.948765755,7,2,-0.139346546,-3.872922819,0.060310953
1734523571.948765755,7,3,-11.572752814,-2.250955311,-0.069733935
1734523571.948765755,7,4,-4.941476793,1.169300209,0.007395806
1734523571.948765755,7,5,-1.482575578,-7.870739251,-0.014334574
1734523571.948765755,7,6,-9.348607110,1.511471211,-0.082578243
1734523571.948765755,7,7,2.755498203,2.299993218,2.000000000
1734523571.948765755,7,8,-10.567948595,-6.053375560,0.062464157
1734523571.948765755,7,9,-4.265742321,6.169008675,0.036451937
1734523572.008765697,8,0,-3.881849086,-4.382002602,-0.052655913
1734523572.008765697,8,1,-4.368664751,0.168727761,-0.039838162
1734523572.008765697,8,2,-9.382375151,-5.605368540,-0.031378626
1734523572.008765697,8,3,1.514272616,-3.658871619,-0.096295533
1734523572.008765697,8,4,-2.941398590,-8.958960595,-0.124648271
1734523572.008765697,8,5,-8.986514518,-1.441664753,0.032241864
1734523572.008765697,8,6,0.991461780,-7.728030297,-0.017378121
1734523572.008765697,8,7,-7.059570039,-8.316393951,-0.023492375
1734523572.008765697,8,8,0.506387609,-2.166794524,2.000000000
1734523572.008765697,8,9,-1.156354185,-7.195917899,0.035719973
1734523572.068765879,9,0,-9.522425167,0.391543066,0.010212676
1734523572.068765879,9,1,-8.664117489,0.594174073,0.056060549
1734523572.068765879,9,2,-10.302052302,-5.084432613,-0.098208101
1734523572.068765879,9,3,-8.938726299,5.932611022,-0.040600434
1734523572.068765879,9,4,-4.945269474,0.336879412,-0.004960310
1734523572.068765879,9,5,-7.709867865,-1.999210936,0.032656155
1734523572.068765879,9,6,-4.876832882,4.326060560,0.015150282
1734523572.068765879,9,7,-5.693446090,-4.816591524,0.006530177
1734523572.068765879,9,8,-4.119554524,1.693967208,0.087346702
1734523572.068765879,9,9,-1.619353768,-0.219359068,2.000000000
1734523572.128765821,0,0,1.518706669,-0.273092703,2.000000000
1734523572.128765821,0,1,4.749178851,0.241107158,-0.125201236
1734523572.128765821,0,2,-0.617775210,5.377675931,0.138893067
1734523572.128765821,0,3,0.211997641,-5.338224664,0.018102925
1734523572.128765821,0,4,-4.625643934,-0.608336844,0.002435246
1734523572.128765821,0,5,3.413551100,4.926354644,0.019484780
1734523572.128765821,0,6,-3.679082546,-4.521069256,0.044292303
1734523572.128765821,0,7,-4.601379095,4.497968630,-0.010870145
1734523572.128765821,0,8,3.989770782,-4.338618495,0.003430038
1734523572.128765821,0,9,-9.065836104,-0.986982721,-0.186696685
1734523572.198765755,1,0,-4.685973639,-0.043883735,-0.111816044
1734523572.198765755,1,1,-3.489941386,0.011054906,2.000000000
1734523572.198765755,1,2,-5.001201853,5.174342069,0.049698215
1734523572.198765755,1,3,-4.703385087,-5.385199187,0.004503074
1734523572.198765755,1,4,-9.082656883,-0.471154424,-0.005600331
1734523572.198765755,1,5,-0.902105396,4.566238659,0.057480344
1734523572.198765755,1,6,-8.829541029,-4.505795698,-0.064082619
1734523572.198765755,1,7,-8.946332130,4.615058044,0.017902980
1734523572.198765755,1,8,-0.649369009,-4.646691137,-0.223520515
1734523572.198765755,1,9,-7.526250876,-0.361621952,0.127480879
1734523572.258765697,2,0,-5.171794150,0.168125390,-0.070076878
1734523572.258765697,2,1,-5.368871496,-4.602013248,0.025815761
1734523572.258765697,2,2,1.657537700,2.148704032,2.000000000
1734523572.258765697,2,3,-11.104182946,0.528800558,0.080556402
1734523572.258765697,2,4,-5.316382884,4.699132360,0.035528212
1734523572.258765697,2,5,-0.675035048,-3.933791680,-0.026976769
1734523572.258765697,2,6,-9.168318118,4.391180193,-0.021795177
1734523572.258765697,2,7,-0.181018357,3.986596649,0.151449498
1734523572.258765697,2,8,-9.892512629,-3.437738691,-0.044752445
1734523572.258765697,2,9,-5.253454585,9.646394748,0.016246298
1734523572.318765879,3,0,-5.497122807,0.130982166,-0.057491833
1734523572.318765879,3,1,-5.385456465,4.682013298,0.002114430
1734523572.318765879,3,2,-10.867061399,-0.440922771,0.030099915
1734523572.318765879,3,3,0.932375035,-2.674499421,2.000000000
1734523572.318765879,3,4,-5.002886576,-4.555500417,0.110530279
1734523572.318765879,3,5,-10.101233991,3.712591371,-0.027172167
1734523572.318765879,3,6,-0.901898221,-3.773866713,-0.015872912
1734523572.318765879,3,7,-10.578941199,-4.699233264,-0.028998574
1734523572.318765879,3,8,-0.937106851,3.640652553,-0.014805302
1734523572.318765879,3,9,-4.632490768,-9.212979266,0.035687540
1734523572.378765821,4,0,-4.172794274,1.544010223,0.076077204
1734523572.378765821,4,1,-8.844248718,4.100057998,-0.017980477
1734523572.378765821,4,2,-6.218894731,-2.971146117,-0.026590428
1734523572.378765821,4,3,-1.552870373,6.646176215,0.034465775
1734523572.378765821,4,4,-5.866197350,-0.257665949,2.000000000
1734523572.378765821,4,5,-10.141411393,-1.045667786,-0.114074290
1734523572.378765821,4,6,1.325253148,3.846077138,-0.036634124
1734523572.378765821,4,7,-2.647120137,-4.823572038,-0.129028245
1734523572.378765821,4,8,-5.472272971,7.455023562,-0.010460397
1734523572.378765821,4,9,4.815592293,-2.255545332,0.068926146
1734523572.438765764,5,0,-3.120674050,5.094941359,-0.052024812
1734523572.438765764,5,1,-4.884215451,0.750989318,-0.113391537
1734523572.438765764,5,2,1.843383029,3.410986263,-0.109300779
1734523572.438765764,5,3,-8.385307624,7.348156256,-0.014041807
1734523572.438765764,5,4,-1.745285735,9.724422212,-0.001690839
1734523572.438765764,5,5,-1.590540623,1.499113752,2.000000000
1734523572.438765764,5,6,-5.731376532,10.359990535,0.007717835
1734523572.438765764,5,7,3.030963558,7.834970040,0.069818319
1734523572.438765764,5,8,-9.357539445,3.303384029,-0.084350772
1734523572.438765764,5,9,-0.329436988,8.531218508,-0.063556005
1734523572.508765697,6,0,-0.836962795,5.904803620,0.010355130
1734523572.508765697,6,1,2.050562273,9.320984306,-0.070379497
1734523572.508765697,6,2,-5.090317935,8.945861987,-0.017725528
1734523572.508765697,6,3,3.247266035,2.156449110,0.066775792
1734523572.508765697,6,4,-3.389304703,2.055439668,-0.000976294
1734523572.508765697,6,5,-2.203029618,12.032625762,-0.000236609
1734523572.508765697,6,6,1.935830457,-2.337602697,2.000000000
1734523572.508765697,6,7,-7.364655161,5.603707246,-0.070340486
1734523572.508765697,6,8,5.093803467,5.888780976,-0.053924200
1734523572.508765697,6,9,-6.285446717,-1.853460426,0.016679464
1734523572.568765879,7,0,-5.714446977,-3.100500657,-0.012724659
1734523572.568765879,7,1,-7.030044702,-7.961885983,-0.015814909
1734523572.568765879,7,2,-0.398660769,-3.763660783,-0.030125756
1734523572.568765879,7,3,-11.464045743,-1.782904455,-0.089472261
1734523572.568765879,7,4,-4.996010812,1.479630063,-0.059182819
1734523572.568765879,7,5,-1.880086800,-7.937022107,0.058753461
1734523572.568765879,7,6,-9.085236210,1.880921986,-0.033267277
1734523572.568765879,7,7,2.956047113,2.243377537,2.000000000
1734523572.568765879,7,8,-10.615324354,-5.443750985,0.030148676
1734523572.568765879,7,9,-4.057156759,6.462784479,-0.027952650
1734523572.628765821,8,0,-3.941269907,-4.243978526,-0.000068568
1734523572.628765821,8,1,-4.297248867,0.176545010,0.008950592
1734523572.628765821,8,2,-9.740126707,-5.573621620,0.119318832
1734523572.628765821,8,3,1.384174558,-3.767519179,-0.006395096
1734523572.628765821,8,4,-3.206126997,-9.109246149,0.006987318
1734523572.628765821,8,5,-9.038904723,-1.253018149,-0.027134212
1734523572.628765821,8,6,0.905170061,-7.588678238,0.059084104
1734523572.628765821,8,7,-7.131841875,-7.919546062,0.072926898
1734523572.628765821,8,8,0.453188717,-2.138311224,2.000000000
1734523572.628765821,8,9,-1.239904301,-7.254453955,-0.086745700
1734523572.688765764,9,0,-9.737519776,0.150613607,0.088309628
1734523572.688765764,9,1,-8.827968993,0.372824581,-0.045221805
1734523572.688765764,9,2,-10.185620176,-5.473751991,-0.025957378
1734523572.688765764,9,3,-9.353125544,5.857453965,0.037914017
1734523572.688765764,9,4,-4.994633220,0.139592115,-0.100383291
1734523572.688765764,9,5,-7.638357436,-2.327398121,-0.026233239
1734523572.688765764,9,6,-5.144936606,4.229071407,0.132384352
1734523572.688765764,9,7,-5.555800976,-5.057512047,-0.110242166
1734523572.688765764,9,8,-4.482937570,1.713676705,-0.078559259
1734523572.688765764,9,9,-1.541036310,-0.224024703,2.000000000
1734523572.758765697,0,0,1.559573025,-0.280525064,2.000000000
1734523572.758765697,0,1,4.838131056,0.272473437,0.071634796
1734523572.758765697,0,2,-0.512682991,5.354655629,-0.002420352
1734523572.758765697,0,3,0.184224480,-5.385882671,0.033197942
1734523572.758765697,0,4,-4.638448741,-0.591548996,0.001747160
1734523572.758765697,0,5,3.299051280,4.857009839,-0.020736724
1734523572.758765697,0,6,-3.506231181,-4.483728717,0.003234037
1734523572.758765697,0,7,-4.526257503,4.529360732,-0.002106059
1734523572.758765697,0,8,4.049280980,-4.287626685,0.068703518
1734523572.758765697,0,9,-8.954043943,-1.008801777,-0.084214037
1734523572.818765879,1,0,-4.889813519,-0.022712985,-0.039608112
1734523572.818765879,1,1,-3.730857111,0.011410926,2.000000000
1734523572.818765879,1,2,-5.040725830,5.244463095,-0.078144965
1734523572.818765879,1,3,-4.771041501,-5.464820074,0.011932958
1734523572.818765879,1,4,-9.119379799,-0.429803645,0.047845130
1734523572.818765879,1,5,-1.039553474,4.647046819,0.002299301
1734523572.818765879,1,6,-8.666585287,-4.603582172,-0.018794061
1734523572.818765879,1,7,-9.000776944,4.601338051,-0.022161097
1734523572.818765879,1,8,-0.719522512,-4.628856656,0.009550153
1734523572.818765879,1,9,-7.525768884,-0.443537772,0.092535361
1734523572.878765821,2,0,-5.034568420,-0.132701799,0.009318232
1734523572.878765821,2,1,-5.357010618,-4.607595747,0.027094158
1734523572.878765821,2,2,1.642867705,2.166955357,2.000000000
1734523572.878765821,2,3,-11.278460645,0.600114962,0.090512217
1734523572.878765821,2,4,-5.313011416,4.551311537,-0.054194936
1734523572.878765821,2,5,-0.666379359,-4.025797142,0.025851740
1734523572.878765821,2,6,-9.231268641,4.077259055,0.009432043
1734523572.878765821,2,7,-0.310390210,3.976699521,0.082576480
1734523572.878765821,2,8,-9.869567039,-3.526740203,0.032595413
1734523572.878765821,2,9,-5.382544669,9.531146679,-0.037005752
1734523572.938765764,3,0,-5.625200906,0.205308971,-0.123364232
1734523572.938765764,3,1,-5.286194994,4.727651923,0.034825460
1734523572.938765764,3,2,-10.957872058,-0.378420101,-0.005407807
1734523572.938765764,3,3,0.906897364,-2.711344720,2.000000000
1734523572.938765764,3,4,-5.125015142,-4.370056081,-0.059764316
1734523572.938765764,3,5,-10.020236622,3.803667607,-0.056584054
1734523572.938765764,3,6,-0.974411317,-3.677935850,-0.007887342
1734523572.938765764,3,7,-10.532295577,-4.283520397,-0.035720096
1734523572.938765764,3,8,-1.074928865,3.784603734,0.002011492
1734523572.938765764,3,9,-4.723695960,-9.228664561,-0.054660848
1734523573.008765697,4,0,-4.269386988,1.832723751,0.167415254
1734523573.008765697,4,1,-9.047655920,4.222538966,-0.056418914
1734523573.008765697,4,2,-6.256338410,-2.886106595,0.005278002
1734523573.008765697,4,3,-1.479221639,6.719519296,0.033163464
1734523573.008765697,4,4,-5.851594246,-0.291681552,2.000000000
1734523573.008765697,4,5,-10.220922552,-0.813951872,-0.058597154
1734523573.008765697,4,6,1.414865205,3.886567605,-0.026761295
1734523573.008765697,4,7,-2.736039878,-4.673310502,0.015631074
1734523573.008765697,4,8,-5.250460191,7.405618505,0.002420495
1734523573.008765697,4,9,4.811471153,-2.305127254,0.153608545
1734523573.068765879,5,0,-2.964987011,5.049991607,0.002576037
1734523573.068765879,5,1,-4.725668492,0.682960107,0.038366941
1734523573.068765879,5,2,1.882652704,3.573333025,-0.012849546
1734523573.068765879,5,3,-8.386625146,7.574617244,-0.061742158
1734523573.068765879,5,4,-1.498550965,9.819527382,0.119916088
1734523573.068765879,5,5,-1.725744247,1.438071424,2.000000000
1734523573.068765879,5,6,-5.702326300,10.695460651,-0.151022110
1734523573.068765879,5,7,3.035922726,7.589090337,0.006986383
1734523573.068765879,5,8,-9.127584203,3.476972665,-0.158794238
1734523573.068765879,5,9,-0.207639082,8.617019060,-0.092917427
1734523573.128765821,6,0,-0.818249542,5.856441481,-0.012746532
1734523573.128765821,6,1,2.057724643,9.273647760,0.028774557
1734523573.128765821,6,2,-5.047088890,8.954442063,-0.043764759
1734523573.128765821,6,3,3.318172040,2.308334704,0.001660219
1734523573.128765821,6,4,-3.306242358,1.989801779,-0.015680856
1734523573.128765821,6,5,-2.260997737,12.072937186,-0.047605001
1734523573.128765821,6,6,2.109291697,-2.286223629,2.000000000
1734523573.128765821,6,7,-7.341222013,5.676224165,-0.072767266
1734523573.128765821,6,8,5.000107975,5.638464385,-0.021850081
1734523573.128765821,6,9,-6.358221556,-1.869922069,0.008413652
1734523573.188765764,7,0,-5.634546628,-2.828787998,0.009305622
1734523573.188765764,7,1,-7.034860544,-7.502502778,-0.033155247
1734523573.188765764,7,2,-0.387838009,-3.753462927,0.066404356
1734523573.188765764,7,3,-10.856624475,-1.202188759,-0.016875600
1734523573.188765764,7,4,-4.927465328,1.644684430,0.025590453
1734523573.188765764,7,5,-2.085032857,-7.780910081,0.016792019
1734523573.188765764,7,6,-8.998673931,2.264971682,-0.082517651
1734523573.188765764,7,7,3.156579739,2.186262396,2.000000000
1734523573.188765764,7,8,-10.598039450,-5.000525852,-0.084737717
1734523573.188765764,7,9,-3.967455807,6.597508505,0.029397211
1734523573.258765697,8,0,-4.010459602,-4.158567600,0.009628608
1734523573.258765697,8,1,-4.446315755,0.346743884,-0.087722641
1734523573.258765697,8,2,-9.678576565,-5.263486092,0.113491008
1734523573.258765697,8,3,1.450317601,-3.771099691,0.125196887
1734523573.258765697,8,4,-3.312331643,-9.087016442,0.052137526
1734523573.258765697,8,5,-8.974500079,-1.026271404,-0.018250237
1734523573.258765697,8,6,0.776210376,-7.593039227,0.043468278
1734523573.258765697,8,7,-6.935953809,-7.674990088,0.011248295
1734523573.258765697,8,8,0.400510316,-2.110108891,2.000000000
1734523573.258765697,8,9,-1.342619892,-7.319479274,-0.029025843
1734523573.318765879,9,0,-10.013773519,-0.168910849,-0.081874862
1734523573.318765879,9,1,-8.968276486,0.185587138,0.021586907
1734523573.318765879,9,2,-10.101226878,-5.770608871,-0.062148925
1734523573.318765879,9,3,-9.743731968,5.776885503,0.028887621
1734523573.318765879,9,4,-4.902602073,0.007286157,-0.017269068
1734523573.318765879,9,5,-7.541126756,-2.664032570,-0.063506411
1734523573.318765879,9,6,-5.387841815,4.229317754,0.049950480
1734523573.318765879,9,7,-5.584601394,-5.156730770,-0.020095770
1734523573.318765879,9,8,-4.864452857,1.664200334,0.000716594
1734523573.318765879,9,9,-1.461742007,-0.229229420,2.000000000
1734523573.388765812,0,0,1.600608382,-0.287985285,2.000000000
1734523573.388765812,0,1,4.879191619,0.288965183,0.166199396
1734523573.388765812,0,2,-0.601434138,5.491031088,-0.095032373
1734523573.388765812,0,3,-0.050062936,-5.393564866,-0.053524499
1734523573.388765812,0,4,-4.714084936,-0.593119606,0.021159109
1734523573.388765812,0,5,3.395501060,4.920226955,-0.007494886
1734523573.388765812,0,6,-3.671769837,-4.406202041,-0.160186538
1734523573.388765812,0,7,-4.552573649,4.568467541,0.018629225
1734523573.388765812,0,8,4.084548248,-4.459798101,0.003783854
1734523573.388765812,0,9,-8.966589511,-1.003556892,-0.124493692
1734523573.458765745,1,0,-4.905164747,-0.089333147,0.014868962
1734523573.458765745,1,1,-3.975294889,0.011780015,2.000000000
1734523573.458765745,1,2,-4.989170914,5.183029831,-0.002993439
1734523573.458765745,1,3,-4.902224902,-5.680099613,-0.022733124
1734523573.458765745,1,4,-9.011523031,-0.381504310,-0.015357904
1734523573.458765745,1,5,-1.105779513,4.707143330,0.020987512
1734523573.458765745,1,6,-8.604404667,-4.526333767,0.029850999
1734523573.458765745,1,7,-9.019600113,4.667019884,-0.032338691
1734523573.458765745,1,8,-0.851876781,-4.609281132,-0.072386147
1734523573.458765745,1,9,-7.514537444,-0.406482173,0.054075705
1734523573.518765688,2,0,-5.147648310,-0.004220433,0.042102028
1734523573.518765688,2,1,-5.312585667,-4.735921491,-0.040398566
1734523573.518765688,2,2,1.625335836,2.188789346,2.000000000
1734523573.518765688,2,3,-10.936162132,0.456886652,0.127002554
1734523573.518765688,2,4,-5.359442815,4.441892767,-0.053304846
1734523573.518765688,2,5,-0.636441254,-4.145156595,-0.011001571
1734523573.518765688,2,6,-9.453168841,3.944710493,-0.089177386
1734523573.518765688,2,7,-0.367484478,4.101210464,-0.007792092
1734523573.518765688,2,8,-9.883996098,-3.594001023,-0.090672134
1734523573.518765688,2,9,-5.540250452,9.544546628,-0.019192939
1734523573.578765869,3,0,-5.852317019,0.240581221,-0.104769960
1734523573.578765869,3,1,-5.415610422,4.941163677,0.059471091
1734523573.578765869,3,2,-11.124597545,-0.105914839,0.049296327
1734523573.578765869,3,3,0.880588466,-2.749508632,2.000000000
1734523573.578765869,3,4,-5.307378737,-4.583314820,-0.069772732
1734523573.578765869,3,5,-9.998171183,3.928643975,-0.064133364
1734523573.578765869,3,6,-1.100124344,-3.855107933,0.022943628
1734523573.578765869,3,7,-10.920367745,-4.319214926,-0.097364906
1734523573.578765869,3,8,-1.009863667,3.798090516,-0.085621771
1734523573.578765869,3,9,-4.812150905,-9.285315658,-0.042011755
1734523573.648765802,4,0,-4.115965866,1.775229160,0.184775654
1734523573.648765802,4,1,-9.087873287,4.373060975,-0.100280046
1734523573.648765802,4,2,-6.371900112,-2.762865274,0.013159464
1734523573.648765802,4,3,-1.293646665,6.656338297,0.037949916
1734523573.648765802,4,4,-5.836252609,-0.327338741,2.000000000
1734523573.648765802,4,5,-9.984546621,-0.734220183,0.000958534
1734523573.648765802,4,6,1.501243641,3.902913369,-0.019657827
1734523573.648765802,4,7,-2.675166906,-4.330173475,-0.001105565
1734523573.648765802,4,8,-5.118930152,7.622749343,-0.055050039
1734523573.648765802,4,9,4.734913713,-2.285961296,-0.015288472
1734523573.708765745,5,0,-2.973647527,5.136430566,0.026459689
1734523573.708765745,5,1,-4.620253582,0.655859548,0.018150757
1734523573.708765745,5,2,2.021662684,3.540081650,0.149341633
1734523573.708765745,5,3,-8.116602278,7.576307760,0.004056294
1734523573.708765745,5,4,-1.462740623,9.709234551,0.209905423
1734523573.708765745,5,5,-1.860875610,1.377098919,2.000000000
1734523573.708765745,5,6,-5.598738422,10.731963412,-0.099634026
1734523573.708765745,5,7,3.076382586,7.600611861,0.137797020
1734523573.708765745,5,8,-8.858601064,3.453018712,-0.116346141
1734523573.708765745,5,9,0.043902181,8.638500041,0.028803241
1734523573.768765688,6,0,-0.828704081,5.720191850,0.005129514
1734523573.768765688,6,1,1.994063668,9.277513323,-0.039251422
1734523573.768765688,6,2,-5.044280700,8.889936419,-0.062797745
1734523573.768765688,6,3,3.224360417,2.511628830,-0.168199904
1734523573.768765688,6,4,-3.478437882,2.059966666,0.014940193
1734523573.768765688,6,5,-2.188474741,11.919635954,-0.010855114
1734523573.768765688,6,6,2.283864836,-2.234288842,2.000000000
1734523573.768765688,6,7,-7.450536126,5.636361860,-0.073607007
1734523573.768765688,6,8,4.974387460,5.783179560,-0.142584203
1734523573.768765688,6,9,-6.289685256,-1.842553594,0.023582100
1734523573.828765869,7,0,-5.781561889,-2.621218456,-0.061499887
1734523573.828765869,7,1,-7.333040493,-7.184866599,-0.051184170
1734523573.828765869,7,2,-0.573476799,-3.951290108,0.128411280
1734523573.828765869,7,3,-11.110217261,-0.794342504,-0.022450788
1734523573.828765869,7,4,-4.698188248,1.815332208,0.009883741
1734523573.828765869,7,5,-2.385680381,-7.536969626,-0.041396346
1734523573.828765869,7,6,-8.927318896,2.443571152,-0.036049272
1734523573.828765869,7,7,3.356933865,2.128727715,2.000000000
1734523573.828765869,7,8,-10.496486323,-4.254455341,-0.036951315
1734523573.828765869,7,9,-3.660420603,6.998985738,0.039401646
1734523573.898765802,8,0,-4.167983758,-4.174004582,0.022954724
1734523573.898765802,8,1,-4.412868983,0.309901303,-0.017838982
1734523573.898765802,8,2,-9.588559572,-5.158158575,0.033054574
1734523573.898765802,8,3,1.308043454,-3.969834058,0.044918239
1734523573.898765802,8,4,-3.339974504,-8.854023138,0.008165708
1734523573.898765802,8,5,-9.264244885,-0.981172331,0.032768453
1734523573.898765802,8,6,0.630515032,-7.838019271,0.046547656
1734523573.898765802,8,7,-6.918922680,-7.308950784,0.108048349
1734523573.898765802,8,8,0.348282527,-2.082152282,2.000000000
1734523573.898765802,8,9,-1.432692788,-7.394419690,-0.072600089
1734523573.958765745,9,0,-10.093259500,-0.415491375,0.015683973
1734523573.958765745,9,1,-9.020579924,-0.082108540,-0.046710406
1734523573.958765745,9,2,-10.132445006,-6.089082760,0.043484657
1734523573.958765745,9,3,-9.207673090,5.180978358,0.007182314
1734523573.958765745,9,4,-4.850537168,-0.098126167,-0.028181714
1734523573.958765745,9,5,-7.499655845,-2.935980017,0.012814599
1734523573.958765745,9,6,-5.652531271,4.108269034,0.118248645
1734523573.958765745,9,7,-5.503484950,-5.288727650,-0.062769575
1734523573.958765745,9,8,-5.062604447,1.556677948,0.000716594
1734523573.958765745,9,9,-1.379200478,-0.235033236,2.000000000
1734523574.028765678,0,0,1.641950863,-0.295497637,2.000000000
1734523574.028765678,0,1,4.881303630,0.191753708,0.007804331
1734523574.028765678,0,2,-0.586913512,5.402411892,0.108452536
1734523574.028765678,0,3,0.027534672,-5.405117461,-0.179843585
1734523574.028765678,0,4,-4.669562613,-0.618777416,0.002458895
1734523574.028765678,0,5,3.412431344,5.034052615,0.020619431
1734523574.028765678,0,6,-3.564949592,-4.507790711,-0.203278832
1734523574.028765678,0,7,-4.680404136,4.616035438,-0.004262705
1734523574.028765678,0,8,4.006267974,-4.355662744,0.012794529
1734523574.028765678,0,9,-9.206365037,-1.060484628,0.015364518
1734523574.098765850,1,0,-4.837100869,-0.203072487,0.032901505
1734523574.098765850,1,1,-4.223386868,0.012155395,2.000000000
1734523574.098765850,1,2,-4.996199666,5.270416030,-0.007372115
1734523574.098765850,1,3,-5.005771705,-5.773446741,-0.012603405
1734523574.098765850,1,4,-9.158030233,-0.464575093,-0.045290394
1734523574.098765850,1,5,-0.954863547,4.620789422,-0.018012570
1734523574.098765850,1,6,-8.644532310,-4.695002903,0.081686136
1734523574.098765850,1,7,-8.957030945,4.598561564,0.001334732
1734523574.098765850,1,8,-0.858048331,-4.405893192,-0.016695473
1734523574.098765850,1,9,-7.524258475,-0.399049021,-0.009121655
1734523574.168765783,2,0,-5.127992761,-0.179355658,-0.003823163
1734523574.168765783,2,1,-5.287476011,-4.800468912,-0.053044401
1734523574.168765783,2,2,1.604842422,2.214412033,2.000000000
1734523574.168765783,2,3,-11.036755636,0.177560418,-0.121936674
1734523574.168765783,2,4,-5.543402438,4.378621463,0.052451379
1734523574.168765783,2,5,-0.562771666,-3.960434921,-0.011013209
1734523574.168765783,2,6,-9.484086443,3.951239944,-0.054811730
1734523574.168765783,2,7,-0.325604156,4.164890631,0.031507545
1734523574.168765783,2,8,-9.966547114,-3.723779560,0.072725782
1734523574.168765783,2,9,-5.510714471,9.391170099,0.029018263
1734523574.228765726,3,0,-5.784025133,0.135319177,-0.033429147
1734523574.228765726,3,1,-5.470611645,5.001641471,0.111508598
1734523574.228765726,3,2,-11.459613787,0.035269071,0.082361806
1734523574.228765726,3,3,0.853612097,-2.788709351,2.000000000
1734523574.228765726,3,4,-5.288837172,-4.482163613,-0.011738362
1734523574.228765726,3,5,-9.954835295,3.943473387,0.054952762
1734523574.228765726,3,6,-1.146345545,-3.825808568,0.011065604
1734523574.228765726,3,7,-10.739523184,-4.046593318,0.110172859
1734523574.228765726,3,8,-0.832724406,3.768790138,-0.048687761
1734523574.228765726,3,9,-5.042584235,-9.324873063,0.046901099
1734523574.288765669,4,0,-3.991112566,1.922409688,0.134151271
1734523574.288765669,4,1,-9.028576488,4.538134938,-0.040766858
1734523574.288765669,4,2,-6.446958904,-2.690782013,0.019046506
1734523574.288765669,4,3,-1.200719654,6.683737452,0.001048264
1734523574.288765669,4,4,-5.820106775,-0.364794242,2.000000000
1734523574.288765669,4,5,-9.947562553,-0.464287998,-0.044743724
1734523574.288765669,4,6,1.593554649,3.817809237,-0.007761306
1734523574.288765669,4,7,-2.751059823,-4.274756085,0.019360987
1734523574.288765669,4,8,-4.958463957,7.744561110,0.019099881
1734523574.288765669,4,9,4.847766762,-2.237971876,0.036054602
1734523574.358765841,5,0,-2.974077991,5.138483016,-0.030676372
1734523574.358765841,5,1,-4.872009444,0.816858958,0.030656546
1734523574.358765841,5,2,2.136951842,3.353443852,0.084748088
1734523574.358765841,5,3,-8.121670478,7.666223229,-0.072596907
1734523574.358765841,5,4,-1.385746591,9.475475131,0.234269063
1734523574.358765841,5,5,-1.995794369,1.316258904,2.000000000
1734523574.358765841,5,6,-5.509559285,10.973898545,-0.188854311
1734523574.358765841,5,7,3.281270732,7.754794015,-0.005513610
1734523574.358765841,5,8,-8.385668514,3.434846965,-0.044144090
1734523574.358765841,5,9,0.125693852,8.658265989,0.095490665
1734523574.418765783,6,0,-0.837882212,5.811801830,-0.016298223
1734523574.418765783,6,1,2.019428656,9.198386703,-0.007213516
1734523574.418765783,6,2,-5.155906419,8.853760891,-0.034833535
1734523574.418765783,6,3,3.192599728,2.633341445,-0.179159182
1734523574.418765783,6,4,-3.445108333,1.993023975,0.024933143
1734523574.418765783,6,5,-2.344162286,11.968893880,0.108969860
1734523574.418765783,6,6,2.459441349,-2.181835627,2.000000000
1734523574.418765783,6,7,-7.642618721,5.689379487,0.059851110
1734523574.418765783,6,8,4.763159551,5.583588905,-0.159722377
1734523574.418765783,6,9,-6.285864505,-1.915222022,0.002977672
1734523574.478765726,7,0,-5.969953898,-2.469859643,0.028941783
1734523574.478765726,7,1,-7.328227945,-6.891924186,-0.039979060
1734523574.478765726,7,2,-0.807817521,-3.904049475,0.167881304
1734523574.478765726,7,3,-10.998951750,-0.482657719,-0.005607931
1734523574.478765726,7,4,-4.863284700,1.992527760,-0.014474262
1734523574.478765726,7,5,-2.656299831,-7.586380710,-0.076071520
1734523574.478765726,7,6,-8.906641233,2.793597230,-0.042208768
1734523574.478765726,7,7,3.556536109,2.071058412,2.000000000
1734523574.478765726,7,8,-10.327856983,-3.882458349,0.000097209
1734523574.478765726,7,9,-3.412389829,7.076310262,0.100103628
1734523574.538765669,8,0,-4.325459989,-4.221181792,-0.011880354
1734523574.538765669,8,1,-4.578229291,0.552602622,-0.168149822
1734523574.538765669,8,2,-9.711642671,-5.049662551,-0.024163861
1734523574.538765669,8,3,1.283066489,-3.813242114,0.054788985
1734523574.538765669,8,4,-3.512503202,-8.807932260,-0.049765044
1734523574.538765669,8,5,-9.310062941,-0.814613451,-0.034007355
1734523574.538765669,8,6,0.481944941,-7.977630141,0.017261429
1734523574.538765669,8,7,-6.955054368,-6.934635328,0.021806286
1734523574.538765669,8,8,0.296012891,-2.054154210,2.000000000
1734523574.538765669,8,9,-1.567825810,-7.448720061,-0.072600089
1734523574.608765841,9,0,-9.874031345,-0.533704186,0.057034774
1734523574.608765841,9,1,-9.051829087,-0.359424217,-0.114712161
1734523574.608765841,9,2,-9.467380740,-5.905536906,-0.006376557
1734523574.608765841,9,3,-9.410361296,5.069439923,0.013942851
1734523574.608765841,9,4,-4.981398771,-0.120431508,0.006222769
1734523574.608765841,9,5,-7.499695248,-3.027082159,0.037077372
1734523574.608765841,9,6,-5.842221325,4.088911462,0.107852061
1734523574.608765841,9,7,-5.315245755,-5.343649584,-0.026513844
1734523574.608765841,9,8,-5.446023207,1.632635021,-0.135995413
1734523574.608765841,9,9,-1.294232763,-0.241414452,2.000000000
1734523574.668765783,0,0,1.683399836,-0.303022365,2.000000000
1734523574.668765783,0,1,4.859425701,0.260360344,0.201332651
1734523574.668765783,0,2,-0.499251528,5.438903879,0.034191550
1734523574.668765783,0,3,0.093361060,-5.579641534,-0.039027932
1734523574.668765783,0,4,-4.694503309,-0.610686355,0.014192422
1734523574.668765783,0,5,3.523015637,5.133751650,-0.037135895
1734523574.668765783,0,6,-3.651844202,-4.535734714,-0.002389826
1734523574.668765783,0,7,-4.619119091,4.675745528,0.030565016
1734523574.668765783,0,8,4.022050314,-4.438383263,0.022076617
1734523574.668765783,0,9,-9.225979638,-1.241817673,0.071266565
1734523574.738765717,1,0,-4.674445332,-0.026267781,-0.124188018
1734523574.738765717,1,1,-4.473677569,0.012626675,2.000000000
1734523574.738765717,1,2,-5.057002102,5.339085832,-0.030291375
1734523574.738765717,1,3,-4.917241147,-5.690085660,-0.060925098
1734523574.738765717,1,4,-9.145506100,-0.515117134,0.003640462
1734523574.738765717,1,5,-0.969414528,4.596368581,-0.071152572
1734523574.738765717,1,6,-8.810714580,-4.724086966,0.113843008
1734523574.738765717,1,7,-9.107603442,4.694389396,0.018748464
1734523574.738765717,1,8,-0.847272497,-4.510540838,0.108906465
1734523574.738765717,1,9,-7.514228190,-0.379580717,0.077605632
1734523574.798765659,2,0,-5.154476882,-0.216628062,-0.034455431
1734523574.798765659,2,1,-5.232438220,-4.845673293,-0.029133957
1734523574.798765659,2,2,1.581266454,2.244010504,2.000000000
1734523574.798765659,2,3,-11.039375537,0.095795342,-0.065497107
1734523574.798765659,2,4,-5.466239866,4.251214344,0.056185304
1734523574.798765659,2,5,-0.599397699,-3.921731859,-0.055006685
1734523574.798765659,2,6,-9.688377984,3.832496137,-0.035956348
1734523574.798765659,2,7,-0.407332617,3.993890863,-0.120668780
1734523574.798765659,2,8,-9.970784112,-3.811303428,0.057528013
1734523574.798765659,2,9,-5.567255511,9.278463527,-0.012736286
1734523574.858765841,3,0,-5.585142574,0.212382387,-0.092954573
1734523574.858765841,3,1,-5.462703867,5.053027896,0.040109090
1734523574.858765841,3,2,-11.444065853,0.187786617,0.028737339
1734523574.858765841,3,3,0.825917841,-2.829015701,2.000000000
1734523574.858765841,3,4,-5.271885691,-4.410321483,-0.012649253
1734523574.858765841,3,5,-10.055086599,4.061622769,0.002869812
1734523574.858765841,3,6,-1.147149764,-3.739347691,-0.012079837
1734523574.858765841,3,7,-10.871504223,-4.055159520,0.028204165
1734523574.858765841,3,8,-0.927364002,3.862700991,-0.059035732
1734523574.858765841,3,9,-5.045115180,-9.424228868,0.054278765
1734523574.918765783,4,0,-3.973069745,2.053207916,0.166780320
1734523574.918765783,4,1,-8.959978107,4.797452519,0.069555267
1734523574.918765783,4,2,-6.644570620,-2.613193792,0.010862124
1734523574.918765783,4,3,-0.979363967,6.724414224,0.000255787
1734523574.918765783,4,4,-5.803256627,-0.403821800,2.000000000
1734523574.918765783,4,5,-9.978670895,-0.108120591,0.031412977
1734523574.918765783,4,6,1.543386368,3.686272675,0.000649919
1734523574.918765783,4,7,-2.921285089,-4.309322900,0.004483279
1734523574.918765783,4,8,-4.810794581,7.938642977,0.015082161
1734523574.918765783,4,9,4.703178480,-2.523213457,0.204870938
1734523574.978765726,5,0,-2.986885465,5.166433635,0.121924599
1734523574.978765726,5,1,-4.757371248,0.814210487,0.126443272
1734523574.978765726,5,2,2.147506217,3.349992260,-0.044166490
1734523574.978765726,5,3,-8.108315778,7.794511984,-0.160336656
1734523574.978765726,5,4,-1.495573258,9.523826023,0.047696446
1734523574.978765726,5,5,-2.129946856,1.255804463,2.000000000
1734523574.978765726,5,6,-5.515128552,10.730733235,-0.073791798
1734523574.978765726,5,7,3.212485707,7.366848293,0.009660733
1734523574.978765726,5,8,-8.294877025,3.453787662,0.086727093
1734523574.978765726,5,9,0.267926688,8.658109930,0.033370300
1734523575.048765659,6,0,-0.881619008,5.849315769,-0.025694080
1734523575.048765659,6,1,2.037634986,9.415897924,-0.038896007
1734523575.048765659,6,2,-5.099029300,8.750833902,0.002539551
1734523575.048765659,6,3,3.279722176,2.426152256,-0.030110347
1734523575.048765659,6,4,-3.463569203,2.029542558,-0.030699657
1734523575.048765659,6,5,-2.289606170,11.823522936,0.083592941
1734523575.048765659,6,6,2.636113401,-2.128823035,2.000000000
1734523575.048765659,6,7,-7.497771470,5.606491031,-0.059536546
1734523575.048765659,6,8,4.897742646,5.826570817,-0.117000282
1734523575.048765659,6,9,-6.228657198,-1.949581950,-0.028973434
1734523575.108765841,7,0,-6.305521591,-2.468891984,0.032735904
1734523575.108765841,7,1,-7.564908048,-6.695183968,-0.075682941
1734523575.108765841,7,2,-0.967658201,-3.787188539,0.064847598
1734523575.108765841,7,3,-11.195570532,-0.130442787,0.054139441
1734523575.108765841,7,4,-4.884512233,2.122975370,-0.020118798
1734523575.108765841,7,5,-2.796028959,-7.486676051,0.003025076
1734523575.108765841,7,6,-9.083415543,3.018929001,0.006331562
1734523575.108765841,7,7,3.755301273,2.013318301,2.000000000
1734523575.108765841,7,8,-10.585291408,-3.508807342,0.000097209
1734523575.108765841,7,9,-3.332760109,7.027749482,-0.019216632
1734523575.168765783,8,0,-4.269798070,-4.049358829,-0.024180825
1734523575.168765783,8,1,-4.457206479,0.562155490,-0.129982027
1734523575.168765783,8,2,-9.711001034,-4.723461284,-0.014595645
1734523575.168765783,8,3,1.327733385,-3.842187321,0.054584929
1734523575.168765783,8,4,-3.618702678,-8.689447788,0.063816423
1734523575.168765783,8,5,-9.559296331,-0.779502174,-0.026291316
1734523575.168765783,8,6,0.385790564,-7.805234498,-0.028808192
1734523575.168765783,8,7,-6.712626770,-6.651257512,-0.101475196
1734523575.168765783,8,8,0.243626222,-2.026093048,2.000000000
1734523575.168765783,8,9,-1.652880442,-7.499292988,-0.008318581
1734523575.238765717,9,0,-9.948438657,-0.581990209,0.058862432
1734523575.238765717,9,1,-9.081910309,-0.482059471,-0.080046058
1734523575.238765717,9,2,-9.544396895,-6.036312258,-0.040896182
1734523575.238765717,9,3,-9.464370799,4.998772416,0.008216103
1734523575.238765717,9,4,-5.079664976,-0.193908043,-0.045416937
1734523575.238765717,9,5,-7.466427236,-3.123710313,-0.087704179
1734523575.238765717,9,6,-5.884383930,4.189467193,0.025267723
1734523575.238765717,9,7,-5.358155779,-5.442978210,-0.022244494
1734523575.238765717,9,8,-5.809932631,1.652748969,-0.087315909
1734523575.238765717,9,9,-1.198863430,-0.248548490,2.000000000
1734523575.298765659,0,0,1.724972595,-0.310565283,2.000000000
1734523575.298765659,0,1,4.850753192,0.223671437,0.147027834
1734523575.298765659,0,2,-0.521669070,5.414315139,-0.076385156
1734523575.298765659,0,3,-0.027771849,-5.592367535,0.183038036
1734523575.298765659,0,4,-4.607391486,-0.615803008,0.011981382
1734523575.298765659,0,5,3.542904116,5.249638362,0.002622907
1734523575.298765659,0,6,-3.581327831,-4.686548269,-0.053909082
1734523575.298765659,0,7,-4.656392713,4.740379031,0.016697472
1734523575.298765659,0,8,3.992224715,-4.419081536,0.024666103
1734523575.298765659,0,9,-9.143307855,-1.193618646,0.105942690
1734523575.358765841,1,0,-5.038931105,0.016696445,0.013219961
1734523575.358765841,1,1,-4.727410416,0.013113114,2.000000000
1734523575.358765841,1,2,-5.126742336,5.311496337,-0.019496697
1734523575.358765841,1,3,-4.941294634,-5.704912162,0.079443546
1734523575.358765841,1,4,-9.207180491,-0.434093712,-0.031477339
1734523575.358765841,1,5,-0.900554170,4.518165645,0.049986340
1734523575.358765841,1,6,-8.784275024,-4.754991941,0.063219795
1734523575.358765841,1,7,-9.118043342,4.810947883,-0.102514769
1734523575.358765841,1,8,-0.898672498,-4.480842423,-0.025602862
1734523575.358765841,1,9,-7.518417909,-0.467688985,0.094217225
1734523575.428765774,2,0,-5.093847373,-0.212239405,0.010805608
1734523575.428765774,2,1,-5.245515098,-5.013265126,0.019973172
1734523575.428765774,2,2,1.555231455,2.276756505,2.000000000
1734523575.428765774,2,3,-10.913918184,-0.051701078,0.045083286
1734523575.428765774,2,4,-5.408437494,4.115195622,0.045411994
1734523575.428765774,2,5,-0.538034682,-3.973040909,-0.006075000
1734523575.428765774,2,6,-9.677313249,3.651730066,0.046585665
1734523575.428765774,2,7,-0.390551070,4.018304975,-0.030356766
1734523575.428765774,2,8,-10.049737685,-3.921525516,-0.031038251
1734523575.428765774,2,9,-5.773980821,9.272231453,0.001805625
1734523575.488765717,3,0,-5.388999754,0.374888845,-0.059843589
1734523575.488765717,3,1,-5.437898980,5.223825678,0.006559019
1734523575.488765717,3,2,-11.441156532,0.434667060,0.109413983
1734523575.488765717,3,3,0.797528932,-2.870406073,2.000000000
1734523575.488765717,3,4,-5.174440340,-4.049474275,-0.049102045
1734523575.488765717,3,5,-10.160291660,4.102217054,-0.014946616
1734523575.488765717,3,6,-1.248965974,-3.765196236,-0.024571404
1734523575.488765717,3,7,-10.903042515,-3.984185232,-0.058792815
1734523575.488765717,3,8,-0.812117094,3.925525818,-0.111306722
1734523575.488765717,3,9,-5.101450524,-9.295458008,0.058951479
1734523575.548765659,4,0,-4.072883754,2.079217944,-0.002127096
1734523575.548765659,4,1,-8.651495197,4.972989884,-0.007665869
1734523575.548765659,4,2,-6.641358277,-2.445893909,-0.019226861
1734523575.548765659,4,3,-0.791533863,6.586926507,0.005350624
1734523575.548765659,4,4,-5.785754845,-0.444279682,2.000000000
1734523575.548765659,4,5,-10.143624905,-0.060704284,0.030693244
1734523575.548765659,4,6,1.600919019,3.740915752,0.022051027
1734523575.548765659,4,7,-3.108007053,-4.259482571,-0.005766005
1734523575.548765659,4,8,-4.595500709,7.930031184,-0.041932874
1734523575.548765659,4,9,4.593005359,-2.421015122,-0.016535084
1734523575.618765831,5,0,-2.986862450,5.179644898,-0.014596466
1734523575.618765831,5,1,-4.755215423,0.889270613,-0.006625572
1734523575.618765831,5,2,2.187841617,3.144899213,-0.035143817
1734523575.618765831,5,3,-8.217065166,7.756010922,-0.045553154
1734523575.618765831,5,4,-1.534643700,9.671935522,0.116478719
1734523575.618765831,5,5,-2.263192751,1.195751303,2.000000000
1734523575.618765831,5,6,-5.529245203,10.497509627,0.026836926
1734523575.618765831,5,7,3.052928040,7.262840856,-0.001605310
1734523575.618765831,5,8,-8.273490723,3.387475194,0.140581123
1734523575.618765831,5,9,0.135052805,8.538276922,0.050349116
1734523575.678765774,6,0,-0.937209367,5.922042661,-0.041875060
1734523575.678765774,6,1,2.021385799,9.464281648,0.037971620
1734523575.678765774,6,2,-5.190568266,8.880559756,-0.087419096
1734523575.678765774,6,3,3.264037005,2.512369956,0.348002107
1734523575.678765774,6,4,-3.602227254,2.065369169,-0.034698620
1734523575.678765774,6,5,-2.355676902,11.732282937,0.050197925
1734523575.678765774,6,6,2.815125762,-2.074814278,2.000000000
1734523575.678765774,6,7,-7.579326921,5.593797594,-0.083083835
1734523575.678765774,6,8,4.868013819,5.775261829,0.047837398
1734523575.678765774,6,9,-6.497445116,-2.101640691,-0.010313694
1734523575.738765717,7,0,-6.282877966,-2.306652496,0.034488389
1734523575.738765717,7,1,-7.840146872,-6.583265743,-0.011131185
1734523575.738765717,7,2,-1.090347567,-3.967887088,0.039783128
1734523575.738765717,7,3,-11.361653290,0.167908693,0.050650022
1734523575.738765717,7,4,-4.711686416,2.202513347,-0.023359416
1734523575.738765717,7,5,-2.914926679,-7.416561037,0.036779560
1734523575.738765717,7,6,-9.157186985,3.265859150,0.029294215
1734523575.738765717,7,7,3.953104250,1.955547321,2.000000000
1734523575.738765717,7,8,-10.133658993,-3.305629171,-0.016618955
1734523575.738765717,7,9,-3.212568075,7.262746375,-0.016735079
1734523575.798765659,8,0,-4.379759574,-3.962367082,0.012849400
1734523575.798765659,8,1,-4.398635441,0.695961437,-0.176023490
1734523575.798765659,8,2,-9.939441444,-4.675809614,-0.021976534
1734523575.798765659,8,3,1.287566362,-3.712398039,0.100152541
1734523575.798765659,8,4,-3.669898359,-8.734943915,0.062349171
1734523575.798765659,8,5,-9.508039384,-0.637481178,-0.015989209
1734523575.798765659,8,6,0.280246464,-7.672619372,-0.003641153
1734523575.798765659,8,7,-6.497569742,-6.387838075,-0.020597085
1734523575.798765659,8,8,0.192550209,-1.998713376,2.000000000
1734523575.798765659,8,9,-1.769200832,-7.519160523,-0.108127374
1734523575.868765831,9,0,-9.774053946,-0.696511601,0.056880154
1734523575.868765831,9,1,-9.062141122,-0.411109242,-0.019818067
1734523575.868765831,9,2,-9.284570197,-5.881870254,-0.075120513
1734523575.868765831,9,3,-9.425425644,5.051682954,-0.092508024
1734523575.868765831,9,4,-5.174504810,-0.234338157,-0.005458705
1734523575.868765831,9,5,-7.440252035,-3.185491280,0.047872126
1734523575.868765831,9,6,-6.100285869,4.052130727,0.119888479
1734523575.868765831,9,7,-5.422829884,-5.560171986,-0.053124555
1734523575.868765831,9,8,-6.139128365,1.725841956,0.033538614
1734523575.868765831,9,9,-1.093658293,-0.256366916,2.000000000
1734523575.928765774,0,0,1.766668346,-0.318126189,2.000000000
1734523575.928765774,0,1,4.694441688,0.283243593,0.147464144
1734523575.928765774,0,2,-0.720806911,5.664962291,-0.110837083
1734523575.928765774,0,3,-0.021243529,-5.595533793,0.053171043
1734523575.928765774,0,4,-4.666822584,-0.653566222,-0.022474457
1734523575.928765774,0,5,3.493722077,5.229725293,0.033264424
1734523575.928765774,0,6,-3.585227767,-4.702309373,-0.018635695
1734523575.928765774,0,7,-4.640463853,4.617428160,0.088781396
1734523575.928765774,0,8,4.043653465,-4.489299599,-0.014437519
1734523575.928765774,0,9,-9.158118745,-1.280389305,0.108683552
1734523575.988765717,1,0,-4.626815587,0.071561996,0.016676512
1734523575.988765717,1,1,-4.984528952,0.013607673,2.000000000
1734523575.988765717,1,2,-5.173299224,5.388275362,-0.005319340
1734523575.988765717,1,3,-4.967218018,-5.723276191,-0.072484650
1734523575.988765717,1,4,-9.125992840,-0.434436695,-0.009456358
1734523575.988765717,1,5,-0.984243489,4.722130494,0.080165043
1734523575.988765717,1,6,-8.769806210,-4.642355561,0.008767676
1734523575.988765717,1,7,-9.175046134,4.871712634,-0.017381685
1734523575.988765717,1,8,-0.876114656,-4.643636293,0.085604831
1734523575.988765717,1,9,-7.501212063,-0.523227151,0.088838493
1734523576.048765659,2,0,-5.129798666,-0.304455437,-0.154513489
1734523576.048765659,2,1,-5.377715944,-5.112680138,-0.036027186
1734523576.048765659,2,2,1.526771633,2.312624075,2.000000000
1734523576.048765659,2,3,-11.045698176,0.012952408,0.114240135
1734523576.048765659,2,4,-5.642599158,4.140133519,0.007129844
1734523576.048765659,2,5,-0.538201146,-3.965644799,0.012953446
1734523576.048765659,2,6,-9.710389356,3.623609622,-0.022367431
1734523576.048765659,2,7,-0.319996047,3.792460532,0.060568496
1734523576.048765659,2,8,-9.977894460,-4.040567214,-0.092294523
1734523576.048765659,2,9,-5.875792155,9.329228851,-0.004757501
1734523576.118765831,3,0,-5.350051250,0.401747734,-0.154002142
1734523576.118765831,3,1,-5.469412511,5.219465175,-0.013512205
1734523576.118765831,3,2,-11.435624542,0.382453149,-0.028123631
1734523576.118765831,3,3,0.768248072,-2.913099252,2.000000000
1734523576.118765831,3,4,-5.215908056,-4.002668076,0.050859314
1734523576.118765831,3,5,-10.343117674,4.195293396,-0.059888964
1734523576.118765831,3,6,-1.249282091,-3.721957883,-0.012575661
1734523576.118765831,3,7,-11.081334833,-4.019347910,-0.169787891
1734523576.118765831,3,8,-0.901938442,3.969467926,-0.060843195
1734523576.118765831,3,9,-5.154988390,-9.126151845,0.063834916
1734523576.178765774,4,0,-4.133709324,2.214089406,-0.092043192
1734523576.178765774,4,1,-8.210749406,5.040714831,-0.025756519
1734523576.178765774,4,2,-6.628581625,-2.298749838,-0.028274720
1734523576.178765774,4,3,-0.735631371,6.498051467,-0.104315894
1734523576.178765774,4,4,-5.767783297,-0.485724292,2.000000000
1734523576.178765774,4,5,-9.926333718,0.169652156,0.041858007
1734523576.178765774,4,6,1.690678345,3.641143938,-0.022022094
1734523576.178765774,4,7,-3.202224596,-4.246646579,-0.016537930
1734523576.178765774,4,8,-4.420509828,8.009920161,-0.057035436
1734523576.178765774,4,9,4.515376607,-2.614180946,-0.039694670
1734523576.238765717,5,0,-3.090574481,5.209707253,0.010120671
1734523576.238765717,5,1,-4.682644866,0.863061058,0.180597974
1734523576.238765717,5,2,2.476874198,3.002013824,-0.089776963
1734523576.238765717,5,3,-8.235587360,7.791855026,-0.031465786
1734523576.238765717,5,4,-1.539151409,9.635584233,0.009500470
1734523576.238765717,5,5,-2.397155848,1.135398373,2.000000000
1734523576.238765717,5,6,-5.395547883,10.521559796,-0.012666342
1734523576.238765717,5,7,3.020276181,7.245882467,-0.005496296
1734523576.238765717,5,8,-8.211750508,3.480453248,0.189875399
1734523576.238765717,5,9,0.136226195,8.469404615,-0.019554315
1734523576.298765659,6,0,-0.964150273,5.909819283,0.013482078
1734523576.298765659,6,1,1.990046933,9.527197824,-0.026768944
1734523576.298765659,6,2,-5.223919302,8.802622870,0.007709586
1734523576.298765659,6,3,3.407195617,2.226207199,0.003125628
1734523576.298765659,6,4,-3.574613710,2.087222002,-0.008326728
1734523576.298765659,6,5,-2.336650224,11.655104710,0.105493466
1734523576.298765659,6,6,2.994994943,-2.020334579,2.000000000
1734523576.298765659,6,7,-7.550932748,5.601508456,-0.049764493
1734523576.298765659,6,8,5.012044182,5.791256391,0.041978885
1734523576.298765659,6,9,-6.460661300,-2.210600320,0.068452710
1734523576.358765841,7,0,-6.491944827,-2.186673246,-0.025116035
1734523576.358765841,7,1,-7.933507044,-6.588272174,0.059795915
1734523576.358765841,7,2,-1.001370133,-3.861647682,-0.026492345
1734523576.358765841,7,3,-11.443437592,0.446846007,0.102892308
1734523576.358765841,7,4,-4.758815252,2.292874298,0.023378281
1734523576.358765841,7,5,-2.991077723,-7.281076530,0.067716726
1734523576.358765841,7,6,-8.900654654,3.246151364,0.032498535
1734523576.358765841,7,7,4.149835840,1.897822832,2.000000000
1734523576.358765841,7,8,-9.804753745,-2.902312317,0.031645683
1734523576.358765841,7,9,-2.992272376,6.939026190,-0.016043064
1734523576.428765774,8,0,-4.480895422,-3.973794404,-0.011232537
1734523576.428765774,8,1,-4.460935110,0.792915583,-0.205694118
1734523576.428765774,8,2,-9.733495537,-4.586786708,0.068547069
1734523576.428765774,8,3,1.334945089,-3.716409653,0.168365591
1734523576.428765774,8,4,-3.794812538,-8.672036680,0.007201852
1734523576.428765774,8,5,-9.422488184,-0.638340544,-0.078308577
1734523576.428765774,8,6,0.286073640,-7.723816193,-0.001241874
1734523576.428765774,8,7,-6.499481268,-6.100747181,-0.133625729
1734523576.428765774,8,8,0.142826314,-1.972055616,2.000000000
1734523576.428765774,8,9,-1.858971897,-7.541593926,-0.135923153
1734523576.488765717,9,0,-9.939827181,-0.846061012,-0.085297238
1734523576.488765717,9,1,-9.031894506,-0.457948039,-0.076736055
1734523576.488765717,9,2,-9.361417678,-6.048217295,-0.028745913
1734523576.488765717,9,3,-9.439077681,5.096676613,-0.173156160
1734523576.488765717,9,4,-5.218672206,-0.208543737,-0.048981066
1734523576.488765717,9,5,-7.200323835,-3.087262441,0.124612717
1734523576.488765717,9,6,-5.833414621,4.082931371,-0.042857698
1734523576.488765717,9,7,-5.362820963,-5.470094734,-0.031390576
1734523576.488765717,9,8,-6.404400817,1.896561236,0.041067936
1734523576.488765717,9,9,-0.990527013,-0.264009036,2.000000000
1734523576.548765659,0,0,1.808324159,-0.325673909,2.000000000
1734523576.548765659,0,1,4.668054023,0.479749941,0.153753029
1734523576.548765659,0,2,-0.761523868,5.596005046,0.057119497
1734523576.548765659,0,3,0.225398178,-5.507672876,0.030808494
1734523576.548765659,0,4,-4.698088198,-0.640289343,-0.024767932
1734523576.548765659,0,5,3.539478266,5.328869776,-0.028083878
1734523576.548765659,0,6,-3.601836166,-4.593799866,0.070105462
1734523576.548765659,0,7,-4.599765294,4.666843600,-0.001874319
1734523576.548765659,0,8,3.963324974,-4.490143491,-0.021586599
1734523576.548765659,0,9,-9.378237901,-1.239254929,0.005256918
1734523576.608765841,1,0,-4.642730784,-0.098525419,0.024442278
1734523576.608765841,1,1,-5.244926606,0.014111598,2.000000000
1734523576.608765841,1,2,-5.147213560,5.341275136,-0.010069954
1734523576.608765841,1,3,-4.845696783,-5.693873804,0.002031060
1734523576.608765841,1,4,-9.196645313,-0.463240120,-0.024313977
1734523576.608765841,1,5,-1.077421162,4.669497277,0.006504521
1734523576.608765841,1,6,-8.758400633,-4.482223826,0.034160782
1734523576.608765841,1,7,-9.200064858,4.816801461,0.031619292
1734523576.608765841,1,8,-1.032931438,-4.676203191,0.022509004
1734523576.608765841,1,9,-7.508454037,-0.509499746,0.045035836
1734523576.678765774,2,0,-5.629929418,-0.406401024,0.000328629
1734523576.678765774,2,1,-5.314300300,-5.028733996,-0.019125938
1734523576.678765774,2,2,1.495986434,2.351460763,2.000000000
1734523576.678765774,2,3,-11.019742873,-0.125637023,0.036384244
1734523576.678765774,2,4,-5.569892762,4.184677405,0.055033057
1734523576.678765774,2,5,-0.537010836,-4.081293762,-0.015415327
1734523576.678765774,2,6,-9.805944342,3.650744561,0.038734452
1734523576.678765774,2,7,-0.325018480,4.016144796,0.078061729
1734523576.678765774,2,8,-10.048560053,-4.131613427,-0.132274527
1734523576.678765774,2,9,-6.088209584,9.333945730,-0.007287387
1734523576.738765717,3,0,-5.635732398,0.365915678,-0.051331430
1734523576.738765717,3,1,-5.563507632,5.355431765,0.022414672
1734523576.738765717,3,2,-11.516566381,0.376688730,-0.020584486
1734523576.738765717,3,3,0.738124092,-2.957030907,2.000000000
1734523576.738765717,3,4,-5.138150194,-4.081739339,0.084051392
1734523576.738765717,3,5,-10.447958427,4.338856066,0.018410124
1734523576.738765717,3,6,-1.298119341,-3.678177862,0.007774699
1734523576.738765717,3,7,-10.967719303,-3.867078997,-0.044150878
1734523576.738765717,3,8,-0.738605376,3.960555340,0.020559438
1734523576.738765717,3,9,-5.211867332,-9.113658043,0.156979645
1734523576.798765659,4,0,-3.972616576,2.437235757,-0.057634545
1734523576.798765659,4,1,-8.099050500,5.124630581,0.073928343
1734523576.798765659,4,2,-6.776658748,-2.139017659,0.012004446
1734523576.798765659,4,3,-0.413854283,6.783431497,-0.032960548
1734523576.798765659,4,4,-5.749374214,-0.528041025,2.000000000
1734523576.798765659,4,5,-9.668348113,0.361228691,0.123671877
1734523576.798765659,4,6,1.799150066,3.656280438,-0.039996144
1734523576.798765659,4,7,-3.277362267,-4.094660110,0.014257551
1734523576.798765659,4,8,-4.087099518,8.119009069,-0.027028036
1734523576.798765659,4,9,4.286221725,-2.821096166,-0.130126534
1734523576.858765841,5,0,-3.073660799,5.084045251,0.033861983
1734523576.858765841,5,1,-4.695433956,0.949704544,0.047032358
1734523576.858765841,5,2,2.412755367,3.054445710,0.295062842
1734523576.858765841,5,3,-8.535263010,7.724851492,-0.029678701
1734523576.858765841,5,4,-1.707215865,9.552364463,-0.036144213
1734523576.858765841,5,5,-2.531795732,1.074785891,2.000000000
1734523576.858765841,5,6,-5.563291190,10.228754426,0.056598546
1734523576.858765841,5,7,3.029069195,7.332368273,-0.049597569
1734523576.858765841,5,8,-8.391476815,3.407164775,0.165684727
1734523576.858765841,5,9,0.116982723,8.383321757,-0.079139269
1734523576.928765774,6,0,-0.915624152,5.871662741,-0.000747724
1734523576.928765774,6,1,1.971821410,9.555632131,-0.048880332
1734523576.928765774,6,2,-5.419266059,8.897938929,-0.086459065
1734523576.928765774,6,3,3.390764797,2.209233314,0.036582248
1734523576.928765774,6,4,-3.638173271,2.040960946,-0.036077216
1734523576.928765774,6,5,-2.347999400,11.683128151,0.068836241
1734523576.928765774,6,6,3.177176125,-1.964868285,2.000000000
1734523576.928765774,6,7,-7.548815613,5.515318154,-0.085828090
1734523576.928765774,6,8,5.079997391,5.956497067,0.017705413
1734523576.928765774,6,9,-6.565376967,-2.154475544,-0.022548563
1734523576.988765717,7,0,-6.296968346,-2.145472020,-0.033042515
1734523576.988765717,7,1,-8.167602590,-6.597495841,0.001364692
1734523576.988765717,7,2,-1.066786020,-3.697266114,0.033486340
1734523576.988765717,7,3,-11.487777192,0.558775756,0.127260050
1734523576.988765717,7,4,-4.840602959,2.323407162,0.008846019
1734523576.988765717,7,5,-3.230329413,-7.205782449,0.024454744
1734523576.988765717,7,6,-8.933656062,3.399675470,0.057691756
1734523576.988765717,7,7,4.345250002,1.840212380,2.000000000
1734523576.988765717,7,8,-9.364812035,-2.607677931,0.009262405
1734523576.988765717,7,9,-2.974234172,7.079358612,0.006826479
1734523577.058765650,8,0,-4.569455636,-3.924884579,-0.005985791
1734523577.058765650,8,1,-4.461942366,0.798487433,-0.181870859
1734523577.058765650,8,2,-9.572060443,-4.378097620,0.001746766
1734523577.058765650,8,3,1.161183103,-3.645647376,0.021975670
1734523577.058765650,8,4,-3.933890851,-8.682139616,-0.072312985
1734523577.058765650,8,5,-9.292989409,-0.416475957,-0.179098941
1734523577.058765650,8,6,0.213149941,-7.485026440,0.029394998
1734523577.058765650,8,7,-6.337214516,-5.870481458,-0.023032971
1734523577.058765650,8,8,0.094252623,-1.946016012,2.000000000
1734523577.058765650,8,9,-1.949092790,-7.554186669,-0.160141058
1734523577.118765831,9,0,-9.865795444,-0.826335775,-0.107689400
1734523577.118765831,9,1,-8.978253596,-0.454411338,-0.039408470
1734523577.118765831,9,2,-9.494863927,-5.993732143,-0.050939205
1734523577.118765831,9,3,-9.238794833,5.066483954,-0.037945668
1734523577.118765831,9,4,-5.265058652,-0.164445591,-0.096343133
1734523577.118765831,9,5,-6.828669489,-2.810089732,-0.047487259
1734523577.118765831,9,6,-5.570523619,3.850377601,-0.000284081
1734523577.118765831,9,7,-5.458475455,-5.521521573,-0.064846098
1734523577.118765831,9,8,-6.613263353,2.063472390,0.031142135
1734523577.118765831,9,9,-0.878308661,-0.272041459,2.000000000
1734523577.178765774,0,0,1.849916443,-0.333205335,2.000000000
1734523577.178765774,0,1,4.854800561,0.242723228,0.100604032
1734523577.178765774,0,2,-0.751998888,5.710462547,-0.061003438
1734523577.178765774,0,3,0.114480029,-5.502399780,0.024795721
1734523577.178765774,0,4,-4.769981886,-0.660230229,-0.014229728
1734523577.178765774,0,5,3.531972917,5.206000851,0.058689232
1734523577.178765774,0,6,-3.529848921,-4.426089428,0.038185608
1734523577.178765774,0,7,-4.535663029,4.445479209,0.043363687
1734523577.178765774,0,8,3.941163362,-4.516016040,0.021564422
1734523577.178765774,0,9,-9.360670937,-1.268415650,0.069443768
1734523577.238765717,1,0,-4.719122096,-0.008693814,-0.094522729
1734523577.238765717,1,1,-5.508767809,0.014624770,2.000000000
1734523577.238765717,1,2,-5.104753329,5.407430853,-0.015466711
1734523577.238765717,1,3,-4.844432501,-5.692946744,-0.002768208
1734523577.238765717,1,4,-9.228792304,-0.442615405,-0.071927844
1734523577.238765717,1,5,-1.159130186,4.915829068,-0.134732232
1734523577.238765717,1,6,-8.771671514,-4.659370710,-0.067822270
1734523577.238765717,1,7,-9.087362258,4.796350911,0.021208901
1734523577.238765717,1,8,-0.957631190,-4.780881302,0.069829029
1734523577.238765717,1,9,-7.503801616,-0.436448244,0.034918415
1734523577.298765659,2,0,-5.454496438,-0.585372342,0.053274293
1734523577.298765659,2,1,-5.219058110,-5.007024835,0.015943484
1734523577.298765659,2,2,1.462763318,2.393428850,2.000000000
1734523577.298765659,2,3,-11.072977619,-0.245835730,0.036384244
1734523577.298765659,2,4,-5.767178186,4.330545229,0.055913605
1734523577.298765659,2,5,-0.505858408,-4.180618934,0.001216636
1734523577.298765659,2,6,-9.701252156,3.452871681,-0.006325737
1734523577.298765659,2,7,-0.294023989,3.837611841,-0.024530812
1734523577.298765659,2,8,-10.233339338,-4.131115494,-0.088992059
1734523577.298765659,2,9,-6.113737146,9.271464427,-0.006695920
1734523577.368765831,3,0,-5.933984990,0.423105544,-0.088631578
1734523577.368765831,3,1,-5.514430527,5.340495174,-0.054663625
1734523577.368765831,3,2,-11.793423299,0.366490707,-0.010359269
1734523577.368765831,3,3,0.707159299,-3.002192455,2.000000000
1734523577.368765831,3,4,-5.132991856,-4.164615136,-0.029806104
1734523577.368765831,3,5,-10.548402327,4.442854002,0.014953270
1734523577.368765831,3,6,-1.369999860,-3.741305583,0.002075701
1734523577.368765831,3,7,-11.045695096,-3.745550524,-0.001701709
1734523577.368765831,3,8,-0.703458877,4.000446288,-0.223344487
1734523577.368765831,3,9,-5.331356710,-9.125661923,0.026257524
1734523577.428765774,4,0,-4.016970933,2.427921161,-0.036494815
1734523577.428765774,4,1,-8.013340718,5.511044559,0.230887107
1734523577.428765774,4,2,-6.820236152,-1.993308945,-0.099181750
1734523577.428765774,4,3,-0.309571623,6.791103806,0.009646918
1734523577.428765774,4,4,-5.730659405,-0.570907863,2.000000000
1734523577.428765774,4,5,-9.817432011,0.596463863,0.061272450
1734523577.428765774,4,6,1.889270969,3.608199172,-0.013149828
1734523577.428765774,4,7,-3.362264465,-4.032628349,-0.032660311
1734523577.428765774,4,8,-4.062986533,8.593422710,0.010683763
1734523577.428765774,4,9,4.327303392,-3.054593013,-0.054536475
1734523577.488765717,5,0,-3.200918575,5.157802585,-0.063874243
1734523577.488765717,5,1,-4.686043214,1.007207762,0.047032358
1734523577.488765717,5,2,2.331205741,3.516246291,0.228166549
1734523577.488765717,5,3,-8.704176256,7.714328352,-0.093920942
1734523577.488765717,5,4,-1.916014900,9.477231493,-0.110616154
1734523577.488765717,5,5,-2.667106096,1.013916558,2.000000000
1734523577.488765717,5,6,-5.513094053,10.237976302,0.034972460
1734523577.488765717,5,7,2.855414361,7.332226702,-0.007645623
1734523577.488765717,5,8,-8.337978497,3.322362988,-0.052832024
1734523577.488765717,5,9,-0.041995626,8.215824074,-0.002453800
1734523577.548765659,6,0,-0.936284912,6.028829925,0.006078870
1734523577.548765659,6,1,2.010769416,9.648264015,0.049987832
1734523577.548765659,6,2,-5.471709447,8.972277939,-0.088007077
1734523577.548765659,6,3,3.349810498,2.133297336,-0.001604511
1734523577.548765659,6,4,-3.620962638,2.001764521,-0.031232655
1734523577.548765659,6,5,-2.427733178,11.537893380,0.057376020
1734523577.548765659,6,6,3.361634062,-1.908412785,2.000000000
1734523577.548765659,6,7,-7.582629316,5.618704647,-0.101466373
1734523577.548765659,6,8,5.225042309,6.046632496,0.024628592
1734523577.548765659,6,9,-6.651372350,-2.259949322,0.016803664
1734523577.608765841,7,0,-6.308372595,-2.096914377,-0.019089543
1734523577.608765841,7,1,-8.393985520,-6.549255710,-0.134628273
1734523577.608765841,7,2,-1.165726769,-3.909774385,-0.012755313
1734523577.608765841,7,3,-11.012197970,0.413571156,0.060906820
1734523577.608765841,7,4,-4.891991023,2.366903094,0.077102319
1734523577.608765841,7,5,-3.087214888,-7.429026196,-0.043995305
1734523577.608765841,7,6,-9.052352393,3.503828483,-0.145176259
1734523577.608765841,7,7,4.539458751,1.782685129,2.000000000
1734523577.608765841,7,8,-8.737314398,-2.473842992,0.119417179
1734523577.608765841,7,9,-2.972614432,7.268395245,-0.001121872
1734523577.678765774,8,0,-4.713891148,-4.032252383,-0.009193269
1734523577.678765774,8,1,-4.498790466,0.724851630,-0.085899296
1734523577.678765774,8,2,-9.814636957,-4.356167928,-0.012838530
1734523577.678765774,8,3,1.173604901,-3.886169644,0.121906246
1734523577.678765774,8,4,-4.002192101,-8.675995047,0.032266326
1734523577.678765774,8,5,-9.552400065,-0.273274973,-0.038585094
1734523577.678765774,8,6,0.129391108,-7.575122363,0.002775885
1734523577.678765774,8,7,-6.189118265,-5.673369317,0.031504386
1734523577.678765774,8,8,0.046959782,-1.920658118,2.000000000
1734523577.678765774,8,9,-2.058655557,-7.602618577,-0.160141058
1734523577.738765717,9,0,-9.874830314,-0.728362038,-0.031238197
1734523577.738765717,9,1,-9.201401249,-0.582508376,-0.039408470
1734523577.738765717,9,2,-9.433832916,-5.936975545,0.028010527
1734523577.738765717,9,3,-9.143447546,5.078574183,-0.007616815
1734523577.738765717,9,4,-5.316669944,-0.205480391,0.002325775
1734523577.738765717,9,5,-6.467873952,-2.493648264,-0.114095195
1734523577.738765717,9,6,-5.704117006,4.025407128,0.077600340
1734523577.738765717,9,7,-5.658690354,-5.612356853,0.027668402
1734523577.738765717,9,8,-6.844927258,2.123971278,0.014084566
1734523577.738765717,9,9,-0.779211532,-0.279332072,2.000000000
1734523577.798765659,0,0,1.891448783,-0.340722120,2.000000000
1734523577.798765659,0,1,4.785853945,0.260268381,0.043711303
1734523577.798765659,0,2,-0.658964951,5.568062169,-0.130034582
1734523577.798765659,0,3,0.155183412,-5.574679791,0.061754459
1734523577.798765659,0,4,-4.664327439,-0.639034645,-0.005737552
1734523577.798765659,0,5,3.462141643,5.311121613,0.019577950
1734523577.798765659,0,6,-3.460567489,-4.551697199,-0.016045997
1734523577.798765659,0,7,-4.516585895,4.391658192,-0.004323660
1734523577.798765659,0,8,3.921409559,-4.483178124,-0.004347166
1734523577.798765659,0,9,-9.403927950,-1.135424977,-0.124119706
1734523577.858765841,1,0,-4.768962114,0.084257919,-0.102401078
1734523577.858765841,1,1,-5.775993644,0.015146653,2.000000000
1734523577.858765841,1,2,-5.189831504,5.489589486,-0.136308258
1734523577.858765841,1,3,-4.853111194,-5.697875587,0.018032561
1734523577.858765841,1,4,-9.222398975,-0.398370468,-0.067074973
1734523577.858765841,1,5,-1.083140393,4.788217890,0.035115655
1734523577.858765841,1,6,-8.753317515,-4.717720509,-0.033944262
1734523577.858765841,1,7,-9.016384301,4.740684408,0.096632791
1734523577.858765841,1,8,-1.054795249,-4.726308334,0.117890594
1734523577.858765841,1,9,-7.511838280,-0.443987809,0.118381069
1734523577.928765774,2,0,-5.136745671,-0.492157758,0.018004680
1734523577.928765774,2,1,-5.220116473,-5.094827741,-0.027030454
1734523577.928765774,2,2,1.427196092,2.438405650,2.000000000
1734523577.928765774,2,3,-10.803452991,-0.118256034,0.011951794
1734523577.928765774,2,4,-5.716133746,4.284573755,0.061353041
1734523577.928765774,2,5,-0.495115783,-4.143728014,0.023587503
1734523577.928765774,2,6,-9.870676889,3.517118429,0.086917049
1734523577.928765774,2,7,-0.498021321,3.725897240,-0.026457621
1734523577.928765774,2,8,-10.252710511,-4.249752189,-0.052437565
1734523577.928765774,2,9,-6.258850700,9.597258896,-0.054183195
1734523577.988765717,3,0,-6.091565785,0.531731258,0.040611832
1734523577.988765717,3,1,-5.518249604,5.368556339,-0.056367310
1734523577.988765717,3,2,-11.254560879,0.465715386,0.099489068
1734523577.988765717,3,3,0.675801168,-3.047996353,2.000000000
1734523577.988765717,3,4,-5.244064461,-3.929783372,-0.036471726
1734523577.988765717,3,5,-10.218064819,4.263723149,0.010141228
1734523577.988765717,3,6,-1.436050403,-3.811405629,0.004822784
1734523577.988765717,3,7,-11.346213933,-3.875700332,0.020903556
1734523577.988765717,3,8,-0.715507264,3.928628718,-0.021571843
1734523577.988765717,3,9,-5.258090652,-9.016335060,-0.014731257
1734523578.048765659,4,0,-3.883212626,2.666004361,0.023824722
1734523578.048765659,4,1,-7.936609411,5.507866472,0.189197936
1734523578.048765659,4,2,-6.967422250,-1.952625492,-0.041593142
1734523578.048765659,4,3,-0.120518074,6.978452681,0.015605147
1734523578.048765659,4,4,-5.711652757,-0.614273671,2.000000000
1734523578.048765659,4,5,-9.980569301,0.888409753,0.002500269
1734523578.048765659,4,6,1.996140139,3.659345339,0.022362226
1734523578.048765659,4,7,-3.507172859,-4.013676983,0.026550578
1734523578.048765659,4,8,-3.927752287,8.887498000,0.006729696
1734523578.048765659,4,9,4.124919259,-2.814027653,0.020272192
1734523578.118765831,5,0,-3.341279397,5.080191298,0.021122965
1734523578.118765831,5,1,-4.625410359,0.578415796,0.022534140
1734523578.118765831,5,2,2.145053861,3.732954061,0.095960392
1734523578.118765831,5,3,-8.647138910,7.402563079,-0.038691967
1734523578.118765831,5,4,-1.954890623,9.436119406,-0.222378256
1734523578.118765831,5,5,-2.801128942,0.953665525,2.000000000
1734523578.118765831,5,6,-5.692327977,9.825182090,0.113540861
1734523578.118765831,5,7,2.752987016,7.186438192,0.016028577
1734523578.118765831,5,8,-8.454775546,3.218269548,-0.114261489
1734523578.118765831,5,9,-0.284462557,7.999315331,0.015381033
1734523578.178765774,6,0,-0.979723114,5.917793358,0.047389562
1734523578.178765774,6,1,1.950871560,9.572477109,-0.016013613
1734523578.178765774,6,2,-5.419744264,8.998102160,0.045240375
1734523578.178765774,6,3,3.323498620,2.103362659,0.034859346
1734523578.178765774,6,4,-3.661147751,2.034975791,-0.019433351
1734523578.178765774,6,5,-2.397040641,11.578741081,0.140855431
1734523578.178765774,6,6,3.548395382,-1.850936724,2.000000000
1734523578.178765774,6,7,-7.616927371,5.689967719,0.025202512
1734523578.178765774,6,8,5.249946420,5.977411772,0.067757109
1734523578.178765774,6,9,-6.582141543,-2.220850222,-0.017465117
1734523578.238765717,7,0,-6.376709160,-2.033093307,-0.096181414
1734523578.238765717,7,1,-8.167840317,-6.569371786,-0.072786319
1734523578.238765717,7,2,-0.806328512,-3.810655861,-0.039392700
1734523578.238765717,7,3,-11.154587634,0.468338885,0.102399171
1734523578.238765717,7,4,-4.687030700,2.297755313,-0.010194486
1734523578.238765717,7,5,-3.022454352,-7.476916267,-0.100162103
1734523578.238765717,7,6,-8.760549417,3.291258078,-0.031746361
1734523578.238765717,7,7,4.733131597,1.725219554,2.000000000
1734523578.238765717,7,8,-8.312276699,-2.363964311,0.130235451
1734523578.238765717,7,9,-2.898428761,7.038898819,-0.028676239
1734523578.308765650,8,0,-4.524340596,-3.791285757,-0.015441605
1734523578.308765650,8,1,-4.550431072,0.826259577,0.038607323
1734523578.308765650,8,2,-9.865280658,-4.264926532,-0.032776129
1734523578.308765650,8,3,1.211180927,-4.036277993,0.053263915
1734523578.308765650,8,4,-4.070514357,-8.715059439,-0.005155951
1734523578.308765650,8,5,-9.708083604,-0.409010853,0.016420129
1734523578.308765650,8,6,0.129906325,-7.483819865,-0.015701798
1734523578.308765650,8,7,-6.034685266,-5.510647606,-0.056879666
1734523578.308765650,8,8,0.000490540,-1.895726739,2.000000000
1734523578.308765650,8,9,-1.929119035,-7.659163152,0.051011651
1734523578.368765831,9,0,-9.942019926,-0.613105678,-0.008015188
1734523578.368765831,9,1,-8.922301071,-0.192609928,-0.129818020
1734523578.368765831,9,2,-9.383070117,-5.910827935,-0.104838602
1734523578.368765831,9,3,-8.992657879,5.146160259,-0.023441158
1734523578.368765831,9,4,-5.256499877,-0.227738776,0.004222234
1734523578.368765831,9,5,-6.542149952,-2.430646470,0.002985849
1734523578.368765831,9,6,-5.657593805,4.059084608,0.066968431
1734523578.368765831,9,7,-5.665887069,-5.483798239,-0.010655513
1734523578.368765831,9,8,-6.958129326,2.297630095,0.084430498
1734523578.368765831,9,9,-0.682186071,-0.286497471,2.000000000
1734523578.428765774,0,0,1.933080593,-0.348254957,2.000000000
1734523578.428765774,0,1,4.807075824,0.161579284,0.166159649
1734523578.428765774,0,2,-0.581927751,5.681496021,0.089094195
1734523578.428765774,0,3,0.185620522,-5.543871282,0.175533431
1734523578.428765774,0,4,-4.679443527,-0.731155880,-0.111570338
1734523578.428765774,0,5,3.335058278,5.206661375,0.023162922
1734523578.428765774,0,6,-3.392397708,-4.531550126,-0.059112121
1734523578.428765774,0,7,-4.661461395,4.723737865,-0.003456593
1734523578.428765774,0,8,3.933808218,-4.579066523,-0.011505213
1734523578.428765774,0,9,-9.369759518,-1.090736091,-0.078189861
1734523578.488765717,1,0,-4.712507792,0.078375518,-0.068840114
1734523578.488765717,1,1,-6.046565297,0.015684876,2.000000000
1734523578.488765717,1,2,-5.175793480,5.487627486,-0.033435856
1734523578.488765717,1,3,-4.959208493,-5.744540272,-0.000385767
1734523578.488765717,1,4,-9.205540966,-0.333307319,-0.024461231
1734523578.488765717,1,5,-1.097824285,4.792737002,-0.045540883
1734523578.488765717,1,6,-8.723590832,-4.506448495,0.071544610
1734523578.488765717,1,7,-9.036651487,4.755281251,0.034216486
1734523578.488765717,1,8,-1.008791598,-4.705070493,0.162842705
1734523578.488765717,1,9,-7.500721314,-0.467196137,0.149691556
1734523578.548765659,2,0,-5.455270174,-0.457329365,-0.123668060
1734523578.548765659,2,1,-5.451071504,-5.257534432,0.036885930
1734523578.548765659,2,2,1.389569522,2.486034686,2.000000000
1734523578.548765659,2,3,-10.723888922,-0.129503178,0.032488907
1734523578.548765659,2,4,-5.707495769,4.131941883,0.036534618
1734523578.548765659,2,5,-0.514180935,-4.089444175,0.004899729
1734523578.548765659,2,6,-9.834264021,3.453758351,0.011691338
1734523578.548765659,2,7,-0.561755951,3.760275409,0.005682279
1734523578.548765659,2,8,-10.123457005,-4.108919909,0.028235301
1734523578.548765659,2,9,-6.290246910,9.426847718,-0.042281198
1734523578.608765841,3,0,-5.781908627,0.564271127,0.032670832
1734523578.608765841,3,1,-5.420400329,5.312835991,-0.023290186
1734523578.608765841,3,2,-11.440835002,0.532618393,-0.048242137
1734523578.608765841,3,3,0.643754040,-3.094800582,2.000000000
1734523578.608765841,3,4,-5.171057476,-4.028942443,-0.002474796
1734523578.608765841,3,5,-10.139631689,4.254853500,-0.014892603
1734523578.608765841,3,6,-1.446903950,-3.641351663,0.039552527
1734523578.608765841,3,7,-11.330489863,-3.727848732,0.024301115
1734523578.608765841,3,8,-0.783636918,4.108407659,0.033538907
1734523578.608765841,3,9,-5.426957599,-9.180762480,-0.029918140
1734523578.678765774,4,0,-3.829668340,2.925512984,-0.018234725
1734523578.678765774,4,1,-7.442546752,5.571259291,0.117262981
1734523578.678765774,4,2,-7.055399268,-1.794431495,0.061061249
1734523578.678765774,4,3,0.019469180,6.987360792,0.015255231
1734523578.678765774,4,4,-5.692496552,-0.657811878,2.000000000
1734523578.678765774,4,5,-9.646352590,1.010491104,-0.009658948
1734523578.678765774,4,6,2.124728723,3.645901117,-0.013026951
1734523578.678765774,4,7,-3.576518459,-4.022407102,-0.062868273
1734523578.678765774,4,8,-3.810983739,8.908660210,-0.015986232
1734523578.678765774,4,9,4.054766217,-3.024903563,0.110284863
1734523578.738765717,5,0,-3.491978533,4.983912403,0.008611177
1734523578.738765717,5,1,-4.793384518,0.591196922,0.024083438
1734523578.738765717,5,2,2.090504350,3.726590766,0.180671193
1734523578.738765717,5,3,-8.825405324,7.162302854,-0.127456958
1734523578.738765717,5,4,-2.130473390,9.690195038,-0.031283229
1734523578.738765717,5,5,-2.934525036,0.893698990,2.000000000
1734523578.738765717,5,6,-5.781153600,9.786559862,0.148515119
1734523578.738765717,5,7,2.642223776,7.430795637,-0.031300760
1734523578.738765717,5,8,-8.533658597,3.182666231,-0.204601113
1734523578.738765717,5,9,-0.459542644,7.835434541,0.051309945
1734523578.798765659,6,0,-0.934083378,5.875761145,0.058263065
1734523578.798765659,6,1,2.028503156,9.576150541,-0.008840735
1734523578.798765659,6,2,-5.453591771,9.026609722,0.155718746
1734523578.798765659,6,3,3.363656545,2.097644486,0.017724274
1734523578.798765659,6,4,-3.581851594,1.985444509,0.069449119
1734523578.798765659,6,5,-2.503285463,11.438900355,0.026855169
1734523578.798765659,6,6,3.737409721,-1.792454664,2.000000000
1734523578.798765659,6,7,-7.864296283,5.627079846,-0.011064236
1734523578.798765659,6,8,5.102593004,5.677082313,0.167268495
1734523578.798765659,6,9,-6.604047390,-2.216394316,-0.033268106
1734523578.868765831,7,0,-6.244939240,-2.205289743,-0.002051275
1734523578.868765831,7,1,-8.129544960,-6.612498393,-0.030845286
1734523578.868765831,7,2,-0.799599325,-3.859625080,-0.067824087
1734523578.868765831,7,3,-11.480038252,0.346573760,0.077157464
1734523578.868765831,7,4,-4.679215576,2.250892206,0.011444237
1734523578.868765831,7,5,-3.184894245,-7.426035811,-0.118264773
1734523578.868765831,7,6,-8.773068104,3.151892155,-0.038774950
1734523578.868765831,7,7,4.925637124,1.667846837,2.000000000
1734523578.868765831,7,8,-7.727271598,-2.421651600,-0.002953290
1734523578.868765831,7,9,-3.118099626,7.263259065,0.014512254
1734523578.928765774,8,0,-4.568992750,-3.900394251,-0.030227859
1734523578.928765774,8,1,-4.580138570,0.938998888,0.003301961
1734523578.928765774,8,2,-9.715479847,-4.284054768,-0.078418678
1734523578.928765774,8,3,1.139202522,-4.058249567,0.083986042
1734523578.928765774,8,4,-4.145689950,-8.651833107,-0.058791744
1734523578.928765774,8,5,-9.735796159,-0.537132953,-0.092533434
1734523578.928765774,8,6,0.020254270,-7.613149764,0.011859314
1734523578.928765774,8,7,-6.006129276,-5.371657200,-0.056879666
1734523578.928765774,8,8,-0.044789366,-1.871382553,2.000000000
1734523578.928765774,8,9,-1.827279309,-7.706936410,-0.002602713
1734523578.998765707,9,0,-10.053239924,-0.281125977,-0.079119420
1734523578.998765707,9,1,-8.742213316,0.028194280,-0.123802966
1734523578.998765707,9,2,-9.587660931,-5.672037415,-0.060170173
1734523578.998765707,9,3,-9.050384075,5.435120960,-0.076791967
1734523578.998765707,9,4,-5.343329789,-0.035931902,-0.009910286
1734523578.998765707,9,5,-6.619900541,-2.496507244,0.011651505
1734523578.998765707,9,6,-5.626874324,4.087613060,0.040970171
1734523578.998765707,9,7,-5.797366274,-5.436120670,0.007525538
1734523578.998765707,9,8,-7.070121358,2.412026784,0.091771725
1734523578.998765707,9,9,-0.593917787,-0.293259171,2.000000000
1734523579.058765650,0,0,1.974552912,-0.355753465,2.000000000
1734523579.058765650,0,1,4.745742772,0.401043358,0.128525755
1734523579.058765650,0,2,-0.596976717,5.461865538,-0.055638840
1734523579.058765650,0,3,-0.016080163,-5.537792436,0.089933746
1734523579.058765650,0,4,-4.647619749,-0.628258119,0.017552951
1734523579.058765650,0,5,3.258363983,5.154847041,0.046044049
1734523579.058765650,0,6,-3.464820377,-4.495092816,-0.016623231
1734523579.058765650,0,7,-4.605382008,4.630817691,0.039617601
1734523579.058765650,0,8,3.887901384,-4.578899566,0.051584566
1734523579.058765650,0,9,-9.400909001,-1.029951898,-0.119607181
1734523579.128765821,1,0,-4.923036702,0.109419558,0.026155384
1734523579.128765821,1,1,-6.320519378,0.016234483,2.000000000
1734523579.128765821,1,2,-5.163955885,5.455439018,-0.009041462
1734523579.128765821,1,3,-5.087991295,-5.896164456,-0.030996761
1734523579.128765821,1,4,-9.516648027,-0.540884162,-0.036227300
1734523579.128765821,1,5,-1.176421798,4.893340944,0.117005843
1734523579.128765821,1,6,-8.769394782,-4.486014510,0.005153536
1734523579.128765821,1,7,-9.108882074,4.731623111,0.018803319
1734523579.128765821,1,8,-1.215684724,-4.625241766,0.107774483
1734523579.128765821,1,9,-7.509733400,-0.492228025,0.051041120
1734523579.188765764,2,0,-5.606919675,-0.594596217,-0.017055138
1734523579.188765764,2,1,-5.485128068,-5.361723737,-0.016633423
1734523579.188765764,2,2,1.349855182,2.536370545,2.000000000
1734523579.188765764,2,3,-11.026406667,-0.200799419,0.060833828
1734523579.188765764,2,4,-5.733206562,4.122312662,0.031316721
1734523579.188765764,2,5,-0.494248612,-4.100621451,-0.027658989
1734523579.188765764,2,6,-9.851461793,3.374029170,-0.094456545
1734523579.188765764,2,7,-0.514620284,3.789924963,0.061482140
1734523579.188765764,2,8,-10.249720852,-4.078881470,-0.033442834
1734523579.188765764,2,9,-6.428196393,9.671394698,0.034013635
1734523579.258765697,3,0,-5.674024109,0.562129135,0.053004394
1734523579.258765697,3,1,-5.481926893,5.405355359,0.028414891
1734523579.258765697,3,2,-11.698591740,0.595270515,-0.000878258
1734523579.258765697,3,3,0.610970366,-3.142663321,2.000000000
1734523579.258765697,3,4,-5.306051115,-3.993282674,-0.066148283
1734523579.258765697,3,5,-10.417468491,4.406954942,-0.012950959
1734523579.258765697,3,6,-1.467830251,-3.713079472,-0.007405297
1734523579.258765697,3,7,-11.079558369,-3.612596449,-0.079786816
1734523579.258765697,3,8,-0.682535716,3.968847646,-0.011289906
1734523579.258765697,3,9,-5.391554485,-9.249542522,0.048154901
1734523579.328765869,4,0,-3.784860975,3.214747482,0.148243535
1734523579.328765869,4,1,-7.391424603,5.945678753,0.136499339
1734523579.328765869,4,2,-7.275011514,-1.672127129,0.010776185
1734523579.328765869,4,3,0.246820793,7.044008762,-0.016521994
1734523579.328765869,4,4,-5.673189489,-0.701514646,2.000000000
1734523579.328765869,4,5,-9.900363077,1.367801055,0.043484116
1734523579.328765869,4,6,2.124671066,3.537979935,0.004142301
1734523579.328765869,4,7,-3.666025246,-3.764679837,-0.013907231
1734523579.328765869,4,8,-3.592767664,9.218869465,0.048232280
1734523579.328765869,4,9,4.106349719,-3.033408616,-0.027706882
1734523579.388765812,5,0,-3.590253662,4.900889505,-0.004404357
1734523579.388765812,5,1,-4.951255908,0.569920273,0.091777419
1734523579.388765812,5,2,1.907929942,3.538242253,0.103228851
1734523579.388765812,5,3,-8.902974882,6.972834430,-0.056865825
1734523579.388765812,5,4,-2.394097431,9.731887061,-0.031655100
1734523579.388765812,5,5,-3.066426619,0.834318394,2.000000000
1734523579.388765812,5,6,-5.875430598,9.423049769,0.052946226
1734523579.388765812,5,7,2.495874908,7.526556703,0.010912386
1734523579.388765812,5,8,-8.287957638,2.766928498,-0.060745368
1734523579.388765812,5,9,-0.601158149,7.740242727,0.126498899
1734523579.458765745,6,0,-0.964502009,5.872271345,0.020996632
1734523579.458765745,6,1,2.025026996,9.518104442,-0.056114372
1734523579.458765745,6,2,-5.465781279,9.030019800,0.009852548
1734523579.458765745,6,3,3.367590143,2.100655602,-0.003198074
1734523579.458765745,6,4,-3.689643331,1.964433803,0.004610614
1734523579.458765745,6,5,-2.506926481,11.489959343,0.026855169
1734523579.458765745,6,6,3.928582831,-1.732983166,2.000000000
1734523579.458765745,6,7,-7.693920464,5.526253912,-0.027970405
1734523579.458765745,6,8,5.141892519,5.694134501,0.011478928
1734523579.458765745,6,9,-6.641942405,-2.325342200,-0.050704065
1734523579.518765688,7,0,-6.193677046,-2.230321276,0.036051842
1734523579.518765688,7,1,-8.006585990,-6.706028920,0.004737381
1734523579.518765688,7,2,-0.925458082,-3.885674558,0.019659784
1734523579.518765688,7,3,-11.517613804,0.336745057,0.042151730
1734523579.518765688,7,4,-4.776026021,2.221011688,0.001757273
1734523579.518765688,7,5,-3.064070400,-7.350272563,0.045879297
1734523579.518765688,7,6,-8.944899533,3.073522263,-0.015831857
1734523579.518765688,7,7,5.117431859,1.610571783,2.000000000
1734523579.518765688,7,8,-7.649759271,-2.388494836,-0.066996263
1734523579.518765688,7,9,-3.168261156,7.187223423,-0.026122522
1734523579.578765869,8,0,-4.669078777,-3.855685776,-0.022946058
1734523579.578765869,8,1,-4.668509025,0.894773811,-0.069016533
1734523579.578765869,8,2,-9.599095349,-4.108163901,-0.010796154
1734523579.578765869,8,3,1.243432983,-4.078595238,0.013729024
1734523579.578765869,8,4,-4.118916679,-8.487898953,-0.044245303
1734523579.578765869,8,5,-9.998396558,-0.337339471,-0.027432015
1734523579.578765869,8,6,0.021991391,-7.625465402,0.029101352
1734523579.578765869,8,7,-5.970287098,-5.189927652,0.001770716
1734523579.578765869,8,8,-0.089057081,-1.847533664,2.000000000
1734523579.578765869,8,9,-1.932501349,-7.669536442,0.024271966
1734523579.638765812,9,0,-10.059300947,0.001592311,-0.085944642
1734523579.638765812,9,1,-8.649349861,0.110428937,-0.019662726
1734523579.638765812,9,2,-9.776296967,-5.503489847,0.071765497
1734523579.638765812,9,3,-9.041706759,5.577044917,0.015088866
1734523579.638765812,9,4,-5.428443641,0.124943753,-0.030191533
1734523579.638765812,9,5,-6.695125015,-2.401838822,-0.031647292
1734523579.638765812,9,6,-5.469312584,4.178683301,0.101479820
1734523579.638765812,9,7,-5.926874084,-5.273280208,-0.045744322
1734523579.638765812,9,8,-7.058058445,2.557613487,0.008624919
1734523579.638765812,9,9,-0.503046095,-0.300632456,2.000000000
1734523579.708765745,0,0,2.015910743,-0.363228896,2.000000000
1734523579.708765745,0,1,4.814690245,0.374416373,0.025036061
1734523579.708765745,0,2,-0.560916105,5.650374783,0.057715854
1734523579.708765745,0,3,0.071858202,-5.703322593,0.001550147
1734523579.708765745,0,4,-4.849912898,-0.656447897,0.013102321
1734523579.708765745,0,5,3.331391551,5.194699195,-0.038755608
1734523579.708765745,0,6,-3.640752397,-4.463058983,0.058486881
1734523579.708765745,0,7,-4.622950202,4.733499131,-0.008018911
1734523579.708765745,0,8,3.881706945,-4.597731074,-0.000197361
1734523579.708765745,0,9,-9.488025044,-1.173135484,-0.118789568
1734523579.768765688,1,0,-4.906289763,0.296001561,0.138412712
1734523579.768765688,1,1,-6.596288853,0.016898195,2.000000000
1734523579.768765688,1,2,-5.211103807,5.477488465,0.008421678
1734523579.768765688,1,3,-5.018135322,-5.936241311,-0.018761113
1734523579.768765688,1,4,-9.417511918,-0.614241344,0.060693793
1734523579.768765688,1,5,-1.169133439,4.935651808,0.099777086
1734523579.768765688,1,6,-8.400166341,-4.330153808,-0.047115670
1734523579.768765688,1,7,-9.008272434,4.744656543,-0.043769492
1734523579.768765688,1,8,-1.272096180,-4.715977191,-0.025949586
1734523579.768765688,1,9,-7.497991234,-0.455504149,0.127251307
1734523579.828765869,2,0,-5.676569730,-0.490848730,-0.117716783
1734523579.828765869,2,1,-5.413417611,-5.194697280,0.038291029
1734523579.828765869,2,2,1.308128104,2.589317093,2.000000000
1734523579.828765869,2,3,-11.113592536,-0.300941555,0.046259552
1734523579.828765869,2,4,-5.615932764,3.987099656,0.025813867
1734523579.828765869,2,5,-0.499505309,-4.053407898,-0.016544512
1734523579.828765869,2,6,-9.974229756,3.460173842,-0.098871577
1734523579.828765869,2,7,-0.355780846,3.989913569,0.012041008
1734523579.828765869,2,8,-10.236693607,-4.105990350,-0.024091213
1734523579.828765869,2,9,-6.505293322,9.623762369,-0.047013788
1734523579.888765812,3,0,-5.822875646,0.615668209,-0.089164413
1734523579.888765812,3,1,-5.516431992,5.437638226,-0.021532423
1734523579.888765812,3,2,-11.578873344,0.665335229,-0.080205878
1734523579.888765812,3,3,0.577577461,-3.191436999,2.000000000
1734523579.888765812,3,4,-5.448865297,-4.099863662,-0.099398701
1734523579.888765812,3,5,-10.578185817,4.428732401,0.013742777
1734523579.888765812,3,6,-1.424776932,-3.607065427,0.008993441
1734523579.888765812,3,7,-11.030650620,-3.639348100,-0.085200500
1734523579.888765812,3,8,-0.818259376,4.086251823,0.035276027
1734523579.888765812,3,9,-5.470603263,-9.474771555,-0.020838576
1734523579.958765745,4,0,-4.094883565,3.357068779,0.156009091
1734523579.958765745,4,1,-7.365607719,5.963700193,-0.081326455
1734523579.958765745,4,2,-7.428100707,-1.510789809,-0.018065942
1734523579.958765745,4,3,0.394001704,7.171337466,0.032301062
1734523579.958765745,4,4,-5.653948863,-0.744885168,2.000000000
1734523579.958765745,4,5,-9.827200757,1.686980297,-0.057190553
1734523579.958765745,4,6,2.131106663,3.454442291,0.001297852
1734523579.958765745,4,7,-3.832158281,-3.727436127,-0.004771644
1734523579.958765745,4,8,-3.269067184,9.060630416,0.011714447
1734523579.958765745,4,9,3.854654238,-3.048591106,-0.003321868
1734523580.018765688,5,0,-3.792485139,4.883827355,-0.008697293
1734523580.018765688,5,1,-4.821253793,0.442575353,0.116429718
1734523580.018765688,5,2,1.796384405,3.383032247,0.041470989
1734523580.018765688,5,3,-9.096152126,6.731633228,0.036952864
1734523580.018765688,5,4,-2.626517128,9.523822873,-0.114161018
1734523580.018765688,5,5,-3.197167879,0.775372492,2.000000000
1734523580.018765688,5,6,-5.939462021,9.182081957,0.011682417
1734523580.018765688,5,7,2.274220904,7.488095007,0.051296392
1734523580.018765688,5,8,-8.082980365,2.270418374,-0.115813441
1734523580.018765688,5,9,-0.781501421,7.728301857,-0.021175913
1734523580.078765869,6,0,-1.007020495,5.867299118,-0.100038969
1734523580.078765869,6,1,2.011195340,9.610140040,0.008082800
1734523580.078765869,6,2,-5.656165247,9.058101858,0.108997854
1734523580.078765869,6,3,3.387986978,2.078600449,0.041267520
1734523580.078765869,6,4,-3.757322943,2.004921120,0.007324962
1734523580.078765869,6,5,-2.534951376,11.363346660,0.045401737
1734523580.078765869,6,6,4.121878835,-1.672537116,2.000000000
1734523580.078765869,6,7,-7.561961158,5.528002577,-0.002519939
1734523580.078765869,6,8,5.092495657,5.771303290,0.158597289
1734523580.078765869,6,9,-6.607872206,-2.347639548,-0.006320994
1734523580.138765812,7,0,-6.225011995,-2.328971711,0.005867223
1734523580.138765812,7,1,-8.053889282,-6.887856532,-0.060840752
1734523580.138765812,7,2,-0.803007392,-3.955980930,-0.073305815
1734523580.138765812,7,3,-11.780140398,0.181610699,0.025832063
1734523580.138765812,7,4,-4.980504858,2.225095617,-0.005790757
1734523580.138765812,7,5,-3.094027970,-7.501839922,0.077813337
1734523580.138765812,7,6,-8.900320880,2.984440459,-0.053873331
1734523580.138765812,7,7,5.308525284,1.553345589,2.000000000
1734523580.138765812,7,8,-7.456369285,-2.455835542,0.034957425
1734523580.138765812,7,9,-3.316835488,7.115662201,-0.021901598
1734523580.208765745,8,0,-4.838314325,-3.949308599,-0.021939757
1734523580.208765745,8,1,-4.715695840,0.814870708,-0.034838365
1734523580.208765745,8,2,-9.720635553,-4.153060223,0.060794892
1734523580.208765745,8,3,1.230683280,-3.837950976,-0.091518488
1734523580.208765745,8,4,-4.035068093,-8.496401955,-0.066257810
1734523580.208765745,8,5,-9.962614669,-0.464932646,-0.119408672
1734523580.208765745,8,6,0.050388014,-7.497159829,-0.024782549
1734523580.208765745,8,7,-5.811505022,-5.109277564,0.040941755
1734523580.208765745,8,8,-0.131220079,-1.824739967,2.000000000
1734523580.208765745,8,9,-1.984164555,-7.716944999,0.024271966
1734523580.268765688,9,0,-10.022289719,0.142460712,0.031606436
1734523580.268765688,9,1,-8.535564379,0.224644659,-0.109433515
1734523580.268765688,9,2,-10.127236481,-5.392987754,0.015360691
1734523580.268765688,9,3,-8.868186610,5.878561446,0.052450785
1734523580.268765688,9,4,-5.453680806,0.200608686,-0.024555551
1734523580.268765688,9,5,-6.900908708,-2.205387436,-0.077975735
1734523580.268765688,9,6,-5.542171113,4.317730614,-0.001332638
1734523580.268765688,9,7,-5.944704718,-5.030643270,0.026624759
1734523580.268765688,9,8,-6.989621002,2.702853893,-0.091208686
1734523580.268765688,9,9,-0.412644724,-0.308365005,2.000000000
1734523580.328765869,0,0,2.057153224,-0.370680929,2.000000000
1734523580.328765869,0,1,4.764181454,0.437177132,-0.004242472
1734523580.328765869,0,2,-0.721985656,5.511232399,0.099866435
1734523580.328765869,0,3,0.173266948,-5.717306987,0.103383648
1734523580.328765869,0,4,-4.733188446,-0.654278190,-0.016328312
1734523580.328765869,0,5,3.301679160,5.254987156,-0.041228726
1734523580.328765869,0,6,-3.679689089,-4.447722644,0.028287602
1734523580.328765869,0,7,-4.629228166,4.728371044,-0.038556932
1734523580.328765869,0,8,3.944028817,-4.622206530,0.021447624
1734523580.328765869,0,9,-9.482564744,-1.142431783,0.049737283
1734523580.398765802,1,0,-5.001952287,0.075250526,0.218339883
1734523580.398765802,1,1,-6.873723592,0.017674496,2.000000000
1734523580.398765802,1,2,-5.292345318,5.513666208,0.031082120
1734523580.398765802,1,3,-5.122397960,-5.994336370,0.050176429
1734523580.398765802,1,4,-9.248746855,-0.471036118,-0.046229603
1734523580.398765802,1,5,-1.246405142,4.878282102,0.162848415
1734523580.398765802,1,6,-8.374186045,-4.276144125,-0.125138688
1734523580.398765802,1,7,-9.133404558,4.881216421,0.023837140
1734523580.398765802,1,8,-1.305263914,-4.533557073,-0.006832104
1734523580.398765802,1,9,-7.508660477,-0.474433963,0.127251307
1734523580.458765745,2,0,-5.696562906,-0.396682660,0.034459590
1734523580.458765745,2,1,-5.396203893,-5.270420098,-0.000860503
1734523580.458765745,2,2,1.264299325,2.645003931,2.000000000
1734523580.458765745,2,3,-11.153361135,-0.217699097,0.178180971
1734523580.458765745,2,4,-5.948668084,4.085809349,0.013549622
1734523580.458765745,2,5,-0.410809972,-3.755088197,0.030052661
1734523580.458765745,2,6,-10.193725231,3.467841606,-0.029628770
1734523580.458765745,2,7,-0.293158715,3.833081375,-0.063640518
1734523580.458765745,2,8,-10.533625111,-4.208120529,0.013108197
1734523580.458765745,2,9,-6.601022650,9.594313108,-0.003560053
1734523580.518765688,3,0,-5.728899118,0.562900079,0.070104008
1734523580.518765688,3,1,-5.624487112,5.522020052,0.041447583
1734523580.518765688,3,2,-11.507615273,0.653185306,0.015468462
1734523580.518765688,3,3,0.543741194,-3.240931632,2.000000000
1734523580.518765688,3,4,-5.455747626,-3.987521180,-0.088252706
1734523580.518765688,3,5,-10.678762345,4.406296205,-0.079997616
1734523580.518765688,3,6,-1.478424472,-3.614181373,-0.028259033
1734523580.518765688,3,7,-11.120185899,-3.817117213,-0.036922795
1734523580.518765688,3,8,-0.874089338,4.042087744,-0.291717759
1734523580.518765688,3,9,-5.496412236,-9.503321151,0.028479729
1734523580.578765869,4,0,-4.174096369,3.407681170,-0.065350167
1734523580.578765869,4,1,-7.420559904,6.113845341,-0.015654990
1734523580.578765869,4,2,-7.634157357,-1.514204955,0.004466328
1734523580.578765869,4,3,0.480176626,7.130384431,-0.015546971
1734523580.578765869,4,4,-5.634768967,-0.787937216,2.000000000
1734523580.578765869,4,5,-9.691019580,1.709923096,0.002869778
1734523580.578765869,4,6,2.216507306,3.433948865,0.008309901
1734523580.578765869,4,7,-3.922376284,-3.777268379,-0.006164469
1734523580.578765869,4,8,-3.017662089,9.193139702,0.047883038
1734523580.578765869,4,9,3.708470163,-3.324459400,0.102095373
1734523580.638765812,5,0,-3.857575040,4.695117441,-0.036582418
1734523580.638765812,5,1,-4.819510386,0.150718916,-0.001796021
1734523580.638765812,5,2,1.573360713,3.538254497,-0.099825612
1734523580.638765812,5,3,-9.466328365,6.564587428,-0.032487963
1734523580.638765812,5,4,-2.838014792,9.302181838,0.010823071
1734523580.638765812,5,5,-3.326839114,0.716831129,2.000000000
1734523580.638765812,5,6,-6.136907241,8.387406581,-0.088714739
1734523580.638765812,5,7,2.198229843,7.482524767,-0.083207884
1734523580.638765812,5,8,-8.344875283,2.332952172,-0.035101351
1734523580.638765812,5,9,-0.819763419,7.704790909,-0.060720310
1734523580.708765745,6,0,-1.071428744,5.957181796,0.007925272
1734523580.708765745,6,1,1.860366874,9.611662710,-0.022393907
1734523580.708765745,6,2,-5.688217747,9.162190335,-0.005220557
1734523580.708765745,6,3,3.344896620,2.026688390,0.033914851
1734523580.708765745,6,4,-3.644102666,1.956666816,-0.013576521
1734523580.708765745,6,5,-2.593261595,11.334808224,-0.012472657
1734523580.708765745,6,6,4.317231908,-1.611138708,2.000000000
1734523580.708765745,6,7,-7.514607829,5.497577123,0.046132795
1734523580.708765745,6,8,5.106839136,5.782675206,-0.057134539
1734523580.708765745,6,9,-6.795010591,-2.453379311,0.000391058
1734523580.778765678,7,0,-6.047137655,-2.386600967,-0.030494338
1734523580.778765678,7,1,-7.843267865,-7.045031156,-0.030466077
1734523580.778765678,7,2,-0.670482085,-3.862316346,-0.003767871
1734523580.778765678,7,3,-11.627424697,0.029920811,-0.043573357
1734523580.778765678,7,4,-5.100449590,2.179902739,-0.031648458
1734523580.778765678,7,5,-2.793646987,-7.321268856,-0.030929467
1734523580.778765678,7,6,-9.081117504,2.893120442,-0.062427367
1734523580.778765678,7,7,5.498963445,1.496058567,2.000000000
1734523580.778765678,7,8,-7.389082101,-2.462376293,0.024681221
1734523580.778765678,7,9,-3.534607234,7.343323096,-0.025569696
1734523580.838765860,8,0,-4.762004551,-3.835852956,0.007138573
1734523580.838765860,8,1,-4.751665456,0.957658201,-0.060731497
1734523580.838765860,8,2,-9.933712924,-4.116097159,0.021865932
1734523580.838765860,8,3,1.200496610,-3.765539148,0.031823502
1734523580.838765860,8,4,-3.961589723,-8.545415151,-0.041326874
1734523580.838765860,8,5,-10.016224694,-0.489806074,-0.059464852
1734523580.838765860,8,6,0.010251187,-7.643414976,-0.002841881
1734523580.838765860,8,7,-5.711939953,-5.022508668,0.106837623
1734523580.838765860,8,8,-0.172028874,-1.802625635,2.000000000
1734523580.838765860,8,9,-1.978424013,-7.698476239,-0.085465456
1734523580.898765802,9,0,-9.811369402,0.389637891,-0.043307732
1734523580.898765802,9,1,-8.361576179,0.387025531,-0.172463428
1734523580.898765802,9,2,-10.329856301,-5.245646722,-0.055049458
1734523580.898765802,9,3,-8.853973679,6.145207857,-0.023156021
1734523580.898765802,9,4,-5.374600198,0.300223859,-0.020395294
1734523580.898765802,9,5,-6.983104223,-2.126242399,-0.018849444
1734523580.898765802,9,6,-5.510086443,4.276981885,0.013889998
1734523580.898765802,9,7,-6.030014224,-5.033808508,0.019790620
1734523580.898765802,9,8,-7.072493569,2.802599758,-0.026446260
1734523580.898765802,9,9,-0.323545635,-0.316405014,2.000000000
1734523580.968765736,0,0,2.098280977,-0.378109845,2.000000000
1734523580.968765736,0,1,4.708680364,0.433146953,0.025455232
1734523580.968765736,0,2,-0.566973656,5.726239609,0.088213694
1734523580.968765736,0,3,0.085478671,-5.816602428,-0.103321790
1734523580.968765736,0,4,-4.644268177,-0.646810020,0.016699755
1734523580.968765736,0,5,3.177478615,5.100347501,0.002457597
1734523580.968765736,0,6,-3.634676382,-4.384190446,0.012368820
1734523580.968765736,0,7,-4.631794812,4.770148927,0.002959570
1734523580.968765736,0,8,3.882382230,-4.635660283,0.039393850
1734523580.968765736,0,9,-9.287443277,-1.207439947,0.107875299
1734523581.028765678,1,0,-5.018114662,0.012129471,0.238891522
1734523581.028765678,1,1,-7.153311984,0.018563129,2.000000000
1734523581.028765678,1,2,-5.326012682,5.514598660,0.024593813
1734523581.028765678,1,3,-5.251653849,-6.118405419,-0.035068158
1734523581.028765678,1,4,-9.168039236,-0.486153333,0.013721095
1734523581.028765678,1,5,-1.231511145,4.924534069,-0.060172758
1734523581.028765678,1,6,-8.386689525,-4.434771836,-0.034937184
1734523581.028765678,1,7,-9.214757377,4.818534970,0.036785979
1734523581.028765678,1,8,-1.277145131,-4.682843867,0.024679919
1734523581.028765678,1,9,-7.495584816,-0.485439206,0.048166645
1734523581.088765860,2,0,-5.539697659,-0.547498610,0.024591722
1734523581.088765860,2,1,-5.464972555,-5.246442963,-0.033775655
1734523581.088765860,2,2,1.218243134,2.703580517,2.000000000
1734523581.088765860,2,3,-11.089513306,-0.272753017,0.050475070
1734523581.088765860,2,4,-6.042905624,4.140707038,-0.045241105
1734523581.088765860,2,5,-0.449071753,-3.856239259,0.102964206
1734523581.088765860,2,6,-9.938111699,3.410552277,0.003615110
1734523581.088765860,2,7,-0.376618441,3.955085474,-0.069655771
1734523581.088765860,2,8,-10.548041487,-4.171191104,0.076100015
1734523581.088765860,2,9,-6.552037330,9.629210595,0.079394133
1734523581.158765793,3,0,-5.804631379,0.706665563,0.023113232
1734523581.158765793,3,1,-5.635172270,5.481410694,0.025659480
1734523581.158765793,3,2,-11.663509602,0.451128003,0.103259446
1734523581.158765793,3,3,0.509147524,-3.291519075,2.000000000
1734523581.158765793,3,4,-5.389481845,-3.956983563,-0.002762876
1734523581.158765793,3,5,-10.745987655,4.432336661,-0.082884611
1734523581.158765793,3,6,-1.522415173,-3.694218177,-0.014902084
1734523581.158765793,3,7,-11.087623055,-3.679375002,0.025128011
1734523581.158765793,3,8,-0.936915932,3.819543296,-0.009170983
1734523581.158765793,3,9,-5.520507813,-9.421133106,0.015629559
1734523581.218765736,4,0,-3.892184852,3.338443661,0.038488283
1734523581.218765736,4,1,-7.010050371,6.194493980,0.048675753
1734523581.218765736,4,2,-7.448381955,-1.386275345,0.005769596
1734523581.218765736,4,3,0.587059849,7.072314012,-0.026843541
1734523581.218765736,4,4,-5.615504977,-0.831007341,2.000000000
1734523581.218765736,4,5,-9.565788272,1.847429104,0.070526071
1734523581.218765736,4,6,2.320726970,3.516548423,-0.002230486
1734523581.218765736,4,7,-4.039187088,-3.702813643,0.033118407
1734523581.218765736,4,8,-2.966206845,9.159163562,0.060221799
1734523581.218765736,4,9,3.698957251,-3.387793994,-0.040529531
1734523581.278765678,5,0,-3.971518099,4.592591379,0.025593422
1734523581.278765678,5,1,-4.833374633,0.021044024,-0.133639666
1734523581.278765678,5,2,1.388798341,3.517625947,-0.190049580
1734523581.278765678,5,3,-9.585883302,6.399111974,0.037185020
1734523581.278765678,5,4,-2.963081615,9.234289995,0.009079952
1734523581.278765678,5,5,-3.456958796,0.658099234,2.000000000
1734523581.278765678,5,6,-6.247923388,7.740705384,-0.006748703
1734523581.278765678,5,7,1.884368274,7.457091363,-0.106490459
1734523581.278765678,5,8,-8.200019202,2.055878433,-0.011416625
1734523581.278765678,5,9,-1.006182585,7.670980437,-0.082673047
1734523581.338765860,6,0,-1.019102443,5.899330639,0.028829413
1734523581.338765860,6,1,1.894049538,9.550257659,0.020121011
1734523581.338765860,6,2,-5.625660046,9.214146116,0.073660574
1734523581.338765860,6,3,3.433000881,2.072436831,0.007840986
1734523581.338765860,6,4,-3.637605502,1.915203760,0.003856049
1734523581.338765860,6,5,-2.628835842,11.188221657,0.102861352
1734523581.338765860,6,6,4.514698437,-1.548740487,2.000000000
1734523581.338765860,6,7,-7.586985764,5.500962914,0.018232420
1734523581.338765860,6,8,4.950161423,5.890017959,0.076116320
1734523581.338765860,6,9,-6.791133569,-2.398200333,-0.007940493
1734523581.398765802,7,0,-6.091676926,-2.515409906,0.017958663
1734523581.398765802,7,1,-7.808767554,-7.274452458,-0.005867210
1734523581.398765802,7,2,-0.510424428,-4.011841225,-0.007798732
1734523581.398765802,7,3,-11.721331920,-0.386721319,-0.100196944
1734523581.398765802,7,4,-5.145330440,2.136023367,0.109179565
1734523581.398765802,7,5,-2.600377946,-7.454380677,-0.017479766
1734523581.398765802,7,6,-9.314844868,2.651433438,-0.011896139
1734523581.398765802,7,7,5.689002410,1.438644897,2.000000000
1734523581.398765802,7,8,-7.203981260,-2.535686859,-0.080740776
1734523581.398765802,7,9,-3.639574413,7.174312913,-0.047232777
1734523581.458765745,8,0,-4.764775817,-3.873380878,-0.010970011
1734523581.458765745,8,1,-4.768958977,0.994014787,0.036761674
1734523581.458765745,8,2,-10.012445907,-4.176826237,-0.006524551
1734523581.458765745,8,3,1.053673829,-3.714916110,-0.094335967
1734523581.458765745,8,4,-4.166202013,-8.384890561,-0.052509700
1734523581.458765745,8,5,-9.746771079,-0.425212140,0.050637414
1734523581.458765745,8,6,0.022397855,-7.479791810,0.001298695
1734523581.458765745,8,7,-5.664878907,-4.913016086,0.106837623
1734523581.458765745,8,8,-0.209905197,-1.782044964,2.000000000
1734523581.458765745,8,9,-2.002972462,-7.676916644,0.035646876
1734523581.528765678,9,0,-9.826177637,0.535542493,-0.107236638
1734523581.528765678,9,1,-8.401481745,0.423088035,-0.172463428
1734523581.528765678,9,2,-10.469940044,-5.035159856,-0.134947821
1734523581.528765678,9,3,-8.747382202,6.331461805,-0.000930905
1734523581.528765678,9,4,-5.256330689,0.391399625,-0.026523407
1734523581.528765678,9,5,-7.173013221,-1.910479278,0.001213322
1734523581.528765678,9,6,-5.288745056,4.427881464,-0.037050507
1734523581.528765678,9,7,-6.141201432,-5.068168312,-0.105095098
1734523581.528765678,9,8,-7.053264121,2.994708209,-0.041688647
1734523581.528765678,9,9,-0.237680991,-0.324483959,2.000000000
1734523581.588765860,0,0,2.139254067,-0.385505996,2.000000000
1734523581.588765860,0,1,4.692811673,0.472953850,0.202814959
1734523581.588765860,0,2,-0.593223498,5.810328397,-0.018957372
1734523581.588765860,0,3,0.114398882,-5.753626004,-0.195286560
1734523581.588765860,0,4,-4.710314992,-0.688147439,-0.013961109
1734523581.588765860,0,5,3.341329796,5.342810990,0.018527766
1734523581.588765860,0,6,-3.699867567,-4.407310662,0.007604101
1734523581.588765860,0,7,-4.750515419,4.833491565,0.023693768
1734523581.588765860,0,8,3.847112142,-4.678797127,0.000106574
1734523581.588765860,0,9,-9.540423534,-1.223243631,0.050313551
1734523581.648765802,1,0,-5.005254936,-0.110963117,0.152274895
1734523581.648765802,1,1,-7.434995280,0.019570311,2.000000000
1734523581.648765802,1,2,-5.321890317,5.626630593,0.010058553
1734523581.648765802,1,3,-5.186656482,-6.104866582,-0.061914520
1734523581.648765802,1,4,-9.214148422,-0.581315052,0.014690467
1734523581.648765802,1,5,-1.294014176,4.911247078,0.052275995
1734523581.648765802,1,6,-8.255194566,-4.389588169,-0.047755057
1734523581.648765802,1,7,-9.310990768,4.953347289,-0.025294816
1734523581.648765802,1,8,-1.230132197,-4.656840414,-0.049738800
1734523581.648765802,1,9,-7.512988231,-0.480807730,0.089822746
1734523581.708765745,2,0,-5.766050789,-0.637107423,0.094613465
1734523581.708765745,2,1,-5.395115203,-5.278420819,0.002922796
1734523581.708765745,2,2,1.170128383,2.764850571,2.000000000
1734523581.708765745,2,3,-10.861734052,-0.294222304,-0.067681694
1734523581.708765745,2,4,-5.959315217,4.386751583,-0.096258206
1734523581.708765745,2,5,-0.451477595,-3.817447686,0.008571744
1734523581.708765745,2,6,-10.189271294,3.479094324,0.019887202
1734523581.708765745,2,7,-0.335388760,3.966440202,-0.031253824
1734523581.708765745,2,8,-10.402569130,-4.084479400,0.040516370
1734523581.708765745,2,9,-6.546778766,9.726869090,0.055552372
1734523581.768765688,3,0,-5.899553808,0.700309866,0.012764884
1734523581.768765688,3,1,-5.519983877,5.319451940,0.007292455
1734523581.768765688,3,2,-11.535362980,0.367944330,-0.011410226
1734523581.768765688,3,3,0.473817504,-3.343163078,2.000000000
1734523581.768765688,3,4,-5.588435376,-4.123152890,-0.050079760
1734523581.768765688,3,5,-10.865357733,4.397045872,-0.089054160
1734523581.768765688,3,6,-1.508035722,-3.607927723,0.037935206
1734523581.768765688,3,7,-11.121676637,-3.557603871,-0.023605511
1734523581.768765688,3,8,-0.869551524,3.643712526,-0.014061885
1734523581.768765688,3,9,-5.441292053,-9.336615346,0.042282124
1734523581.828765869,4,0,-3.668495670,3.114130634,-0.112006086
1734523581.828765869,4,1,-6.842219224,6.347073717,-0.079976600
1734523581.828765869,4,2,-7.379907651,-1.213945431,-0.024259759
1734523581.828765869,4,3,0.781214967,7.266292271,0.026678900
1734523581.828765869,4,4,-5.596219621,-0.873931913,2.000000000
1734523581.828765869,4,5,-9.606551361,1.952518980,0.023967390
1734523581.828765869,4,6,2.422397711,3.557741309,-0.019012727
1734523581.828765869,4,7,-4.097700704,-3.781718400,-0.063971524
1734523581.828765869,4,8,-2.814447582,9.293473528,-0.020312688
1734523581.828765869,4,9,3.713674251,-3.292312953,-0.163303068
1734523581.898765802,5,0,-4.075844426,4.448263843,-0.022509087
1734523581.898765802,5,1,-4.972025574,-0.189469698,-0.070594155
1734523581.898765802,5,2,1.335058657,3.745705017,-0.185978262
1734523581.898765802,5,3,-9.745993251,6.054850509,0.065685779
1734523581.898765802,5,4,-3.187276821,8.897029121,-0.004531667
1734523581.898765802,5,5,-3.587735640,0.599090613,2.000000000
1734523581.898765802,5,6,-6.369711483,7.265310587,-0.006748703
1734523581.898765802,5,7,1.693952385,7.574782945,-0.157651370
1734523581.898765802,5,8,-8.480997857,1.873923695,-0.150083940
1734523581.898765802,5,9,-1.260803269,7.588097359,-0.042869369
1734523581.958765745,6,0,-1.007421636,5.885269639,0.005677448
1734523581.958765745,6,1,1.902539879,9.651589319,-0.061945251
1734523581.958765745,6,2,-5.741106083,9.298450117,-0.025416857
1734523581.958765745,6,3,3.340926204,1.996135541,-0.000205925
1734523581.958765745,6,4,-3.644173558,1.913534733,-0.027226832
1734523581.958765745,6,5,-2.691377304,11.150040356,0.150269152
1734523581.958765745,6,6,4.714170385,-1.485361604,2.000000000
1734523581.958765745,6,7,-7.452420916,5.397346331,0.105367327
1734523581.958765745,6,8,5.039245285,5.901767888,-0.024389166
1734523581.958765745,6,9,-6.923523786,-2.501089327,0.016393915
1734523582.018765688,7,0,-6.055703696,-2.717264387,-0.034224786
1734523582.018765688,7,1,-7.726334317,-7.430756012,-0.031674337
1734523582.018765688,7,2,-0.481945202,-3.834819220,0.029809234
1734523582.018765688,7,3,-11.705883692,-0.590497212,0.062060472
1734523582.018765688,7,4,-5.096449889,1.943056036,-0.028902366
1734523582.018765688,7,5,-2.489297163,-7.463368930,-0.005209509
1734523582.018765688,7,6,-9.173509657,2.380087474,0.005510426
1734523582.018765688,7,7,5.878696316,1.381036803,2.000000000
1734523582.018765688,7,8,-7.034700900,-2.593039665,-0.074666441
1734523582.018765688,7,9,-3.744480210,7.052663999,-0.032119253
1734523582.078765869,8,0,-4.788656855,-3.726782917,-0.024971988
1734523582.078765869,8,1,-4.843406122,1.087013870,0.113576684
1734523582.078765869,8,2,-10.273616906,-4.303044524,0.004010474
1734523582.078765869,8,3,1.115506531,-3.737509529,-0.087843383
1734523582.078765869,8,4,-4.189886012,-8.474072240,0.024835349
1734523582.078765869,8,5,-9.730691440,-0.378975568,-0.101979472
1734523582.078765869,8,6,-0.043727167,-7.501462255,-0.039271242
1734523582.078765869,8,7,-5.661210623,-4.778851004,0.122057616
1734523582.078765869,8,8,-0.246723688,-1.761992516,2.000000000
1734523582.078765869,8,9,-1.995913443,-7.660338665,0.034228390
1734523582.138765812,9,0,-9.785784859,0.637148489,-0.140312705
1734523582.138765812,9,1,-8.443227684,0.460753577,-0.172463428
1734523582.138765812,9,2,-10.642616933,-4.794272528,-0.130009924
1734523582.138765812,9,3,-8.703298277,6.666878738,-0.056544891
1734523582.138765812,9,4,-5.375756941,0.562129863,-0.009664707
1734523582.138765812,9,5,-7.300188603,-1.711993406,-0.019430000
1734523582.138765812,9,6,-5.427613547,4.432513888,-0.020105123
1734523582.138765812,9,7,-6.417139004,-4.773274351,-0.017836558
1734523582.138765812,9,8,-6.939161497,3.236095858,-0.039464094
1734523582.138765812,9,9,-0.155430378,-0.332505535,2.000000000
1734523582.208765745,0,0,2.180073176,-0.392869658,2.000000000
1734523582.208765745,0,1,4.831904652,0.330737891,0.052687886
1734523582.208765745,0,2,-0.779033931,6.021288576,0.062419307
1734523582.208765745,0,3,0.043541808,-5.827544315,0.031630362
1734523582.208765745,0,4,-4.726406516,-0.680390079,0.002131267
1734523582.208765745,0,5,3.300284688,5.427807423,0.048058025
1734523582.208765745,0,6,-3.762559768,-4.538968541,0.096768030
1734523582.208765745,0,7,-4.801824875,4.892140296,-0.022469983
1734523582.208765745,0,8,3.848108407,-4.669185743,0.018274664
1734523582.208765745,0,9,-9.643935635,-1.292463897,0.031457348
1734523582.268765688,1,0,-4.896784553,-0.140419869,0.207386126
1734523582.268765688,1,1,-7.718921957,0.020694470,2.000000000
1734523582.268765688,1,2,-5.393155274,5.633021946,-0.018421668
1734523582.268765688,1,3,-5.161906098,-6.021670016,0.017594372
1734523582.268765688,1,4,-9.353408913,-0.528664702,0.042961584
1734523582.268765688,1,5,-1.433481627,4.905503676,-0.009726477
1734523582.268765688,1,6,-8.429059189,-4.323698053,-0.029105784
1734523582.268765688,1,7,-9.387332755,4.988840739,-0.071321660
1734523582.268765688,1,8,-1.122319536,-4.793060732,-0.022861666
1734523582.268765688,1,9,-7.504921002,-0.472692767,0.089822746
1734523582.328765869,2,0,-5.772214517,-0.572731678,0.008092281
1734523582.328765869,2,1,-5.477051361,-5.315786928,-0.055109829
1734523582.328765869,2,2,1.119956616,2.828807213,2.000000000
1734523582.328765869,2,3,-10.752611078,-0.292060093,0.053802581
1734523582.328765869,2,4,-5.898235088,4.363005354,0.078899931
1734523582.328765869,2,5,-0.390786387,-3.795227546,-0.016798067
1734523582.328765869,2,6,-10.502042376,3.501071817,-0.005926658
1734523582.328765869,2,7,-0.424049312,3.826005352,0.075506684
1734523582.328765869,2,8,-10.681025805,-4.102164697,-0.012151894
1734523582.328765869,2,9,-6.658008706,9.947965613,0.011907274
1734523582.388765812,3,0,-5.859557525,0.592357029,0.056985476
1734523582.388765812,3,1,-5.752530194,5.565666648,-0.000651571
1734523582.388765812,3,2,-11.642111862,0.381089745,-0.040827733
1734523582.388765812,3,3,0.438061003,-3.395498899,2.000000000
1734523582.388765812,3,4,-5.601745933,-3.974190093,-0.003451728
1734523582.388765812,3,5,-10.786954704,4.342481450,0.010313807
1734523582.388765812,3,6,-1.549785040,-3.672438452,0.012446956
1734523582.388765812,3,7,-11.140732981,-3.742689769,0.049776325
1734523582.388765812,3,8,-0.856538779,3.818338089,-0.039811047
1734523582.388765812,3,9,-5.384049605,-9.403421810,0.026550905
1734523582.458765745,4,0,-3.544272114,2.988882607,-0.067559208
1734523582.458765745,4,1,-6.831663570,6.610399785,0.023105294
1734523582.458765745,4,2,-7.641120608,-1.203862217,0.008947112
1734523582.458765745,4,3,0.851780490,6.920636443,0.049403029
1734523582.458765745,4,4,-5.576867592,-0.916813305,2.000000000
1734523582.458765745,4,5,-9.544500613,2.091484536,0.070483514
1734523582.458765745,4,6,2.420433765,3.437631697,-0.023579261
1734523582.458765745,4,7,-4.223385372,-3.766019580,0.075126550
1734523582.458765745,4,8,-2.670174945,9.254957987,0.002176917
1734523582.458765745,4,9,4.022340199,-3.491850463,-0.022692701
1734523582.528765678,5,0,-4.224330308,4.380907213,-0.001098227
1734523582.528765678,5,1,-4.928357051,-0.321152458,-0.027350886
1734523582.528765678,5,2,1.461428068,3.602203181,-0.223713399
1734523582.528765678,5,3,-10.065868504,5.863915881,0.025985786
1734523582.528765678,5,4,-3.411760592,8.799534983,-0.095711223
1734523582.528765678,5,5,-3.717671500,0.540473043,2.000000000
1734523582.528765678,5,6,-6.338706685,7.380602106,0.091743935
1734523582.528765678,5,7,1.616146132,7.756487506,-0.127720501
1734523582.528765678,5,8,-8.360907644,1.646281586,-0.026316283
1734523582.528765678,5,9,-1.526542172,7.548885406,0.030699590
1734523582.588765860,6,0,-1.034728261,5.808493684,0.009140885
1734523582.588765860,6,1,1.909963457,9.795699320,-0.027136232
1734523582.588765860,6,2,-5.811274937,9.402212479,0.003726070
1734523582.588765860,6,3,3.471000887,2.035679245,0.014623465
1734523582.588765860,6,4,-3.759527816,1.767233267,-0.043452373
1734523582.588765860,6,5,-2.763567175,10.977063678,0.009746750
1734523582.588765860,6,6,4.915750390,-1.420954074,2.000000000
1734523582.588765860,6,7,-7.466525675,5.363543929,0.144973650
1734523582.588765860,6,8,5.094109021,5.960727709,-0.077951875
1734523582.588765860,6,9,-6.837498608,-2.512774276,-0.010285998
1734523582.658765793,7,0,-6.054703096,-2.854920455,-0.030083444
1734523582.658765793,7,1,-7.513237779,-7.589182406,0.009731023
1734523582.658765793,7,2,-0.616699590,-3.729486336,-0.001950877
1734523582.658765793,7,3,-11.656707706,-0.709004030,0.044533780
1734523582.658765793,7,4,-5.127403426,1.889144684,-0.005760209
1734523582.658765793,7,5,-2.344755427,-7.400615093,-0.020804370
1734523582.658765793,7,6,-9.256474766,2.198934760,0.033165340
1734523582.658765793,7,7,6.068165563,1.323158730,2.000000000
1734523582.658765793,7,8,-6.844080342,-2.661731267,-0.133467383
1734523582.658765793,7,9,-3.938156243,6.978806330,0.000986497
1734523582.718765736,8,0,-4.809260461,-3.612782505,0.022546148
1734523582.718765736,8,1,-4.844857589,1.031694771,0.065546430
1734523582.718765736,8,2,-10.246322419,-4.326076512,0.002964228
1734523582.718765736,8,3,1.255059217,-3.908495122,0.066561424
1734523582.718765736,8,4,-4.160102155,-8.517889844,-0.120187751
1734523582.718765736,8,5,-9.654785982,-0.440452537,-0.118583276
1734523582.718765736,8,6,-0.038448069,-7.688061244,0.042468061
1734523582.718765736,8,7,-5.665396159,-4.649496834,0.050663541
1734523582.718765736,8,8,-0.280831318,-1.743369561,2.000000000
1734523582.718765736,8,9,-1.967843751,-7.649429172,0.041996662
1734523582.778765678,9,0,-9.761283061,0.905490507,-0.053813516
1734523582.778765678,9,1,-8.486700556,0.499917570,-0.172463428
1734523582.778765678,9,2,-10.842810475,-4.644092651,-0.091092438
1734523582.778765678,9,3,-8.776050099,7.036073130,-0.009303277
1734523582.778765678,9,4,-5.342109378,0.624327838,-0.014408052
1734523582.778765678,9,5,-7.328070420,-1.644232667,-0.065380008
1734523582.778765678,9,6,-5.388420652,4.780836422,-0.018271871
1734523582.778765678,9,7,-6.671927672,-4.681689058,0.031599253
1734523582.778765678,9,8,-6.790886214,3.489099237,-0.032840922
1734523582.778765678,9,9,-0.077147510,-0.340388613,2.000000000
1734523582.838765860,0,0,2.220730530,-0.400199148,2.000000000
1734523582.838765860,0,1,4.597505309,0.422296240,0.069646303
1734523582.838765860,0,2,-0.850746107,5.886834335,-0.087765279
1734523582.838765860,0,3,0.064857054,-5.871859695,-0.020985489
1734523582.838765860,0,4,-4.802542230,-0.666662465,-0.003010472
1734523582.838765860,0,5,3.307433989,5.428975366,-0.019922144
1734523582.838765860,0,6,-3.623000703,-4.654916022,0.180935587
1734523582.838765860,0,7,-4.846192590,4.932908806,-0.001668056
1734523582.838765860,0,8,3.932440859,-4.756598496,0.023810205
1734523582.838765860,0,9,-9.817482148,-1.327261477,0.149870062
1734523582.908765793,1,0,-4.855276043,-0.273597986,0.085573082
1734523582.908765793,1,1,-8.006505073,0.021843097,2.000000000
1734523582.908765793,1,2,-5.417404383,5.769476684,-0.009678260
1734523582.908765793,1,3,-5.190643853,-6.141827175,-0.029759188
1734523582.908765793,1,4,-9.364291533,-0.466000540,0.013790590
1734523582.908765793,1,5,-1.396729649,4.924860147,0.125689505
1734523582.908765793,1,6,-8.394700861,-4.330222264,-0.140339118
1734523582.908765793,1,7,-9.395119140,5.059790136,-0.039578701
1734523582.908765793,1,8,-1.206968586,-4.732634224,0.027660852
1734523582.908765793,1,9,-7.520545086,-0.488440328,0.089822746
1734523582.968765736,2,0,-5.790467145,-0.654921152,-0.131923988
1734523582.968765736,2,1,-5.449686871,-5.207511044,0.032305756
1734523582.968765736,2,2,1.067969627,2.895139168,2.000000000
1734523582.968765736,2,3,-11.333508700,-0.269869008,-0.034539394
1734523582.968765736,2,4,-6.146099363,4.359282476,-0.030079624
1734523582.968765736,2,5,-0.567586971,-4.045113635,0.043357727
1734523582.968765736,2,6,-10.547635609,3.473213965,-0.039191910
1734523582.968765736,2,7,-0.646425632,3.925578037,0.021608508
1734523582.968765736,2,8,-10.662694906,-4.068681613,-0.022893918
1734523582.968765736,2,9,-6.621123789,9.984840372,-0.060626715
1734523583.028765678,3,0,-5.910005986,0.611558909,0.009779284
1734523583.028765678,3,1,-5.743213367,5.506456875,0.036988169
1734523583.028765678,3,2,-11.663929615,0.375179365,0.039683613
1734523583.028765678,3,3,0.401589269,-3.448861646,2.000000000
1734523583.028765678,3,4,-5.639794820,-4.189011267,0.039009258
1734523583.028765678,3,5,-10.816579641,4.341463960,-0.013780380
1734523583.028765678,3,6,-1.553200645,-3.665758608,-0.039873810
1734523583.028765678,3,7,-11.114192414,-3.574748689,0.058821980
1734523583.028765678,3,8,-0.700396919,3.663778394,0.007678063
1734523583.028765678,3,9,-5.482410752,-9.481971327,0.021048519
1734523583.098765850,4,0,-3.413807002,3.196647332,-0.102370387
1734523583.098765850,4,1,-6.840393034,6.605764076,0.022551260
1734523583.098765850,4,2,-7.670899113,-1.110420972,0.047680944
1734523583.098765850,4,3,1.014935281,7.176782371,0.007306126
1734523583.098765850,4,4,-5.557489596,-0.959567857,2.000000000
1734523583.098765850,4,5,-9.505795075,2.219513467,0.052671144
1734523583.098765850,4,6,2.528910173,3.500517975,-0.010684543
1734523583.098765850,4,7,-4.170046071,-3.730460118,0.065869414
1734523583.098765850,4,8,-2.571343285,9.322014292,-0.043949133
1734523583.098765850,4,9,4.023477865,-3.707021151,0.029883557
1734523583.158765793,5,0,-4.410718155,4.330839444,-0.059362598
1734523583.158765793,5,1,-5.135190156,-0.641892565,-0.077387598
1734523583.158765793,5,2,1.509844445,3.679989042,-0.100190412
1734523583.158765793,5,3,-10.197277407,5.617768137,-0.109651110
1734523583.158765793,5,4,-3.732301393,8.710463053,-0.060930150
1734523583.158765793,5,5,-3.848473767,0.481506334,2.000000000
1734523583.158765793,5,6,-6.362144088,7.050875212,-0.038630961
1734523583.158765793,5,7,1.446037651,7.863519951,-0.111054692
1734523583.158765793,5,8,-9.247786038,1.846277808,-0.038077536
1734523583.158765793,5,9,-1.703593274,7.504585365,-0.034739315
1734523583.218765736,6,0,-1.039994910,5.934830744,0.014744328
1734523583.218765736,6,1,1.946871042,9.888350487,-0.028527079
1734523583.218765736,6,2,-5.818579724,9.340140176,0.141584881
1734523583.218765736,6,3,3.471956001,1.985033806,-0.000594716
1734523583.218765736,6,4,-3.621329970,1.874606011,0.050207488
1734523583.218765736,6,5,-2.683092593,10.962831150,-0.014099126
1734523583.218765736,6,6,5.119374446,-1.355543297,2.000000000
1734523583.218765736,6,7,-7.499083047,5.382412760,0.076263652
1734523583.218765736,6,8,5.120819097,5.941931571,-0.136050057
1734523583.218765736,6,9,-6.863843603,-2.634455956,-0.054208040
1734523583.278765678,7,0,-5.902791063,-2.976737323,-0.044212958
1734523583.278765678,7,1,-7.390548943,-7.804112547,-0.001086656
1734523583.278765678,7,2,-0.551246997,-3.895803788,-0.154132092
1734523583.278765678,7,3,-11.823786902,-0.997658897,0.110067490
1734523583.278765678,7,4,-5.243795807,1.753408085,-0.006005831
1734523583.278765678,7,5,-2.151404290,-7.563626195,0.008919632
1734523583.278765678,7,6,-9.298675057,2.005248047,-0.021050803
1734523583.278765678,7,7,6.257778858,1.264862765,2.000000000
1734523583.278765678,7,8,-6.520449245,-2.773204414,-0.068948755
1734523583.278765678,7,9,-4.130715077,7.022372695,0.011711257
1734523583.348765850,8,0,-4.714607282,-3.680867391,-0.045344470
1734523583.348765850,8,1,-4.829781727,1.121348324,0.210940047
1734523583.348765850,8,2,-10.263076971,-4.183900138,0.045769371
1734523583.348765850,8,3,1.216761018,-3.919327928,0.114251861
1734523583.348765850,8,4,-4.066451384,-8.491452937,0.034611060
1734523583.348765850,8,5,-9.619221928,-0.425925713,-0.011976309
1734523583.348765850,8,6,0.051998978,-7.717727988,-0.038985541
1734523583.348765850,8,7,-5.514639030,-4.700124547,-0.058586827
1734523583.348765850,8,8,-0.313797783,-1.725328764,2.000000000
1734523583.348765850,8,9,-1.861287973,-7.652388402,0.010764646
1734523583.408765793,9,0,-9.846114622,1.132937289,-0.060520494
1734523583.408765793,9,1,-8.531992145,0.540658446,-0.172463428
1734523583.408765793,9,2,-10.901646928,-4.405944778,-0.103665705
1734523583.408765793,9,3,-8.552229913,7.271910381,-0.044055026
1734523583.408765793,9,4,-5.407211810,0.776994024,-0.002077637
1734523583.408765793,9,5,-7.373620178,-1.548588103,-0.145637390
1734523583.408765793,9,6,-5.157812894,4.887621786,-0.139980499
1734523583.408765793,9,7,-6.861960468,-4.603166969,-0.019937292
1734523583.408765793,9,8,-6.855470043,3.607710258,-0.030071130
1734523583.408765793,9,9,-0.002915869,-0.348056395,2.000000000
1734523583.468765736,0,0,2.261215417,-0.407497885,2.000000000
1734523583.468765736,0,1,4.979312761,0.247244708,0.040269287
1734523583.468765736,0,2,-0.780810224,5.977907674,-0.082472585
1734523583.468765736,0,3,0.043879886,-6.036592672,-0.126728571
1734523583.468765736,0,4,-4.669686747,-0.686682746,0.028075303
1734523583.468765736,0,5,3.210702273,5.335952262,0.020871822
1734523583.468765736,0,6,-3.595780954,-4.761363595,0.097146152
1734523583.468765736,0,7,-4.727890383,4.794715219,-0.021763113
1734523583.468765736,0,8,3.852593172,-4.690108474,0.111295661
1734523583.468765736,0,9,-9.729158196,-1.301055267,0.084841410
1734523583.538765669,1,0,-4.867411048,-0.316872300,0.215919719
1734523583.538765669,1,1,-8.296397063,0.023116956,2.000000000
1734523583.538765669,1,2,-5.590290245,5.826091664,0.001430554
1734523583.538765669,1,3,-5.250978849,-6.164084628,0.050528268
1734523583.538765669,1,4,-9.360366863,-0.529869953,0.047290671
1734523583.538765669,1,5,-1.397644776,4.874094532,-0.115268376
1734523583.538765669,1,6,-8.515283467,-4.324305568,-0.069295065
1734523583.538765669,1,7,-9.256944414,4.958724675,-0.070870554
1734523583.538765669,1,8,-1.036391033,-4.878676191,-0.011867143
1734523583.538765669,1,9,-7.513774561,-0.481623465,0.089822746
1734523583.598765850,2,0,-5.766757068,-0.495624927,0.020377523
1734523583.598765850,2,1,-5.632567379,-5.420475423,0.024197874
1734523583.598765850,2,2,1.014006240,2.964103347,2.000000000
1734523583.598765850,2,3,-11.526538449,-0.223682366,0.064356767
1734523583.598765850,2,4,-6.221185900,4.353579203,-0.117920435
1734523583.598765850,2,5,-0.197448131,-4.022536289,-0.143343634
1734523583.598765850,2,6,-10.355281923,3.469453654,-0.036565587
1734523583.598765850,2,7,-0.599420239,3.789337620,-0.023464627
1734523583.598765850,2,8,-10.717302945,-4.137729490,-0.053910746
1734523583.598765850,2,9,-6.675088280,9.848851862,-0.147083670
1734523583.658765793,3,0,-5.983447940,0.483301642,0.028147168
1734523583.658765793,3,1,-5.699140851,5.469457333,-0.040719402
1734523583.658765793,3,2,-11.656039696,0.431801309,0.096053468
1734523583.658765793,3,3,0.364737616,-3.502837625,2.000000000
1734523583.658765793,3,4,-5.683622962,-4.152890166,0.154450494
1734523583.658765793,3,5,-10.787246213,4.382649316,0.056468683
1734523583.658765793,3,6,-1.597324545,-3.653041997,-0.021765806
1734523583.658765793,3,7,-10.941567866,-3.473113143,0.066969472
1734523583.658765793,3,8,-0.470358289,3.816802114,-0.017209818
1734523583.658765793,3,9,-5.546802446,-9.623102769,-0.030023564
1734523583.728765726,4,0,-3.513166109,3.276807704,-0.016317922
1734523583.728765726,4,1,-6.581703642,6.646647745,0.122001620
1734523583.728765726,4,2,-7.649627777,-1.043454545,-0.034061495
1734523583.728765726,4,3,1.039735451,7.063494585,0.052151209
1734523583.728765726,4,4,-5.538113164,-1.002134137,2.000000000
1734523583.728765726,4,5,-9.800324653,2.229296546,0.014693523
1734523583.728765726,4,6,2.514988643,3.494045145,-0.004117149
1734523583.728765726,4,7,-4.254501412,-3.498676305,0.028740940
1734523583.728765726,4,8,-2.381622830,9.228940885,0.046909820
1734523583.728765726,4,9,3.829647343,-3.757812147,-0.010419321
1734523583.788765669,5,0,-4.583274714,4.190252770,-0.029898434
1734523583.788765669,5,1,-5.136240418,-0.619391806,-0.022781702
1734523583.788765669,5,2,1.405560091,3.717477909,-0.140847623
1734523583.788765669,5,3,-10.484030290,5.574138981,-0.048395652
1734523583.788765669,5,4,-4.216004874,8.950770320,-0.001360468
1734523583.788765669,5,5,-3.980221376,0.422167024,2.000000000
1734523583.788765669,5,6,-6.379832101,6.479456618,-0.062969775
1734523583.788765669,5,7,1.110460818,7.825706113,0.095422353
1734523583.788765669,5,8,-9.152398421,1.521498318,0.114144697
1734523583.788765669,5,9,-1.812644857,7.500530196,-0.034739315
1734523583.858765841,6,0,-0.962689283,5.910025512,-0.038952242
1734523583.858765841,6,1,1.941856231,9.830275399,0.041932015
1734523583.858765841,6,2,-5.778343672,9.280888098,0.034851546
1734523583.858765841,6,3,3.461982294,1.976226750,0.027014812
1734523583.858765841,6,4,-3.599793229,1.863051910,-0.040313052
1734523583.858765841,6,5,-2.687878384,10.811598586,-0.140963932
1734523583.858765841,6,6,5.325145020,-1.289084614,2.000000000
1734523583.858765841,6,7,-7.564080177,5.430404788,0.040831230
1734523583.858765841,6,8,5.094154160,5.834467966,-0.149495185
1734523583.858765841,6,9,-6.710955208,-2.518439577,-0.008273531
1734523583.918765783,7,0,-5.997471505,-3.168105041,-0.007848587
1734523583.918765783,7,1,-7.309130461,-8.021884857,-0.004111677
1734523583.918765783,7,2,-0.428945423,-3.898743372,0.036525093
1734523583.918765783,7,3,-11.849044961,-1.145241645,0.041936956
1734523583.918765783,7,4,-5.311509198,1.624965695,0.002623531
1734523583.918765783,7,5,-1.917626492,-7.514119416,-0.134462589
1734523583.918765783,7,6,-9.424180701,1.756271227,-0.082857785
1734523583.918765783,7,7,6.448951391,1.205879655,2.000000000
1734523583.918765783,7,8,-6.447893878,-2.803446564,-0.068948755
1734523583.918765783,7,9,-4.376271430,6.944721463,-0.061849138
1734523583.978765726,8,0,-4.730583130,-3.661789015,0.022161617
1734523583.978765726,8,1,-4.731506295,1.072334917,0.064793875
1734523583.978765726,8,2,-10.339546877,-4.270116070,-0.110890466
1734523583.978765726,8,3,1.333647241,-3.813003654,-0.032248471
1734523583.978765726,8,4,-4.017866026,-8.333407839,0.068927457
1734523583.978765726,8,5,-9.557901724,-0.380066578,0.028503686
1734523583.978765726,8,6,0.059425107,-7.682682745,0.005594518
1734523583.978765726,8,7,-5.464899447,-4.672522486,-0.086836198
1734523583.978765726,8,8,-0.344869218,-1.708293960,2.000000000
1734523583.978765726,8,9,-1.922902103,-7.630193890,0.075627745
1734523584.038765669,9,0,-9.832736883,1.490528214,0.033709965
1734523584.038765669,9,1,-8.579029816,0.582908043,-0.172463428
1734523584.038765669,9,2,-10.921324623,-4.160204155,-0.052881411
1734523584.038765669,9,3,-8.411748355,7.377751529,-0.011525020
1734523584.038765669,9,4,-5.248500281,0.907866473,-0.040150509
1734523584.038765669,9,5,-7.475354518,-1.325885038,-0.094158424
1734523584.038765669,9,6,-5.126267819,5.075389025,-0.015729622
1734523584.038765669,9,7,-6.980609546,-4.557241517,-0.068583927
1734523584.038765669,9,8,-6.807833881,3.750774026,-0.109631305
1734523584.038765669,9,9,0.067478096,-0.355491168,2.000000000
1734523584.108765841,0,0,2.301669388,-0.414787946,2.000000000
1734523584.108765841,0,1,4.900457122,0.370349347,-0.014065320
1734523584.108765841,0,2,-0.681706088,5.877981852,-0.107402986
1734523584.108765841,0,3,-0.129568301,-6.023915532,-0.209456663
1734523584.108765841,0,4,-4.750361919,-0.699924015,0.007589582
1734523584.108765841,0,5,3.185922952,5.419812345,-0.007670617
1734523584.108765841,0,6,-3.538742538,-4.719421053,0.034630009
1734523584.108765841,0,7,-4.677253956,4.778494554,-0.036520170
1734523584.108765841,0,8,3.760007383,-4.576180848,0.028500698
1734523584.108765841,0,9,-9.776290943,-1.370928200,-0.003413144
1734523584.168765783,1,0,-5.101715584,-0.099709535,0.145983081
1734523584.168765783,1,1,-8.590064978,0.024416465,2.000000000
1734523584.168765783,1,2,-5.455990349,5.839906801,-0.040295407
1734523584.168765783,1,3,-5.224870350,-6.244710215,0.006197284
1734523584.168765783,1,4,-9.486942416,-0.601080884,-0.020848785
1734523584.168765783,1,5,-1.472957442,4.776541344,-0.054386770
1734523584.168765783,1,6,-8.396394647,-4.463068653,-0.072401443
1734523584.168765783,1,7,-9.606657682,5.086852644,-0.007519456
1734523584.168765783,1,8,-1.228500607,-4.611292929,-0.148629973
1734523584.168765783,1,9,-7.527556657,-0.495527644,0.089822746
1734523584.228765726,2,0,-5.687168873,-0.543414270,-0.032273823
1734523584.228765726,2,1,-5.796073945,-5.556459060,0.029419462
1734523584.228765726,2,2,0.958064461,3.035680871,2.000000000
1734523584.228765726,2,3,-11.607931566,-0.332146506,0.038782099
1734523584.228765726,2,4,-6.181762008,4.497159704,-0.071580077
1734523584.228765726,2,5,-0.350346583,-4.174653787,0.244624075
1734523584.228765726,2,6,-10.204560356,3.439940897,0.045133967
1734523584.228765726,2,7,-0.601767697,3.800311683,0.004466026
1734523584.228765726,2,8,-10.630067622,-4.014573198,-0.024970694
1734523584.228765726,2,9,-6.760996192,9.917121943,-0.025863228
1734523584.298765659,3,0,-6.027178243,0.798607300,0.002489600
1734523584.298765659,3,1,-5.525329458,5.312477003,-0.005742891
1734523584.298765659,3,2,-11.632694863,0.531325865,0.000366947
1734523584.298765659,3,3,0.327500798,-3.557432644,2.000000000
1734523584.298765659,3,4,-5.683764159,-4.218377919,0.202080927
1734523584.298765659,3,5,-10.800289896,4.217825841,-0.001217311
1734523584.298765659,3,6,-1.588698164,-3.564329061,-0.106944070
1734523584.298765659,3,7,-10.883976273,-3.479589365,-0.036398018
1734523584.298765659,3,8,-0.848198667,3.922180321,0.036463990
1734523584.298765659,3,9,-5.763808481,-9.944608369,-0.022812801
1734523584.358765841,4,0,-3.562895932,3.198418662,-0.032185589
1734523584.358765841,4,1,-6.827789365,6.926102860,0.005270219
1734523584.358765841,4,2,-7.650556245,-0.956915630,-0.002916682
1734523584.358765841,4,3,1.117912672,7.029442190,0.002605654
1734523584.358765841,4,4,-5.518839235,-1.044284710,2.000000000
1734523584.358765841,4,5,-9.932023295,2.380726481,0.067267763
1734523584.358765841,4,6,2.500631252,3.403957445,-0.001794545
1734523584.358765841,4,7,-4.162559221,-3.457855500,-0.050746258
1734523584.358765841,4,8,-2.308467023,9.087580906,-0.049459850
1734523584.358765841,4,9,3.916938672,-3.825114980,0.071516362
1734523584.428765774,5,0,-4.655550008,4.144217457,-0.012406814
1734523584.428765774,5,1,-5.137980271,-0.652082712,0.017212117
1734523584.428765774,5,2,1.362229797,3.991218310,-0.146101101
1734523584.428765774,5,3,-10.711804484,5.225882316,-0.000687956
1734523584.428765774,5,4,-4.567059440,9.345459549,-0.073981512
1734523584.428765774,5,5,-4.113047738,0.362397016,2.000000000
1734523584.428765774,5,6,-6.389079445,6.249934421,-0.107337120
1734523584.428765774,5,7,1.082762867,7.701737827,-0.082966920
1734523584.428765774,5,8,-9.317086818,1.258101971,0.070440497
1734523584.428765774,5,9,-1.923634962,7.496287955,-0.034739315
1734523584.498765707,6,0,-1.083212047,6.000366718,0.033121028
1734523584.498765707,6,1,1.991300596,9.740879045,0.064453494
1734523584.498765707,6,2,-5.797100027,9.131048010,-0.099424711
1734523584.498765707,6,3,3.445308990,1.931235609,-0.005061345
1734523584.498765707,6,4,-3.610466794,1.828165700,-0.013436995
1734523584.498765707,6,5,-2.614424343,10.788108462,-0.026280043
1734523584.498765707,6,6,5.532926272,-1.221619287,2.000000000
1734523584.498765707,6,7,-7.609069409,5.350467718,-0.102316370
1734523584.498765707,6,8,5.105233092,5.833797420,0.055749535
1734523584.498765707,6,9,-6.819706500,-2.624900168,-0.055234944
1734523584.558765650,7,0,-5.949264408,-3.282288605,0.011683018
1734523584.558765650,7,1,-7.106075566,-8.348763726,-0.033000629
1734523584.558765650,7,2,-0.111610244,-3.956122226,0.001683123
1734523584.558765650,7,3,-11.774973404,-1.376160619,-0.057315688
1734523584.558765650,7,4,-5.425504124,1.520194791,0.028691454
1734523584.558765650,7,5,-1.621325263,-7.499061338,0.060192568
1734523584.558765650,7,6,-9.757376431,1.556220143,-0.000087270
1734523584.558765650,7,7,6.641972734,1.146102151,2.000000000
1734523584.558765650,7,8,-6.259415358,-2.901929249,-0.163256780
1734523584.558765650,7,9,-4.634558298,6.966651376,0.038001572
1734523584.618765831,8,0,-4.815917123,-3.726943726,0.033845088
1734523584.618765831,8,1,-4.729583488,1.181762427,-0.096501409
1734523584.618765831,8,2,-10.518267516,-4.391980046,-0.032972756
1734523584.618765831,8,3,1.284805632,-3.838373696,0.012264775
1734523584.618765831,8,4,-3.948351123,-8.299983767,0.143381537
1734523584.618765831,8,5,-9.514908629,-0.506713536,-0.035153088
1734523584.618765831,8,6,0.012294358,-7.604307518,0.074976660
1734523584.618765831,8,7,-5.375302654,-4.708887369,-0.084483072
1734523584.618765831,8,8,-0.374695247,-1.691911293,2.000000000
1734523584.618765831,8,9,-1.921857560,-7.625526125,0.139673487
1734523584.688765764,9,0,-9.959488879,1.711602881,0.113093327
1734523584.688765764,9,1,-8.628821098,0.627531294,-0.172463428
1734523584.688765764,9,2,-11.201592259,-4.004751229,-0.074309093
1734523584.688765764,9,3,-8.231656224,7.609928609,0.045996531
1734523584.688765764,9,4,-5.362732149,1.035615462,0.003736283
1734523584.688765764,9,5,-7.539727726,-1.197106725,-0.094158424
1734523584.688765764,9,6,-4.915160123,5.100626867,-0.018638216
1734523584.688765764,9,7,-7.131602743,-4.311098627,-0.010507987
1734523584.688765764,9,8,-6.700833505,3.901416641,-0.177941539
1734523584.688765764,9,9,0.133899610,-0.362641112,2.000000000
1734523584.748765707,0,0,2.341973999,-0.422048825,2.000000000
1734523584.748765707,0,1,5.079281044,0.271247808,0.097834676
1734523584.748765707,0,2,-0.777398108,5.689583917,-0.026148038
1734523584.748765707,0,3,-0.119655478,-5.909106371,-0.104899864
1734523584.748765707,0,4,-4.686991113,-0.641728908,-0.100402601
1734523584.748765707,0,5,3.103167089,5.285429754,0.044237996
1734523584.748765707,0,6,-3.571192900,-4.635093081,-0.000402712
1734523584.748765707,0,7,-4.789010684,4.867709707,-0.034434735
1734523584.748765707,0,8,3.699022743,-4.556580300,0.031695808
1734523584.748765707,0,9,-10.090618878,-1.352248253,0.026492699
1734523584.818765879,1,0,-4.970783996,-0.093774765,-0.031876067
1734523584.818765879,1,1,-8.885970107,0.025829746,2.000000000
1734523584.818765879,1,2,-5.418882371,5.754183822,-0.054800426
1734523584.818765879,1,3,-5.114614698,-6.158034898,0.008455312
1734523584.818765879,1,4,-9.742703833,-0.425721835,0.061779791
1734523584.818765879,1,5,-1.532632078,4.983555847,0.033823196
1734523584.818765879,1,6,-8.601686498,-4.610328201,-0.091849581
1734523584.818765879,1,7,-9.515205791,5.072010361,0.019418866
1734523584.818765879,1,8,-1.244036473,-4.862560027,-0.027415665
1734523584.818765879,1,9,-7.516944776,-0.484828449,0.089822746
1734523584.878765821,2,0,-5.829932581,-0.501465813,-0.145597263
1734523584.878765821,2,1,-5.855776125,-5.530692931,-0.070744800
1734523584.878765821,2,2,0.900246630,3.109740550,2.000000000
1734523584.878765821,2,3,-11.427987815,-0.217844499,0.137985751
1734523584.878765821,2,4,-6.133051011,4.344972233,0.011274965
1734523584.878765821,2,5,-0.537471122,-4.099477652,0.212139671
1734523584.878765821,2,6,-10.510552347,3.440073661,-0.066228590
1734523584.878765821,2,7,-0.618445859,3.957325219,-0.071811933
1734523584.878765821,2,8,-11.007714682,-4.123891306,-0.040925972
1734523584.878765821,2,9,-6.822687555,10.030095979,0.008779038
1734523584.938765764,3,0,-6.339653598,0.720339424,-0.017845538
1734523584.938765764,3,1,-5.796590217,5.568234703,0.026082025
1734523584.938765764,3,2,-12.145079647,0.412405108,0.009227970
1734523584.938765764,3,3,0.289907050,-3.612525121,2.000000000
1734523584.938765764,3,4,-5.600966910,-3.995569746,0.069124967
1734523584.938765764,3,5,-10.922931930,4.351762021,-0.042059821
1734523584.938765764,3,6,-1.556600965,-3.548455926,0.008161614
1734523584.938765764,3,7,-11.198465570,-3.574634482,0.025417012
1734523584.938765764,3,8,-0.944365215,3.938589821,-0.065613805
1734523584.938765764,3,9,-5.731412832,-10.030681814,-0.063888094
1734523585.008765697,4,0,-3.457172737,3.478537189,0.010283929
1734523585.008765697,4,1,-6.869247380,6.824721879,0.077132883
1734523585.008765697,4,2,-7.654552200,-0.958716111,-0.033911705
1734523585.008765697,4,3,1.224135652,7.247417600,0.032876036
1734523585.008765697,4,4,-5.499655498,-1.086053558,2.000000000
1734523585.008765697,4,5,-10.055698486,2.568271688,-0.029390661
1734523585.008765697,4,6,2.620610025,3.581266126,-0.028984282
1734523585.008765697,4,7,-4.388194631,-3.343634467,-0.030214853
1734523585.008765697,4,8,-2.209920763,9.254659944,0.040981142
1734523585.008765697,4,9,3.870937248,-3.955533765,-0.043761861
1734523585.068765879,5,0,-4.849718068,4.001548074,-0.002281422
1734523585.068765879,5,1,-5.123706366,-0.850065855,-0.084762655
1734523585.068765879,5,2,1.226913140,3.736960586,-0.160454813
1734523585.068765879,5,3,-10.787444693,5.023088057,0.002866867
1734523585.068765879,5,4,-4.761812470,9.093807774,-0.068518149
1734523585.068765879,5,5,-4.245438538,0.302840573,2.000000000
1734523585.068765879,5,6,-6.394666301,5.806586028,-0.146554868
1734523585.068765879,5,7,0.998885894,7.690535645,0.036279016
1734523585.068765879,5,8,-9.693670706,1.172345133,-0.029531375
1734523585.068765879,5,9,-2.036440963,7.491854039,-0.034739315
1734523585.128765821,6,0,-1.044093583,5.974507794,0.000395930
1734523585.128765821,6,1,2.007875611,10.050458392,0.059945315
1734523585.128765821,6,2,-5.870299503,9.052666821,-0.065168889
1734523585.128765821,6,3,3.405221621,1.894356420,-0.008643318
1734523585.128765821,6,4,-3.623885083,1.804989293,-0.000882981
1734523585.128765821,6,5,-2.683311560,10.615789399,-0.025020878
1734523585.128765821,6,6,5.742786470,-1.153115825,2.000000000
1734523585.128765821,6,7,-7.752670257,5.547007304,-0.032534048
1734523585.128765821,6,8,5.034990355,5.834674420,-0.011849707
1734523585.128765821,6,9,-6.599887723,-2.577754779,-0.067457213
1734523585.198765755,7,0,-6.029093137,-3.498513426,-0.004731796
1734523585.198765755,7,1,-6.888078779,-8.453212290,-0.096586353
1734523585.198765755,7,2,-0.026523250,-4.222919772,0.052009611
1734523585.198765755,7,3,-12.059493324,-1.791861865,-0.016434794
1734523585.198765755,7,4,-5.366011994,1.542546079,0.060054213
1734523585.198765755,7,5,-1.535827011,-7.514752049,-0.100963181
1734523585.198765755,7,6,-9.820910469,1.463079214,0.047042532
1734523585.198765755,7,7,6.836109249,1.085678064,2.000000000
1734523585.198765755,7,8,-5.948088237,-3.049441546,-0.121876185
1734523585.198765755,7,9,-4.790822830,6.924104446,0.016458743
1734523585.258765697,8,0,-4.846087092,-3.734860039,0.019333714
1734523585.258765697,8,1,-4.663966617,1.116160238,-0.111368653
1734523585.258765697,8,2,-10.522812289,-4.487197033,0.005140818
1734523585.258765697,8,3,1.512380624,-3.769927240,0.056606240
1734523585.258765697,8,4,-3.979887693,-8.227238103,0.224604336
1734523585.258765697,8,5,-9.528500046,-0.471281680,-0.063402378
1734523585.258765697,8,6,0.010081509,-7.409788698,-0.044704681
1734523585.258765697,8,7,-5.407347617,-4.620810392,-0.024988800
1734523585.258765697,8,8,-0.403041096,-1.676313360,2.000000000
1734523585.258765697,8,9,-2.010228177,-7.609150638,0.126150202
1734523585.318765879,9,0,-10.133137440,2.006000125,0.030290397
1734523585.318765879,9,1,-8.681351467,0.674502245,-0.172463428
1734523585.318765879,9,2,-11.324867696,-3.807947223,-0.110587091
1734523585.318765879,9,3,-8.109970505,7.844255261,-0.032570131
1734523585.318765879,9,4,-5.345003169,1.032963950,0.010063521
1734523585.318765879,9,5,-7.604683665,-1.067949671,-0.094158424
1734523585.318765879,9,6,-4.999847194,5.318885236,-0.028226560
1734523585.318765879,9,7,-7.091727029,-4.096272737,-0.086862511
1734523585.318765879,9,8,-6.602206197,4.056405549,-0.171150580
1734523585.318765879,9,9,0.196525458,-0.369522048,2.000000000
1734523585.378765821,0,0,2.382239447,-0.429299600,2.000000000
1734523585.378765821,0,1,5.091438290,0.343802106,-0.004663424
1734523585.378765821,0,2,-0.802524345,5.686697709,-0.065898534
1734523585.378765821,0,3,0.127451556,-5.905864385,-0.059410347
1734523585.378765821,0,4,-4.715373725,-0.664283896,-0.085192937
1734523585.378765821,0,5,3.178926896,5.419363632,-0.007479794
1734523585.378765821,0,6,-3.666453108,-4.734668478,-0.059308846
1734523585.378765821,0,7,-4.773818320,4.851517171,-0.062234966
1734523585.378765821,0,8,3.720321197,-4.767801901,-0.012013634
1734523585.378765821,0,9,-9.964071890,-1.433103895,0.040726813
1734523585.448765755,1,0,-5.121867351,-0.071001737,-0.087625429
1734523585.448765755,1,1,-9.183926928,0.027369095,2.000000000
1734523585.448765755,1,2,-5.333329627,5.616704270,-0.011570452
1734523585.448765755,1,3,-5.299031350,-6.179834629,0.009554539
1734523585.448765755,1,4,-9.648156880,-0.491637647,-0.001768376
1734523585.448765755,1,5,-1.609908403,4.966436814,0.031996506
1734523585.448765755,1,6,-8.929618764,-4.668727750,-0.110523418
1734523585.448765755,1,7,-9.488100173,5.104570398,-0.008724704
1734523585.448765755,1,8,-1.350431666,-4.734412631,0.148902753
1734523585.448765755,1,9,-7.530087934,-0.498082172,0.089822746
1734523585.508765697,2,0,-6.128731590,-0.500965678,-0.100772363
1734523585.508765697,2,1,-5.937538723,-5.621832323,0.003709797
1734523585.508765697,2,2,0.840568659,3.186290384,2.000000000
1734523585.508765697,2,3,-11.306187653,-0.195302484,-0.007033749
1734523585.508765697,2,4,-6.222412401,4.363329593,0.101595425
1734523585.508765697,2,5,-0.543066643,-4.142019814,0.129682654
1734523585.508765697,2,6,-10.535051576,3.332647522,-0.123600569
1734523585.508765697,2,7,-0.544571156,4.012762888,-0.033978107
1734523585.508765697,2,8,-10.969009713,-4.106898726,-0.046525692
1734523585.508765697,2,9,-6.964324872,9.985274283,0.000742214
1734523585.578765869,3,0,-6.419739562,0.617165808,0.060504728
1734523585.578765869,3,1,-5.789350667,5.603329496,0.031403436
1734523585.578765869,3,2,-12.046978842,0.301842387,-0.013481903
1734523585.578765869,3,3,0.251477996,-3.668823130,2.000000000
1734523585.578765869,3,4,-5.452589092,-4.056178899,0.113952830
1734523585.578765869,3,5,-11.051757996,4.234367614,-0.010223664
1734523585.578765869,3,6,-1.686994345,-3.693989098,0.011097424
1734523585.578765869,3,7,-11.159877943,-3.484494926,-0.050274883
1734523585.578765869,3,8,-1.116403641,3.927910696,-0.123147754
1734523585.578765869,3,9,-5.719616570,-10.116021658,-0.035803156
1734523585.638765812,4,0,-3.392972591,3.491628285,0.097276129
1734523585.638765812,4,1,-6.787215358,6.803982837,-0.010343162
1734523585.638765812,4,2,-7.576876159,-0.957282769,0.038252888
1734523585.638765812,4,3,1.308614809,7.183499296,0.012164456
1734523585.638765812,4,4,-5.480753683,-1.127003080,2.000000000
1734523585.638765812,4,5,-10.008837797,2.579227539,-0.017516104
1734523585.638765812,4,6,2.623176114,3.556819742,0.013955584
1734523585.638765812,4,7,-4.450838448,-3.422099209,-0.058081670
1734523585.638765812,4,8,-2.182838663,9.214223489,-0.012721832
1734523585.638765812,4,9,3.839212912,-4.050448072,-0.050612648
1734523585.698765755,5,0,-4.963672828,3.927346169,0.031560385
1734523585.698765755,5,1,-5.210427722,-1.053968211,-0.106725160
1734523585.698765755,5,2,1.092982769,4.117467552,-0.071357237
1734523585.698765755,5,3,-10.998867470,4.849008698,-0.118395754
1734523585.698765755,5,4,-5.094486903,9.334148081,-0.158823757
1734523585.698765755,5,5,-4.376054765,0.244061843,2.000000000
1734523585.698765755,5,6,-6.377256938,5.714054257,-0.136067874
1734523585.698765755,5,7,0.784877894,7.892912040,0.064225261
1734523585.698765755,5,8,-9.794720222,1.193088093,-0.003728432
1734523585.698765755,5,9,-2.148667328,7.487292271,-0.034739315
1734523585.758765697,6,0,-1.077191736,5.896982576,0.004998412
1734523585.758765697,6,1,2.023645232,10.077395431,0.017367164
1734523585.758765697,6,2,-5.901872006,8.978883745,0.057514906
1734523585.758765697,6,3,3.620519873,1.977669912,0.014307287
1734523585.758765697,6,4,-3.697484170,1.876288164,0.006006322
1734523585.758765697,6,5,-2.711906134,10.557779822,-0.063034500
1734523585.758765697,6,6,5.954554520,-1.083634538,2.000000000
1734523585.758765697,6,7,-7.706352373,5.560423221,-0.038289641
1734523585.758765697,6,8,5.252333429,5.909263569,0.076344603
1734523585.758765697,6,9,-6.775166241,-2.664181055,-0.035803516
1734523585.818765879,7,0,-5.868157147,-3.668012529,0.024725194
1734523585.818765879,7,1,-6.808926077,-8.624610052,-0.059228530
1734523585.818765879,7,2,0.050946130,-4.216955576,0.005499445
1734523585.818765879,7,3,-12.085014566,-2.202575433,-0.095907156
1734523585.818765879,7,4,-5.447610087,1.324502896,-0.004426480
1734523585.818765879,7,5,-1.423727696,-7.563108904,0.096244701
1734523585.818765879,7,6,-10.062220242,1.160256264,-0.077178447
1734523585.818765879,7,7,7.031566661,1.024521344,2.000000000
1734523585.818765879,7,8,-5.910493432,-3.140780958,0.037567869
1734523585.818765879,7,9,-5.029159879,6.851263912,-0.033989003
1734523585.888765812,8,0,-4.766590529,-3.638257774,-0.003391479
1734523585.888765812,8,1,-4.727949792,1.100171963,-0.107871546
1734523585.888765812,8,2,-10.645617817,-4.420752798,-0.048220127
1734523585.888765812,8,3,1.326610625,-3.819526668,0.169866007
1734523585.888765812,8,4,-3.812848304,-8.068519806,0.082882094
1734523585.888765812,8,5,-9.768757467,-0.431604207,-0.038316389
1734523585.888765812,8,6,0.035124526,-7.417737926,0.047593237
1734523585.888765812,8,7,-5.323849734,-4.689424387,-0.059644843
1734523585.888765812,8,8,-0.429290538,-1.661832853,2.000000000
1734523585.888765812,8,9,-2.016089161,-7.620277560,0.054017645
1734523585.948765755,9,0,-10.049224035,2.268764132,-0.132291382
1734523585.948765755,9,1,-8.736545330,0.723748338,-0.172463428
1734523585.948765755,9,2,-11.533568085,-3.604577543,0.015799556
1734523585.948765755,9,3,-8.022907369,7.961343378,-0.018024386
1734523585.948765755,9,4,-5.356156349,1.268722349,0.008371462
1734523585.948765755,9,5,-7.670253669,-0.938343133,-0.094158424
1734523585.948765755,9,6,-4.928192520,5.376299188,-0.010830157
1734523585.948765755,9,7,-7.201576030,-3.965350704,0.010499358
1734523585.948765755,9,8,-6.535997323,4.193297438,-0.096738671
1734523585.948765755,9,9,0.255632492,-0.376100176,2.000000000
1734523586.008765697,0,0,2.422406017,-0.436531764,2.000000000
1734523586.008765697,0,1,5.141108193,0.109283496,0.026330824
1734523586.008765697,0,2,-1.025334873,5.914499077,-0.019220411
1734523586.008765697,0,3,0.081912503,-6.030227763,-0.094354263
1734523586.008765697,0,4,-4.883459919,-0.771404906,-0.002258341
1734523586.008765697,0,5,3.093957543,5.423086560,0.009966426
1734523586.008765697,0,6,-3.598165690,-4.644703756,0.129052828
1734523586.008765697,0,7,-4.757959873,4.978333980,-0.065302814
1734523586.008765697,0,8,3.776849768,-4.713392211,-0.017478395
1734523586.008765697,0,9,-10.116719522,-1.424670407,-0.102511844
1734523586.078765869,1,0,-4.960952640,-0.001591878,0.018621592
1734523586.078765869,1,1,-9.484068941,0.029024429,2.000000000
1734523586.078765869,1,2,-5.326042873,5.603452089,0.027004361
1734523586.078765869,1,3,-5.345490013,-6.423404923,-0.024873591
1734523586.078765869,1,4,-9.848622428,-0.534294530,-0.043165481
1734523586.078765869,1,5,-1.626267823,5.159290766,-0.049872723
1734523586.078765869,1,6,-8.934953891,-4.679775361,-0.016297673
1734523586.078765869,1,7,-9.713258650,5.241571362,-0.006120137
1734523586.078765869,1,8,-1.206536913,-5.002700899,0.162874873
1734523586.078765869,1,9,-7.521629410,-0.489549228,0.089822746
1734523586.138765812,2,0,-5.984103539,-0.555055204,0.044128607
1734523586.138765812,2,1,-5.953526810,-5.626432071,0.029810700
1734523586.138765812,2,2,0.779134623,3.265166124,2.000000000
1734523586.138765812,2,3,-11.225932222,-0.141242779,0.060582939
1734523586.138765812,2,4,-6.353566714,4.207231644,0.126971981
1734523586.138765812,2,5,-0.589313060,-4.119785163,0.045917292
1734523586.138765812,2,6,-10.389642310,3.392801483,-0.110999762
1734523586.138765812,2,7,-0.711199782,3.930861579,-0.091244698
1734523586.138765812,2,8,-10.924376858,-4.017035706,-0.074358477
1734523586.138765812,2,9,-6.930929055,9.904684199,-0.007761172
1734523586.198765755,3,0,-6.364665483,0.635113009,0.005755253
1734523586.198765755,3,1,-5.835939438,5.582410732,-0.005560295
1734523586.198765755,3,2,-11.984906398,0.397831183,-0.124238298
1734523586.198765755,3,3,0.212476573,-3.726002805,2.000000000
1734523586.198765755,3,4,-5.615589360,-4.098442052,0.120069759
1734523586.198765755,3,5,-11.054429958,4.253607058,0.065635535
1734523586.198765755,3,6,-1.617245856,-3.589984646,-0.000575211
1734523586.198765755,3,7,-11.088452908,-3.537514085,-0.003179391
1734523586.198765755,3,8,-0.986679447,3.851237316,0.010253706
1734523586.198765755,3,9,-5.708861036,-9.859127559,-0.062097386
1734523586.268765688,4,0,-3.387695608,3.349400496,-0.029454503
1734523586.268765688,4,1,-6.853476540,6.850881344,-0.082658008
1734523586.268765688,4,2,-7.444304216,-0.890420451,0.000068584
1734523586.268765688,4,3,1.302654330,7.146370059,-0.036132594
1734523586.268765688,4,4,-5.462060755,-1.167293553,2.000000000
1734523586.268765688,4,5,-10.015388817,2.573923244,0.088981545
1734523586.268765688,4,6,2.604482494,3.502556012,-0.009871860
1734523586.268765688,4,7,-4.294902986,-3.428677992,-0.055409714
1734523586.268765688,4,8,-2.028100988,9.191780258,0.050790870
1734523586.268765688,4,9,3.892726928,-3.755370771,0.048100789
1734523586.328765869,5,0,-4.898314372,3.723163676,0.014664946
1734523586.328765869,5,1,-5.412521214,-1.164039572,-0.081737318
1734523586.328765869,5,2,0.959290071,3.841614914,-0.102607860
1734523586.328765869,5,3,-11.046793466,4.710176280,-0.098590503
1734523586.328765869,5,4,-5.150060456,9.036507173,-0.183770723
1734523586.328765869,5,5,-4.506133572,0.185494479,2.000000000
1734523586.328765869,5,6,-6.366816503,5.376912487,-0.159919182
1734523586.328765869,5,7,0.654735663,8.012543925,0.112213783
1734523586.328765869,5,8,-9.706507739,0.839196520,-0.131954343
1734523586.328765869,5,9,-2.260348576,7.482597147,-0.034739315
1734523586.388765812,6,0,-1.107025473,5.847742841,0.022138042
1734523586.388765812,6,1,2.007812769,9.886952841,-0.046394248
1734523586.388765812,6,2,-5.924336168,9.011626638,0.079054303
1734523586.388765812,6,3,3.425373811,1.840035336,-0.003000285
1734523586.388765812,6,4,-3.806067205,1.847077513,-0.030197699
1734523586.388765812,6,5,-2.663810939,10.432618687,-0.142255692
1734523586.388765812,6,6,6.168316744,-1.013143905,2.000000000
1734523586.388765812,6,7,-7.665943503,5.485316034,-0.186436422
1734523586.388765812,6,8,5.310636478,6.011344260,0.084602910
1734523586.388765812,6,9,-6.810071185,-2.689077993,-0.028758187
1734523586.458765745,7,0,-5.944723543,-3.791077517,-0.045364446
1734523586.458765745,7,1,-6.705427761,-8.917041331,-0.006278616
1734523586.458765745,7,2,0.164107490,-4.229586680,-0.032804996
1734523586.458765745,7,3,-11.962089906,-2.382094104,-0.075759970
1734523586.458765745,7,4,-5.683781003,1.218625747,0.015197327
1734523586.458765745,7,5,-1.178350337,-7.502722800,0.139315653
1734523586.458765745,7,6,-9.876394597,0.818541320,-0.026654318
1734523586.458765745,7,7,7.228677795,0.962562310,2.000000000
1734523586.458765745,7,8,-5.716251805,-3.282959043,-0.002304757
1734523586.458765745,7,9,-5.200936849,6.708471105,-0.081260858
1734523586.518765688,8,0,-4.706286162,-3.604044784,-0.069087656
1734523586.518765688,8,1,-4.901517449,1.323454258,0.005395643
1734523586.518765688,8,2,-10.701093039,-4.505025060,-0.072126499
1734523586.518765688,8,3,1.445129087,-3.895590633,0.076141357
1734523586.518765688,8,4,-4.075192565,-8.190341805,0.056153265
1734523586.518765688,8,5,-9.747816628,-0.433186250,-0.067883685
1734523586.518765688,8,6,-0.056343710,-7.478562792,-0.027995303
1734523586.518765688,8,7,-5.289633125,-4.717445572,-0.032165405
1734523586.518765688,8,8,-0.454611196,-1.647843293,2.000000000
1734523586.518765688,8,9,-1.986775221,-7.641835276,0.102365539
1734523586.578765869,9,0,-10.049187951,2.478037453,-0.137300381
1734523586.578765869,9,1,-8.794391628,0.775251584,-0.172463428
1734523586.578765869,9,2,-11.742984084,-3.452134137,-0.056003928
1734523586.578765869,9,3,-7.946896733,8.216829641,0.036343375
1734523586.578765869,9,4,-5.280580570,1.363467712,-0.013964251
1734523586.578765869,9,5,-7.736480756,-0.808222637,-0.094158424
1734523586.578765869,9,6,-4.956774782,5.664536214,-0.042909468
1734523586.578765869,9,7,-7.347280144,-3.935459908,-0.079161434
1734523586.578765869,9,8,-6.365138781,4.437876113,-0.144381616
1734523586.578765869,9,9,0.311306254,-0.382363075,2.000000000
1734523586.648765802,0,0,2.462415559,-0.443733008,2.000000000
1734523586.648765802,0,1,5.181032558,0.278038507,0.156749129
1734523586.648765802,0,2,-0.935335013,5.896494291,0.107271269
1734523586.648765802,0,3,-0.138219643,-5.936750257,-0.022678059
1734523586.648765802,0,4,-4.949325800,-0.708088433,-0.007449602
1734523586.648765802,0,5,3.149397670,5.520891193,0.013812240
1734523586.648765802,0,6,-3.462123191,-4.698237589,0.059341077
1734523586.648765802,0,7,-4.702782598,4.876636605,-0.034760907
1734523586.648765802,0,8,3.631870942,-4.665918961,0.009283773
1734523586.648765802,0,9,-10.223881691,-1.438039275,-0.067961376
1734523586.708765745,1,0,-4.941240062,-0.074217488,-0.022091806
1734523586.708765745,1,1,-9.787669977,0.030698198,2.000000000
1734523586.708765745,1,2,-5.425876543,5.659085898,0.004882890
1734523586.708765745,1,3,-5.405867771,-6.379246281,0.043191547
1734523586.708765745,1,4,-9.827967326,-0.542408105,0.001167634
1734523586.708765745,1,5,-1.726403207,5.076573212,0.019590436
1734523586.708765745,1,6,-8.820019916,-4.673980454,-0.021572161
1734523586.708765745,1,7,-9.741061636,5.237245941,0.039196731
1734523586.708765745,1,8,-1.358845577,-4.906060618,0.052034211
1734523586.708765745,1,9,-7.534520265,-0.502527530,0.089822746
1734523586.768765688,2,0,-6.043019101,-0.507440483,0.074268149
1734523586.768765688,2,1,-5.853519558,-5.525784285,0.035993862
1734523586.768765688,2,2,0.716659688,3.345403566,2.000000000
1734523586.768765688,2,3,-11.158446097,-0.019417789,0.036230312
1734523586.768765688,2,4,-6.263894980,4.371398260,0.090128691
1734523586.768765688,2,5,-0.611449385,-3.937692537,0.082954522
1734523586.768765688,2,6,-10.578348273,3.554715624,-0.044035536
1734523586.768765688,2,7,-0.686359529,3.809442280,-0.050992531
1734523586.768765688,2,8,-11.009642994,-3.999222353,-0.046594104
1734523586.768765688,2,9,-6.713644368,9.817478375,-0.093616250
1734523586.828765869,3,0,-6.155234614,0.571687143,-0.000254703
1734523586.828765869,3,1,-5.932845606,5.605255877,-0.021905914
1734523586.828765869,3,2,-11.870506685,0.401392208,-0.013049349
1734523586.828765869,3,3,0.173043160,-3.783887429,2.000000000
1734523586.828765869,3,4,-5.540757274,-4.135288019,0.022759348
1734523586.828765869,3,5,-11.063534812,4.208022962,-0.011305645
1734523586.828765869,3,6,-1.622302001,-3.556344545,-0.001496204
1734523586.828765869,3,7,-11.007253409,-3.551709967,-0.036071030
1734523586.828765869,3,8,-0.804567892,3.975694590,-0.014111646
1734523586.828765869,3,9,-5.622399116,-9.873260709,-0.054030544
1734523586.898765802,4,0,-3.459632229,3.407719481,0.015372998
1734523586.898765802,4,1,-6.701075744,6.979564793,-0.085705528
1734523586.898765802,4,2,-7.684506596,-0.930382383,0.004675127
1734523586.898765802,4,3,1.345974458,7.230013209,0.056240357
1734523586.898765802,4,4,-5.443532805,-1.207028788,2.000000000
1734523586.898765802,4,5,-10.045566981,2.520433439,-0.007102582
1734523586.898765802,4,6,2.635430253,3.498297230,-0.002392642
1734523586.898765802,4,7,-4.272287897,-3.316725615,-0.037285479
1734523586.898765802,4,8,-2.071412698,9.368922955,-0.027123288
1734523586.898765802,4,9,3.882358264,-3.809183869,0.021912565
1734523586.958765745,5,0,-4.977662569,3.605640215,-0.033883776
1734523586.958765745,5,1,-5.452842081,-1.249590506,-0.209377148
1734523586.958765745,5,2,1.064872601,4.068257953,0.033478284
1734523586.958765745,5,3,-11.064518421,4.555372936,-0.086675383
1734523586.958765745,5,4,-5.091277585,8.700681624,-0.131324378
1734523586.958765745,5,5,-4.635006219,0.127473601,2.000000000
1734523586.958765745,5,6,-6.356479002,5.087883200,-0.154381546
1734523586.958765745,5,7,0.462250821,8.155266778,0.028699532
1734523586.958765745,5,8,-9.690939356,0.697922565,0.038973925
1734523586.958765745,5,9,-2.372383441,7.477613863,-0.034739315
1734523587.018765688,6,0,-1.049432091,5.927527714,-0.037937781
1734523587.018765688,6,1,2.002218297,10.124421265,0.036648091
1734523587.018765688,6,2,-5.971323654,9.040595458,0.023582604
1734523587.018765688,6,3,3.451765352,1.822118314,0.031221496
1734523587.018765688,6,4,-3.788505215,1.853816217,-0.033232974
1734523587.018765688,6,5,-2.660895196,10.373962850,-0.100145935
1734523587.018765688,6,6,6.384017151,-0.941668427,2.000000000
1734523587.018765688,6,7,-8.007494765,5.572765944,-0.034708171
1734523587.018765688,6,8,5.191652490,5.942915829,-0.004490771
1734523587.018765688,6,9,-6.782330752,-2.764995543,-0.051667543
1734523587.088765860,7,0,-5.812170796,-4.009313158,-0.077473251
1734523587.088765860,7,1,-6.390814910,-8.898446359,0.093400954
1734523587.088765860,7,2,0.050728947,-4.209510337,0.101940848
1734523587.088765860,7,3,-11.857004986,-2.748703393,-0.034924904
1734523587.088765860,7,4,-5.741935371,1.091715381,-0.024778753
1734523587.088765860,7,5,-1.049324541,-7.560669991,0.135510949
1734523587.088765860,7,6,-9.813877029,0.648681815,0.014899122
1734523587.088765860,7,7,7.428686899,0.899432503,2.000000000
1734523587.088765860,7,8,-5.659793698,-3.400884764,0.037303579
1734523587.088765860,7,9,-5.253577325,6.539377255,-0.003078407
1734523587.148765802,8,0,-4.717550630,-3.600897463,-0.013829823
1734523587.148765802,8,1,-4.946599667,1.428016958,-0.058336485
1734523587.148765802,8,2,-10.656798704,-4.367325528,-0.066457317
1734523587.148765802,8,3,1.446170253,-3.685309346,0.076464350
1734523587.148765802,8,4,-4.124355984,-8.344090618,-0.120653470
1734523587.148765802,8,5,-9.805657313,-0.349654567,-0.171014473
1734523587.148765802,8,6,-0.013524803,-7.514396024,0.018362746
1734523587.148765802,8,7,-5.320901769,-4.623045339,-0.132419808
1734523587.148765802,8,8,-0.478827687,-1.634442492,2.000000000
1734523587.148765802,8,9,-1.870876613,-7.712405102,0.091425237
1734523587.208765745,9,0,-10.040018931,2.547145956,-0.102976675
1734523587.208765745,9,1,-8.854922702,0.829032984,-0.172463428
1734523587.208765745,9,2,-11.838842705,-3.279981735,-0.042592789
1734523587.208765745,9,3,-7.766292393,8.342670996,-0.005170612
1734523587.208765745,9,4,-5.242715087,1.403099978,0.001176595
1734523587.208765745,9,5,-7.803409869,-0.677508216,-0.094158424
1734523587.208765745,9,6,-4.933602064,5.761632920,-0.080147597
1734523587.208765745,9,7,-7.365409460,-3.757739438,-0.062583421
1734523587.208765745,9,8,-6.283858392,4.618503306,-0.051338967
1734523587.208765745,9,9,0.363672312,-0.388317249,2.000000000
1734523587.278765678,0,0,2.502268601,-0.450903736,2.000000000
1734523587.278765678,0,1,5.037088405,0.273199331,0.138840925
1734523587.278765678,0,2,-0.961600600,6.103173637,0.064913469
1734523587.278765678,0,3,-0.222011829,-6.065686133,-0.114487448
1734523587.278765678,0,4,-4.960162979,-0.751251303,0.019410282
1734523587.278765678,0,5,3.175021502,5.653013763,0.035850031
1734523587.278765678,0,6,-3.652292052,-4.734147462,0.038153573
1734523587.278765678,0,7,-4.792786052,4.983022250,0.005168785
1734523587.278765678,0,8,3.672941812,-4.676219112,0.010093683
1734523587.278765678,0,9,-10.340181990,-1.541178194,0.050763256
1734523587.338765860,1,0,-5.039862507,-0.067844286,0.067008339
1734523587.338765860,1,1,-10.093304593,0.032496255,2.000000000
1734523587.338765860,1,2,-5.347391601,5.622156988,-0.033576809
1734523587.338765860,1,3,-5.424267330,-6.409090638,-0.022189044
1734523587.338765860,1,4,-9.746295308,-0.541447572,-0.137926618
1734523587.338765860,1,5,-1.440715707,5.103753211,-0.011419434
1734523587.338765860,1,6,-8.675052317,-4.653022787,-0.138226495
1734523587.338765860,1,7,-9.787217305,5.232991757,-0.029549927
1734523587.338765860,1,8,-1.431601565,-4.963914582,-0.081134394
1734523587.338765860,1,9,-7.526093267,-0.494017043,0.089822746
1734523587.408765793,2,0,-5.812741879,-0.483455991,0.031204953
1734523587.408765793,2,1,-5.950332854,-5.566001247,-0.048006361
1734523587.408765793,2,2,0.652494875,3.427896448,2.000000000
1734523587.408765793,2,3,-11.054978919,-0.022317239,0.097105962
1734523587.408765793,2,4,-6.271976632,4.342030163,-0.002301727
1734523587.408765793,2,5,-0.578583566,-3.913838816,-0.070104935
1734523587.408765793,2,6,-10.561001615,3.543765267,0.097426708
1734523587.408765793,2,7,-0.604151872,4.155744628,-0.088518852
1734523587.408765793,2,8,-11.089858797,-4.052274107,-0.058019663
1734523587.408765793,2,9,-6.640589009,9.739560851,-0.062924257
1734523587.468765736,3,0,-6.044340421,0.520803560,-0.062395493
1734523587.468765736,3,1,-5.872468526,5.665962536,-0.047794979
1734523587.468765736,3,2,-11.726312109,0.481763746,0.044759304
1734523587.468765736,3,3,0.133279078,-3.842335579,2.000000000
1734523587.468765736,3,4,-5.658976285,-4.058020753,-0.006759243
1734523587.468765736,3,5,-11.024773806,4.209078257,-0.054509894
1734523587.468765736,3,6,-1.672345325,-3.581706674,-0.020879583
1734523587.468765736,3,7,-10.961359088,-3.468532217,0.066076643
1734523587.468765736,3,8,-0.786256201,4.000460448,-0.179006093
1734523587.468765736,3,9,-5.554404479,-9.830649744,0.012548961
1734523587.528765678,4,0,-3.539102645,3.363719926,-0.105359061
1734523587.528765678,4,1,-6.757554665,7.011530543,-0.062941452
1734523587.528765678,4,2,-7.661496417,-0.908856346,-0.012499020
1734523587.528765678,4,3,1.398843468,7.157573764,0.066806295
1734523587.528765678,4,4,-5.425246926,-1.246054400,2.000000000
1734523587.528765678,4,5,-10.057409578,2.567695760,0.014728768
1734523587.528765678,4,6,2.586116144,3.443708464,0.002758663
1734523587.528765678,4,7,-4.446385742,-3.233100568,-0.114256772
1734523587.528765678,4,8,-2.006832143,9.253825075,0.007907897
1734523587.528765678,4,9,4.021779189,-3.966391973,-0.005864200
1734523587.598765850,5,0,-5.178277782,3.646212046,-0.002637307
1734523587.598765850,5,1,-5.317934315,-1.561814831,-0.151217335
1734523587.598765850,5,2,0.981452328,3.983470146,-0.016705149
1734523587.598765850,5,3,-11.080439627,4.357931090,-0.146587645
1734523587.598765850,5,4,-5.468935276,8.807647448,0.026275261
1734523587.598765850,5,5,-4.762793786,0.069925477,2.000000000
1734523587.598765850,5,6,-6.429479552,5.025224646,-0.141780990
1734523587.598765850,5,7,0.389590594,8.205996627,0.083249239
1734523587.598765850,5,8,-9.728642004,0.401122384,-0.049279185
1734523587.598765850,5,9,-2.484985224,7.472320090,-0.034739315
1734523587.658765793,6,0,-1.067440616,5.943068586,0.004371432
1734523587.658765793,6,1,1.997129755,9.983627377,-0.050883646
1734523587.658765793,6,2,-6.028659077,9.049006741,-0.123647377
1734523587.658765793,6,3,3.385957840,1.751322694,0.018997750
1734523587.658765793,6,4,-3.657369047,1.804143905,0.004905137
1734523587.658765793,6,5,-2.575278073,10.264523730,0.020104651
1734523587.658765793,6,6,6.601607436,-0.869217408,2.000000000
1734523587.658765793,6,7,-7.844692827,5.785056589,-0.032026444
1734523587.658765793,6,8,5.209495217,5.742782894,0.067675493
1734523587.658765793,6,9,-6.737403427,-2.738347373,-0.043121303
1734523587.718765736,7,0,-5.905308802,-4.096173323,0.028430192
1734523587.718765736,7,1,-6.334908828,-9.126286038,-0.014312226
1734523587.718765736,7,2,0.252971189,-4.155264878,0.028997317
1734523587.718765736,7,3,-11.632261336,-2.810934086,0.030862856
1734523587.718765736,7,4,-5.765637877,0.998951401,-0.009707843
1734523587.718765736,7,5,-0.728783931,-7.745353240,-0.023760593
1734523587.718765736,7,6,-9.846663779,0.456395061,-0.042867177
1734523587.718765736,7,7,7.631034786,0.835141425,2.000000000
1734523587.718765736,7,8,-5.525994417,-3.551414673,-0.087635185
1734523587.718765736,7,9,-5.483864981,6.706693128,-0.023594975
1734523587.788765669,8,0,-4.712208577,-3.563064656,0.122896129
1734523587.788765669,8,1,-5.004008875,1.384535408,0.060547260
1734523587.788765669,8,2,-10.609567177,-4.514989908,0.057380104
1734523587.788765669,8,3,1.556272219,-3.835316819,0.146836023
1734523587.788765669,8,4,-4.180358913,-8.471558514,-0.058214380
1734523587.788765669,8,5,-9.991921188,-0.209475838,-0.074599678
1734523587.788765669,8,6,-0.020944920,-7.496509824,-0.060568181
1734523587.788765669,8,7,-5.341286968,-4.571754191,-0.148037351
1734523587.788765669,8,8,-0.502250126,-1.621463107,2.000000000
1734523587.788765669,8,9,-1.935328690,-7.702552102,0.029595865
1734523587.848765850,9,0,-10.012486497,2.854151768,0.011099872
1734523587.848765850,9,1,-8.917205810,0.884319348,-0.172463428
1734523587.848765850,9,2,-11.894664392,-3.131415765,-0.005486299
1734523587.848765850,9,3,-7.586800772,8.399148856,0.013645245
1734523587.848765850,9,4,-5.368738670,1.514642067,-0.019676165
1734523587.848765850,9,5,-7.871065933,-0.546159178,-0.094158424
1734523587.848765850,9,6,-4.798448624,5.739451291,0.011449728
1734523587.848765850,9,7,-7.378506162,-3.574579072,-0.049230582
1734523587.848765850,9,8,-6.198993679,4.715445605,0.023626513
1734523587.848765850,9,9,0.412912620,-0.393979307,2.000000000
1734523587.918765783,0,0,2.541762664,-0.458005554,2.000000000
1734523587.918765783,0,1,4.933351215,0.366047509,0.099363627
1734523587.918765783,0,2,-0.840084922,6.016124413,0.043468175
1734523587.918765783,0,3,-0.085170644,-6.030973661,-0.008680805
1734523587.918765783,0,4,-4.874878719,-0.764259156,-0.027682049
1734523587.918765783,0,5,3.094327727,5.605548911,-0.006783305
1734523587.918765783,0,6,-3.542002773,-4.910645368,0.056407947
1734523587.918765783,0,7,-4.847090354,4.952499831,0.100048381
1734523587.918765783,0,8,3.683468147,-4.758359832,-0.002636028
1734523587.918765783,0,9,-10.250628557,-1.421458057,-0.040428047
1734523587.978765726,1,0,-4.991250090,-0.055156717,0.025945819
1734523587.978765726,1,1,-10.400989105,0.034417471,2.000000000
1734523587.978765726,1,2,-5.464050785,5.753709395,0.022944697
1734523587.978765726,1,3,-5.417526363,-6.364581916,0.001711777
1734523587.978765726,1,4,-9.692782861,-0.653711369,-0.067921502
1734523587.978765726,1,5,-1.566878746,5.263914661,-0.045585306
1734523587.978765726,1,6,-8.949910995,-4.711141721,-0.156452853
1734523587.978765726,1,7,-9.747942897,5.221467912,-0.070774141
1734523587.978765726,1,8,-1.325937586,-4.995260689,-0.109628173
1734523587.978765726,1,9,-7.544097418,-0.512139919,0.089822746
1734523588.038765669,2,0,-5.861133780,-0.509864840,0.099334362
1734523588.038765669,2,1,-5.943096251,-5.495939841,-0.015620917
1734523588.038765669,2,2,0.586589223,3.512620605,2.000000000
1734523588.038765669,2,3,-10.961112123,-0.100938068,0.026497505
1734523588.038765669,2,4,-6.395439144,4.427926160,-0.094675126
1734523588.038765669,2,5,-0.639464216,-4.167236162,-0.046798739
1734523588.038765669,2,6,-10.820577929,3.474769954,0.024332677
1734523588.038765669,2,7,-0.681622242,4.209010362,-0.074769536
1734523588.038765669,2,8,-11.090218433,-4.080928069,-0.085182545
1734523588.038765669,2,9,-6.536507240,9.620171091,-0.084938652
1734523588.098765850,3,0,-6.080560418,0.471112608,-0.057696247
1734523588.098765850,3,1,-5.904305616,5.629934102,-0.051151506
1734523588.098765850,3,2,-11.499290217,0.414011909,-0.014438658
1734523588.098765850,3,3,0.093237540,-3.901256588,2.000000000
1734523588.098765850,3,4,-5.604569844,-4.341523781,-0.129945039
1734523588.098765850,3,5,-10.985202054,4.107706612,0.038465359
1734523588.098765850,3,6,-1.685611140,-3.474262942,0.027557541
1734523588.098765850,3,7,-10.889042494,-3.434508776,-0.080784503
1734523588.098765850,3,8,-0.887568580,3.892484509,-0.207185984
1734523588.098765850,3,9,-5.571687610,-9.888026920,-0.014181194
1734523588.168765783,4,0,-3.573266773,3.305511192,-0.181254225
1734523588.168765783,4,1,-6.596195656,6.972503454,-0.008253545
1734523588.168765783,4,2,-7.559278583,-0.874612997,0.021124218
1734523588.168765783,4,3,1.376187265,7.187227903,0.024745130
1734523588.168765783,4,4,-5.407175858,-1.284420888,2.000000000
1734523588.168765783,4,5,-10.042099070,2.551441608,0.077178349
1734523588.168765783,4,6,2.556097824,3.448829060,-0.009078157
1734523588.168765783,4,7,-4.323730371,-3.224296022,0.081166521
1734523588.168765783,4,8,-1.974253299,9.409887802,-0.005680781
1734523588.168765783,4,9,3.992464056,-3.916192138,0.049345282
1734523588.228765726,5,0,-5.211259915,3.557186115,-0.038787580
1734523588.228765726,5,1,-5.411617750,-1.681125233,-0.043616368
1734523588.228765726,5,2,0.915358317,4.037008291,-0.042328868
1734523588.228765726,5,3,-10.969260914,4.222776173,-0.168917973
1734523588.228765726,5,4,-5.573817600,8.721976560,0.166157616
1734523588.228765726,5,5,-4.891110742,0.012146531,2.000000000
1734523588.228765726,5,6,-6.494066100,4.944251718,-0.053470596
1734523588.228765726,5,7,0.247179338,8.064096319,0.178041693
1734523588.228765726,5,8,-9.813697770,0.532474241,-0.024940841
1734523588.228765726,5,9,-2.598175566,7.466708527,-0.034739315
1734523588.288765669,6,0,-1.062206360,6.000304343,-0.011175465
1734523588.288765669,6,1,1.986410427,9.946035301,-0.016809014
1734523588.288765669,6,2,-6.134336289,9.083234592,-0.068231286
1734523588.288765669,6,3,3.357442579,1.715014153,0.030012852
1734523588.288765669,6,4,-3.858451022,1.881995112,-0.017702585
1734523588.288765669,6,5,-2.583324996,10.197235869,0.115423050
1734523588.288765669,6,6,6.821113080,-0.795766827,2.000000000
1734523588.288765669,6,7,-7.743345218,5.737458516,-0.050907104
1734523588.288765669,6,8,5.078221787,5.878632347,0.102417299
1734523588.288765669,6,9,-6.836354912,-2.813298226,0.023266471
1734523588.358765841,7,0,-5.799105917,-4.244345385,0.032229486
1734523588.358765841,7,1,-6.169681641,-9.331805795,-0.097006505
1734523588.358765841,7,2,0.601046324,-4.185295220,-0.097061348
1734523588.358765841,7,3,-11.378366346,-2.902518898,-0.032639314
1734523588.358765841,7,4,-5.640382973,0.843027765,0.009528606
1734523588.358765841,7,5,-0.712887500,-7.775651798,-0.166570603
1734523588.358765841,7,6,-9.968959295,0.257591158,-0.013489023
1734523588.358765841,7,7,7.835179506,0.769910745,2.000000000
1734523588.358765841,7,8,-5.497518704,-3.677476300,0.043732560
1734523588.358765841,7,9,-5.746255722,6.656027374,-0.035808123
1734523588.418765783,8,0,-4.610710382,-3.580530951,0.130035648
1734523588.418765783,8,1,-4.941560650,1.421892149,0.070943250
1734523588.418765783,8,2,-10.697927936,-4.440806543,-0.021921310
1734523588.418765783,8,3,1.429745622,-3.713225516,0.158306182
1734523588.418765783,8,4,-4.065045355,-8.401971007,-0.118117695
1734523588.418765783,8,5,-10.115667283,-0.341417335,-0.137511836
1734523588.418765783,8,6,0.031447175,-7.479533894,-0.055171586
1734523588.418765783,8,7,-5.374361672,-4.516539938,-0.081906565
1734523588.418765783,8,8,-0.525114983,-1.608777533,2.000000000
1734523588.418765783,8,9,-1.913178823,-7.731223217,0.044206397
1734523588.478765726,9,0,-10.324988401,3.087065053,-0.089320288
1734523588.478765726,9,1,-8.981182910,0.941057242,-0.172463428
1734523588.478765726,9,2,-11.912878096,-2.931946687,-0.117486969
1734523588.478765726,9,3,-7.415287439,8.521788125,0.005673775
1734523588.478765726,9,4,-5.367110668,1.586279549,-0.014782529
1734523588.478765726,9,5,-7.939136919,-0.414642587,-0.094158424
1734523588.478765726,9,6,-4.879715107,5.919365330,-0.011465596
1734523588.478765726,9,7,-7.594952756,-3.606294054,-0.084112710
1734523588.478765726,9,8,-6.115482265,4.717938438,0.050491906
1734523588.478765726,9,9,0.457851763,-0.399224831,2.000000000
1734523588.538765669,0,0,2.580780594,-0.465018858,2.000000000
1734523588.538765669,0,1,5.067426733,0.431664170,0.047370881
1734523588.538765669,0,2,-0.773141845,6.030051710,-0.051917347
1734523588.538765669,0,3,-0.011520414,-6.055233272,-0.011428574
1734523588.538765669,0,4,-5.004492986,-0.760356029,0.008853617
1734523588.538765669,0,5,3.107777659,5.610305908,0.008467367
1734523588.538765669,0,6,-3.784325871,-4.983448027,-0.016346761
1734523588.538765669,0,7,-4.747830533,5.015116238,0.050038587
1734523588.538765669,0,8,3.573044806,-4.746310831,0.016263350
1734523588.538765669,0,9,-10.224142640,-1.458408116,0.041293516
1734523588.608765841,1,0,-5.064774881,-0.182062214,-0.157733298
1734523588.608765841,1,1,-10.710621251,0.036466919,2.000000000
1734523588.608765841,1,2,-5.479016360,5.809892138,0.035403055
1734523588.608765841,1,3,-5.453499380,-6.498125091,-0.025726765
1734523588.608765841,1,4,-9.805001476,-0.595028882,-0.049564782
1734523588.608765841,1,5,-1.549579663,5.307148025,0.055541647
1734523588.608765841,1,6,-8.940352404,-4.835653347,-0.176224020
1734523588.608765841,1,7,-9.603705992,5.146589385,0.000075419
1734523588.608765841,1,8,-1.328540137,-5.062624444,-0.152909397
1734523588.608765841,1,9,-7.527958092,-0.495812417,0.089822746
1734523588.668765783,2,0,-6.063865394,-0.568287821,0.164127469
1734523588.668765783,2,1,-5.929965842,-5.588315640,-0.042319146
1734523588.668765783,2,2,0.519666363,3.598577790,2.000000000
1734523588.668765783,2,3,-10.822690469,-0.199159484,0.060848491
1734523588.668765783,2,4,-6.301607974,4.371667772,-0.016624968
1734523588.668765783,2,5,-0.631930614,-4.226223175,0.009104764
1734523588.668765783,2,6,-11.004051518,3.507026580,-0.061878440
1734523588.668765783,2,7,-0.572580189,4.360355701,-0.113296498
1734523588.668765783,2,8,-11.106541138,-4.011240595,-0.063135518
1734523588.668765783,2,9,-6.560751018,9.482002087,-0.087160665
1734523588.728765726,3,0,-6.306124942,0.710879749,-0.167043220
1734523588.728765726,3,1,-5.971327104,5.645524286,-0.038174128
1734523588.728765726,3,2,-11.339841029,0.233897852,-0.031050682
1734523588.728765726,3,3,0.052825715,-3.960780266,2.000000000
1734523588.728765726,3,4,-5.782883798,-4.179977133,-0.020258634
1734523588.728765726,3,5,-10.852409137,4.105044572,-0.069710070
1734523588.728765726,3,6,-1.710163117,-3.552220134,-0.012062218
1734523588.728765726,3,7,-10.806010865,-3.441207728,-0.107561308
1734523588.728765726,3,8,-1.043969476,3.947721123,-0.073847516
1734523588.728765726,3,9,-5.638425757,-9.912344092,-0.046413519
1734523588.788765669,4,0,-3.621078008,3.354758792,0.099108939
1734523588.788765669,4,1,-6.468917546,6.856980805,-0.056791922
1734523588.788765669,4,2,-7.654588465,-0.811032469,-0.033984493
1734523588.788765669,4,3,1.450806459,7.149252253,-0.043715346
1734523588.788765669,4,4,-5.389312203,-1.322146244,2.000000000
1734523588.788765669,4,5,-9.954224022,2.605737526,-0.006405614
1734523588.788765669,4,6,2.565073227,3.497870113,-0.026019074
1734523588.788765669,4,7,-4.425101524,-3.337612659,0.141693717
1734523588.788765669,4,8,-1.964899733,9.272315443,-0.003387020
1734523588.788765669,4,9,4.005937833,-3.969708719,0.112290354
1734523588.848765850,5,0,-5.365664449,3.567765444,-0.061437890
1734523588.848765850,5,1,-5.205642386,-1.614451280,-0.028789912
1734523588.848765850,5,2,1.012377532,4.025985742,0.039196242
1734523588.848765850,5,3,-11.005135937,3.932700615,-0.144768024
1734523588.848765850,5,4,-5.622528781,8.663866845,-0.009198261
1734523588.848765850,5,5,-5.018532846,-0.045244118,2.000000000
1734523588.848765850,5,6,-6.591458577,4.984719793,-0.001965872
1734523588.848765850,5,7,0.061211536,8.254209722,0.155714115
1734523588.848765850,5,8,-9.850289995,0.332918117,-0.072906075
1734523588.848765850,5,9,-2.712099131,7.460778752,-0.034739315
1734523588.908765793,6,0,-1.125669860,5.980173204,0.004617310
1734523588.908765793,6,1,1.956084487,10.134467044,-0.090268871
1734523588.908765793,6,2,-6.110596118,9.058484421,-0.021152698
1734523588.908765793,6,3,3.539495316,1.797060786,0.006927229
1734523588.908765793,6,4,-3.953244005,1.917575631,0.011092891
1734523588.908765793,6,5,-2.605838503,10.056018415,0.000888420
1734523588.908765793,6,6,7.042915912,-0.721022816,2.000000000
1734523588.908765793,6,7,-7.779412203,5.659966171,-0.005419024
1734523588.908765793,6,8,4.940975696,5.667967252,0.023231622
1734523588.908765793,6,9,-6.674045102,-2.676110412,0.038155156
1734523588.978765726,7,0,-5.655970311,-4.199492458,-0.026688377
1734523588.978765726,7,1,-6.084487687,-9.479205722,-0.034316121
1734523588.978765726,7,2,0.499249705,-4.235506618,-0.104003078
1734523588.978765726,7,3,-11.356815954,-3.097524347,-0.032639314
1734523588.978765726,7,4,-5.598137516,0.830074117,0.115487581
1734523588.978765726,7,5,-0.413469026,-7.828693793,-0.003117972
1734523588.978765726,7,6,-9.989866430,0.084294036,0.006998762
1734523588.978765726,7,7,8.041051935,0.703781648,2.000000000
1734523588.978765726,7,8,-5.667925855,-3.723435165,0.100606413
1734523588.978765726,7,9,-5.899040677,6.577710992,-0.058693768
1734523589.038765669,8,0,-4.701070905,-3.520795195,0.017481523
1734523589.038765669,8,1,-4.926180023,1.310372458,-0.054835618
1734523589.038765669,8,2,-10.633453420,-4.568088334,-0.059380235
1734523589.038765669,8,3,1.297333656,-3.841834864,0.010933327
1734523589.038765669,8,4,-4.032892794,-8.290155337,0.007059878
1734523589.038765669,8,5,-10.192185123,-0.447925344,-0.171424961
1734523589.038765669,8,6,-0.003078525,-7.455467424,-0.064697543
1734523589.038765669,8,7,-5.412636650,-4.483143261,-0.081855361
1734523589.038765669,8,8,-0.547011011,-1.596625626,2.000000000
1734523589.038765669,8,9,-1.841971200,-7.771031744,0.104921759
1734523589.108765841,9,0,-10.703957618,3.144799904,-0.046738629
1734523589.108765841,9,1,-9.046889830,0.999268714,-0.172463428
1734523589.108765841,9,2,-11.890943255,-2.684716883,-0.036765770
1734523589.108765841,9,3,-7.506104171,8.752373919,-0.065896830
1734523589.108765841,9,4,-5.397015885,1.689963759,-0.046315432
1734523589.108765841,9,5,-8.007973300,-0.282427566,-0.094158424
1734523589.108765841,9,6,-4.808190057,6.043395691,-0.065968541
1734523589.108765841,9,7,-7.966140660,-3.682490721,-0.042721305
1734523589.108765841,9,8,-6.044440866,4.674025709,0.105251184
1734523589.108765841,9,9,0.498934996,-0.404119173,2.000000000
1734523589.168765783,0,0,2.619430231,-0.471964320,2.000000000
1734523589.168765783,0,1,5.190347023,0.437958478,0.095586699
1734523589.168765783,0,2,-0.934663634,6.112298778,-0.134434066
1734523589.168765783,0,3,0.094296983,-6.194354587,0.044192285
1734523589.168765783,0,4,-5.050036750,-0.806041227,0.027524552
1734523589.168765783,0,5,3.123057730,5.709887079,0.013466993
1734523589.168765783,0,6,-3.829131869,-5.170126433,0.084787345
1734523589.168765783,0,7,-4.938499902,5.086539912,0.005760494
1734523589.168765783,0,8,3.621613673,-4.711737941,-0.029851765
1734523589.168765783,0,9,-10.123237457,-1.331690580,-0.015812574
1734523589.238765717,1,0,-5.076888064,-0.330450833,-0.121715979
1734523589.238765717,1,1,-11.022273583,0.038649549,2.000000000
1734523589.238765717,1,2,-5.594345195,5.986587418,-0.003224573
1734523589.238765717,1,3,-5.402663217,-6.482513566,-0.020399117
1734523589.238765717,1,4,-9.814481814,-0.558638276,-0.095887225
1734523589.238765717,1,5,-1.572113017,5.341818836,-0.032782569
1734523589.238765717,1,6,-8.887775361,-4.849763748,-0.106816261
1734523589.238765717,1,7,-9.755648531,5.306250230,0.052326074
1734523589.238765717,1,8,-1.444359868,-5.192091819,0.008587019
1734523589.238765717,1,9,-7.553173826,-0.521188889,0.089822746
1734523589.298765659,2,0,-6.098551912,-0.625910074,0.039083956
1734523589.298765659,2,1,-5.840473493,-5.486229551,-0.017831808
1734523589.298765659,2,2,0.450984735,3.686946090,2.000000000
1734523589.298765659,2,3,-10.728322519,-0.144677505,0.114271085
1734523589.298765659,2,4,-6.339388322,4.216485235,-0.068360361
1734523589.298765659,2,5,-0.517164290,-4.323837443,0.072377581
1734523589.298765659,2,6,-10.825237123,3.412661568,0.018563183
1734523589.298765659,2,7,-0.588297384,4.102955314,-0.216489907
1734523589.298765659,2,8,-11.129719711,-3.904385342,-0.043821438
1734523589.298765659,2,9,-6.511637093,9.317891215,0.000304616
1734523589.358765841,3,0,-6.502869184,0.749561030,-0.130512288
1734523589.358765841,3,1,-5.987206358,5.716724260,0.041280060
1734523589.358765841,3,2,-11.136984013,0.261293468,-0.064303417
1734523589.358765841,3,3,0.012080950,-4.020847070,2.000000000
1734523589.358765841,3,4,-5.730415313,-4.200365336,0.151339919
1734523589.358765841,3,5,-10.721526896,3.976327643,-0.052894005
1734523589.358765841,3,6,-1.764422539,-3.609538213,0.013185306
1734523589.358765841,3,7,-10.731112413,-3.393012154,-0.021378024
1734523589.358765841,3,8,-1.123179665,3.970948447,0.042070205
1734523589.358765841,3,9,-5.677091133,-9.952963775,-0.049629834
1734523589.428765774,4,0,-3.627137558,3.511311288,0.053205614
1734523589.428765774,4,1,-6.694279819,7.279695326,-0.000735854
1734523589.428765774,4,2,-7.715028878,-0.920126402,-0.054869837
1734523589.428765774,4,3,1.499531859,7.268154763,0.017285180
1734523589.428765774,4,4,-5.371596904,-1.359368714,2.000000000
1734523589.428765774,4,5,-9.959183050,2.596938909,-0.002595103
1734523589.428765774,4,6,2.521700325,3.449082505,-0.019232297
1734523589.428765774,4,7,-4.453131348,-3.194284255,0.095035144
1734523589.428765774,4,8,-2.048733011,9.384868494,-0.022124307
1734523589.428765774,4,9,4.001852010,-3.982631610,0.084444117
1734523589.488765717,5,0,-5.468929370,3.537667897,0.029054318
1734523589.488765717,5,1,-5.201408288,-1.690039829,0.020215869
1734523589.488765717,5,2,0.948360744,4.151209520,-0.010543516
1734523589.488765717,5,3,-11.081632524,3.789110421,-0.144768024
1734523589.488765717,5,4,-5.624787223,8.464011493,-0.112578292
1734523589.488765717,5,5,-5.146448694,-0.102843335,2.000000000
1734523589.488765717,5,6,-6.660588854,5.025079027,-0.116211976
1734523589.488765717,5,7,0.162495190,8.279452633,0.003644235
1734523589.488765717,5,8,-10.203192881,0.249160369,-0.186416699
1734523589.488765717,5,9,-2.826582233,7.454534366,-0.034739315
1734523589.558765650,6,0,-1.131631237,6.043895240,-0.028770887
1734523589.558765650,6,1,2.023831079,9.899206381,0.001385537
1734523589.558765650,6,2,-6.089811195,9.098266054,0.070481629
1734523589.558765650,6,3,3.604442836,1.748401634,0.007802538
1734523589.558765650,6,4,-4.001414880,1.934390085,0.006549122
1734523589.558765650,6,5,-2.529386700,10.012034597,0.026088051
1734523589.558765650,6,6,7.266926680,-0.645023392,2.000000000
1734523589.558765650,6,7,-7.771886993,5.635768808,0.127216278
1734523589.558765650,6,8,4.782242129,5.423935154,0.080958293
1734523589.558765650,6,9,-6.669191693,-2.781591422,-0.064467680
1734523589.628765821,7,0,-5.551461747,-4.269575806,-0.052771757
1734523589.628765821,7,1,-5.977195554,-9.601161426,-0.000280389
1734523589.628765821,7,2,0.596045157,-4.221103811,-0.155563939
1734523589.628765821,7,3,-11.014185440,-3.147745987,0.021406295
1734523589.628765821,7,4,-5.824716333,0.702785235,-0.038359449
1734523589.628765821,7,5,-0.284085463,-8.205926094,-0.082859436
1734523589.628765821,7,6,-10.045045366,-0.092415473,-0.069143972
1734523589.628765821,7,7,8.248656251,0.636757785,2.000000000
1734523589.628765821,7,8,-5.775166117,-3.763714518,0.061406335
1734523589.628765821,7,9,-6.048942895,6.679789736,0.013153615
1734523589.688765764,8,0,-4.799094660,-3.595325229,0.010808895
1734523589.688765764,8,1,-4.774405649,1.313763655,0.011621630
1734523589.688765764,8,2,-10.592987551,-4.521126416,-0.029984800
1734523589.688765764,8,3,1.494948477,-3.777557390,-0.012831013
1734523589.688765764,8,4,-4.037660173,-8.273144971,0.038057218
1734523589.688765764,8,5,-10.117735798,-0.419517138,0.008181477
1734523589.688765764,8,6,-0.067839359,-7.527707169,-0.022261175
1734523589.688765764,8,7,-5.439366324,-4.547530433,0.025570783
1734523589.688765764,8,8,-0.567869936,-1.585036586,2.000000000
1734523589.688765764,8,9,-1.893061733,-7.795052631,0.121452297
1734523589.748765707,9,0,-10.725077003,3.347518369,-0.045872621
1734523589.748765707,9,1,-9.114563598,1.059149697,-0.172463428
1734523589.748765707,9,2,-11.795095280,-2.513508531,-0.047578190
1734523589.748765707,9,3,-7.459970658,8.822744803,-0.006510633
1734523589.748765707,9,4,-5.615247860,1.780152124,-0.010261184
1734523589.748765707,9,5,-8.077213945,-0.150001157,-0.094158424
1734523589.748765707,9,6,-4.826066961,6.141073817,-0.035497829
1734523589.748765707,9,7,-8.125647224,-3.694432661,0.001063293
1734523589.748765707,9,8,-5.979822610,4.763137956,-0.017231121
1734523589.748765707,9,9,0.537282794,-0.408763016,2.000000000
1734523589.808765650,0,0,2.657754856,-0.478845628,2.000000000
1734523589.808765650,0,1,5.191262369,0.455567313,0.078763716
1734523589.808765650,0,2,-1.086688606,6.073602841,-0.140902332
1734523589.808765650,0,3,0.068826151,-6.315939876,-0.045600385
1734523589.808765650,0,4,-4.899050943,-0.781318765,-0.025414613
1734523589.808765650,0,5,3.092781701,5.735286038,0.004037276
1734523589.808765650,0,6,-3.933856582,-5.230328171,-0.066610410
1734523589.808765650,0,7,-4.930535985,5.116866663,0.024540639
1734523589.808765650,0,8,3.757633252,-4.826312597,0.025734171
1734523589.808765650,0,9,-10.401150017,-1.435692256,0.059720036
1734523589.868765831,1,0,-5.319301788,-0.175456042,-0.018643679
1734523589.868765831,1,1,-11.336111744,0.040973325,2.000000000
1734523589.868765831,1,2,-5.736381794,6.016788784,-0.014893435
1734523589.868765831,1,3,-5.476332855,-6.641985859,0.043111951
1734523589.868765831,1,4,-10.011218925,-0.587662070,0.022139273
1734523589.868765831,1,5,-1.684029310,5.529483721,0.065400512
1734523589.868765831,1,6,-8.860612271,-4.841839163,0.011426798
1734523589.868765831,1,7,-9.688626034,5.313798247,-0.101697522
1734523589.868765831,1,8,-1.533188622,-5.036007963,-0.162641296
1734523589.868765831,1,9,-7.538083721,-0.505931236,0.089822746
1734523589.928765774,2,0,-6.140865869,-0.584255016,-0.065521339
1734523589.928765774,2,1,-6.037909277,-5.627508009,0.015933387
1734523589.928765774,2,2,0.380833335,3.777172143,2.000000000
1734523589.928765774,2,3,-10.607806809,-0.189710813,-0.066262501
1734523589.928765774,2,4,-6.374636962,4.319048316,0.074360608
1734523589.928765774,2,5,-0.562376849,-4.127374575,0.051912087
1734523589.928765774,2,6,-10.793503827,3.531004188,-0.036918924
1734523589.928765774,2,7,-0.631100871,4.239119315,-0.092766482
1734523589.928765774,2,8,-11.091277053,-3.858651103,-0.098647522
1734523589.928765774,2,9,-6.388681382,9.324557910,-0.011677901
1734523589.988765717,3,0,-6.701145073,0.807200635,0.078036617
1734523589.988765717,3,1,-6.042903388,5.638041368,-0.009631054
1734523589.988765717,3,2,-11.169214576,0.265413975,-0.064303417
1734523589.988765717,3,3,-0.028950000,-4.081385464,2.000000000
1734523589.988765717,3,4,-5.883215924,-4.103647614,0.113720796
1734523589.988765717,3,5,-10.485378607,3.913744367,-0.163369867
1734523589.988765717,3,6,-1.725448685,-3.537809040,-0.001403342
1734523589.988765717,3,7,-10.660602093,-3.339584873,-0.023302675
1734523589.988765717,3,8,-1.164613079,4.023092532,0.007044126
1734523589.988765717,3,9,-5.716340937,-9.982105260,-0.025613863
1734523590.058765650,4,0,-3.533088633,3.556273808,0.068817773
1734523590.058765650,4,1,-6.535870522,7.222981453,-0.034551113
1734523590.058765650,4,2,-7.851477216,-0.941786542,0.018777817
1734523590.058765650,4,3,1.479719656,7.207255836,-0.001258232
1734523590.058765650,4,4,-5.354168818,-1.395781672,2.000000000
1734523590.058765650,4,5,-10.086475965,2.452338963,-0.072924489
1734523590.058765650,4,6,2.610959406,3.597652845,-0.006638078
1734523590.058765650,4,7,-4.500550374,-3.132307884,0.046642411
1734523590.058765650,4,8,-2.093082801,9.342274603,-0.133156679
1734523590.058765650,4,9,4.147921754,-3.897215443,-0.044156468
1734523590.118765831,5,0,-5.572341157,3.484096473,0.041735109
1734523590.118765831,5,1,-5.031205947,-1.661489861,-0.089810881
1734523590.118765831,5,2,0.944783367,3.937959074,-0.076988671
1734523590.118765831,5,3,-10.836079992,3.629262952,-0.209007639
1734523590.118765831,5,4,-5.646002097,8.336119255,-0.107799363
1734523590.118765831,5,5,-5.271713170,-0.159303850,2.000000000
1734523590.118765831,5,6,-6.711749814,4.934114716,-0.116211976
1734523590.118765831,5,7,0.216572035,8.205663016,-0.075052053
1734523590.118765831,5,8,-10.263336221,0.003097919,-0.162781861
1734523590.118765831,5,9,-2.940350121,7.448076703,-0.034739315
1734523590.178765774,6,0,-1.112436883,6.108710899,0.029840300
1734523590.178765774,6,1,1.979265573,9.860353854,-0.065729855
1734523590.178765774,6,2,-6.008520721,9.144993449,0.107904825
1734523590.178765774,6,3,3.567453665,1.725544560,0.041221700
1734523590.178765774,6,4,-3.932164068,1.881219815,-0.015306054
1734523590.178765774,6,5,-2.669207772,9.830333214,0.059359675
1734523590.178765774,6,6,7.492919639,-0.568011656,2.000000000
1734523590.178765774,6,7,-7.949025286,5.654355126,0.057201843
1734523590.178765774,6,8,4.958762055,5.424824724,0.125534381
1734523590.178765774,6,9,-6.908080734,-2.878069453,0.006429983
1734523590.238765717,7,0,-5.545716535,-4.388058279,0.048714304
1734523590.238765717,7,1,-5.760768966,-9.537010912,0.006530322
1734523590.238765717,7,2,0.546561968,-4.266351744,0.220298690
1734523590.238765717,7,3,-10.672510921,-3.286369995,0.055923268
1734523590.238765717,7,4,-5.958959182,0.667902249,-0.049497908
1734523590.238765717,7,5,-0.150261794,-8.022594321,-0.009633611
1734523590.238765717,7,6,-10.247083523,-0.242369362,-0.107748047
1734523590.238765717,7,7,8.457621589,0.568961057,2.000000000
1734523590.238765717,7,8,-5.600487613,-3.930155085,-0.007928734
1734523590.238765717,7,9,-6.279887973,6.723135287,-0.075503354
1734523590.308765650,8,0,-4.905358322,-3.586708051,0.011731406
1734523590.308765650,8,1,-5.072802764,1.453077944,0.115812133
1734523590.308765650,8,2,-10.677858803,-4.487285520,0.042288589
1734523590.308765650,8,3,1.299219034,-3.787196262,-0.061234039
1734523590.308765650,8,4,-4.047278915,-8.265710619,0.031854722
1734523590.308765650,8,5,-10.214854474,-0.619929911,0.027338449
1734523590.308765650,8,6,-0.034685375,-7.544279815,0.004184361
1734523590.308765650,8,7,-5.473883153,-4.562494286,-0.115772846
1734523590.308765650,8,8,-0.587370450,-1.574177915,2.000000000
1734523590.308765650,8,9,-1.885125834,-7.826715684,0.052045012
1734523590.368765831,9,0,-10.574881893,3.205321216,-0.040627561
1734523590.368765831,9,1,-9.184186772,1.120680470,-0.172463428
1734523590.368765831,9,2,-11.597577803,-2.426704040,-0.163609990
1734523590.368765831,9,3,-7.386663060,8.868041155,-0.130864423
1734523590.368765831,9,4,-5.651893523,1.830192523,-0.062484830
1734523590.368765831,9,5,-8.146912469,-0.017295380,-0.094158424
1734523590.368765831,9,6,-4.778072497,6.078009956,-0.044012098
1734523590.368765831,9,7,-8.412445077,-3.748826129,-0.050083917
1734523590.368765831,9,8,-5.912406727,4.788217993,-0.092055350
1734523590.368765831,9,9,0.573626768,-0.413220915,2.000000000
1734523590.428765774,0,0,2.695695393,-0.485656619,2.000000000
1734523590.428765774,0,1,4.980526019,0.453756193,-0.016521562
1734523590.428765774,0,2,-1.162522940,6.066237191,-0.125640408
1734523590.428765774,0,3,-0.107131388,-6.348886631,-0.105005038
1734523590.428765774,0,4,-4.793496096,-0.807618819,-0.008226504
1734523590.428765774,0,5,3.046436020,5.659551755,-0.018887544
1734523590.428765774,0,6,-3.768178149,-5.194547026,0.097012195
1734523590.428765774,0,7,-4.920602826,5.176340595,0.028645184
1734523590.428765774,0,8,3.716611901,-4.997053532,-0.028979693
1734523590.428765774,0,9,-10.540793208,-1.498988859,-0.021876085
1734523590.488765717,1,0,-5.232329143,-0.022326411,0.022974485
1734523590.488765717,1,1,-11.652303759,0.043434288,2.000000000
1734523590.488765717,1,2,-5.890640744,6.207052457,-0.000639795
1734523590.488765717,1,3,-5.488085819,-6.531090752,0.002361332
1734523590.488765717,1,4,-10.232278142,-0.611552939,-0.023159213
1734523590.488765717,1,5,-1.761926348,5.487427403,-0.104868306
1734523590.488765717,1,6,-8.666787347,-4.654753959,-0.033563414
1734523590.488765717,1,7,-9.680620746,5.235874349,-0.116963928
1734523590.488765717,1,8,-1.656823177,-4.851971691,0.007144010
1734523590.488765717,1,9,-7.550844942,-0.518788469,0.089822746
1734523590.548765659,2,0,-6.018719856,-0.627058415,0.030529689
1734523590.548765659,2,1,-6.089160905,-5.678921267,0.009643550
1734523590.548765659,2,2,0.309127949,3.869389234,2.000000000
1734523590.548765659,2,3,-10.522592289,-0.155400192,-0.055501842
1734523590.548765659,2,4,-6.402516096,4.375189802,-0.023726098
1734523590.548765659,2,5,-0.735977797,-4.151035490,0.033056555
1734523590.548765659,2,6,-11.031179014,3.584697983,-0.005357164
1734523590.548765659,2,7,-0.637937431,3.918940189,-0.132075862
1734523590.548765659,2,8,-11.057817804,-3.873464719,0.054555729
1734523590.548765659,2,9,-6.400965218,9.124569192,0.028154822
1734523590.618765831,3,0,-6.550161677,0.967843380,0.054835294
1734523590.618765831,3,1,-6.105895683,5.758119766,-0.064718637
1734523590.618765831,3,2,-10.863185559,0.151808446,-0.028584529
1734523590.618765831,3,3,-0.070370385,-4.142543459,2.000000000
1734523590.618765831,3,4,-5.917824058,-4.135506666,0.060076317
1734523590.618765831,3,5,-10.291271109,3.920353852,-0.091986532
1734523590.618765831,3,6,-1.798166317,-3.492688682,0.012175903
1734523590.618765831,3,7,-10.565119309,-3.345484310,-0.040538558
1734523590.618765831,3,8,-1.211310974,3.871482408,0.078251708
1734523590.618765831,3,9,-5.657553683,-10.015689228,-0.063177003
1734523590.688765764,4,0,-3.440150105,3.751431074,0.057375538
1734523590.688765764,4,1,-6.530359576,7.285186358,-0.044926177
1734523590.688765764,4,2,-7.672716530,-1.002915883,0.020684882
1734523590.688765764,4,3,1.553078461,7.325505132,-0.023225577
1734523590.688765764,4,4,-5.337043829,-1.431354253,2.000000000
1734523590.688765764,4,5,-10.002113790,2.412749129,0.024243399
1734523590.688765764,4,6,2.578994474,3.567244564,-0.024091497
1734523590.688765764,4,7,-4.336058097,-3.310857453,0.044116168
1734523590.688765764,4,8,-1.922766552,9.423868682,-0.021306473
1734523590.688765764,4,9,4.138135046,-4.089570587,0.043669162
1734523590.748765707,5,0,-5.734454373,3.538590140,0.012413859
1734523590.748765707,5,1,-5.056146673,-1.546428859,-0.193583569
1734523590.748765707,5,2,0.835137418,4.098611171,-0.075560562
1734523590.748765707,5,3,-10.873889469,3.504799371,-0.209007639
1734523590.748765707,5,4,-5.753505764,8.254938882,-0.173608817
1734523590.748765707,5,5,-5.395879862,-0.215297175,2.000000000
1734523590.748765707,5,6,-6.725027745,4.925866880,0.061203483
1734523590.748765707,5,7,-0.131826498,8.316247742,-0.069817624
1734523590.748765707,5,8,-10.421621346,0.005103333,0.069538005
1734523590.748765707,5,9,-3.053306332,7.441341599,-0.034739315
1734523590.808765650,6,0,-1.109983088,6.116263307,0.014344771
1734523590.808765650,6,1,1.916464418,9.875857877,0.060527274
1734523590.808765650,6,2,-6.159566750,9.207349746,-0.034629202
1734523590.808765650,6,3,3.495376653,1.703954504,0.019772554
1734523590.808765650,6,4,-3.902354315,1.846407920,0.026394993
1734523590.808765650,6,5,-2.579666951,9.795974126,0.084628785
1734523590.808765650,6,6,7.720786824,-0.490011250,2.000000000
1734523590.808765650,6,7,-8.104680928,5.839154410,0.066350109
1734523590.808765650,6,8,5.150578939,5.588338611,0.040468202
1734523590.808765650,6,9,-6.997532744,-2.874792811,0.029116663
1734523590.868765831,7,0,-5.650746714,-4.536224743,0.024426932
1734523590.868765831,7,1,-5.791945175,-9.688057298,-0.013244627
1734523590.868765831,7,2,0.740866610,-4.458970992,0.025037234
1734523590.868765831,7,3,-10.284837064,-3.155781965,0.056404669
1734523590.868765831,7,4,-5.745374177,0.583916839,-0.008346103
1734523590.868765831,7,5,-0.170184240,-8.065376927,-0.021641303
1734523590.868765831,7,6,-9.926022888,-0.251081910,-0.086638122
1734523590.868765831,7,7,8.667764620,0.500440811,2.000000000
1734523590.868765831,7,8,-5.620990781,-4.017601940,-0.048144951
1734523590.868765831,7,9,-6.129291255,6.421878689,-0.058844296
1734523590.938765764,8,0,-4.977947124,-3.636941770,-0.019800850
1734523590.938765764,8,1,-4.982198974,1.294039242,0.006132027
1734523590.938765764,8,2,-10.749673827,-4.362188954,-0.092145636
1734523590.938765764,8,3,1.325990794,-3.735781196,-0.030407684
1734523590.938765764,8,4,-4.211297731,-8.483110721,0.091364402
1734523590.938765764,8,5,-10.373460828,-0.648108389,0.027799417
1734523590.938765764,8,6,-0.060590797,-7.319620014,0.042571203
1734523590.938765764,8,7,-5.514467783,-4.578786331,-0.062833451
1734523590.938765764,8,8,-0.605748552,-1.563928872,2.000000000
1734523590.938765764,8,9,-1.799810030,-7.846270888,0.032846137
1734523590.998765707,9,0,-10.713259065,3.441732395,0.083460097
1734523590.998765707,9,1,-9.255710911,1.183815231,-0.172463428
1734523590.998765707,9,2,-11.255599928,-2.452652911,-0.106454494
1734523590.998765707,9,3,-7.275676251,8.861349566,-0.108761358
1734523590.998765707,9,4,-5.394537134,1.784865106,-0.017621679
1734523590.998765707,9,5,-8.217119192,0.115757839,-0.094158424
1734523590.998765707,9,6,-4.895745315,6.222738107,-0.069641153
1734523590.998765707,9,7,-8.354873746,-3.618161768,-0.059608512
1734523590.998765707,9,8,-5.860666184,4.848405856,-0.038978860
1734523590.998765707,9,9,0.608587215,-0.417547001,2.000000000
1734523591.058765650,0,0,2.733169320,-0.492383501,2.000000000
1734523591.058765650,0,1,5.088677620,0.399835222,-0.111528953
1734523591.058765650,0,2,-1.121663166,6.082103067,-0.255792171
1734523591.058765650,0,3,-0.059966361,-6.461707318,0.101728356
1734523591.058765650,0,4,-4.796681244,-0.762857450,0.029939566
1734523591.058765650,0,5,3.000025311,5.617881011,0.008716240
1734523591.058765650,0,6,-3.853398939,-5.135750080,-0.042134413
1734523591.058765650,0,7,-4.898640339,5.080126010,0.034792619
1734523591.058765650,0,8,3.603803529,-4.860751510,0.020664239
1734523591.058765650,0,9,-10.683814930,-1.477430017,-0.008919675
1734523591.118765831,1,0,-5.340593219,0.014659416,-0.055879200
1734523591.118765831,1,1,-11.970772688,0.046013309,2.000000000
1734523591.118765831,1,2,-5.933677499,6.264408715,-0.039537416
1734523591.118765831,1,3,-5.346870266,-6.430260395,0.059586808
1734523591.118765831,1,4,-10.221252314,-0.704253000,-0.036443821
1734523591.118765831,1,5,-1.612347486,5.498284955,-0.037805364
1734523591.118765831,1,6,-8.862001574,-4.722087935,-0.084222938
1734523591.118765831,1,7,-9.640652164,5.230789792,0.031557817
1734523591.118765831,1,8,-1.720024240,-5.104697613,-0.052046629
1734523591.118765831,1,9,-7.537133256,-0.504933591,0.089822746
1734523591.178765774,2,0,-6.084759534,-0.607495964,-0.191149752
1734523591.178765774,2,1,-6.106124573,-5.678069639,-0.058650807
1734523591.178765774,2,2,0.236140303,3.963185470,2.000000000
1734523591.178765774,2,3,-10.413341816,-0.168093357,0.016483769
1734523591.178765774,2,4,-6.368126358,4.417083662,-0.050731018
1734523591.178765774,2,5,-0.565438966,-4.060999441,-0.026039354
1734523591.178765774,2,6,-10.939152058,3.466944633,-0.056541030
1734523591.178765774,2,7,-0.732467534,4.252082980,-0.111354587
1734523591.178765774,2,8,-11.158022898,-3.832980408,-0.075687467
1734523591.178765774,2,9,-6.382829525,9.040388466,0.068399384
1734523591.248765707,3,0,-6.643559952,0.733930243,0.050336728
1734523591.248765707,3,1,-6.223294298,5.899699802,0.012060597
1734523591.248765707,3,2,-10.797583599,0.249338808,0.030818380
1734523591.248765707,3,3,-0.112076528,-4.204155526,2.000000000
1734523591.248765707,3,4,-5.958215977,-4.056434069,0.102189427
1734523591.248765707,3,5,-10.144573909,3.846536116,-0.156079549
1734523591.248765707,3,6,-1.817428229,-3.550904897,-0.007892736
1734523591.248765707,3,7,-10.543183406,-3.188310066,-0.026134566
1734523591.248765707,3,8,-1.048378034,3.913490224,0.010302431
1734523591.248765707,3,9,-5.677717946,-10.067569535,0.023975000
1734523591.308765650,4,0,-3.626799251,3.792878537,0.155991338
1734523591.308765650,4,1,-6.868267663,7.358079594,0.103999408
1734523591.308765650,4,2,-7.761739169,-1.028000962,0.036082491
1734523591.308765650,4,3,1.539679086,7.294854711,-0.014245201
1734523591.308765650,4,4,-5.320177262,-1.466195821,2.000000000
1734523591.308765650,4,5,-10.135626983,2.403074802,0.061963857
1734523591.308765650,4,6,2.471707158,3.441827435,-0.006457559
1734523591.308765650,4,7,-4.496018122,-3.479067455,0.174427778
1734523591.308765650,4,8,-1.935945608,9.353393607,-0.066188835
1734523591.308765650,4,9,4.172072758,-4.067784536,-0.126759724
1734523591.368765831,5,0,-5.809138272,3.541839069,0.010426603
1734523591.368765831,5,1,-5.221728109,-1.654516912,-0.063617999
1734523591.368765831,5,2,0.925532803,4.042491861,-0.044317432
1734523591.368765831,5,3,-10.481225278,3.395908788,-0.036673004
1734523591.368765831,5,4,-5.799168440,8.172272224,-0.067294015
1734523591.368765831,5,5,-5.519344335,-0.270986970,2.000000000
1734523591.368765831,5,6,-6.687564915,4.759427606,0.050903925
1734523591.368765831,5,7,-0.072502039,8.381822105,-0.037303744
1734523591.368765831,5,8,-10.369307159,0.083270705,0.117622145
1734523591.368765831,5,9,-3.164800241,7.434392875,-0.034739315
1734523591.428765774,6,0,-1.120570721,5.991026070,-0.052425359
1734523591.428765774,6,1,1.987201618,9.943357557,0.098923607
1734523591.428765774,6,2,-6.203574263,9.151853322,0.053086299
1734523591.428765774,6,3,3.574174433,1.695669799,0.007675047
1734523591.428765774,6,4,-3.984060409,1.898254125,-0.016055962
1734523591.428765774,6,5,-2.577174534,9.666226397,0.071263325
1734523591.428765774,6,6,7.950749122,-0.410755528,2.000000000
1734523591.428765774,6,7,-8.350987137,5.786267371,0.170486336
1734523591.428765774,6,8,5.047661425,5.664639664,0.196206047
1734523591.428765774,6,9,-7.184922101,-3.011734677,0.007961105
1734523591.488765717,7,0,-5.509092537,-4.509300003,-0.038676732
1734523591.488765717,7,1,-5.727478080,-9.827932155,0.007626049
1734523591.488765717,7,2,0.683213887,-4.189298597,-0.023022713
1734523591.488765717,7,3,-9.949056427,-3.111793310,0.022771711
1734523591.488765717,7,4,-5.940016218,0.544370277,0.001232971
1734523591.488765717,7,5,0.029864295,-8.083560461,0.023300130
1734523591.488765717,7,6,-10.063811284,-0.444876077,-0.086598449
1734523591.488765717,7,7,8.879440258,0.431084153,2.000000000
1734523591.488765717,7,8,-5.613185087,-4.118841244,-0.043449118
1734523591.488765717,7,9,-6.297572146,6.422225250,-0.057666620
1734523591.558765650,8,0,-5.119912962,-3.685457381,0.024348805
1734523591.558765650,8,1,-4.946807287,1.392444462,-0.028306274
1734523591.558765650,8,2,-10.704345786,-4.434145945,-0.032404723
1734523591.558765650,8,3,1.511282203,-3.594966264,-0.042649288
1734523591.558765650,8,4,-4.104063674,-8.501509604,0.108431437
1734523591.558765650,8,5,-10.282449397,-0.446374086,-0.016716129
1734523591.558765650,8,6,-0.070145490,-7.270295936,-0.038824169
1734523591.558765650,8,7,-5.553837435,-4.591159827,-0.075792583
1734523591.558765650,8,8,-0.624949367,-1.553216987,2.000000000
1734523591.558765650,8,9,-1.716335426,-7.858304082,0.042655736
1734523591.618765831,9,0,-10.733240373,3.649966732,0.002312947
1734523591.618765831,9,1,-9.328996024,1.248434100,-0.172463428
1734523591.618765831,9,2,-11.256510431,-2.351753722,-0.106454494
1734523591.618765831,9,3,-7.362812560,9.148201458,-0.040608366
1734523591.618765831,9,4,-5.417415012,1.766414265,-0.029814822
1734523591.618765831,9,5,-8.287745459,0.249052309,-0.094158424
1734523591.618765831,9,6,-4.988971635,6.392450028,-0.058047344
1734523591.618765831,9,7,-8.370162581,-3.537657554,-0.007725653
1734523591.618765831,9,8,-5.790454733,4.719759139,-0.050917060
1734523591.618765831,9,9,0.642113191,-0.421716770,2.000000000
1734523591.678765774,0,0,2.770110204,-0.499016203,2.000000000
1734523591.678765774,0,1,5.027343951,0.504627147,-0.023932065
1734523591.678765774,0,2,-1.117427354,6.149662002,-0.108256868
1734523591.678765774,0,3,0.027544692,-6.426567096,0.154501465
1734523591.678765774,0,4,-5.098709241,-0.785281333,-0.017474128
1734523591.678765774,0,5,2.883311563,5.534041207,-0.008923961
1734523591.678765774,0,6,-3.907989442,-5.042032441,-0.076270338
1734523591.678765774,0,7,-4.910320998,5.129008224,0.013661356
1734523591.678765774,0,8,3.657172524,-4.924121106,-0.045967651
1734523591.678765774,0,9,-10.608006759,-1.574188581,0.113997007
1734523591.738765717,1,0,-5.245840299,-0.109711421,-0.063499071
1734523591.738765717,1,1,-12.291242679,0.048727157,2.000000000
1734523591.738765717,1,2,-5.800503506,6.173855623,0.005233775
1734523591.738765717,1,3,-5.304769501,-6.327391863,-0.001367684
1734523591.738765717,1,4,-10.207878344,-0.651610979,-0.100483994
1734523591.738765717,1,5,-1.625858067,5.343395347,-0.024109962
1734523591.738765717,1,6,-8.820131188,-4.604573252,0.019760865
1734523591.738765717,1,7,-9.726515802,5.333775204,-0.032752116
1734523591.738765717,1,8,-1.676730452,-5.120214164,0.035142705
1734523591.738765717,1,9,-7.548159945,-0.516049522,0.089822746
1734523591.808765650,2,0,-6.143718536,-0.635288713,-0.258221311
1734523591.808765650,2,1,-6.087567701,-5.700920702,0.011208180
1734523591.808765650,2,2,0.162436590,4.057792820,2.000000000
1734523591.808765650,2,3,-10.304737967,-0.203299181,-0.007906067
1734523591.808765650,2,4,-6.363725066,4.528964605,0.025682545
1734523591.808765650,2,5,-0.673310701,-4.093806625,-0.015513736
1734523591.808765650,2,6,-10.707056748,3.354380972,-0.063600338
1734523591.808765650,2,7,-0.674712409,3.840911385,-0.050589240
1734523591.808765650,2,8,-11.165099141,-3.805602123,-0.070790625
1734523591.808765650,2,9,-6.189383578,8.954202451,0.109302015
1734523591.868765831,3,0,-6.788577159,0.852174916,-0.096036371
1734523591.868765831,3,1,-6.230710823,5.867570901,-0.001914966
1734523591.868765831,3,2,-10.473778125,0.270047865,-0.081880680
1734523591.868765831,3,3,-0.154034598,-4.266165644,2.000000000
1734523591.868765831,3,4,-5.908076327,-4.096719951,0.164168488
1734523591.868765831,3,5,-10.059638975,3.773269026,-0.196576844
1734523591.868765831,3,6,-1.858411057,-3.631264037,0.010679661
1734523591.868765831,3,7,-10.392612141,-3.230221968,-0.009634511
1734523591.868765831,3,8,-1.051537360,3.850388592,0.003390691
1734523591.868765831,3,9,-5.723399778,-10.135097943,-0.016857928
1734523591.928765774,4,0,-3.741281043,3.591055555,0.123037102
1734523591.928765774,4,1,-6.848725715,7.325007993,0.098453205
1734523591.928765774,4,2,-7.863306983,-1.089614720,0.010926267
1734523591.928765774,4,3,1.534115950,7.331123255,-0.007841290
1734523591.928765774,4,4,-5.303549203,-1.500351256,2.000000000
1734523591.928765774,4,5,-10.062937143,2.419271015,-0.052108099
1734523591.928765774,4,6,2.447150806,3.503782133,0.013115085
1734523591.928765774,4,7,-4.515640168,-3.491611558,-0.070348488
1734523591.928765774,4,8,-1.873450588,9.405898868,-0.022101666
1734523591.928765774,4,9,4.385293635,-4.013178847,-0.052790724
1734523591.988765717,5,0,-5.830082080,3.436775388,-0.050781927
1734523591.988765717,5,1,-5.222918260,-1.805205472,-0.147268887
1734523591.988765717,5,2,0.741585878,4.051324010,-0.082979861
1734523591.988765717,5,3,-10.245169584,3.220288192,-0.050558998
1734523591.988765717,5,4,-5.750729887,8.164957663,0.013888069
1734523591.988765717,5,5,-5.642236061,-0.326430831,2.000000000
1734523591.988765717,5,6,-6.667112667,4.673335610,0.003721001
1734523591.988765717,5,7,-0.131810062,8.157516776,-0.102598776
1734523591.988765717,5,8,-10.404676793,-0.019117878,-0.034383647
1734523591.988765717,5,9,-3.275490963,7.427211730,-0.034739315
1734523592.048765659,6,0,-1.141508872,6.068200619,0.024966945
1734523592.048765659,6,1,2.021930828,10.035842172,0.181993025
1734523592.048765659,6,2,-6.186325526,9.105291763,0.130924115
1734523592.048765659,6,3,3.680454986,1.697514629,0.024769085
1734523592.048765659,6,4,-3.910173293,1.831965041,-0.026472030
1734523592.048765659,6,5,-2.542102523,9.616585861,0.147717764
1734523592.048765659,6,6,8.182461419,-0.330501060,2.000000000
1734523592.048765659,6,7,-8.451400203,5.789251629,0.113566416
1734523592.048765659,6,8,5.186677501,5.652369830,0.074759933
1734523592.048765659,6,9,-7.234111807,-3.095362860,-0.058604563
1734523592.108765841,7,0,-5.460274816,-4.574029252,-0.022525752
1734523592.108765841,7,1,-5.638403383,-10.049943984,-0.034389919
1734523592.108765841,7,2,0.744662072,-3.989839128,0.007991394
1734523592.108765841,7,3,-9.634300043,-3.037395433,-0.034841382
1734523592.108765841,7,4,-5.808206731,0.518520195,-0.010235075
1734523592.108765841,7,5,0.125472700,-7.950955757,0.094124198
1734523592.108765841,7,6,-10.145226710,-0.524205345,-0.068298261
1734523592.108765841,7,7,9.092566798,0.360927037,2.000000000
1734523592.108765841,7,8,-5.532939647,-4.261083101,0.006359232
1734523592.108765841,7,9,-6.442141351,6.360548751,0.015454660
1734523592.178765774,8,0,-5.173391883,-3.618878037,-0.004337552
1734523592.178765774,8,1,-4.868541050,1.537116460,-0.026481213
1734523592.178765774,8,2,-10.676967389,-4.268080505,-0.131802791
1734523592.178765774,8,3,1.308954589,-3.714465374,0.092053117
1734523592.178765774,8,4,-4.017358252,-8.361572150,0.093733000
1734523592.178765774,8,5,-10.328977487,-0.409093986,-0.084852520
1734523592.178765774,8,6,-0.161844680,-7.166328991,0.019611115
1734523592.178765774,8,7,-5.564934461,-4.482943162,-0.086987212
1734523592.178765774,8,8,-0.643814791,-1.542685402,2.000000000
1734523592.178765774,8,9,-1.812258373,-7.874162928,0.073178977
1734523592.238765717,9,0,-10.878703576,3.763255067,-0.039125465
1734523592.238765717,9,1,-9.403891156,1.314407664,-0.172463428
1734523592.238765717,9,2,-10.822909063,-2.319295275,-0.085644305
1734523592.238765717,9,3,-7.332950849,9.107580008,-0.074897290
1734523592.238765717,9,4,-5.378781198,1.787382233,-0.077032064
1734523592.238765717,9,5,-8.358886357,0.382708748,-0.094158424
1734523592.238765717,9,6,-4.865180556,6.304207599,-0.076688172
1734523592.238765717,9,7,-8.173556204,-3.482340305,-0.084366646
1734523592.238765717,9,8,-5.782034420,4.896628938,-0.076756067
1734523592.238765717,9,9,0.674456222,-0.425757980,2.000000000
1734523592.308765650,0,0,2.806474320,-0.505545675,2.000000000
1734523592.308765650,0,1,5.065677829,0.216030613,-0.017017933
1734523592.308765650,0,2,-1.200875031,6.052427104,-0.046932017
1734523592.308765650,0,3,-0.086043469,-6.369320920,-0.056549564
1734523592.308765650,0,4,-4.882751907,-0.758252036,-0.018590042
1734523592.308765650,0,5,2.888679255,5.669373353,0.014368890
1734523592.308765650,0,6,-3.873845890,-5.129129533,-0.146787063
1734523592.308765650,0,7,-5.007415952,5.253105482,-0.011428848
1734523592.308765650,0,8,3.593815061,-4.953817300,-0.024597391
1734523592.308765650,0,9,-10.544804809,-1.690991246,0.027426824
1734523592.368765831,1,0,-5.233892479,-0.194653893,-0.120747241
1734523592.368765831,1,1,-12.613855818,0.051590961,2.000000000
1734523592.368765831,1,2,-5.756608143,6.044988224,-0.050002303
1734523592.368765831,1,3,-5.312899953,-6.327055633,0.021910568
1734523592.368765831,1,4,-10.446176594,-0.652664394,-0.057102387
1734523592.368765831,1,5,-1.840773866,5.494803933,-0.000149663
1734523592.368765831,1,6,-8.700008382,-4.810849394,-0.049594470
1734523592.368765831,1,7,-9.639098269,5.355683487,-0.033031866
1734523592.368765831,1,8,-1.740351663,-5.195737443,-0.045574146
1734523592.368765831,1,9,-7.536014506,-0.503781733,0.089822746
1734523592.428765774,2,0,-6.439228273,-0.711484449,-0.122154758
1734523592.428765774,2,1,-6.088873907,-5.684213271,0.055948318
1734523592.428765774,2,2,0.087427584,4.154002526,2.000000000
1734523592.428765774,2,3,-10.251288677,-0.099068792,0.121546183
1734523592.428765774,2,4,-6.262863320,4.378764748,-0.082108214
1734523592.428765774,2,5,-0.764203484,-3.896090542,0.024596129
1734523592.428765774,2,6,-10.734471732,3.454766577,-0.023910808
1734523592.428765774,2,7,-0.626350930,3.963717245,-0.045221889
1734523592.428765774,2,8,-11.126435472,-3.859651831,-0.008166376
1734523592.428765774,2,9,-6.148202780,8.914342366,-0.037347343
1734523592.488765717,3,0,-6.897656422,0.772202825,-0.235898135
1734523592.488765717,3,1,-6.171120186,5.837645982,-0.044617325
1734523592.488765717,3,2,-10.502780642,0.346091035,-0.043668298
1734523592.488765717,3,3,-0.196292073,-4.328634352,2.000000000
1734523592.488765717,3,4,-6.000302605,-4.128220029,0.067424083
1734523592.488765717,3,5,-9.962172089,3.587907154,-0.176785953
1734523592.488765717,3,6,-1.797111708,-3.420405784,-0.015600482
1734523592.488765717,3,7,-10.302204690,-3.231459232,-0.045278910
1734523592.488765717,3,8,-1.031327584,3.883925339,0.000972595
1734523592.488765717,3,9,-5.769383696,-10.313832667,-0.007577908
1734523592.548765659,4,0,-3.835657305,3.706958723,0.110923028
1734523592.548765659,4,1,-6.930864122,7.501507865,-0.062743414
1734523592.548765659,4,2,-7.868953591,-1.121904301,-0.014087737
1734523592.548765659,4,3,1.526465066,7.357476356,0.009892099
1734523592.548765659,4,4,-5.287100133,-1.533963867,2.000000000
1734523592.548765659,4,5,-10.223661415,2.369226138,-0.053417007
1734523592.548765659,4,6,2.439149169,3.539077020,-0.078554696
1734523592.548765659,4,7,-4.404696950,-3.525421063,-0.057270892
1734523592.548765659,4,8,-1.893480774,9.445310540,0.020796566
1734523592.548765659,4,9,4.382340849,-4.073633577,0.008264315
1734523592.618765831,5,0,-5.821291133,3.391394093,0.006851798
1734523592.618765831,5,1,-5.110409963,-1.879582243,-0.127884766
1734523592.618765831,5,2,0.728481405,4.016866594,-0.191414151
1734523592.618765831,5,3,-9.993843199,3.073864754,0.046541543
1734523592.618765831,5,4,-5.855481193,8.065198023,0.097768030
1734523592.618765831,5,5,-5.765715954,-0.382129424,2.000000000
1734523592.618765831,5,6,-6.621588523,4.689504997,0.015300374
1734523592.618765831,5,7,-0.046867784,8.049865913,-0.117507341
1734523592.618765831,5,8,-10.418262461,0.035558955,-0.022249926
1734523592.618765831,5,9,-3.385661868,7.419755040,-0.034739315
1734523592.678765774,6,0,-1.115699061,5.996220897,-0.029402739
1734523592.678765774,6,1,2.084111853,10.191880508,-0.011367093
1734523592.678765774,6,2,-6.288940139,9.066533784,-0.085896544
1734523592.678765774,6,3,3.646783224,1.634183306,0.022146640
1734523592.678765774,6,4,-3.973687855,1.832395921,0.012672357
1734523592.678765774,6,5,-2.510556535,9.509309323,0.155887762
1734523592.678765774,6,6,8.416140682,-0.248993251,2.000000000
1734523592.678765774,6,7,-8.510222667,5.850704127,0.116169509
1734523592.678765774,6,8,5.182642031,5.472692081,0.136964053
1734523592.678765774,6,9,-7.306619060,-3.079554849,0.038654073
1734523592.738765717,7,0,-5.396398129,-4.494824206,-0.032752843
1734523592.738765717,7,1,-5.674642527,-9.883969589,-0.039114802
1734523592.738765717,7,2,0.827923430,-3.989482044,0.079512151
1734523592.738765717,7,3,-9.321092968,-3.198915218,-0.081354233
1734523592.738765717,7,4,-5.909100857,0.463575925,-0.038944750
1734523592.738765717,7,5,0.016973523,-7.870249489,0.028491453
1734523592.738765717,7,6,-10.293636282,-0.590705254,-0.051967455
1734523592.738765717,7,7,9.306946935,0.290042950,2.000000000
1734523592.738765717,7,8,-5.556397325,-4.333661058,0.050708511
1734523592.738765717,7,9,-6.610714552,6.503961009,-0.039032110
1734523592.808765650,8,0,-5.117522205,-3.564266914,0.022442821
1734523592.808765650,8,1,-4.928412213,1.641913072,0.079557683
1734523592.808765650,8,2,-10.605074396,-4.395741058,-0.165479970
1734523592.808765650,8,3,1.360024010,-3.703790640,0.115839227
1734523592.808765650,8,4,-3.958206276,-8.178706914,0.022621309
1734523592.808765650,8,5,-10.148800671,-0.330878064,0.050088733
1734523592.808765650,8,6,-0.081480917,-7.084252357,-0.039060874
1734523592.808765650,8,7,-5.578835474,-4.391727764,-0.048939726
1734523592.808765650,8,8,-0.662613175,-1.532188494,2.000000000
1734523592.808765650,8,9,-1.960875271,-7.894625473,0.043023680
1734523592.868765831,9,0,-10.968355054,3.828308464,-0.009677830
1734523592.868765831,9,1,-9.480269671,1.381627705,-0.172463428
1734523592.868765831,9,2,-10.600679616,-2.162860376,0.019050742
1734523592.868765831,9,3,-7.266524257,9.194370585,0.042359518
1734523592.868765831,9,4,-5.489116678,1.830164099,-0.101107883
1734523592.868765831,9,5,-8.430461918,0.516605910,-0.094158424
1734523592.868765831,9,6,-4.948850303,6.421474822,-0.029658859
1734523592.868765831,9,7,-8.198061238,-3.490111975,-0.022035363
1734523592.868765831,9,8,-5.742836235,5.000254153,-0.044404410
1734523592.868765831,9,9,0.705985756,-0.429662930,2.000000000
1734523592.928765774,0,0,2.842297153,-0.511979031,2.000000000
1734523592.928765774,0,1,4.936342187,0.398603594,0.059709737
1734523592.928765774,0,2,-1.176308798,5.981371893,-0.116589053
1734523592.928765774,0,3,-0.043603586,-6.188537960,0.036588583
1734523592.928765774,0,4,-5.079373141,-0.825078586,-0.033514252
1734523592.928765774,0,5,2.813745315,5.562816019,-0.065956416
1734523592.928765774,0,6,-3.711321886,-4.992277804,-0.174383393
1734523592.928765774,0,7,-5.049949401,5.312646092,0.008687077
1734523592.928765774,0,8,3.546597542,-5.061963509,0.054996035
1734523592.928765774,0,9,-10.498942079,-1.782904220,0.065848224
1734523592.988765717,1,0,-5.066819635,-0.058018569,-0.062565552
1734523592.988765717,1,1,-12.938737847,0.054596723,2.000000000
1734523592.988765717,1,2,-5.931180165,6.222125892,0.007372397
1734523592.988765717,1,3,-5.346890544,-6.434636924,0.023223937
1734523592.988765717,1,4,-10.173608881,-0.677510193,-0.006214455
1734523592.988765717,1,5,-1.849693628,5.650320390,0.108962537
1734523592.988765717,1,6,-8.944574658,-4.814539691,-0.031968203
1734523592.988765717,1,7,-9.836772016,5.294621762,-0.071551416
1734523592.988765717,1,8,-1.815266750,-5.300614963,-0.065583957
1734523592.988765717,1,9,-7.545445660,-0.513290753,0.089822746
1734523593.058765650,2,0,-6.563746616,-0.617178357,-0.095170940
1734523593.058765650,2,1,-6.214046661,-5.857987118,0.029260154
1734523593.058765650,2,2,0.011230761,4.251811510,2.000000000
1734523593.058765650,2,3,-10.145532825,-0.153557908,0.141871142
1734523593.058765650,2,4,-6.314978308,4.177736099,-0.097390260
1734523593.058765650,2,5,-0.773522450,-3.946968780,0.120291608
1734523593.058765650,2,6,-10.912852653,3.279898181,0.001492929
1734523593.058765650,2,7,-0.590257083,3.649780257,0.058528973
1734523593.058765650,2,8,-11.071051999,-3.820233964,-0.001223767
1734523593.058765650,2,9,-6.134476672,8.713927655,0.020713146
1734523593.118765831,3,0,-6.798099292,0.863052208,-0.061363303
1734523593.118765831,3,1,-6.363276411,5.938576979,-0.056060938
1734523593.118765831,3,2,-10.139857573,0.321362283,-0.041690692
1734523593.118765831,3,3,-0.238632672,-4.391131909,2.000000000
1734523593.118765831,3,4,-5.897817330,-4.263746304,0.016723485
1734523593.118765831,3,5,-9.912865397,3.462853513,-0.094846675
1734523593.118765831,3,6,-1.781820803,-3.353275482,-0.004938755
1734523593.118765831,3,7,-10.306987643,-3.054295323,-0.103635565
1734523593.118765831,3,8,-1.077232210,3.899190050,0.005793959
1734523593.118765831,3,9,-5.782013444,-10.226663859,-0.061054088
1734523593.178765774,4,0,-3.992480347,3.751685671,-0.017508010
1734523593.178765774,4,1,-7.166589195,7.487510950,-0.070853124
1734523593.178765774,4,2,-7.940015768,-1.032884022,0.030320306
1734523593.178765774,4,3,1.637485663,7.455375339,0.047063747
1734523593.178765774,4,4,-5.270793372,-1.567123930,2.000000000
1734523593.178765774,4,5,-10.264369867,2.250607813,-0.041355244
1734523593.178765774,4,6,2.496937714,3.585401649,-0.006125683
1734523593.178765774,4,7,-4.452788704,-3.460265518,-0.009297955
1734523593.178765774,4,8,-1.882647758,9.487598817,0.056863945
1734523593.178765774,4,9,4.467893262,-4.075194023,-0.070122724
1734523593.248765707,5,0,-5.891006829,3.385491476,0.042906508
1734523593.248765707,5,1,-5.066520383,-1.788621221,-0.087187660
1734523593.248765707,5,2,0.801859978,3.938663665,-0.020711909
1734523593.248765707,5,3,-9.619521568,3.031970961,0.040419776
1734523593.248765707,5,4,-5.728232559,8.030067942,0.074496170
1734523593.248765707,5,5,-5.890293626,-0.438308396,2.000000000
1734523593.248765707,5,6,-6.591054876,4.570248571,0.068347763
1734523593.248765707,5,7,-0.082507599,7.709347638,-0.049326716
1734523593.248765707,5,8,-10.484067260,0.011028901,0.003024517
1734523593.248765707,5,9,-3.496440953,7.411906872,-0.034739315
1734523593.308765650,6,0,-1.209529737,6.152412898,-0.101159232
1734523593.308765650,6,1,2.002653529,10.022135530,-0.058140427
1734523593.308765650,6,2,-6.400972014,9.188511128,-0.126172431
1734523593.308765650,6,3,3.648131308,1.625332131,0.009691144
1734523593.308765650,6,4,-3.901764334,1.785865648,0.016249290
1734523593.308765650,6,5,-2.463576516,9.461592447,0.048967778
1734523593.308765650,6,6,8.651674078,-0.166253559,2.000000000
1734523593.308765650,6,7,-8.469387130,6.069018004,0.153885547
1734523593.308765650,6,8,5.025541406,5.608081363,0.023938597
1734523593.308765650,6,9,-7.370244252,-3.220973884,-0.002410115
1734523593.368765831,7,0,-5.368203364,-4.655011968,0.025112321
1734523593.368765831,7,1,-5.674792270,-10.142035137,-0.021857306
1734523593.368765831,7,2,0.878850687,-4.024250521,0.160167748
1734523593.368765831,7,3,-9.054201441,-3.079243771,0.023583710
1734523593.368765831,7,4,-5.818336544,0.511631458,-0.154014995
1734523593.368765831,7,5,0.056318048,-7.872447849,0.064096006
1734523593.368765831,7,6,-10.549694497,-0.663753239,-0.015794271
1734523593.368765831,7,7,9.522373310,0.218489120,2.000000000
1734523593.368765831,7,8,-5.717198363,-4.248471309,0.060611833
1734523593.368765831,7,9,-6.756676693,6.433170581,-0.021149274
1734523593.428765774,8,0,-5.156411542,-3.596830232,0.009374600
1734523593.428765774,8,1,-5.172473899,1.625959955,-0.073181453
1734523593.428765774,8,2,-10.566930936,-4.202328487,-0.140886371
1734523593.428765774,8,3,1.412778223,-3.795908870,-0.008871870
1734523593.428765774,8,4,-4.026097305,-8.285345204,0.009728800
1734523593.428765774,8,5,-10.093328972,-0.455487402,0.134704819
1734523593.428765774,8,6,-0.089533077,-7.289163228,-0.056803887
1734523593.428765774,8,7,-5.652661903,-4.496805078,0.023883714
1734523593.428765774,8,8,-0.681220607,-1.521793638,2.000000000
1734523593.428765774,8,9,-1.907120507,-7.898245937,0.093201384
1734523593.498765707,9,0,-10.861404831,3.597433015,-0.163095518
1734523593.498765707,9,1,-9.558078588,1.450048896,-0.172463428
1734523593.498765707,9,2,-10.397895202,-2.001617461,0.008214228
1734523593.498765707,9,3,-7.339749865,9.277220864,-0.080295852
1734523593.498765707,9,4,-5.575223196,1.857553753,0.020769523
1734523593.498765707,9,5,-8.502468687,0.650732668,-0.094158424
1734523593.498765707,9,6,-4.967429744,6.300897212,-0.055131788
1734523593.498765707,9,7,-8.222101800,-3.413983382,-0.070588474
1734523593.498765707,9,8,-5.676436365,4.808096772,0.026344790
1734523593.498765707,9,9,0.734828409,-0.433220723,2.000000000
1734523593.558765650,0,0,2.877405525,-0.518282805,2.000000000
1734523593.558765650,0,1,5.110386001,0.275176356,0.082828892
1734523593.558765650,0,2,-1.049911204,6.102308875,-0.091617432
1734523593.558765650,0,3,-0.231922402,-6.410493004,0.110806894
1734523593.558765650,0,4,-5.020449124,-0.810300276,-0.011101278
1734523593.558765650,0,5,2.912937604,5.766994223,-0.036981956
1734523593.558765650,0,6,-3.804497060,-4.945269107,-0.007659932
1734523593.558765650,0,7,-5.140112905,5.336973921,0.049462123
1734523593.558765650,0,8,3.416274955,-5.103905199,-0.044451045
1734523593.558765650,0,9,-10.498424270,-1.623330534,0.013085769
1734523593.618765831,1,0,-4.984198725,-0.214158375,0.008722374
1734523593.618765831,1,1,-13.265810078,0.057741807,2.000000000
1734523593.618765831,1,2,-5.940596705,6.264759632,0.035174473
1734523593.618765831,1,3,-5.368539566,-6.513989507,-0.029014498
1734523593.618765831,1,4,-10.254233960,-0.678029702,0.060499104
1734523593.618765831,1,5,-1.950131346,5.455063510,0.167262963
1734523593.618765831,1,6,-8.927107970,-4.992756881,0.000441003
1734523593.618765831,1,7,-9.795874280,5.355850803,0.034356688
1734523593.618765831,1,8,-1.809079625,-5.485247697,0.023124668
1734523593.618765831,1,9,-7.543288205,-0.511098443,0.089822746
1734523593.678765774,2,0,-6.508766206,-0.660839773,0.089347275
1734523593.678765774,2,1,-6.327813658,-5.969454333,-0.029222360
1734523593.678765774,2,2,-0.065432047,4.350129627,2.000000000
1734523593.678765774,2,3,-10.083739601,-0.008480343,0.014378508
1734523593.678765774,2,4,-6.545986861,4.186033309,-0.067171385
1734523593.678765774,2,5,-0.521621741,-3.942425485,0.052749025
1734523593.678765774,2,6,-11.074768150,3.318580018,0.052518480
1734523593.678765774,2,7,-0.537413847,3.792725455,0.031387098
1734523593.678765774,2,8,-10.946122000,-3.808528088,0.011698381
1734523593.678765774,2,9,-6.090989608,8.685100969,-0.049342308
1734523593.738765717,3,0,-6.507579861,0.999757937,-0.072883154
1734523593.738765717,3,1,-6.207152670,5.878781406,-0.067067118
1734523593.738765717,3,2,-10.243571041,0.384520383,-0.142697387
1734523593.738765717,3,3,-0.280994234,-4.453566367,2.000000000
1734523593.738765717,3,4,-6.073273498,-4.087280694,-0.003509161
1734523593.738765717,3,5,-9.742563232,3.441574033,-0.011837410
1734523593.738765717,3,6,-1.852627047,-3.375539826,-0.023742620
1734523593.738765717,3,7,-10.320374447,-2.883765693,-0.081088897
1734523593.738765717,3,8,-1.083732382,3.897406707,-0.032430330
1734523593.738765717,3,9,-5.846652943,-10.475250891,0.022024801
1734523593.808765650,4,0,-3.878328132,3.824108926,-0.048836052
1734523593.808765650,4,1,-7.140842326,7.429488258,-0.073199396
1734523593.808765650,4,2,-7.887171730,-1.137935766,-0.006254108
1734523593.808765650,4,3,1.684011220,7.396686193,0.043022758
1734523593.808765650,4,4,-5.254486799,-1.600142422,2.000000000
1734523593.808765650,4,5,-9.950199244,2.273506582,-0.009012101
1734523593.808765650,4,6,2.509494818,3.674786558,0.001091730
1734523593.808765650,4,7,-4.540301648,-3.459832963,-0.095703840
1734523593.808765650,4,8,-1.866958149,9.330091239,0.037518727
1734523593.808765650,4,9,4.505578815,-4.190510872,0.036328045
1734523593.868765831,5,0,-5.864996229,3.353743381,-0.029022572
1734523593.868765831,5,1,-5.214171917,-1.860258930,0.118341145
1734523593.868765831,5,2,0.790395525,3.865231454,0.048282767
1734523593.868765831,5,3,-9.471722429,2.890641903,0.039413777
1734523593.868765831,5,4,-5.930068753,8.060919853,-0.005295943
1734523593.868765831,5,5,-6.015676485,-0.494833409,2.000000000
1734523593.868765831,5,6,-6.527313006,4.563216700,-0.072796844
1734523593.868765831,5,7,-0.096710616,7.588557293,-0.082078157
1734523593.868765831,5,8,-10.568715005,0.012096629,0.037481520
1734523593.868765831,5,9,-3.608418038,7.403693416,-0.034739315
1734523593.928765774,6,0,-1.221205262,6.151118501,-0.031033001
1734523593.928765774,6,1,1.944432372,10.072377696,-0.033073573
1734523593.928765774,6,2,-6.455165531,9.479698987,-0.134861193
1734523593.928765774,6,3,3.562442419,1.592287853,0.024999021
1734523593.928765774,6,4,-3.911038948,1.757254597,-0.020454203
1734523593.928765774,6,5,-2.608676504,9.294316691,0.105596939
1734523593.928765774,6,6,8.889025753,-0.082265576,2.000000000
1734523593.928765774,6,7,-8.407484537,6.086757488,0.191273800
1734523593.928765774,6,8,5.131515366,5.555252694,-0.030566861
1734523593.928765774,6,9,-7.360150923,-3.167645179,-0.003295941
1734523593.988765717,7,0,-5.641877437,-4.797439336,0.019710999
1734523593.988765717,7,1,-5.615843820,-10.174040535,-0.000226684
1734523593.988765717,7,2,0.879860984,-4.102772662,0.016561080
1734523593.988765717,7,3,-8.799271765,-3.014869514,-0.005381249
1734523593.988765717,7,4,-6.058972416,0.392940677,0.018286854
1734523593.988765717,7,5,-0.027048605,-8.087583558,0.113493464
1734523593.988765717,7,6,-10.691776855,-0.719376520,0.021977084
1734523593.988765717,7,7,9.738785812,0.146306210,2.000000000
1734523593.988765717,7,8,-5.710915249,-4.304786945,0.046845030
1734523593.988765717,7,9,-6.602507516,6.429727056,0.023193010
1734523594.058765650,8,0,-5.205239099,-3.486520972,0.099163921
1734523594.058765650,8,1,-5.257066403,1.536039244,-0.004256680
1734523594.058765650,8,2,-10.522902602,-4.229007617,-0.109126374
1734523594.058765650,8,3,1.420223448,-3.761501713,-0.169702155
1734523594.058765650,8,4,-4.107336336,-8.418223114,0.080890978
1734523594.058765650,8,5,-10.222990881,-0.446640365,0.030917955
1734523594.058765650,8,6,-0.112442834,-7.162430181,-0.030659050
1734523594.058765650,8,7,-5.685083330,-4.504710830,0.044982487
1734523594.058765650,8,8,-0.699601917,-1.511520250,2.000000000
1734523594.058765650,8,9,-1.929363817,-7.995858270,0.093201384
1734523594.118765831,9,0,-10.830031262,3.600697717,-0.123081508
1734523594.118765831,9,1,-9.638806303,1.520958762,-0.172463428
1734523594.118765831,9,2,-10.125663436,-1.900358757,0.057918661
1734523594.118765831,9,3,-7.224586218,9.356238374,-0.022862341
1734523594.118765831,9,4,-5.661900581,1.910083161,-0.049455699
1734523594.118765831,9,5,-8.574905906,0.785070811,-0.094158424
1734523594.118765831,9,6,-4.898250116,6.265244454,-0.032883143
1734523594.118765831,9,7,-8.210901046,-3.408367706,-0.024548416
1734523594.118765831,9,8,-5.676789097,4.959928882,0.054155589
1734523594.118765831,9,9,0.757024589,-0.435977490,2.000000000
1734523594.178765774,0,0,2.911684126,-0.524437017,2.000000000
1734523594.178765774,0,1,5.044220199,0.449151653,-0.015956362
1734523594.178765774,0,2,-1.112204209,6.182316773,0.082977978
1734523594.178765774,0,3,-0.053761830,-6.368736267,0.138080371
1734523594.178765774,0,4,-5.090192943,-0.792467394,-0.003316523
1734523594.178765774,0,5,2.922761416,5.898190508,-0.004285886
1734523594.178765774,0,6,-3.706814515,-5.199208530,0.011763150
1734523594.178765774,0,7,-5.136165897,5.346818433,0.026252918
1734523594.178765774,0,8,3.528607618,-4.936355578,0.006305736
1734523594.178765774,0,9,-10.429534910,-1.712335497,-0.017641801
1734523594.248765707,1,0,-4.962871664,-0.042316448,0.041788726
1734523594.248765707,1,1,-13.595305414,0.061039448,2.000000000
1734523594.248765707,1,2,-5.840562314,6.374833097,0.059388790
1734523594.248765707,1,3,-5.653273990,-6.697191589,-0.017732871
1734523594.248765707,1,4,-10.180342486,-0.639191199,-0.012210341
1734523594.248765707,1,5,-1.863549487,5.506847664,0.193632996
1734523594.248765707,1,6,-8.883292673,-4.805334781,-0.022964621
1734523594.248765707,1,7,-9.821367408,5.433044455,0.017350202
1734523594.248765707,1,8,-1.725394978,-5.363727795,-0.003694210
1734523594.248765707,1,9,-7.549889451,-0.517780163,0.089822746
1734523594.308765650,2,0,-6.296063066,-0.724742050,0.098937617
1734523594.308765650,2,1,-6.364730382,-5.943132540,-0.044447406
1734523594.308765650,2,2,-0.142577065,4.448988581,2.000000000
1734523594.308765650,2,3,-9.976767734,-0.137747490,-0.089410045
1734523594.308765650,2,4,-6.440472416,4.336626317,-0.093047913
1734523594.308765650,2,5,-0.720391274,-4.026004674,0.101798048
1734523594.308765650,2,6,-11.073435258,3.421144206,0.020857245
1734523594.308765650,2,7,-0.564641607,3.621137145,0.085956626
1734523594.308765650,2,8,-10.943568676,-3.789011898,0.011698381
1734523594.308765650,2,9,-5.963058858,8.561272317,0.032630914
1734523594.368765831,3,0,-6.391889277,0.824811869,0.049240494
1734523594.368765831,3,1,-6.354434071,6.020247287,-0.065773912
1734523594.368765831,3,2,-9.849000832,0.266620856,-0.074907030
1734523594.368765831,3,3,-0.323423945,-4.516012245,2.000000000
1734523594.368765831,3,4,-6.013216482,-4.311881863,0.009831980
1734523594.368765831,3,5,-9.663743910,3.470387510,-0.032645156
1734523594.368765831,3,6,-1.805030038,-3.417642836,-0.058406024
1734523594.368765831,3,7,-10.090542315,-2.947391786,0.063347776
1734523594.368765831,3,8,-1.045996368,3.820209116,-0.009516269
1734523594.368765831,3,9,-5.739968060,-10.253138160,-0.002176539
1734523594.428765774,4,0,-4.015110567,3.908321242,0.004394064
1734523594.428765774,4,1,-7.191703796,7.392694330,0.077465635
1734523594.428765774,4,2,-7.803014244,-1.136882692,-0.030546505
1734523594.428765774,4,3,1.650821395,7.598492374,-0.027680575
1734523594.428765774,4,4,-5.238273336,-1.632807200,2.000000000
1734523594.428765774,4,5,-10.283994369,2.274319086,-0.048256085
1734523594.428765774,4,6,2.617238624,3.814827483,0.023081169
1734523594.428765774,4,7,-4.699843578,-3.327868032,-0.064523847
1734523594.428765774,4,8,-1.869551728,9.366997209,-0.044519663
1734523594.428765774,4,9,4.681546311,-4.086901900,0.014533524
1734523594.488765717,5,0,-5.791945844,3.223244859,0.013646105
1734523594.488765717,5,1,-5.195404337,-2.049658161,-0.071402256
1734523594.488765717,5,2,0.862277298,4.072242531,-0.045982938
1734523594.488765717,5,3,-9.246161710,2.824999389,0.142872886
1734523594.488765717,5,4,-6.132244403,8.061908172,0.012285175
1734523594.488765717,5,5,-6.142166934,-0.551820669,2.000000000
1734523594.488765717,5,6,-6.343088736,4.208815411,-0.008609516
1734523594.488765717,5,7,0.020113957,7.702441614,-0.007682148
1734523594.488765717,5,8,-10.699920907,-0.146710767,-0.012503165
1734523594.488765717,5,9,-3.721351210,7.395204654,-0.034739315
1734523594.558765650,6,0,-1.118763614,6.221360863,0.022025543
1734523594.558765650,6,1,2.071638776,10.148686350,-0.026633878
1734523594.558765650,6,2,-6.532743495,9.556363575,-0.167872796
1734523594.558765650,6,3,3.541586906,1.555376649,0.011119001
1734523594.558765650,6,4,-3.981583444,1.802522164,-0.016488754
1734523594.558765650,6,5,-2.542214824,9.262204269,-0.036499894
1734523594.558765650,6,6,9.128045697,0.002938466,2.000000000
1734523594.558765650,6,7,-8.189826323,5.826717808,0.146335458
1734523594.558765650,6,8,5.096585597,5.367269743,-0.018513271
1734523594.558765650,6,9,-7.373904187,-3.202245860,-0.005822166
1734523594.628765821,7,0,-5.571130392,-4.760740509,-0.032465496
1734523594.628765821,7,1,-5.673182133,-10.231354922,0.042654227
1734523594.628765821,7,2,0.793625530,-4.086565666,-0.055956119
1734523594.628765821,7,3,-8.704725958,-3.040753669,-0.005381249
1734523594.628765821,7,4,-6.070580409,0.426305310,-0.052553729
1734523594.628765821,7,5,0.291986610,-8.143576221,0.014068203
1734523594.628765821,7,6,-10.601947435,-0.707951807,-0.010043401
1734523594.628765821,7,7,9.956685001,0.073492107,2.000000000
1734523594.628765821,7,8,-5.838805100,-4.210699824,-0.027032772
1734523594.628765821,7,9,-6.649715715,6.392141648,-0.029375112
1734523594.688765764,8,0,-4.994948289,-3.358219508,-0.017659693
1734523594.688765764,8,1,-5.239319120,1.623010972,-0.052844057
1734523594.688765764,8,2,-10.403996698,-4.235313230,-0.080644671
1734523594.688765764,8,3,1.546522700,-3.648794561,-0.218153838
1734523594.688765764,8,4,-4.319141551,-8.555343212,-0.009551550
1734523594.688765764,8,5,-10.190452057,-0.422585218,0.030029383
1734523594.688765764,8,6,-0.150717383,-7.259584125,-0.028933747
1734523594.688765764,8,7,-5.772063910,-4.672368606,0.082816374
1734523594.688765764,8,8,-0.719436042,-1.500449379,2.000000000
1734523594.688765764,8,9,-1.952664803,-8.097879354,0.093201384
1734523594.748765707,9,0,-10.513306686,3.480654604,-0.084594361
1734523594.748765707,9,1,-9.722490204,1.594381146,-0.172463428
1734523594.748765707,9,2,-9.782550340,-1.904363470,-0.013195005
1734523594.748765707,9,3,-7.352219720,9.334983083,-0.075517894
1734523594.748765707,9,4,-5.782936003,1.957918318,0.003795368
1734523594.748765707,9,5,-8.647752885,0.919574027,-0.094158424
1734523594.748765707,9,6,-4.934489937,6.248460746,-0.030659416
1734523594.748765707,9,7,-8.199154219,-3.447527771,-0.086356913
1734523594.748765707,9,8,-5.655985006,4.791353466,-0.031267560
1734523594.748765707,9,9,0.771314943,-0.437867076,2.000000000
1734523594.818765879,0,0,2.944977268,-0.530414681,2.000000000
1734523594.818765879,0,1,5.198007936,0.392796910,-0.064641932
1734523594.818765879,0,2,-1.101198174,6.139019337,-0.046995545
1734523594.818765879,0,3,-0.117680458,-6.390518748,0.063620677
1734523594.818765879,0,4,-5.203911219,-0.819298618,0.004565777
1734523594.818765879,0,5,2.844435223,5.839265917,0.033923586
1734523594.818765879,0,6,-3.618986537,-5.159634745,0.001586852
1734523594.818765879,0,7,-5.061316355,5.346411417,-0.022370867
1734523594.818765879,0,8,3.569465769,-5.095786377,-0.021438194
1734523594.818765879,0,9,-10.508690745,-1.850439482,0.048855299
1734523594.878765821,1,0,-5.018314180,-0.232060070,-0.028455125
1734523594.878765821,1,1,-13.927187155,0.064481989,2.000000000
1734523594.878765821,1,2,-6.077488545,6.399650252,-0.074206239
1734523594.878765821,1,3,-5.583442978,-6.770170916,-0.057284521
1734523594.878765821,1,4,-10.252349201,-0.643446752,-0.015154111
1734523594.878765821,1,5,-1.786861682,5.528366731,0.005411825
1734523594.878765821,1,6,-8.750356421,-4.942441006,-0.038987608
1734523594.878765821,1,7,-9.863780580,5.375319313,0.009728549
1734523594.878765821,1,8,-1.674387216,-5.447091197,0.138540401
1734523594.878765821,1,9,-7.547921629,-0.515779602,0.089822746
1734523594.938765764,2,0,-6.499142309,-0.830420459,0.024303233
1734523594.938765764,2,1,-6.419258398,-6.017787210,0.018032662
1734523594.938765764,2,2,-0.219818169,4.547707276,2.000000000
1734523594.938765764,2,3,-9.915470526,0.019943052,0.005923444
1734523594.938765764,2,4,-6.712695443,4.325944208,0.111427302
1734523594.938765764,2,5,-0.752286628,-4.150851641,-0.008955097
1734523594.938765764,2,6,-11.021740307,3.371675876,-0.063136058
1734523594.938765764,2,7,-0.802924216,3.788518870,0.069527159
1734523594.938765764,2,8,-10.962591482,-3.618101821,0.016642350
1734523594.938765764,2,9,-5.992755308,8.489864790,-0.053861416
1734523594.998765707,3,0,-6.357510747,0.889114921,0.063257359
1734523594.998765707,3,1,-6.243113159,6.034571988,-0.017008136
1734523594.998765707,3,2,-10.019294063,0.248371773,-0.037041613
1734523594.998765707,3,3,-0.365823796,-4.578311443,2.000000000
1734523594.998765707,3,4,-6.155476569,-4.110852584,0.138034793
1734523594.998765707,3,5,-9.531825383,3.337973223,0.034644149
1734523594.998765707,3,6,-1.956254042,-3.469255005,0.006201092
1734523594.998765707,3,7,-10.003593934,-2.846836884,-0.012942578
1734523594.998765707,3,8,-1.140394393,3.850767103,-0.003861875
1734523594.998765707,3,9,-5.821044677,-10.300909698,-0.050666718
1734523595.058765650,4,0,-3.823927894,3.688057562,-0.039748618
1734523595.058765650,4,1,-7.364796651,7.317923594,0.059469501
1734523595.058765650,4,2,-7.978204353,-1.215222593,0.013773306
1734523595.058765650,4,3,1.623886424,7.657651570,0.003134099
1734523595.058765650,4,4,-5.222150193,-1.665114873,2.000000000
1734523595.058765650,4,5,-10.285834102,2.303464675,0.011777560
1734523595.058765650,4,6,2.571659411,3.865721449,-0.020104962
1734523595.058765650,4,7,-4.617687775,-3.514123760,0.079627964
1734523595.058765650,4,8,-1.941509066,9.558236137,0.029733943
1734523595.058765650,4,9,4.750127920,-4.243328540,-0.081752715
1734523595.118765831,5,0,-5.973913584,3.311530818,0.000982600
1734523595.118765831,5,1,-5.224569590,-2.118629122,-0.159036285
1734523595.118765831,5,2,0.741845187,4.076251833,-0.044953177
1734523595.118765831,5,3,-9.106500849,2.648911169,0.040694085
1734523595.118765831,5,4,-6.175261113,8.050392568,-0.073577066
1734523595.118765831,5,5,-6.268040355,-0.608519790,2.000000000
1734523595.118765831,5,6,-6.490284147,4.456570112,0.045374303
1734523595.118765831,5,7,-0.130839560,7.680460464,0.018691155
1734523595.118765831,5,8,-10.619310330,-0.047634605,-0.065378837
1734523595.118765831,5,9,-3.835334265,7.386459375,-0.034739315
1734523595.178765774,6,0,-1.212479065,6.361945970,-0.018619068
1734523595.178765774,6,1,2.082782691,10.185120547,-0.008382350
1734523595.178765774,6,2,-6.426783868,9.682580905,-0.190159647
1734523595.178765774,6,3,3.640330690,1.525470643,-0.005364817
1734523595.178765774,6,4,-4.185715705,1.881474614,0.003270056
1734523595.178765774,6,5,-2.706562811,9.091515267,0.047545246
1734523595.178765774,6,6,9.368508656,0.089098867,2.000000000
1734523595.178765774,6,7,-8.418564486,5.755822835,0.136995218
1734523595.178765774,6,8,5.023475826,5.578177435,0.067731603
1734523595.178765774,6,9,-7.372787098,-3.186371627,-0.032319204
1734523595.248765707,7,0,-5.591352924,-4.798949505,-0.044843836
1734523595.248765707,7,1,-5.598591772,-10.011181649,-0.082893170
1734523595.248765707,7,2,0.755482574,-4.134114118,0.019473934
1734523595.248765707,7,3,-8.454588789,-2.993653188,-0.005329363
1734523595.248765707,7,4,-6.161307870,0.404384834,-0.033309092
1734523595.248765707,7,5,0.443987687,-8.203899992,0.028876843
1734523595.248765707,7,6,-10.627149304,-0.760929985,0.002042994
1734523595.248765707,7,7,10.175952576,0.000080132,2.000000000
1734523595.248765707,7,8,-5.733397663,-4.314859206,0.003134382
1734523595.248765707,7,9,-6.692793409,6.364858444,-0.032918992
1734523595.308765650,8,0,-5.032182103,-3.424668447,-0.043628845
1734523595.308765650,8,1,-5.316956904,1.801775999,0.045765893
1734523595.308765650,8,2,-10.365415751,-4.138272646,-0.094023104
1734523595.308765650,8,3,1.674426291,-3.566407686,-0.183417287
1734523595.308765650,8,4,-4.290956739,-8.604046969,0.107394430
1734523595.308765650,8,5,-10.454229489,-0.446535265,0.024267502
1734523595.308765650,8,6,-0.077043313,-7.327285378,0.044788391
1734523595.308765650,8,7,-5.777256473,-4.658185250,-0.062428086
1734523595.308765650,8,8,-0.740873303,-1.488499340,2.000000000
1734523595.308765650,8,9,-1.976625338,-8.202656993,0.093201384
1734523595.368765831,9,0,-10.436264121,3.516097423,-0.016770301
1734523595.368765831,9,1,-9.810215226,1.671186167,-0.172463428
1734523595.368765831,9,2,-9.512208997,-1.892169195,0.035094402
1734523595.368765831,9,3,-7.275769009,9.244790959,-0.047222280
1734523595.368765831,9,4,-5.846529082,1.978824891,-0.022617132
1734523595.368765831,9,5,-8.721019575,1.054178031,-0.094158424
1734523595.368765831,9,6,-4.919138181,6.246770343,0.006815891
1734523595.368765831,9,7,-8.396939006,-3.424446974,-0.048870487
1734523595.368765831,9,8,-5.635345884,4.817918246,-0.031267560
1734523595.368765831,9,9,0.779069075,-0.438894259,2.000000000
1734523595.428765774,0,0,2.977146243,-0.536193060,2.000000000
1734523595.428765774,0,1,5.190816266,0.362746406,-0.026617453
1734523595.428765774,0,2,-1.172607894,6.178312057,-0.042479131
1734523595.428765774,0,3,-0.268706436,-6.359659248,0.015438554
1734523595.428765774,0,4,-5.351707466,-0.842434189,-0.037457914
1734523595.428765774,0,5,2.932488264,5.972540367,-0.025901384
1734523595.428765774,0,6,-3.534820791,-5.225723786,-0.143216604
1734523595.428765774,0,7,-5.122019144,5.410014828,0.021409441
1734523595.428765774,0,8,3.515528315,-5.001013903,0.006066225
1734523595.428765774,0,9,-10.724650551,-1.820935825,-0.070731715
1734523595.488765717,1,0,-5.122564835,-0.200738490,-0.061594935
1734523595.488765717,1,1,-14.261689119,0.068065619,2.000000000
1734523595.488765717,1,2,-5.889488521,6.256300136,0.024832892
1734523595.488765717,1,3,-5.570986556,-6.784750472,-0.086432184
1734523595.488765717,1,4,-10.168455791,-0.741579198,-0.043451021
1734523595.488765717,1,5,-1.741673967,5.412093171,-0.039391788
1734523595.488765717,1,6,-8.945685852,-4.960664313,0.007829715
1734523595.488765717,1,7,-9.879748897,5.507406079,0.011072972
1734523595.488765717,1,8,-1.751023605,-5.388998495,0.128251814
1734523595.488765717,1,9,-7.550371761,-0.518268108,0.089822746
1734523595.558765650,2,0,-6.710493208,-0.865123726,-0.046207718
1734523595.558765650,2,1,-6.291342794,-5.897182885,-0.051081201
1734523595.558765650,2,2,-0.297367850,4.646585057,2.000000000
1734523595.558765650,2,3,-9.798109743,0.020714638,0.082428743
1734523595.558765650,2,4,-6.597819927,4.342764174,0.154068060
1734523595.558765650,2,5,-0.690434888,-4.010994891,0.142067183
1734523595.558765650,2,6,-11.093137297,3.324095288,-0.047236858
1734523595.558765650,2,7,-0.597112492,3.770591428,-0.109706492
1734523595.558765650,2,8,-10.827040237,-3.507796678,0.027864030
1734523595.558765650,2,9,-5.955966983,8.301539374,-0.038124466
1734523595.618765831,3,0,-6.501177938,1.059314218,-0.103754796
1734523595.618765831,3,1,-6.299591666,6.059897537,-0.024270832
1734523595.618765831,3,2,-9.629260511,0.273324289,0.056624697
1734523595.618765831,3,3,-0.408146374,-4.640401487,2.000000000
1734523595.618765831,3,4,-6.186569884,-4.197400900,-0.017902759
1734523595.618765831,3,5,-9.476394917,3.346803503,-0.005138494
1734523595.618765831,3,6,-1.941652990,-3.425917256,0.007651089
1734523595.618765831,3,7,-9.819523122,-2.811973962,0.005777289
1734523595.618765831,3,8,-1.137289117,3.900883502,-0.017811697
1734523595.618765831,3,9,-5.767175003,-10.332246710,-0.011186029
1734523595.678765774,4,0,-3.861212991,3.595417631,0.000546490
1734523595.678765774,4,1,-6.960496728,7.126256655,0.038118708
1734523595.678765774,4,2,-8.128938320,-1.234701893,0.039019976
1734523595.678765774,4,3,1.684489720,7.606355307,0.020505483
1734523595.678765774,4,4,-5.206305398,-1.696671395,2.000000000
1734523595.678765774,4,5,-10.317188813,2.213191489,-0.055834972
1734523595.678765774,4,6,2.499410311,3.737498085,0.010696365
1734523595.678765774,4,7,-4.986551528,-3.716381402,-0.023048925
1734523595.678765774,4,8,-1.927154737,9.614426479,0.005992999
1734523595.678765774,4,9,4.562585686,-4.371145647,-0.099652694
1734523595.738765717,5,0,-5.943176511,3.291396222,-0.027675591
1734523595.738765717,5,1,-5.347156226,-2.048453315,-0.170931684
1734523595.738765717,5,2,0.689088512,3.877484528,-0.054434691
1734523595.738765717,5,3,-8.895429117,2.617397331,-0.013256765
1734523595.738765717,5,4,-6.211532854,8.275239202,-0.046676333
1734523595.738765717,5,5,-6.393975602,-0.665274586,2.000000000
1734523595.738765717,5,6,-6.440411359,4.379680616,0.051837575
1734523595.738765717,5,7,0.019100331,7.650600589,-0.042575935
1734523595.738765717,5,8,-10.605237333,-0.075771430,0.036812623
1734523595.738765717,5,9,-3.950494209,7.377495958,-0.034739315
1734523595.798765659,6,0,-1.216593768,6.409375241,-0.001235911
1734523595.798765659,6,1,2.036785595,10.114288760,-0.018633685
1734523595.798765659,6,2,-6.763832135,9.671620177,-0.029413802
1734523595.798765659,6,3,3.626027940,1.519178557,0.048387091
1734523595.798765659,6,4,-4.026108588,1.788193629,-0.012019308
1734523595.798765659,6,5,-2.586082950,9.092787147,-0.069096250
1734523595.798765659,6,6,9.610412745,0.176304021,2.000000000
1734523595.798765659,6,7,-8.354242932,5.857863766,0.019142179
1734523595.798765659,6,8,4.902357229,5.365859070,0.170966265
1734523595.798765659,6,9,-7.537621742,-3.402131325,0.003794552
1734523595.868765831,7,0,-5.550027984,-4.760646015,-0.017187641
1734523595.868765831,7,1,-5.523468733,-10.128925668,-0.015086214
1734523595.868765831,7,2,0.900862677,-4.264053376,0.098412085
1734523595.868765831,7,3,-8.241575459,-2.928721269,0.111192171
1734523595.868765831,7,4,-6.185752046,0.389156331,-0.009833085
1734523595.868765831,7,5,0.267986654,-8.048323086,0.050525423
1734523595.868765831,7,6,-10.580104641,-0.807667286,0.017972221
1734523595.868765831,7,7,10.396522754,-0.073938264,2.000000000
1734523595.868765831,7,8,-5.813241971,-4.294416012,0.071035922
1734523595.868765831,7,9,-6.611388254,6.438726952,0.007212084
1734523595.938765764,8,0,-5.037426369,-3.399677384,-0.037296009
1734523595.938765764,8,1,-5.380809441,1.834347518,-0.040676993
1734523595.938765764,8,2,-10.299228341,-4.048368985,0.074203333
1734523595.938765764,8,3,1.657870710,-3.629311474,0.085904813
1734523595.938765764,8,4,-4.253498876,-8.566233470,0.087048122
1734523595.938765764,8,5,-10.667731588,-0.448209848,-0.012034529
1734523595.938765764,8,6,-0.136251563,-7.215863155,-0.042207639
1734523595.938765764,8,7,-5.703880682,-4.476484794,-0.076874815
1734523595.938765764,8,8,-0.762092924,-1.476673932,2.000000000
1734523595.938765764,8,9,-2.001162978,-8.309855454,0.093201384
1734523595.998765707,9,0,-10.523554863,3.496757046,-0.151365820
1734523595.998765707,9,1,-9.901986425,1.751360069,-0.172463428
1734523595.998765707,9,2,-9.239698149,-1.865491219,-0.035814450
1734523595.998765707,9,3,-7.315076386,9.142943070,0.014122691
1734523595.998765707,9,4,-5.822907534,1.906021789,-0.035118749
1734523595.998765707,9,5,-8.794819700,1.188924228,-0.094158424
1734523595.998765707,9,6,-4.954683508,6.258391468,-0.049271662
1734523595.998765707,9,7,-8.713831501,-3.630079963,-0.005782387
1734523595.998765707,9,8,-5.614757609,4.844560293,-0.031267560
1734523595.998765707,9,9,0.782995441,-0.439358251,2.000000000
1734523596.068765879,0,0,3.008051611,-0.541741946,2.000000000
1734523596.068765879,0,1,5.348145840,0.186407947,-0.029152723
1734523596.068765879,0,2,-1.208365336,6.174991218,-0.200925197
1734523596.068765879,0,3,-0.201474131,-6.687487328,0.015828873
1734523596.068765879,0,4,-5.299733335,-0.847096143,-0.000327008
1734523596.068765879,0,5,2.964498847,6.142820459,-0.010464298
1734523596.068765879,0,6,-3.575546963,-5.162084254,-0.215459107
1734523596.068765879,0,7,-5.052959873,5.301756593,0.040579645
1734523596.068765879,0,8,3.570157902,-5.087146636,-0.006444185
1734523596.068765879,0,9,-10.705877261,-1.819648409,-0.062327198
1734523596.128765821,1,0,-5.222947869,-0.244654869,0.051377617
1734523596.128765821,1,1,-14.599069016,0.071790915,2.000000000
1734523596.128765821,1,2,-5.950720056,6.220076731,0.001647726
1734523596.128765821,1,3,-5.681278869,-6.819918293,-0.000760069
1734523596.128765821,1,4,-10.329233321,-0.651881446,-0.106084091
1734523596.128765821,1,5,-1.719524236,5.431388691,-0.148900494
1734523596.128765821,1,6,-9.016659180,-5.022129686,-0.010328632
1734523596.128765821,1,7,-9.931594911,5.445440756,-0.055140246
1734523596.128765821,1,8,-1.935218571,-5.305569930,0.004492482
1734523596.128765821,1,9,-7.550118978,-0.517999797,0.089822746
1734523596.188765764,2,0,-6.578843700,-0.874394052,0.091948276
1734523596.188765764,2,1,-6.429604070,-5.889334773,-0.021197336
1734523596.188765764,2,2,-0.374919480,4.745191209,2.000000000
1734523596.188765764,2,3,-9.712907645,0.034372060,-0.002091479
1734523596.188765764,2,4,-6.681491829,4.275251606,0.062726140
1734523596.188765764,2,5,-0.768718770,-4.120927421,0.077297917
1734523596.188765764,2,6,-11.208129096,3.349212687,0.023172907
1734523596.188765764,2,7,-0.524353638,3.975122215,-0.103354244
1734523596.188765764,2,8,-10.494866461,-3.502221763,-0.036463194
1734523596.188765764,2,9,-5.990266863,8.239786523,-0.029749400
1734523596.258765697,3,0,-6.308463569,0.941599693,-0.065388788
1734523596.258765697,3,1,-6.269454736,6.052155164,-0.049911400
1734523596.258765697,3,2,-9.819489662,0.291855923,0.086183269
1734523596.258765697,3,3,-0.450300483,-4.702129766,2.000000000
1734523596.258765697,3,4,-6.257948651,-4.134872869,0.064504861
1734523596.258765697,3,5,-9.307196119,3.326665992,-0.068540834
1734523596.258765697,3,6,-1.988888268,-3.495860810,-0.024987034
1734523596.258765697,3,7,-9.580751588,-2.862386210,-0.021564107
1734523596.258765697,3,8,-1.162685284,4.063115200,-0.011770588
1734523596.258765697,3,9,-5.742164084,-10.314331356,-0.067887599
1734523596.318765879,4,0,-3.984147706,3.743724104,-0.032831571
1734523596.318765879,4,1,-6.975921110,7.091568971,-0.066707604
1734523596.318765879,4,2,-8.137302804,-1.339871339,-0.001414582
1734523596.318765879,4,3,1.631531589,7.768099712,-0.019773965
1734523596.318765879,4,4,-5.190606348,-1.727761374,2.000000000
1734523596.318765879,4,5,-10.326596268,2.172500701,0.005941966
1734523596.318765879,4,6,2.474995493,3.741276463,-0.033562453
1734523596.318765879,4,7,-4.933649123,-3.827293057,-0.130277453
1734523596.318765879,4,8,-1.973175203,9.555205911,-0.016567948
1734523596.318765879,4,9,4.594912498,-4.176441150,-0.007976165
1734523596.388765812,5,0,-6.075878288,3.195248756,-0.077961008
1734523596.388765812,5,1,-5.487130606,-1.987336100,-0.050964176
1734523596.388765812,5,2,0.600075024,4.104206631,-0.052597099
1734523596.388765812,5,3,-8.685200819,2.649726462,-0.079006127
1734523596.388765812,5,4,-6.096293913,8.303035468,-0.162653215
1734523596.388765812,5,5,-6.520520267,-0.722331148,2.000000000
1734523596.388765812,5,6,-6.406265630,4.315356302,0.060550874
1734523596.388765812,5,7,-0.128624318,7.624637981,-0.057016368
1734523596.388765812,5,8,-10.523303837,0.012514884,-0.067813046
1734523596.388765812,5,9,-4.066217975,7.368407151,-0.034739315
1734523596.448765755,6,0,-1.197633280,6.250760704,-0.040682134
1734523596.448765755,6,1,1.941776100,10.113064361,-0.027758335
1734523596.448765755,6,2,-6.640003333,9.690995275,-0.111700091
1734523596.448765755,6,3,3.643323680,1.501144602,-0.014870509
1734523596.448765755,6,4,-4.086601916,1.840757545,-0.030272364
1734523596.448765755,6,5,-2.592076055,8.973968050,0.046514694
1734523596.448765755,6,6,9.853596878,0.264476589,2.000000000
1734523596.448765755,6,7,-8.610354453,6.099362726,0.009119512
1734523596.448765755,6,8,4.883239417,5.181550604,0.204324160
1734523596.448765755,6,9,-7.583319771,-3.561924823,0.094348319
1734523596.508765697,7,0,-5.424063096,-4.698935838,-0.057795799
1734523596.508765697,7,1,-5.628824011,-10.004596901,-0.073916320
1734523596.508765697,7,2,1.031902054,-4.174887429,-0.018536744
1734523596.508765697,7,3,-8.002829491,-2.938485210,0.054437244
1734523596.508765697,7,4,-6.093473836,0.387976082,-0.020083564
1734523596.508765697,7,5,0.207508164,-7.807188087,-0.046131543
1734523596.508765697,7,6,-10.640480918,-0.838060309,-0.018964745
1734523596.508765697,7,7,10.618494910,-0.148592438,2.000000000
1734523596.508765697,7,8,-5.829779031,-4.343411226,0.064044847
1734523596.508765697,7,9,-6.629545928,6.329089271,0.006931461
1734523596.568765879,8,0,-5.155627942,-3.437736715,0.001911753
1734523596.568765879,8,1,-5.359652909,1.639593273,0.019033596
1734523596.568765879,8,2,-10.301049986,-4.091688997,0.074203333
1734523596.568765879,8,3,1.542353907,-3.718625071,0.022933228
1734523596.568765879,8,4,-4.237919068,-8.396341535,-0.084641468
1734523596.568765879,8,5,-10.703001091,-0.301162830,-0.089021751
1734523596.568765879,8,6,-0.193226036,-7.243169665,-0.017216330
1734523596.568765879,8,7,-5.828839199,-4.698677686,-0.033790224
1734523596.568765879,8,8,-0.782696402,-1.465187558,2.000000000
1734523596.568765879,8,9,-2.026233587,-8.418715927,0.093201384
1734523596.638765812,9,0,-10.469590604,3.641443984,-0.073300611
1734523596.638765812,9,1,-9.997408046,1.834565618,-0.172463428
1734523596.638765812,9,2,-8.895750243,-1.842742537,-0.074547361
1734523596.638765812,9,3,-7.273949231,9.057750582,0.064489529
1734523596.638765812,9,4,-5.849741103,1.926364244,-0.014457195
1734523596.638765812,9,5,-8.869064244,1.323632718,-0.094158424
1734523596.638765812,9,6,-5.086713828,6.411231947,-0.034720641
1734523596.638765812,9,7,-8.378219798,-3.468197969,-0.014811418
1734523596.638765812,9,8,-5.594056659,4.871459100,-0.031267560
1734523596.638765812,9,9,0.784958493,-0.439564297,2.000000000
1734523596.698765755,0,0,3.037604864,-0.547045880,2.000000000
1734523596.698765755,0,1,5.230407618,0.285124077,0.052085762
1734523596.698765755,0,2,-1.129461038,6.307147983,0.022944814
1734523596.698765755,0,3,-0.294701872,-6.572715481,0.051294104
1734523596.698765755,0,4,-5.307248260,-0.885711552,0.030140201
1734523596.698765755,0,5,2.891507937,6.186483568,0.023015093
1734523596.698765755,0,6,-3.647047538,-5.112632361,-0.170232036
1734523596.698765755,0,7,-5.016802075,5.346099208,-0.036728376
1734523596.698765755,0,8,3.479651988,-5.063547304,0.026932042
1734523596.698765755,0,9,-10.841286542,-1.692539602,-0.020822910
1734523596.758765697,1,0,-5.138577457,-0.087314728,-0.037416094
1734523596.758765697,1,1,-14.939637324,0.075638791,2.000000000
1734523596.758765697,1,2,-5.939241597,6.354782924,-0.024286480
1734523596.758765697,1,3,-5.685651673,-6.922326307,-0.060510618
1734523596.758765697,1,4,-10.268273009,-0.645622093,-0.030246752
1734523596.758765697,1,5,-1.696265325,5.454616692,0.038668881
1734523596.758765697,1,6,-9.050886167,-5.049126518,0.013557573
1734523596.758765697,1,7,-9.811518753,5.469052773,-0.075826346
1734523596.758765697,1,8,-1.940866461,-5.322306733,-0.149389443
1734523596.758765697,1,9,-7.549923456,-0.517891490,0.089822746
1734523596.818765879,2,0,-6.628763304,-0.873564615,-0.147698441
1734523596.818765879,2,1,-6.480107170,-6.075127766,-0.048035225
1734523596.818765879,2,2,-0.452309130,4.843318956,2.000000000
1734523596.818765879,2,3,-9.627876635,0.029470452,-0.053838880
1734523596.818765879,2,4,-6.805902747,4.260876534,-0.127554374
1734523596.818765879,2,5,-0.681110640,-4.160323532,0.209971499
1734523596.818765879,2,6,-11.383856713,3.367480413,-0.002315529
1734523596.818765879,2,7,-0.461883140,3.804018383,-0.024504597
1734523596.818765879,2,8,-10.295385918,-3.497091230,-0.108300726
1734523596.818765879,2,9,-5.919208674,8.078215295,-0.016275756
1734523596.888765812,3,0,-6.616587975,0.833517967,-0.072647671
1734523596.888765812,3,1,-6.245920500,5.949664994,-0.039341556
1734523596.888765812,3,2,-9.427559055,0.373129074,0.120573888
1734523596.888765812,3,3,-0.492250384,-4.763441459,2.000000000
1734523596.888765812,3,4,-6.189488130,-4.301913259,-0.060763340
1734523596.888765812,3,5,-9.366680645,3.350384907,-0.068540834
1734523596.888765812,3,6,-1.996969747,-3.354078639,0.005748975
1734523596.888765812,3,7,-9.514772227,-2.739241867,0.074052135
1734523596.888765812,3,8,-1.190287462,4.114793223,0.008352795
1734523596.888765812,3,9,-5.782864596,-10.230226452,0.003200180
1734523596.948765755,4,0,-3.921594382,3.791474678,-0.027977216
1734523596.948765755,4,1,-6.840153180,7.095363536,0.065645352
1734523596.948765755,4,2,-8.298368225,-1.318979379,0.050143950
1734523596.948765755,4,3,1.610005196,7.412649777,-0.003120791
1734523596.948765755,4,4,-5.174966051,-1.758576138,2.000000000
1734523596.948765755,4,5,-10.521804828,2.191775389,0.035083289
1734523596.948765755,4,6,2.531730852,3.789601596,0.005432086
1734523596.948765755,4,7,-5.016851178,-3.764385147,0.024297492
1734523596.948765755,4,8,-2.003213229,9.564648798,-0.007241045
1734523596.948765755,4,9,4.422478787,-4.051915053,-0.006397569
1734523597.008765697,5,0,-5.865841444,3.161202685,-0.025526984
1734523597.008765697,5,1,-5.361142927,-1.903049597,-0.016252639
1734523597.008765697,5,2,0.660816238,3.925062650,0.074105820
1734523597.008765697,5,3,-8.534801536,2.444314031,-0.029514407
1734523597.008765697,5,4,-6.201222598,8.363843439,-0.059199043
1734523597.008765697,5,5,-6.646441110,-0.779135408,2.000000000
1734523597.008765697,5,6,-6.399359930,4.334870167,0.009942647
1734523597.008765697,5,7,-0.024326365,7.652056823,0.038780854
1734523597.008765697,5,8,-10.493109655,-0.079842797,0.025932685
1734523597.008765697,5,9,-4.182109901,7.359237967,-0.034739315
1734523597.078765869,6,0,-1.136887892,6.165623366,0.006895570
1734523597.078765869,6,1,1.997176502,10.099676739,0.003636532
1734523597.078765869,6,2,-6.747191659,9.497420985,-0.136224567
1734523597.078765869,6,3,3.695004964,1.491534077,0.015635408
1734523597.078765869,6,4,-4.108780047,1.790969890,-0.003838961
1734523597.078765869,6,5,-2.536270147,8.956936445,0.121955201
1734523597.078765869,6,6,10.098028535,0.353642613,2.000000000
1734523597.078765869,6,7,-8.732628790,6.126346015,-0.152329674
1734523597.078765869,6,8,4.867292417,5.377353621,0.092103532
1734523597.078765869,6,9,-7.679491078,-3.501637946,-0.051084587
1734523597.138765812,7,0,-5.510185866,-4.755616455,-0.030308366
1734523597.138765812,7,1,-5.597525907,-10.017094212,-0.170253350
1734523597.138765812,7,2,0.783509099,-4.025457041,-0.117696766
1734523597.138765812,7,3,-7.795142060,-2.927274162,-0.033643070
1734523597.138765812,7,4,-6.199359588,0.425009324,-0.059500809
1734523597.138765812,7,5,0.263159902,-7.704588694,-0.105567324
1734523597.138765812,7,6,-10.547659761,-0.798057162,0.040362929
1734523597.138765812,7,7,10.841811061,-0.223865476,2.000000000
1734523597.138765812,7,8,-5.877036015,-4.354836637,0.083712465
1734523597.138765812,7,9,-6.767527569,6.413906540,0.039877155
1734523597.198765755,8,0,-5.232207369,-3.390954231,-0.033330983
1734523597.198765755,8,1,-5.379363528,1.874842754,-0.051167055
1734523597.198765755,8,2,-10.299432963,-4.053827530,0.074203333
1734523597.198765755,8,3,1.494575132,-3.784136553,0.077277534
1734523597.198765755,8,4,-4.318929656,-8.512906700,-0.135619328
1734523597.198765755,8,5,-10.837588138,-0.249244841,-0.108520374
1734523597.198765755,8,6,-0.180137157,-7.045180892,-0.028137928
1734523597.198765755,8,7,-5.807081623,-4.686751719,0.016807636
1734523597.198765755,8,8,-0.802505553,-1.454136547,2.000000000
1734523597.198765755,8,9,-2.051456910,-8.528096244,0.093201384
1734523597.258765697,9,0,-10.572903907,3.650218051,-0.113495220
1734523597.258765697,9,1,-10.095840905,1.920273584,-0.172463428
1734523597.258765697,9,2,-8.539691458,-1.719399952,-0.009407251
1734523597.258765697,9,3,-7.177663158,8.964701013,0.157617492
1734523597.258765697,9,4,-5.976378375,1.977928013,-0.034932579
1734523597.258765697,9,5,-8.943710593,1.458203290,-0.094158424
1734523597.258765697,9,6,-5.163986166,6.278152703,-0.011988150
1734523597.258765697,9,7,-8.582921495,-3.603537703,-0.033204381
1734523597.258765697,9,8,-5.573200263,4.898703018,-0.031267560
1734523597.258765697,9,9,0.785399606,-0.439520795,2.000000000
1734523597.328765869,0,0,3.065520424,-0.552054839,2.000000000
1734523597.328765869,0,1,5.432470471,0.243226193,0.071466402
1734523597.328765869,0,2,-1.118448130,6.414985607,-0.107136223
1734523597.328765869,0,3,-0.298167788,-6.663443052,0.020930001
1734523597.328765869,0,4,-5.147382023,-0.814208413,0.019333567
1734523597.328765869,0,5,2.814864322,6.092606099,-0.007177400
1734523597.328765869,0,6,-3.672568692,-5.106446358,-0.184832127
1734523597.328765869,0,7,-5.111401796,5.420589719,0.011829413
1734523597.328765869,0,8,3.467352979,-5.067882621,-0.006567205
1734523597.328765869,0,9,-10.598669531,-1.965451003,-0.030946874
1734523597.388765812,1,0,-5.237196487,-0.090983050,-0.163234851
1734523597.388765812,1,1,-15.283336778,0.079606205,2.000000000
1734523597.388765812,1,2,-5.945693017,6.323307146,-0.037815329
1734523597.388765812,1,3,-5.778785048,-6.872151635,-0.015534227
1734523597.388765812,1,4,-10.258221511,-0.642999164,-0.001093886
1734523597.388765812,1,5,-2.056764809,5.588763660,-0.072558802
1734523597.388765812,1,6,-9.085701900,-5.073736125,-0.038247768
1734523597.388765812,1,7,-9.765595241,5.358770350,-0.007852494
1734523597.388765812,1,8,-1.698319391,-5.435528178,-0.135290482
1734523597.388765812,1,9,-7.548201317,-0.517097392,0.089822746
1734523597.448765755,2,0,-6.756819645,-0.774819372,-0.025630430
1734523597.448765755,2,1,-6.428415284,-6.031213489,-0.004462892
1734523597.448765755,2,2,-0.529756900,4.941084140,2.000000000
1734523597.448765755,2,3,-9.529395557,0.009914568,0.014389278
1734523597.448765755,2,4,-6.960565184,4.385226948,0.048816537
1734523597.448765755,2,5,-0.773755226,-3.994095014,0.105279997
1734523597.448765755,2,6,-11.311686478,3.249327963,0.017531730
1734523597.448765755,2,7,-0.591508012,4.137414056,0.012751177
1734523597.448765755,2,8,-10.194736932,-3.387655901,-0.000363174
1734523597.448765755,2,9,-5.905978469,8.061798976,-0.003792283
1734523597.508765697,3,0,-6.757110147,0.945113630,0.061351790
1734523597.508765697,3,1,-6.334757219,6.040998625,-0.029748867
1734523597.508765697,3,2,-9.630635497,0.425633141,0.088542774
1734523597.508765697,3,3,-0.533849493,-4.824101357,2.000000000
1734523597.508765697,3,4,-6.206484620,-4.101333504,0.062324149
1734523597.508765697,3,5,-9.200722017,3.318384929,0.056446763
1734523597.508765697,3,6,-1.992576862,-3.338484412,0.001757972
1734523597.508765697,3,7,-9.423255497,-2.657568939,0.084497974
1734523597.508765697,3,8,-1.205205756,4.015723084,0.017984792
1734523597.508765697,3,9,-5.844842137,-10.092459923,0.019498674
1734523597.578765869,4,0,-3.715076063,3.530563504,-0.067166935
1734523597.578765869,4,1,-6.795066011,7.127790702,0.138710296
1734523597.578765869,4,2,-8.224589815,-1.279574906,-0.030912103
1734523597.578765869,4,3,1.654911827,7.447780479,-0.015383352
1734523597.578765869,4,4,-5.159474607,-1.788929190,2.000000000
1734523597.578765869,4,5,-10.420035445,2.151537428,0.032339394
1734523597.578765869,4,6,2.510026832,3.841319086,-0.026807646
1734523597.578765869,4,7,-4.904849433,-3.847630152,-0.090927419
1734523597.578765869,4,8,-1.905700212,9.487155461,0.089342557
1734523597.578765869,4,9,4.459086670,-4.026658634,-0.148736114
1734523597.638765812,5,0,-6.035138248,3.229059819,-0.066668435
1734523597.638765812,5,1,-5.555972715,-2.051366472,-0.054311762
1734523597.638765812,5,2,0.703831951,3.768583026,0.120840528
1734523597.638765812,5,3,-8.357818119,2.559342309,-0.024305458
1734523597.638765812,5,4,-6.220155211,8.340694849,0.027864736
1734523597.638765812,5,5,-6.771761737,-0.835668742,2.000000000
1734523597.638765812,5,6,-6.405233151,4.425462724,0.062154668
1734523597.638765812,5,7,-0.121507269,7.922056173,0.100987225
1734523597.638765812,5,8,-10.400161853,0.077019861,0.018815910
1734523597.638765812,5,9,-4.296569448,7.350193356,-0.034739315
1734523597.698765755,6,0,-1.243771296,6.255503631,-0.005193534
1734523597.698765755,6,1,2.007445967,10.088782220,0.005022062
1734523597.698765755,6,2,-6.685674726,9.647208505,-0.224179831
1734523597.698765755,6,3,3.767223602,1.625855750,0.071339998
1734523597.698765755,6,4,-4.166477807,1.815989773,0.030881895
1734523597.698765755,6,5,-2.675519685,8.795442101,0.156430627
1734523597.698765755,6,6,10.343564479,0.443769473,2.000000000
1734523597.698765755,6,7,-8.901621392,6.381845568,-0.084200789
1734523597.698765755,6,8,4.914051651,5.430600351,-0.086196697
1734523597.698765755,6,9,-7.640373673,-3.484875019,-0.052970683
1734523597.758765697,7,0,-5.403315542,-4.692069706,-0.047349543
1734523597.758765697,7,1,-5.640905258,-9.948826648,-0.059153102
1734523597.758765697,7,2,0.775052261,-4.052800428,0.043478225
1734523597.758765697,7,3,-7.676537679,-2.789418369,0.009881109
1734523597.758765697,7,4,-6.162212692,0.327072472,-0.118086943
1734523597.758765697,7,5,0.276346407,-7.821588463,0.039176627
1734523597.758765697,7,6,-10.652489507,-0.905678188,0.007881130
1734523597.758765697,7,7,11.066182626,-0.299699499,2.000000000
1734523597.758765697,7,8,-5.901008771,-4.351320761,-0.078566271
1734523597.758765697,7,9,-6.820457276,6.411093727,0.018601470
1734523597.828765869,8,0,-5.246527031,-3.386067862,0.108308919
1734523597.828765869,8,1,-5.566012299,1.886911417,-0.015315939
1734523597.828765869,8,2,-10.243842675,-3.930883379,0.061258307
1734523597.828765869,8,3,1.568043056,-3.753280840,0.052962868
1734523597.828765869,8,4,-4.397263920,-8.408545294,-0.025545987
1734523597.828765869,8,5,-10.872294695,-0.391794768,-0.037827382
1734523597.828765869,8,6,-0.201708820,-7.091653693,0.021325453
1734523597.828765869,8,7,-5.842809350,-4.652933162,-0.060846257
1734523597.828765869,8,8,-0.821204654,-1.443690205,2.000000000
1734523597.828765869,8,9,-2.076709560,-8.637648945,0.093201384
1734523597.888765812,9,0,-10.557160232,3.418711743,-0.163697649
1734523597.888765812,9,1,-10.197374375,2.008544232,-0.172463428
1734523597.888765812,9,2,-8.064242294,-1.779373666,-0.047541026
1734523597.888765812,9,3,-7.057988351,8.840569583,0.111957779
1734523597.888765812,9,4,-5.978676265,1.931732222,0.026098692
1734523597.888765812,9,5,-9.018689358,1.592492048,-0.094158424
1734523597.888765812,9,6,-5.266934144,6.326519604,-0.058011702
1734523597.888765812,9,7,-8.653316311,-3.665385798,0.012444167
1734523597.888765812,9,8,-5.552047581,4.926446255,-0.031267560
1734523597.888765812,9,9,0.784527905,-0.439385620,2.000000000
1734523597.958765745,0,0,3.091950355,-0.556796652,2.000000000
1734523597.958765745,0,1,5.300098484,0.359600429,0.133563366
1734523597.958765745,0,2,-1.166239865,6.428203942,-0.027931564
1734523597.958765745,0,3,-0.209427905,-6.862000358,0.128467523
1734523597.958765745,0,4,-5.136829751,-0.821920582,-0.041972224
1734523597.958765745,0,5,2.793605343,6.083016359,-0.012763938
1734523597.958765745,0,6,-3.737723297,-5.211516506,-0.183780106
1734523597.958765745,0,7,-5.136510101,5.365722498,-0.106914364
1734523597.958765745,0,8,3.402842319,-5.103129720,-0.002698786
1734523597.958765745,0,9,-10.974137670,-1.701391400,0.050217416
1734523598.018765688,1,0,-5.136964917,-0.050648324,-0.113024276
1734523598.018765688,1,1,-15.629954064,0.083704373,2.000000000
1734523598.018765688,1,2,-6.092869099,6.508738084,-0.056468369
1734523598.018765688,1,3,-5.908473002,-7.115264007,-0.039043804
1734523598.018765688,1,4,-10.401870078,-0.655188491,-0.037661471
1734523598.018765688,1,5,-2.013395010,5.559070599,0.132206104
1734523598.018765688,1,6,-9.199567491,-5.142625295,0.016048051
1734523598.018765688,1,7,-9.877603174,5.516161200,0.019711279
1734523598.018765688,1,8,-1.707083814,-5.234180152,-0.040927077
1734523598.018765688,1,9,-7.544186483,-0.515619455,0.089822746
1734523598.088765860,2,0,-6.672308098,-0.861385017,0.053752489
1734523598.088765860,2,1,-6.476244458,-6.022687469,-0.067896349
1734523598.088765860,2,2,-0.607078201,5.038542765,2.000000000
1734523598.088765860,2,3,-9.478806569,-0.124621518,0.055860483
1734523598.088765860,2,4,-6.963065452,4.360994427,-0.013760604
1734523598.088765860,2,5,-0.814563028,-4.108476259,0.038968149
1734523598.088765860,2,6,-11.272585424,3.247220480,0.031990017
1734523598.088765860,2,7,-0.844628183,3.916342870,0.062806175
1734523598.088765860,2,8,-10.081667753,-3.314966934,-0.010368546
1734523598.088765860,2,9,-5.786322162,7.943692363,0.027118770
1734523598.148765802,3,0,-6.760046337,1.173983645,0.006662153
1734523598.148765802,3,1,-6.430424914,5.988329367,0.048538896
1734523598.148765802,3,2,-9.229011702,0.337651978,0.035818651
1734523598.148765802,3,3,-0.575023723,-4.883999594,2.000000000
1734523598.148765802,3,4,-6.099218673,-4.069365667,0.039066068
1734523598.148765802,3,5,-9.192729035,3.252594436,0.067995224
1734523598.148765802,3,6,-2.000324866,-3.267527288,0.012556164
1734523598.148765802,3,7,-9.312811732,-2.637870404,-0.008555322
1734523598.148765802,3,8,-1.128223742,3.759695309,-0.008835163
1734523598.148765802,3,9,-5.793250626,-9.958132674,-0.033011426
1734523598.208765745,4,0,-3.697445846,3.449732127,0.115941169
1734523598.208765745,4,1,-6.858800981,7.234729510,-0.004062998
1734523598.208765745,4,2,-8.246610560,-1.300651753,-0.049308221
1734523598.208765745,4,3,1.643119808,7.571554498,0.032123604
1734523598.208765745,4,4,-5.144206428,-1.818663237,2.000000000
1734523598.208765745,4,5,-10.410937121,2.085446500,-0.076510275
1734523598.208765745,4,6,2.462661922,3.836545644,0.005577041
1734523598.208765745,4,7,-5.043024994,-3.857830747,0.027924026
1734523598.208765745,4,8,-1.804751637,9.494771513,-0.083928445
1734523598.208765745,4,9,4.495339128,-3.942856325,-0.062306913
1734523598.268765688,5,0,-5.946032289,3.255949873,-0.058526794
1734523598.268765688,5,1,-5.774464488,-2.109724436,-0.041327932
1734523598.268765688,5,2,0.820358641,3.912451175,0.146612530
1734523598.268765688,5,3,-8.201507149,2.553395336,0.027254596
1734523598.268765688,5,4,-6.213468338,8.266733764,-0.039697258
1734523598.268765688,5,5,-6.896693105,-0.892029586,2.000000000
1734523598.268765688,5,6,-6.379353323,4.425044633,0.105104223
1734523598.268765688,5,7,-0.204087128,7.888887221,0.188937877
1734523598.268765688,5,8,-10.680647741,0.080527090,-0.041611140
1734523598.268765688,5,9,-4.409294327,7.341306773,-0.034739315
1734523598.338765860,6,0,-1.215487818,6.248097546,-0.009618527
1734523598.338765860,6,1,1.910191008,10.122434045,0.013371421
1734523598.338765860,6,2,-6.759018481,9.522265524,-0.151275082
1734523598.338765860,6,3,3.723463554,1.458564950,0.010049711
1734523598.338765860,6,4,-4.137951398,1.778365634,-0.045339934
1734523598.338765860,6,5,-2.618361786,8.786592406,0.026632017
1734523598.338765860,6,6,10.590218822,0.534922034,2.000000000
1734523598.338765860,6,7,-8.918852690,6.320275945,-0.104572009
1734523598.338765860,6,8,4.944378115,5.345966824,0.052325608
1734523598.338765860,6,9,-7.638712999,-3.603140758,0.011088393
1734523598.398765802,7,0,-5.523861335,-4.799994093,0.007143390
1734523598.398765802,7,1,-5.614650896,-10.129560115,0.023747390
1734523598.398765802,7,2,0.877552960,-3.979332809,-0.144546552
1734523598.398765802,7,3,-7.561393305,-2.673087183,-0.057258634
1734523598.398765802,7,4,-6.267004611,0.456934860,-0.006920815
1734523598.398765802,7,5,0.173793407,-7.829734904,0.047868510
1734523598.398765802,7,6,-10.610587022,-0.833969464,-0.011886502
1734523598.398765802,7,7,11.291412737,-0.376040339,2.000000000
1734523598.398765802,7,8,-5.926997115,-4.319783011,-0.155562893
1734523598.398765802,7,9,-6.986159843,6.638529641,0.051836669
1734523598.458765745,8,0,-5.134610057,-3.288965644,0.103725300
1734523598.458765745,8,1,-5.373884738,1.821249367,-0.039393566
1734523598.458765745,8,2,-10.177287734,-3.816889865,0.037086947
1734523598.458765745,8,3,1.612103101,-3.697231259,0.059113434
1734523598.458765745,8,4,-4.473336113,-8.488401238,0.014466814
1734523598.458765745,8,5,-10.881596286,-0.295283689,0.100536068
1734523598.458765745,8,6,-0.211422416,-7.011212837,-0.024472367
1734523598.458765745,8,7,-5.844250467,-4.765263018,-0.040271998
1734523598.458765745,8,8,-0.840042009,-1.433152030,2.000000000
1734523598.458765745,8,9,-2.102215050,-8.747856987,0.093201384
1734523598.518765688,9,0,-10.865211663,3.469702163,-0.291374429
1734523598.518765688,9,1,-10.302127125,2.099459075,-0.172463428
1734523598.518765688,9,2,-7.665522097,-1.752625357,-0.004060328
1734523598.518765688,9,3,-6.946892955,8.713841597,0.154513115
1734523598.518765688,9,4,-5.993685697,1.951364135,-0.050264009
1734523598.518765688,9,5,-9.093934514,1.726411477,-0.094158424
1734523598.518765688,9,6,-5.280664542,6.357377501,-0.048494271
1734523598.518765688,9,7,-8.796586474,-3.694578549,-0.052384983
1734523598.518765688,9,8,-5.530559537,4.954746217,-0.031267560
1734523598.518765688,9,9,0.781734797,-0.438715422,2.000000000
1734523598.578765869,0,0,3.116529952,-0.561209265,2.000000000
1734523598.578765869,0,1,5.377904252,0.542779224,0.214867800
1734523598.578765869,0,2,-1.169823134,6.433377267,0.226174112
1734523598.578765869,0,3,-0.188287270,-6.904644599,0.177886535
1734523598.578765869,0,4,-5.268782741,-0.885238621,-0.031158832
1734523598.578765869,0,5,2.831402908,6.086880052,0.041998336
1734523598.578765869,0,6,-3.746489551,-5.242452749,-0.203087337
1734523598.578765869,0,7,-5.098259352,5.329926151,-0.036441559
1734523598.578765869,0,8,3.396808655,-5.195270398,-0.008760222
1734523598.578765869,0,9,-10.791837414,-2.001452805,0.048696851
1734523598.638765812,1,0,-5.333056204,-0.129692392,-0.018586594
1734523598.638765812,1,1,-15.978079452,0.087783287,2.000000000
1734523598.638765812,1,2,-6.059184630,6.469361778,-0.017260688
1734523598.638765812,1,3,-5.951059636,-7.094933109,-0.011347950
1734523598.638765812,1,4,-10.344470747,-0.682618834,0.012317357
1734523598.638765812,1,5,-2.157964253,5.606137370,0.002767416
1734523598.638765812,1,6,-9.355123943,-5.220184029,-0.087363107
1734523598.638765812,1,7,-10.009779697,5.618042300,0.040382035
1734523598.638765812,1,8,-1.819980336,-5.239185431,0.017669008
1734523598.638765812,1,9,-7.537294635,-0.513362686,0.089822746
1734523598.708765745,2,0,-6.695372543,-0.858316896,-0.039468419
1734523598.708765745,2,1,-6.622414661,-6.159661172,-0.011567130
1734523598.708765745,2,2,-0.684378057,5.135588118,2.000000000
1734523598.708765745,2,3,-9.399808083,-0.069622905,0.115978044
1734523598.708765745,2,4,-7.052104091,4.513227500,-0.135162729
1734523598.708765745,2,5,-0.680307925,-4.178421733,-0.005186989
1734523598.708765745,2,6,-11.454875235,3.253748820,-0.027587015
1734523598.708765745,2,7,-0.842477368,4.016611315,0.035705511
1734523598.708765745,2,8,-9.923635547,-3.382442147,-0.103674714
1734523598.708765745,2,9,-5.676839855,8.008686712,-0.012579142
1734523598.768765688,3,0,-6.757337609,0.924762499,-0.102949164
1734523598.768765688,3,1,-6.530332458,6.102608114,0.023662775
1734523598.768765688,3,2,-9.464663009,0.367408528,-0.049363597
1734523598.768765688,3,3,-0.615747665,-4.943116316,2.000000000
1734523598.768765688,3,4,-6.275102971,-3.983082520,0.037910672
1734523598.768765688,3,5,-9.061635192,3.120657335,0.125772026
1734523598.768765688,3,6,-1.975388006,-3.230357117,-0.006273965
1734523598.768765688,3,7,-9.164835804,-2.522700607,0.059669290
1734523598.768765688,3,8,-1.146821669,3.829136735,-0.010520674
1734523598.768765688,3,9,-5.626958506,-9.870502155,-0.045468088
1734523598.828765869,4,0,-3.747636327,3.325655460,-0.049757842
1734523598.828765869,4,1,-6.853236386,7.327821682,0.033461545
1734523598.828765869,4,2,-8.066401628,-1.359096485,-0.007216617
1734523598.828765869,4,3,1.688141953,7.569257076,-0.018661466
1734523598.828765869,4,4,-5.129154370,-1.847792113,2.000000000
1734523598.828765869,4,5,-10.371411080,2.051517626,-0.061785881
1734523598.828765869,4,6,2.470268395,3.829106265,0.036834276
1734523598.828765869,4,7,-4.867359264,-3.714613070,0.057873043
1734523598.828765869,4,8,-1.789476741,9.511701916,-0.008852810
1734523598.828765869,4,9,4.404005728,-3.933679474,0.017237690
1734523598.888765812,5,0,-6.019077358,3.149643134,-0.010990273
1734523598.888765812,5,1,-5.720168270,-2.060346021,-0.020460572
1734523598.888765812,5,2,0.835812245,3.883370302,0.097757520
1734523598.888765812,5,3,-8.071622237,2.337530806,-0.076698507
1734523598.888765812,5,4,-6.163889939,8.230190258,-0.023753847
1734523598.888765812,5,5,-7.020843277,-0.948034175,2.000000000
1734523598.888765812,5,6,-6.377694892,4.345751278,-0.060713960
1734523598.888765812,5,7,-0.220812366,7.932064647,0.036502712
1734523598.888765812,5,8,-10.607392660,0.119725763,0.000529365
1734523598.888765812,5,9,-4.519722063,7.332637124,-0.034739315
1734523598.948765755,6,0,-1.211613923,6.112949812,-0.032101960
1734523598.948765755,6,1,1.935831856,10.101812062,0.049856148
1734523598.948765755,6,2,-6.748224386,9.712783302,-0.058471306
1734523598.948765755,6,3,3.641342248,1.390925222,0.002366369
1734523598.948765755,6,4,-4.247056177,1.843392897,0.003449122
1734523598.948765755,6,5,-2.593048898,8.694920650,0.035022880
1734523598.948765755,6,6,10.837853329,0.627062293,2.000000000
1734523598.948765755,6,7,-8.863699263,6.227585519,0.026853793
1734523598.948765755,6,8,4.887402145,5.355601623,-0.059523264
1734523598.948765755,6,9,-7.572909378,-3.569957193,0.010658769
1734523599.008765697,7,0,-5.552503319,-4.741412558,-0.032550236
1734523599.008765697,7,1,-5.661200697,-10.267952426,0.016480445
1734523599.008765697,7,2,0.968074744,-3.853733900,-0.092620675
1734523599.008765697,7,3,-7.507638156,-2.481491220,0.002165644
1734523599.008765697,7,4,-6.024824490,0.425040558,-0.042530371
1734523599.008765697,7,5,0.125698526,-7.847168013,0.150778231
1734523599.008765697,7,6,-10.607338674,-0.827899538,0.003335740
1734523599.008765697,7,7,11.517291069,-0.452866682,2.000000000
1734523599.008765697,7,8,-5.944923079,-4.303144214,-0.018021302
1734523599.008765697,7,9,-7.024214041,6.711415650,0.010639504
1734523599.078765869,8,0,-5.037950369,-3.204795333,0.027112928
1734523599.078765869,8,1,-5.550213775,1.882416704,0.013828345
1734523599.078765869,8,2,-10.070014254,-3.854333165,-0.043944166
1734523599.078765869,8,3,1.596280324,-3.840618564,0.022339868
1734523599.078765869,8,4,-4.381497533,-8.337969354,-0.099304353
1734523599.078765869,8,5,-10.968868379,-0.322424791,-0.112460911
1734523599.078765869,8,6,-0.217860063,-7.118733598,-0.039507543
1734523599.078765869,8,7,-6.004628517,-4.679541818,0.052185075
1734523599.078765869,8,8,-0.860266414,-1.421838734,2.000000000
1734523599.078765869,8,9,-2.127936492,-8.859092349,0.093201384
1734523599.138765812,9,0,-10.947537440,3.474447395,0.004053164
1734523599.138765812,9,1,-10.410156107,2.193052219,-0.172463428
1734523599.138765812,9,2,-7.381037153,-1.662826556,0.085402420
1734523599.138765812,9,3,-6.937972135,8.707428991,0.154513115
1734523599.138765812,9,4,-6.146589240,1.937957585,-0.102626294
1734523599.138765812,9,5,-9.169184079,1.859850280,-0.094158424
1734523599.138765812,9,6,-5.434493355,6.494235301,-0.060333434
1734523599.138765812,9,7,-8.809284393,-3.617564339,-0.050201140
1734523599.138765812,9,8,-5.508649466,4.983730394,-0.031267560
1734523599.138765812,9,9,0.777871779,-0.437952006,2.000000000
1734523599.198765755,0,0,3.139056143,-0.565254939,2.000000000
1734523599.198765755,0,1,5.053237374,0.493804881,0.124313765
1734523599.198765755,0,2,-1.179620448,6.472057091,0.031937769
1734523599.198765755,0,3,-0.258038801,-6.962860161,-0.030137779
1734523599.198765755,0,4,-5.368427065,-0.883615438,-0.031250400
1734523599.198765755,0,5,2.828992500,6.327030212,-0.009297421
1734523599.198765755,0,6,-3.728366515,-5.353178650,-0.144987750
1734523599.198765755,0,7,-5.152579112,5.526192596,-0.035951551
1734523599.198765755,0,8,3.377030262,-5.136017961,0.019214685
1734523599.198765755,0,9,-11.023826237,-1.925450556,-0.057256400
1734523599.258765697,1,0,-5.258971535,-0.102976701,0.075144021
1734523599.258765697,1,1,-16.328021601,0.091856301,2.000000000
1734523599.258765697,1,2,-6.168323069,6.524208797,0.013333560
1734523599.258765697,1,3,-5.905473046,-7.095109805,-0.053970087
1734523599.258765697,1,4,-10.250944338,-0.655747200,0.003819958
1734523599.258765697,1,5,-2.118463670,5.723014905,0.068689062
1734523599.258765697,1,6,-9.412502094,-5.139330609,-0.187457918
1734523599.258765697,1,7,-10.241032061,5.622189768,0.006640675
1734523599.258765697,1,8,-1.846117071,-5.398800409,-0.039471432
1734523599.258765697,1,9,-7.527342147,-0.510354569,0.089822746
1734523599.318765879,2,0,-6.894280162,-0.993581576,-0.092107433
1734523599.318765879,2,1,-6.445068654,-6.036756544,-0.001320054
1734523599.318765879,2,2,-0.761452270,5.232167632,2.000000000
1734523599.318765879,2,3,-9.326001536,-0.094192043,0.059668259
1734523599.318765879,2,4,-7.092029780,4.494485537,-0.175272884
1734523599.318765879,2,5,-0.505391954,-4.137632844,-0.036316850
1734523599.318765879,2,6,-11.858841163,3.271686128,-0.076666264
1734523599.318765879,2,7,-0.868062088,3.863048935,-0.003216361
1734523599.318765879,2,8,-9.931940226,-3.365954307,-0.103674714
1734523599.318765879,2,9,-5.647952012,7.834071801,-0.000562310
1734523599.378765821,3,0,-6.610368316,0.969313063,-0.144093501
1734523599.378765821,3,1,-6.498369829,6.111767093,0.034873406
1734523599.378765821,3,2,-9.056047705,0.257866594,-0.152830164
1734523599.378765821,3,3,-0.656144854,-5.001710226,2.000000000
1734523599.378765821,3,4,-6.298735835,-4.257416870,-0.040621249
1734523599.378765821,3,5,-9.039394064,3.129572626,0.013932770
1734523599.378765821,3,6,-2.150925365,-3.410205029,-0.010764357
1734523599.378765821,3,7,-9.021171024,-2.448467729,-0.050183185
1734523599.378765821,3,8,-1.176641768,3.865476762,0.013682197
1734523599.378765821,3,9,-5.508454808,-9.739241738,-0.030200585
1734523599.448765755,4,0,-3.933670113,3.689394289,-0.128817232
1734523599.448765755,4,1,-7.025407892,7.198854911,0.052364153
1734523599.448765755,4,2,-8.232178019,-1.355190672,-0.010688042
1734523599.448765755,4,3,1.748198158,7.558775029,-0.005682692
1734523599.448765755,4,4,-5.114413093,-1.876115535,2.000000000
1734523599.448765755,4,5,-10.271574658,1.966204901,0.047192860
1734523599.448765755,4,6,2.509937596,3.946039426,0.010562165
1734523599.448765755,4,7,-4.979090892,-3.675691571,0.127087706
1734523599.448765755,4,8,-1.821912109,9.570940797,0.052632645
1734523599.448765755,4,9,4.578727178,-4.149467547,0.035000647
1734523599.508765697,5,0,-5.917503634,3.163193014,-0.002994088
1734523599.508765697,5,1,-5.857357031,-2.166771003,-0.078095001
1734523599.508765697,5,2,0.848292442,4.048404478,-0.082334942
1734523599.508765697,5,3,-7.936560400,2.363645968,-0.000291596
1734523599.508765697,5,4,-6.139078178,8.186487983,-0.103933434
1734523599.508765697,5,5,-7.146345475,-1.004687733,2.000000000
1734523599.508765697,5,6,-6.425534550,4.220715674,-0.042316793
1734523599.508765697,5,7,-0.268331614,7.909090327,-0.016822712
1734523599.508765697,5,8,-10.750439545,0.023964156,-0.035219306
1734523599.508765697,5,9,-4.627282372,7.324239225,-0.034739315
1734523599.568765879,6,0,-1.257580300,6.236846416,0.038948402
1734523599.568765879,6,1,1.899589424,10.129158706,0.013585942
1734523599.568765879,6,2,-6.823146324,9.572552144,-0.015372559
1734523599.568765879,6,3,3.799083214,1.424266651,0.000896992
1734523599.568765879,6,4,-4.375778639,1.886415279,-0.021648201
1734523599.568765879,6,5,-2.542276628,8.744094279,0.035022880
1734523599.568765879,6,6,11.086431688,0.720229991,2.000000000
1734523599.568765879,6,7,-8.844518606,6.155289956,-0.005502974
1734523599.568765879,6,8,5.038069291,5.204050621,-0.145770972
1734523599.568765879,6,9,-7.532562031,-3.609697287,-0.004847492
1734523599.628765821,7,0,-5.584420201,-4.794942005,-0.038277620
1734523599.628765821,7,1,-5.697836376,-10.207802981,-0.071241818
1734523599.628765821,7,2,1.200384432,-3.853807782,-0.105219382
1734523599.628765821,7,3,-7.385173127,-2.465093909,-0.052017052
1734523599.628765821,7,4,-6.081867895,0.439181634,0.007680961
1734523599.628765821,7,5,0.342832257,-7.841269257,-0.025295514
1734523599.628765821,7,6,-10.576887160,-0.836359385,-0.070264553
1734523599.628765821,7,7,11.743796862,-0.530131300,2.000000000
1734523599.628765821,7,8,-5.900538272,-4.379384448,-0.010519386
1734523599.628765821,7,9,-6.951844779,6.668195976,-0.007203000
1734523599.698765755,8,0,-5.076217427,-3.230800905,0.083131731
1734523599.698765755,8,1,-5.526967666,1.952782804,-0.027567082
1734523599.698765755,8,2,-9.994077695,-3.756164459,-0.139495682
1734523599.698765755,8,3,1.585415363,-3.634687668,0.013119820
1734523599.698765755,8,4,-4.446364677,-8.378406100,-0.079492384
1734523599.698765755,8,5,-11.138521179,-0.412119159,0.053067139
1734523599.698765755,8,6,-0.254081321,-7.038943040,0.035578584
1734523599.698765755,8,7,-6.025869397,-4.786552725,0.016884440
1734523599.698765755,8,8,-0.881836183,-1.409772245,2.000000000
1734523599.698765755,8,9,-2.153761436,-8.971002768,0.093201384
1734523599.758765697,9,0,-10.932307676,3.419874348,0.031547186
1734523599.758765697,9,1,-10.521517576,2.289355729,-0.172463428
1734523599.758765697,9,2,-7.139652209,-1.568233121,0.018648799
1734523599.758765697,9,3,-6.926731962,8.510261635,-0.078764016
1734523599.758765697,9,4,-6.313366314,1.981247142,-0.047971755
1734523599.758765697,9,5,-9.244409118,1.992728632,-0.094158424
1734523599.758765697,9,6,-5.624639732,6.719428999,-0.046944413
1734523599.758765697,9,7,-8.790488661,-3.767908191,-0.106206568
1734523599.758765697,9,8,-5.486258043,5.013487433,-0.031267560
1734523599.758765697,9,9,0.772636288,-0.437043003,2.000000000
1734523599.828765869,0,0,3.158996789,-0.568839158,2.000000000
1734523599.828765869,0,1,5.154092154,0.399078559,0.146005976
1734523599.828765869,0,2,-1.099981398,6.495325705,0.041241081
1734523599.828765869,0,3,-0.282606914,-6.770936209,-0.014353613
1734523599.828765869,0,4,-5.278653767,-0.843427025,-0.002472481
1734523599.828765869,0,5,2.755740578,6.276492064,-0.009437749
1734523599.828765869,0,6,-3.799777824,-5.478954892,-0.063323465
1734523599.828765869,0,7,-5.064726660,5.399476824,-0.042588386
1734523599.828765869,0,8,3.457847063,-5.271232766,-0.001779356
1734523599.828765869,0,9,-11.157743845,-1.893729490,0.122565305
1734523599.888765812,1,0,-5.292616169,-0.166004766,0.034865075
1734523599.888765812,1,1,-16.681232618,0.096053690,2.000000000
1734523599.888765812,1,2,-6.211550886,6.521101264,-0.006660960
1734523599.888765812,1,3,-5.929793350,-7.228343983,-0.038840876
1734523599.888765812,1,4,-10.382422670,-0.756193030,0.061560698
1734523599.888765812,1,5,-2.189737611,5.617860203,-0.021201582
1734523599.888765812,1,6,-9.225662095,-5.114559840,-0.179171124
1734523599.888765812,1,7,-10.038327121,5.603579615,-0.069270970
1734523599.888765812,1,8,-2.088616637,-5.399606569,-0.103757593
1734523599.888765812,1,9,-7.513990258,-0.506579291,0.089822746
1734523599.958765745,2,0,-6.774085926,-0.993930119,0.001353914
1734523599.958765745,2,1,-6.461068274,-6.195028965,0.026633920
1734523599.958765745,2,2,-0.838610104,5.328551953,2.000000000
1734523599.958765745,2,3,-9.237170217,-0.149537193,0.058207698
1734523599.958765745,2,4,-6.939052852,4.486042339,-0.162929678
1734523599.958765745,2,5,-0.611119999,-4.039332118,-0.058341381
1734523599.958765745,2,6,-11.891001559,3.148742936,0.000445813
1734523599.958765745,2,7,-0.841868634,3.958095066,-0.070600421
1734523599.958765745,2,8,-9.847699370,-3.228113678,-0.160797324
1734523599.958765745,2,9,-5.741848668,7.742113389,0.025586390
1734523600.018765688,3,0,-6.806080383,0.932611205,-0.098261845
1734523600.018765688,3,1,-6.567774348,6.216602453,0.077831002
1734523600.018765688,3,2,-9.309781058,0.321807693,-0.094928735
1734523600.018765688,3,3,-0.695887037,-5.059186593,2.000000000
1734523600.018765688,3,4,-6.489096796,-4.216770142,-0.025691122
1734523600.018765688,3,5,-8.905169792,3.021188077,0.030892163
1734523600.018765688,3,6,-2.079339526,-3.256982093,0.029952897
1734523600.018765688,3,7,-8.941782593,-2.471531603,-0.038174604
1734523600.018765688,3,8,-1.191432483,3.878199214,0.002604751
1734523600.018765688,3,9,-5.425627375,-9.669532373,0.005141785
1734523600.078765869,4,0,-3.843359633,3.698697394,-0.102450485
1734523600.078765869,4,1,-6.955556270,7.027843648,-0.055436402
1734523600.078765869,4,2,-8.222046518,-1.306984735,-0.006740434
1734523600.078765869,4,3,1.692869157,7.504821832,-0.029910942
1734523600.078765869,4,4,-5.099843567,-1.903918676,2.000000000
1734523600.078765869,4,5,-10.501808502,2.041804128,-0.024648481
1734523600.078765869,4,6,2.469749129,3.927679589,0.001109878
1734523600.078765869,4,7,-4.985726471,-3.700468335,0.009350881
1734523600.078765869,4,8,-1.858740941,9.538403813,-0.034903737
1734523600.078765869,4,9,4.603733145,-4.213915442,0.120222973
1734523600.148765802,5,0,-5.948755923,3.061459199,-0.034380079
1734523600.148765802,5,1,-5.869300922,-2.179219011,-0.036200502
1734523600.148765802,5,2,0.752516459,4.099861320,-0.163090394
1734523600.148765802,5,3,-7.848156464,2.206261294,-0.073390568
1734523600.148765802,5,4,-6.230889671,8.208358744,-0.043517034
1734523600.148765802,5,5,-7.271335131,-1.061157469,2.000000000
1734523600.148765802,5,6,-6.446434007,4.170870843,-0.026639302
1734523600.148765802,5,7,-0.015176807,7.987377015,-0.058487693
1734523600.148765802,5,8,-10.846980156,-0.046366427,-0.144000014
1734523600.148765802,5,9,-4.731935045,7.316115760,-0.034739315
1734523600.208765745,6,0,-1.190445598,6.135510055,0.004179701
1734523600.208765745,6,1,1.992473591,10.533988447,0.009256588
1734523600.208765745,6,2,-6.751108122,9.557574689,-0.020683751
1734523600.208765745,6,3,3.750769680,1.363195411,-0.006994420
1734523600.208765745,6,4,-4.184195059,1.765790332,-0.031620675
1734523600.208765745,6,5,-2.677227286,8.590865674,-0.088199901
1734523600.208765745,6,6,11.335837499,0.814383696,2.000000000
1734523600.208765745,6,7,-8.775800549,6.278598803,-0.000910617
1734523600.208765745,6,8,4.905087120,5.226166629,0.099439815
1734523600.208765745,6,9,-7.544579966,-3.641303684,-0.004731801
1734523600.268765688,7,0,-5.663126772,-4.845626713,-0.034291641
1734523600.268765688,7,1,-5.604088208,-10.112199742,-0.002657539
1734523600.268765688,7,2,0.945293456,-4.180435707,-0.036369667
1734523600.268765688,7,3,-7.351784659,-2.297646813,-0.034881476
1734523600.268765688,7,4,-5.987292025,0.347747508,-0.072763545
1734523600.268765688,7,5,0.255308102,-7.928306680,-0.099911189
1734523600.268765688,7,6,-10.774278171,-0.888164669,-0.000873709
1734523600.268765688,7,7,11.970863525,-0.607850778,2.000000000
1734523600.268765688,7,8,-5.982675038,-4.312914605,-0.068748490
1734523600.268765688,7,9,-6.994037093,6.676806108,-0.052279986
1734523600.328765869,8,0,-5.172539118,-3.181566644,-0.042832014
1734523600.328765869,8,1,-5.534904906,1.993110495,-0.060160501
1734523600.328765869,8,2,-9.899959570,-3.736544298,-0.028879785
1734523600.328765869,8,3,1.559105011,-3.837180256,-0.003966598
1734523600.328765869,8,4,-4.547494165,-8.470969437,-0.067112657
1734523600.328765869,8,5,-11.272535047,-0.337474999,-0.001179223
1734523600.328765869,8,6,-0.217323119,-7.046343083,-0.000616591
1734523600.328765869,8,7,-6.010229877,-4.660487120,0.054074785
1734523600.328765869,8,8,-0.903707810,-1.397524993,2.000000000
1734523600.328765869,8,9,-2.179714080,-9.083441361,0.093201384
1734523600.388765812,9,0,-11.278370797,3.572825347,-0.073655595
1734523600.388765812,9,1,-10.634957171,2.387296542,-0.172463428
1734523600.388765812,9,2,-6.967651972,-1.560391298,0.026028461
1734523600.388765812,9,3,-6.788014360,8.423551508,-0.089675346
1734523600.388765812,9,4,-6.283374370,1.859530299,-0.058530268
1734523600.388765812,9,5,-9.319575356,2.124967104,-0.094158424
1734523600.388765812,9,6,-5.442545895,6.459251358,0.007010809
1734523600.388765812,9,7,-8.837130333,-3.740016724,-0.147895271
1734523600.388765812,9,8,-5.463356743,5.044062058,-0.031267560
1734523600.388765812,9,9,0.766581277,-0.436307264,2.000000000
1734523600.448765755,0,0,3.176051237,-0.571910414,2.000000000
1734523600.448765755,0,1,5.186126609,0.289030693,0.077888519
1734523600.448765755,0,2,-1.204565548,6.565382154,0.016489390
1734523600.448765755,0,3,-0.316573522,-6.666599799,-0.003809847
1734523600.448765755,0,4,-5.301733900,-0.858675663,-0.028778073
1734523600.448765755,0,5,2.763489372,6.154721961,-0.002633419
1734523600.448765755,0,6,-3.777012072,-5.245296950,-0.172941422
1734523600.448765755,0,7,-5.098603078,5.404108256,-0.045027575
1734523600.448765755,0,8,3.533502955,-5.481258276,0.041311530
1734523600.448765755,0,9,-11.262318872,-1.938365727,0.056375308
1734523600.518765688,1,0,-5.362576615,-0.065290148,-0.040610507
1734523600.518765688,1,1,-17.036418380,0.100235049,2.000000000
1734523600.518765688,1,2,-6.148519779,6.580479344,-0.054068991
1734523600.518765688,1,3,-5.921047181,-7.110563782,-0.013646334
1734523600.518765688,1,4,-10.405874441,-0.751871282,-0.019390057
1734523600.518765688,1,5,-2.072368519,5.644116430,-0.154518025
1734523600.518765688,1,6,-9.159122401,-5.061849941,-0.045164934
1734523600.518765688,1,7,-10.024218607,5.532572316,-0.022781411
1734523600.518765688,1,8,-2.162526459,-5.491487383,-0.015876097
1734523600.518765688,1,9,-7.495960184,-0.501588482,0.089822746
1734523600.578765869,2,0,-6.986386995,-0.990950952,-0.023356856
1734523600.578765869,2,1,-6.521369591,-6.099999850,-0.029958293
1734523600.578765869,2,2,-0.915456528,5.424092075,2.000000000
1734523600.578765869,2,3,-9.173589081,-0.148278984,0.053564293
1734523600.578765869,2,4,-7.038685957,4.298638230,-0.128757787
1734523600.578765869,2,5,-0.593562518,-4.048895302,-0.241972258
1734523600.578765869,2,6,-11.999285275,3.105476411,0.000445813
1734523600.578765869,2,7,-0.697421661,3.757166813,0.010010837
1734523600.578765869,2,8,-9.744032421,-3.159812712,-0.071380544
1734523600.578765869,2,9,-5.536569287,7.704975770,-0.006967569
1734523600.638765812,3,0,-6.697177360,0.971012294,-0.054927666
1734523600.638765812,3,1,-6.620343696,6.291296315,0.049373610
1734523600.638765812,3,2,-8.904993555,0.309678662,-0.071068612
1734523600.638765812,3,3,-0.735017438,-5.115614304,2.000000000
1734523600.638765812,3,4,-6.608035483,-4.307305093,0.052157540
1734523600.638765812,3,5,-8.889023066,3.049699023,0.054684359
1734523600.638765812,3,6,-2.136226762,-3.322348351,-0.026056221
1734523600.638765812,3,7,-8.855230741,-2.515191196,-0.113649667
1734523600.638765812,3,8,-1.189957365,3.918873604,-0.004399805
1734523600.638765812,3,9,-5.262874170,-9.552407674,-0.065921119
1734523600.698765755,4,0,-3.820510076,3.668845645,-0.146697744
1734523600.698765755,4,1,-6.872632534,7.063536942,-0.085988115
1734523600.698765755,4,2,-8.342981608,-1.396020139,-0.007908079
1734523600.698765755,4,3,1.808848012,7.722179100,-0.033590132
1734523600.698765755,4,4,-5.085542380,-1.930993358,2.000000000
1734523600.698765755,4,5,-10.510889032,1.981300939,-0.013785519
1734523600.698765755,4,6,2.534364440,3.956982667,0.011281128
1734523600.698765755,4,7,-5.084854881,-3.670229095,-0.104757536
1734523600.698765755,4,8,-1.790646980,9.461521954,-0.037851792
1734523600.698765755,4,9,4.682858479,-4.080396190,0.050084363
1734523600.768765688,5,0,-5.958044772,3.042550253,0.003167933
1734523600.768765688,5,1,-6.085423569,-2.287027801,-0.021048273
1734523600.768765688,5,2,0.794129390,4.162412071,-0.155661195
1734523600.768765688,5,3,-7.703346614,2.344257386,-0.099212587
1734523600.768765688,5,4,-6.261725741,8.151144861,0.063062155
1734523600.768765688,5,5,-7.397171745,-1.118040086,2.000000000
1734523600.768765688,5,6,-6.400005961,4.210646844,0.009591073
1734523600.768765688,5,7,-0.021666287,8.006775149,-0.122924311
1734523600.768765688,5,8,-10.922269618,0.147893208,-0.181332623
1734523600.768765688,5,9,-4.833408550,7.308288019,-0.034739315
1734523600.828765869,6,0,-1.207563532,6.197588126,0.042041977
1734523600.828765869,6,1,2.068846487,10.445521963,-0.025754685
1734523600.828765869,6,2,-6.831052892,9.398627221,0.094609304
1734523600.828765869,6,3,3.720649957,1.321533220,0.012769111
1734523600.828765869,6,4,-4.208851449,1.729634658,-0.008009309
1734523600.828765869,6,5,-2.564619174,8.602526079,-0.019359301
1734523600.828765869,6,6,11.585995733,0.909524121,2.000000000
1734523600.828765869,6,7,-8.999995652,6.298052999,-0.102118321
1734523600.828765869,6,8,4.932433197,5.093351221,-0.055520905
1734523600.828765869,6,9,-7.446912828,-3.629161903,-0.053845279
1734523600.888765812,7,0,-5.686798501,-4.742968292,0.022377766
1734523600.888765812,7,1,-5.725625902,-10.169612745,-0.077381773
1734523600.888765812,7,2,0.888875929,-4.058663206,-0.035014683
1734523600.888765812,7,3,-7.194698254,-2.432973292,-0.018652208
1734523600.888765812,7,4,-5.976343706,0.375155816,-0.067669773
1734523600.888765812,7,5,0.308640223,-8.015996110,-0.122328583
1734523600.888765812,7,6,-10.764945676,-0.888603147,-0.002027199
1734523600.888765812,7,7,12.198134311,-0.685709829,2.000000000
1734523600.888765812,7,8,-5.962335967,-4.340937080,-0.087296146
1734523600.888765812,7,9,-7.108039783,6.885629683,-0.007847430
1734523600.948765755,8,0,-5.421285168,-3.302133777,-0.017422889
1734523600.948765755,8,1,-5.560717468,2.008853216,0.029248888
1734523600.948765755,8,2,-9.811548987,-3.688276857,-0.101120139
1734523600.948765755,8,3,1.718426997,-3.874435362,-0.022479355
1734523600.948765755,8,4,-4.716208613,-8.547154917,0.001336291
1734523600.948765755,8,5,-11.207235044,-0.300120757,0.024350638
1734523600.948765755,8,6,-0.196818017,-6.985553848,-0.024141874
1734523600.948765755,8,7,-6.042350175,-4.559255303,0.044583399
1734523600.948765755,8,8,-0.926274637,-1.384878914,2.000000000
1734523600.948765755,8,9,-2.205693938,-9.196371028,0.093201384
1734523601.018765688,9,0,-11.180361364,3.503845626,0.048519724
1734523601.018765688,9,1,-10.751813687,2.487990022,-0.172463428
1734523601.018765688,9,2,-6.807756351,-1.571307273,-0.136717023
1734523601.018765688,9,3,-6.666405487,8.328517293,0.056048125
1734523601.018765688,9,4,-5.991601139,1.821920307,-0.037693676
1734523601.018765688,9,5,-9.394320879,2.256108964,-0.094158424
1734523601.018765688,9,6,-5.507073078,6.471793425,-0.028342316
1734523601.018765688,9,7,-8.908531763,-3.809109777,-0.137498413
1734523601.018765688,9,8,-5.439896220,5.075528444,-0.031267560
1734523601.018765688,9,9,0.759780718,-0.435791596,2.000000000
1734523601.078765869,0,0,3.189966588,-0.574421259,2.000000000
1734523601.078765869,0,1,5.404288419,0.321306710,-0.110958756
1734523601.078765869,0,2,-1.102708151,6.491414738,0.078779647
1734523601.078765869,0,3,-0.208945571,-6.752517277,0.074055496
1734523601.078765869,0,4,-5.378533719,-0.860476521,0.011870247
1734523601.078765869,0,5,2.681510294,6.142714349,-0.020639354
1734523601.078765869,0,6,-3.589432949,-5.177912454,-0.102985344
1734523601.078765869,0,7,-5.128664906,5.335061853,-0.024694175
1734523601.078765869,0,8,3.476860238,-5.479711326,0.008075110
1734523601.078765869,0,9,-11.159532934,-1.995874064,0.071325245
1734523601.138765812,1,0,-5.395818578,-0.207238289,0.174217272
1734523601.138765812,1,1,-17.393600666,0.104408956,2.000000000
1734523601.138765812,1,2,-6.186097494,6.533028319,-0.088753760
1734523601.138765812,1,3,-5.865470258,-7.093787691,-0.015780305
1734523601.138765812,1,4,-10.459105270,-0.664557552,-0.000027445
1734523601.138765812,1,5,-2.198329743,5.944394787,0.002832687
1734523601.138765812,1,6,-8.951259267,-5.002767907,-0.026396152
1734523601.138765812,1,7,-9.985659320,5.628380267,-0.022999166
1734523601.138765812,1,8,-2.217653273,-5.550723563,-0.035186422
1734523601.138765812,1,9,-7.474299457,-0.495569839,0.089822746
1734523601.198765755,2,0,-6.618334462,-0.847920804,0.006036571
1734523601.198765755,2,1,-6.715757013,-6.026788693,-0.119613877
1734523601.198765755,2,2,-0.991971061,5.518837482,2.000000000
1734523601.198765755,2,3,-9.098231197,-0.145559073,-0.055126013
1734523601.198765755,2,4,-7.108775299,4.477393640,-0.117026883
1734523601.198765755,2,5,-0.441639005,-4.044338349,-0.069585419
1734523601.198765755,2,6,-11.974316866,3.053344489,-0.133690148
1734523601.198765755,2,7,-0.755875107,3.853387517,-0.146125460
1734523601.198765755,2,8,-9.657509968,-3.050799637,-0.105270966
1734523601.198765755,2,9,-5.613352956,7.633857632,-0.074314168
1734523601.258765697,3,0,-6.710569737,1.148075685,0.097143943
1734523601.258765697,3,1,-6.671297358,6.299028439,-0.013014994
1734523601.258765697,3,2,-9.174050430,0.297793514,-0.004756101
1734523601.258765697,3,3,-0.773478749,-5.170907139,2.000000000
1734523601.258765697,3,4,-6.584101197,-4.265032026,0.106289556
1734523601.258765697,3,5,-8.739757990,3.014538499,0.021710209
1734523601.258765697,3,6,-2.084311450,-3.243418702,0.000720232
1734523601.258765697,3,7,-8.617046287,-2.286997725,-0.065590079
1734523601.258765697,3,8,-1.173877076,3.793585818,-0.013903352
1734523601.258765697,3,9,-5.208373433,-9.495246227,0.024697197
1734523601.328765869,4,0,-3.780290889,3.581246042,-0.146478051
1734523601.328765869,4,1,-7.050984804,7.301834736,-0.017262671
1734523601.328765869,4,2,-8.395770862,-1.408960008,-0.060522941
1734523601.328765869,4,3,1.742095357,7.743656126,0.006677139
1734523601.328765869,4,4,-5.071553305,-1.957213047,2.000000000
1734523601.328765869,4,5,-10.601099831,1.964898137,0.008663985
1734523601.328765869,4,6,2.462417812,3.936631550,-0.024250993
1734523601.328765869,4,7,-4.963581714,-3.696591999,-0.124421063
1734523601.328765869,4,8,-1.819471659,9.493460211,-0.042698717
1734523601.328765869,4,9,4.721753657,-4.257765270,0.181688863
1734523601.388765812,5,0,-5.979957537,3.040930554,0.018155470
1734523601.388765812,5,1,-5.963252686,-2.237923014,-0.048487132
1734523601.388765812,5,2,0.834239073,4.001428808,-0.092096826
1734523601.388765812,5,3,-7.597087232,2.327879211,-0.180002232
1734523601.388765812,5,4,-6.226005758,8.168958531,0.133979383
1734523601.388765812,5,5,-7.523508710,-1.175170348,2.000000000
1734523601.388765812,5,6,-6.392119172,4.195724432,-0.124298502
1734523601.388765812,5,7,-0.025678081,8.075277071,0.055513390
1734523601.388765812,5,8,-10.897149674,-0.041425085,-0.089524740
1734523601.388765812,5,9,-4.931462103,7.300777812,-0.034739315
1734523601.448765755,6,0,-1.207439838,6.043225346,-0.029869236
1734523601.448765755,6,1,2.008860422,10.538673430,0.058157514
1734523601.448765755,6,2,-6.772257198,9.363322760,0.070263395
1734523601.448765755,6,3,3.739680946,1.334706013,0.017381899
1734523601.448765755,6,4,-4.296463169,1.802715458,-0.036754048
1734523601.448765755,6,5,-2.665128923,8.460399364,-0.109608324
1734523601.448765755,6,6,11.835610958,1.005042346,2.000000000
1734523601.448765755,6,7,-9.015143929,6.382368392,-0.041330629
1734523601.448765755,6,8,5.064662290,5.064779177,0.039483050
1734523601.448765755,6,9,-7.444630867,-3.563103115,0.023960497
1734523601.508765697,7,0,-5.772989302,-4.805542988,-0.025600875
1734523601.508765697,7,1,-5.659901383,-10.037189140,-0.016479408
1734523601.508765697,7,2,0.847670057,-4.177705711,-0.042993545
1734523601.508765697,7,3,-7.097830713,-2.458203616,-0.007020722
1734523601.508765697,7,4,-6.020809683,0.403102661,-0.020723782
1734523601.508765697,7,5,0.157303847,-8.064194508,-0.085837670
1734523601.508765697,7,6,-10.835687871,-0.824369047,-0.032271747
1734523601.508765697,7,7,12.425512993,-0.763729419,2.000000000
1734523601.508765697,7,8,-6.116290843,-4.210240005,-0.001411656
1734523601.508765697,7,9,-7.134444780,6.962597541,0.018239916
1734523601.578765869,8,0,-5.425608968,-3.218886499,0.001731453
1734523601.578765869,8,1,-5.539593423,2.012046503,-0.028242257
1734523601.578765869,8,2,-9.720219636,-3.619944164,0.022726752
1734523601.578765869,8,3,1.678071240,-3.938304087,-0.088036579
1734523601.578765869,8,4,-4.493967050,-8.329541252,-0.043613642
1734523601.578765869,8,5,-11.290807057,-0.406628620,0.076519116
1734523601.578765869,8,6,-0.275560625,-6.929355578,0.018187780
1734523601.578765869,8,7,-6.021587170,-4.528004420,0.125632028
1734523601.578765869,8,8,-0.949902358,-1.371630613,2.000000000
1734523601.578765869,8,9,-2.231595485,-9.309442760,0.093201384
1734523601.638765812,9,0,-11.111066720,3.569002534,0.008127441
1734523601.638765812,9,1,-10.872109356,2.591438670,-0.172463428
1734523601.638765812,9,2,-6.732683037,-1.572412475,-0.117758422
1734523601.638765812,9,3,-6.665574019,8.328072712,0.056048125
1734523601.638765812,9,4,-6.040649681,1.806734660,-0.054370619
1734523601.638765812,9,5,-9.468606478,2.386072690,-0.094158424
1734523601.638765812,9,6,-5.703247069,6.595465540,-0.101625942
1734523601.638765812,9,7,-9.283521285,-3.937860042,-0.072416587
1734523601.638765812,9,8,-5.415780310,5.108027140,-0.031267560
1734523601.638765812,9,9,0.752609172,-0.435419292,2.000000000
1734523601.698765755,0,0,3.200763307,-0.576373849,2.000000000
1734523601.698765755,0,1,5.330262877,0.381033910,-0.003484370
1734523601.698765755,0,2,-1.097606705,6.393791122,0.075275985
1734523601.698765755,0,3,-0.195284570,-7.001139349,-0.005558397
1734523601.698765755,0,4,-5.375285571,-0.835126769,-0.036555534
1734523601.698765755,0,5,2.696646700,6.344804185,0.011596410
1734523601.698765755,0,6,-3.686084396,-5.211764583,-0.061290536
1734523601.698765755,0,7,-5.167538059,5.628511128,0.048798665
1734523601.698765755,0,8,3.479658288,-5.527506727,0.018491576
1734523601.698765755,0,9,-11.469354637,-1.899612692,-0.015585433
1734523601.758765697,1,0,-5.462005987,-0.134312276,-0.045019407
1734523601.758765697,1,1,-17.754520078,0.108704391,2.000000000
1734523601.758765697,1,2,-6.114288933,6.496974634,0.014565404
1734523601.758765697,1,3,-5.893687442,-7.153144916,-0.068968202
1734523601.758765697,1,4,-10.636254396,-0.694332168,-0.033594945
1734523601.758765697,1,5,-2.164412800,5.898591103,0.063959673
1734523601.758765697,1,6,-9.097407087,-4.991511991,-0.041053273
1734523601.758765697,1,7,-10.008865270,5.571513880,-0.032398007
1734523601.758765697,1,8,-2.289315273,-5.420185578,-0.048223085
1734523601.758765697,1,9,-7.446877366,-0.487973038,0.089822746
1734523601.818765879,2,0,-6.589586691,-0.873063426,-0.086185617
1734523601.818765879,2,1,-6.567470169,-6.132150679,-0.054953551
1734523601.818765879,2,2,-1.067676903,5.612214242,2.000000000
1734523601.818765879,2,3,-9.037985253,-0.096316237,-0.041738303
1734523601.818765879,2,4,-7.088584421,4.477406229,-0.062186797
1734523601.818765879,2,5,-0.511092671,-4.065370716,0.232715039
1734523601.818765879,2,6,-11.894698486,3.003314870,-0.052203270
1734523601.818765879,2,7,-0.987294792,3.690420964,0.066548263
1734523601.818765879,2,8,-9.531020583,-3.099394811,-0.122815046
1734523601.818765879,2,9,-5.575295720,7.483139603,0.043982381
1734523601.888765812,3,0,-6.703308347,1.145076099,0.201738431
1734523601.888765812,3,1,-6.692307118,6.389150226,-0.017921909
1734523601.888765812,3,2,-8.774351921,0.229767895,0.028876355
1734523601.888765812,3,3,-0.811295607,-5.225109680,2.000000000
1734523601.888765812,3,4,-6.622008677,-4.227325437,0.076887147
1734523601.888765812,3,5,-8.732654876,3.045387081,0.098648393
1734523601.888765812,3,6,-2.161390544,-3.177194351,-0.050492972
1734523601.888765812,3,7,-8.498776924,-2.250848065,0.041900268
1734523601.888765812,3,8,-1.184856867,3.777619860,-0.036261268
1734523601.888765812,3,9,-5.144398086,-9.328429872,-0.041684620
1734523601.948765755,4,0,-3.850837664,3.684663417,-0.031664227
1734523601.948765755,4,1,-7.267613868,7.341396991,-0.022922316
1734523601.948765755,4,2,-8.470351538,-1.442552828,-0.031827152
1734523601.948765755,4,3,1.827838975,7.657998527,0.003488185
1734523601.948765755,4,4,-5.057984602,-1.982485339,2.000000000
1734523601.948765755,4,5,-10.690273947,1.993117448,0.030679266
1734523601.948765755,4,6,2.372888828,3.789562580,0.004585946
1734523601.948765755,4,7,-5.053868922,-3.666850113,-0.135194892
1734523601.948765755,4,8,-1.729048311,9.553719732,-0.067327621
1734523601.948765755,4,9,4.794875457,-4.066374170,0.210843810
1734523602.008765697,5,0,-6.004391059,2.997700925,-0.016351162
1734523602.008765697,5,1,-5.858178444,-2.180527076,-0.086991762
1734523602.008765697,5,2,0.634426908,3.911849585,-0.101357346
1734523602.008765697,5,3,-7.505120591,2.385848329,-0.150510192
1734523602.008765697,5,4,-6.328641668,8.278562117,-0.051108457
1734523602.008765697,5,5,-7.650541832,-1.232628148,2.000000000
1734523602.008765697,5,6,-6.326116483,4.245938488,-0.082888429
1734523602.008765697,5,7,-0.148824077,7.985825187,0.002353070
1734523602.008765697,5,8,-10.870596521,0.058984747,-0.079510149
1734523602.008765697,5,9,-5.026085184,7.293579498,-0.034739315
1734523602.078765869,6,0,-1.218911475,6.255469997,0.009186715
1734523602.078765869,6,1,2.061887205,10.565425712,0.123537814
1734523602.078765869,6,2,-6.764101251,9.256365451,-0.086644797
1734523602.078765869,6,3,3.683282885,1.274764491,0.042099060
1734523602.078765869,6,4,-4.384225764,1.787056679,-0.046170812
1734523602.078765869,6,5,-2.653110608,8.443062668,-0.042138346
1734523602.078765869,6,6,12.084694759,1.100983072,2.000000000
1734523602.078765869,6,7,-9.150460296,6.282241636,-0.004377755
1734523602.078765869,6,8,5.012574451,5.146648049,-0.074873840
1734523602.078765869,6,9,-7.858212737,-3.831790888,-0.049199521
1734523602.138765812,7,0,-5.830077580,-4.906984551,-0.028201500
1734523602.138765812,7,1,-5.762239523,-10.090042535,-0.019051553
1734523602.138765812,7,2,0.718434284,-4.083329211,-0.065011905
1734523602.138765812,7,3,-7.073206737,-2.265707879,-0.095850140
1734523602.138765812,7,4,-6.291309882,0.452630588,-0.026998508
1734523602.138765812,7,5,0.182156522,-7.864118280,0.031182502
1734523602.138765812,7,6,-10.735862566,-0.870120418,0.023688896
1734523602.138765812,7,7,12.652940031,-0.841921084,2.000000000
1734523602.138765812,7,8,-6.082896933,-4.169486696,0.015065934
1734523602.138765812,7,9,-7.244608530,7.050854105,-0.019866516
1734523602.198765755,8,0,-5.556184575,-3.259565986,-0.001668612
1734523602.198765755,8,1,-5.448370851,2.073469274,0.028922249
1734523602.198765755,8,2,-9.654404449,-3.547755608,0.090678770
1734523602.198765755,8,3,1.764930671,-3.871770937,-0.028800739
1734523602.198765755,8,4,-4.600813119,-8.244521785,-0.073007129
1734523602.198765755,8,5,-11.198956946,-0.454060465,-0.030891034
1734523602.198765755,8,6,-0.321986893,-7.034366343,0.010445324
1734523602.198765755,8,7,-6.032346983,-4.570703057,0.131150578
1734523602.198765755,8,8,-0.974352644,-1.357924302,2.000000000
1734523602.198765755,8,9,-2.257312957,-9.422297975,0.093201384
1734523602.258765697,9,0,-11.189414382,3.584803852,0.103865606
1734523602.258765697,9,1,-10.995699245,2.697509707,-0.172463428
1734523602.258765697,9,2,-6.687956945,-1.578304722,-0.060091246
1734523602.258765697,9,3,-6.425971300,8.249293547,-0.034774842
1734523602.258765697,9,4,-6.146594987,1.869911649,0.034174665
1734523602.258765697,9,5,-9.542455418,2.514861731,-0.094158424
1734523602.258765697,9,6,-5.732460877,6.586929179,-0.103025714
1734523602.258765697,9,7,-9.070629775,-3.874203687,-0.060563038
1734523602.258765697,9,8,-5.390967999,5.141573480,-0.031267560
1734523602.258765697,9,9,0.745378633,-0.435096742,2.000000000
1734523602.318765879,0,0,3.207914105,-0.577673895,2.000000000
1734523602.318765879,0,1,5.463778849,0.449263006,0.049630824
1734523602.318765879,0,2,-1.241633449,6.356579461,-0.014935634
1734523602.318765879,0,3,-0.235941781,-6.951154488,0.012036799
1734523602.318765879,0,4,-5.401350521,-0.891679636,-0.028353921
1734523602.318765879,0,5,2.776851825,6.514787905,0.049040827
1734523602.318765879,0,6,-3.643007208,-5.140151558,0.071476425
1734523602.318765879,0,7,-5.339868443,5.704996883,0.021449819
1734523602.318765879,0,8,3.461514967,-5.585275464,-0.080914039
1734523602.318765879,0,9,-11.397180445,-1.962364177,-0.065228158
1734523602.378765821,1,0,-5.592819127,-0.123689949,0.062623694
1734523602.378765821,1,1,-18.119102976,0.113122909,2.000000000
1734523602.378765821,1,2,-6.061174847,6.451064445,-0.011966254
1734523602.378765821,1,3,-5.805500983,-7.100040184,-0.028407646
1734523602.378765821,1,4,-10.535959453,-0.723424784,-0.052357666
1734523602.378765821,1,5,-2.328591326,6.107011867,0.017286230
1734523602.378765821,1,6,-9.067834891,-5.059084472,0.006245842
1734523602.378765821,1,7,-10.046480803,5.694083351,0.065926339
1734523602.378765821,1,8,-2.200708589,-5.509157750,-0.034403610
1734523602.378765821,1,9,-7.413426897,-0.478726924,0.089822746
1734523602.448765755,2,0,-6.599605259,-0.893993062,-0.130912970
1734523602.448765755,2,1,-6.648304656,-6.070522855,-0.116321940
1734523602.448765755,2,2,-1.141982589,5.703379396,2.000000000
1734523602.448765755,2,3,-8.984352539,-0.066850489,-0.084069717
1734523602.448765755,2,4,-7.024340208,4.582920628,-0.079529026
1734523602.448765755,2,5,-0.596213585,-3.913858876,0.031530281
1734523602.448765755,2,6,-11.707154852,3.077137260,-0.079060958
1734523602.448765755,2,7,-0.691538857,3.807527350,0.096563640
1734523602.448765755,2,8,-9.428267921,-3.070531027,-0.188342613
1734523602.448765755,2,9,-5.559373754,7.475681587,-0.071768699
1734523602.508765697,3,0,-6.815234347,1.038706635,0.050252885
1734523602.508765697,3,1,-6.835375573,6.467828512,-0.072333861
1734523602.508765697,3,2,-9.041073141,0.354764150,-0.076894348
1734523602.508765697,3,3,-0.848413069,-5.278146710,2.000000000
1734523602.508765697,3,4,-6.677763827,-4.198595332,0.080772216
1734523602.508765697,3,5,-8.610537300,2.921473670,-0.040750374
1734523602.508765697,3,6,-2.249109492,-3.350958449,-0.017333461
1734523602.508765697,3,7,-8.380550420,-2.188610280,0.084740657
1734523602.508765697,3,8,-1.201077232,3.824542716,0.016732719
1734523602.508765697,3,9,-5.094054397,-9.284904563,-0.093179056
1734523602.568765879,4,0,-3.962337241,3.831901985,-0.095294208
1734523602.568765879,4,1,-7.151062069,7.390562518,-0.014245189
1734523602.568765879,4,2,-8.516716485,-1.472806439,0.082099123
1734523602.568765879,4,3,1.833037297,7.693572269,0.046289213
1734523602.568765879,4,4,-5.044730611,-2.007030275,2.000000000
1734523602.568765879,4,5,-10.592188099,1.936169948,0.073237553
1734523602.568765879,4,6,2.464755352,3.904187425,0.021196959
1734523602.568765879,4,7,-5.116140247,-3.704311859,-0.126442500
1734523602.568765879,4,8,-1.755201822,9.560222309,0.014373503
1734523602.568765879,4,9,4.822409382,-4.361706454,-0.017137379
1734523602.638765812,5,0,-5.991150253,3.055884509,-0.007853626
1734523602.638765812,5,1,-5.874298964,-2.160945526,-0.013420701
1734523602.638765812,5,2,0.754455983,3.783559250,-0.168052713
1734523602.638765812,5,3,-7.434631407,2.222144217,-0.017764346
1734523602.638765812,5,4,-6.383790133,8.322885636,-0.093498154
1734523602.638765812,5,5,-7.779509979,-1.290992313,2.000000000
1734523602.638765812,5,6,-6.332090853,4.232734100,-0.134598978
1734523602.638765812,5,7,-0.255139669,7.962078332,0.067480196
1734523602.638765812,5,8,-11.026329034,0.156840778,-0.061230841
1734523602.638765812,5,9,-5.117114810,7.286707749,-0.034739315
1734523602.698765755,6,0,-1.277187570,6.258074520,-0.003387628
1734523602.698765755,6,1,2.075426186,10.556007948,-0.027576705
1734523602.698765755,6,2,-6.650466513,9.249381743,-0.103276758
1734523602.698765755,6,3,3.702504748,1.266665947,0.027736268
1734523602.698765755,6,4,-4.374586529,1.795729475,-0.051350605
1734523602.698765755,6,5,-2.837489589,8.269564921,0.027450639
1734523602.698765755,6,6,12.333227420,1.197351398,2.000000000
1734523602.698765755,6,7,-9.023029278,6.344116857,-0.036720780
1734523602.698765755,6,8,4.907933820,5.152098856,0.031370793
1734523602.698765755,6,9,-7.640158472,-3.746735936,-0.045409986
1734523602.758765697,7,0,-5.911258824,-4.868762356,0.002616965
1734523602.758765697,7,1,-5.723890129,-10.030574047,0.008124567
1734523602.758765697,7,2,0.827278161,-3.859556519,-0.010873746
1734523602.758765697,7,3,-7.046643760,-2.115372265,0.000304470
1734523602.758765697,7,4,-6.251454375,0.453385549,-0.038497358
1734523602.758765697,7,5,0.193135813,-8.028956343,-0.079153835
1734523602.758765697,7,6,-10.955026242,-0.940777598,-0.061562169
1734523602.758765697,7,7,12.880497366,-0.920524797,2.000000000
1734523602.758765697,7,8,-6.141048356,-4.142317146,0.060739344
1734523602.758765697,7,9,-7.342156877,7.082421274,-0.010180179
1734523602.818765879,8,0,-5.490045699,-3.236272759,0.010594050
1734523602.818765879,8,1,-5.479837892,2.033234110,-0.028681133
1734523602.818765879,8,2,-9.552932143,-3.527926510,0.055442770
1734523602.818765879,8,3,1.512250337,-4.037366383,-0.099969386
1734523602.818765879,8,4,-4.600747282,-8.347148845,-0.154660015
1734523602.818765879,8,5,-11.154592849,-0.468530902,-0.078147475
1734523602.818765879,8,6,-0.279146127,-7.155634649,0.015868517
1734523602.818765879,8,7,-6.064796820,-4.488369976,0.091395714
1734523602.818765879,8,8,-0.999908201,-1.343601036,2.000000000
1734523602.818765879,8,9,-2.282773597,-9.534669316,0.093201384
1734523602.888765812,9,0,-11.052908477,3.395281599,0.037068230
1734523602.888765812,9,1,-11.122809081,2.806372955,-0.172463428
1734523602.888765812,9,2,-6.641081764,-1.620623751,-0.073774500
1734523602.888765812,9,3,-6.490163239,8.133111523,-0.177105742
1734523602.888765812,9,4,-6.195769926,1.845234793,-0.076942456
1734523602.888765812,9,5,-9.615787281,2.642394158,-0.094158424
1734523602.888765812,9,6,-5.719620493,6.644591954,-0.071790705
1734523602.888765812,9,7,-9.010695535,-3.861470766,-0.043932994
1734523602.888765812,9,8,-5.365442191,5.176195616,-0.031267560
1734523602.888765812,9,9,0.738363555,-0.434784876,2.000000000
1734523602.948765755,0,0,3.211128796,-0.578265303,2.000000000
1734523602.948765755,0,1,5.396307603,0.384726657,-0.113853999
1734523602.948765755,0,2,-1.438366347,6.480813382,-0.072940446
1734523602.948765755,0,3,-0.259335573,-6.945252110,-0.039872700
1734523602.948765755,0,4,-5.390690456,-0.933342774,-0.022827500
1734523602.948765755,0,5,2.661753311,6.346607535,-0.007800376
1734523602.948765755,0,6,-3.710399644,-5.364297313,0.055168255
1734523602.948765755,0,7,-5.261927928,5.587331556,-0.043102388
1734523602.948765755,0,8,3.529462651,-5.701578593,0.032740635
1734523602.948765755,0,9,-11.276461908,-1.894653723,-0.125439599
1734523603.008765697,1,0,-5.597127448,0.115696432,0.087143052
1734523603.008765697,1,1,-18.487384460,0.117670003,2.000000000
1734523603.008765697,1,2,-6.306141382,6.653659474,-0.080650431
1734523603.008765697,1,3,-5.829494387,-7.149802817,-0.073790325
1734523603.008765697,1,4,-10.595494939,-0.659532848,-0.059540397
1734523603.008765697,1,5,-2.287853729,6.113739336,-0.033167758
1734523603.008765697,1,6,-9.006186793,-4.993602896,-0.027413788
1734523603.008765697,1,7,-10.066790664,5.612480163,0.039677420
1734523603.008765697,1,8,-2.156171416,-5.568479178,-0.019521716
1734523603.008765697,1,9,-7.373748924,-0.467771266,0.089822746
1734523603.068765879,2,0,-6.596464443,-0.944465547,-0.033832874
1734523603.068765879,2,1,-6.771104282,-6.371191947,-0.027007267
1734523603.068765879,2,2,-1.215301060,5.792903692,2.000000000
1734523603.068765879,2,3,-8.876109220,-0.206024676,-0.092019095
1734523603.068765879,2,4,-7.011528930,4.603276930,-0.066858228
1734523603.068765879,2,5,-0.740110279,-4.044410363,-0.040511462
1734523603.068765879,2,6,-11.479844654,2.965718812,0.035224082
1734523603.068765879,2,7,-0.800811427,3.928055477,0.119588093
1734523603.068765879,2,8,-9.353449785,-2.940484006,-0.181002276
1734523603.068765879,2,9,-5.457078684,7.392316668,-0.128521284
1734523603.128765821,3,0,-6.728691080,1.054481449,0.043022665
1734523603.128765821,3,1,-6.785235718,6.490480701,-0.042988155
1734523603.128765821,3,2,-8.644454056,0.384043481,0.015597252
1734523603.128765821,3,3,-0.884775719,-5.329927558,2.000000000
1734523603.128765821,3,4,-6.626518078,-4.185995499,0.087179262
1734523603.128765821,3,5,-8.618851262,2.925757005,0.004714712
1734523603.128765821,3,6,-2.360521480,-3.301830472,-0.061270884
1734523603.128765821,3,7,-8.295159262,-2.228073760,0.127922680
1734523603.128765821,3,8,-1.228285361,3.774327027,0.118150995
1734523603.128765821,3,9,-5.097631431,-9.094273122,-0.034026133
1734523603.198765755,4,0,-3.933340250,3.672420070,0.057370891
1734523603.198765755,4,1,-7.151150645,7.454721523,-0.138154936
1734523603.198765755,4,2,-8.505588175,-1.507693797,-0.003490299
1734523603.198765755,4,3,1.899333478,7.930704322,0.024382284
1734523603.198765755,4,4,-5.031652234,-2.031082365,2.000000000
1734523603.198765755,4,5,-10.568789146,1.973347683,-0.006449373
1734523603.198765755,4,6,2.577822455,3.822590426,0.020963131
1734523603.198765755,4,7,-5.019366175,-3.790803085,0.057061734
1734523603.198765755,4,8,-1.690089995,9.736031122,-0.019142398
1734523603.198765755,4,9,4.948461311,-4.546558719,-0.096548044
1734523603.258765697,5,0,-5.974515330,2.973021052,-0.004695110
1734523603.258765697,5,1,-5.855084962,-2.252704921,-0.028341509
1734523603.258765697,5,2,0.800186794,3.791187634,-0.023583362
1734523603.258765697,5,3,-7.360829053,2.189729524,-0.055703134
1734523603.258765697,5,4,-6.540458104,8.209055175,0.018370030
1734523603.258765697,5,5,-7.910810675,-1.350457899,2.000000000
1734523603.258765697,5,6,-6.418400767,4.079140504,-0.076624996
1734523603.258765697,5,7,-0.111134375,7.916376427,0.023850127
1734523603.258765697,5,8,-11.113134063,0.175963137,-0.101782814
1734523603.258765697,5,9,-5.204115189,7.280196778,-0.034739315
1734523603.318765879,6,0,-1.300884473,6.273883636,-0.016880432
1734523603.318765879,6,1,1.960824079,10.623191838,-0.020538884
1734523603.318765879,6,2,-6.712702791,9.190956836,-0.103276758
1734523603.318765879,6,3,3.662472655,1.339894556,0.070249200
1734523603.318765879,6,4,-4.440100092,1.752722935,0.010680758
1734523603.318765879,6,5,-2.698790091,8.316609218,-0.051058188
1734523603.318765879,6,6,12.581105974,1.294120642,2.000000000
1734523603.318765879,6,7,-8.952763887,6.107508251,-0.151650599
1734523603.318765879,6,8,5.062523830,5.175929377,0.005482446
1734523603.318765879,6,9,-7.829061908,-4.042457835,0.004272700
1734523603.378765821,7,0,-5.910823216,-4.954255371,-0.021914132
1734523603.378765821,7,1,-5.952795874,-10.320688625,-0.047606601
1734523603.378765821,7,2,1.061558086,-3.875955141,-0.262697115
1734523603.378765821,7,3,-6.993098817,-2.138169316,0.059911758
1734523603.378765821,7,4,-6.445544628,0.482759285,-0.029803025
1734523603.378765821,7,5,0.278869968,-8.048767043,0.070797354
1734523603.378765821,7,6,-11.073374411,-0.983750767,-0.022886990
1734523603.378765821,7,7,13.108088104,-0.999492371,2.000000000
1734523603.378765821,7,8,-6.102668728,-4.153183052,-0.015416121
1734523603.378765821,7,9,-7.464098307,7.111926537,0.012705237
1734523603.438765764,8,0,-5.372238777,-3.105540844,-0.029718796
1734523603.438765764,8,1,-5.746731410,2.119137990,-0.013382285
1734523603.438765764,8,2,-9.484285624,-3.464552742,0.037947036
1734523603.438765764,8,3,1.763257551,-3.892871998,-0.072013178
1734523603.438765764,8,4,-4.614510777,-8.608312003,-0.153771826
1734523603.438765764,8,5,-11.300408394,-0.144483590,-0.059826202
1734523603.438765764,8,6,-0.332538893,-7.048904411,-0.024381253
1734523603.438765764,8,7,-6.080715106,-4.540049759,0.010108494
1734523603.438765764,8,8,-1.026817024,-1.328521482,2.000000000
1734523603.438765764,8,9,-2.308118806,-9.646926002,0.093201384
1734523603.508765697,9,0,-11.051310714,3.454712708,0.021776751
1734523603.508765697,9,1,-11.253272054,2.917873360,-0.172463428
1734523603.508765697,9,2,-6.443870609,-1.600812309,-0.073774500
1734523603.508765697,9,3,-6.333095934,8.082708641,-0.122850076
1734523603.508765697,9,4,-6.234686121,1.859462661,-0.085762350
1734523603.508765697,9,5,-9.688521989,2.768509095,-0.094158424
1734523603.508765697,9,6,-5.782693245,6.598019649,-0.079246341
1734523603.508765697,9,7,-8.976065970,-3.749324761,-0.122697222
1734523603.508765697,9,8,-5.339123908,5.212014174,-0.031267560
1734523603.508765697,9,9,0.731917415,-0.434433436,2.000000000
1734523603.568765879,0,0,3.209610824,-0.578003090,2.000000000
1734523603.568765879,0,1,5.527210563,0.478610242,-0.038649271
1734523603.568765879,0,2,-1.302627373,6.655576330,-0.146925484
1734523603.568765879,0,3,-0.336684884,-6.925954643,-0.072946685
1734523603.568765879,0,4,-5.502552210,-0.901960202,-0.015941840
1734523603.568765879,0,5,2.598359400,6.288593015,0.055659081
1734523603.568765879,0,6,-3.546399111,-5.336012257,0.073335192
1734523603.568765879,0,7,-5.312728899,5.524433661,0.007322687
1734523603.568765879,0,8,3.341283798,-5.505639897,0.007635598
1734523603.568765879,0,9,-11.231379977,-1.948646696,-0.145284795
1734523603.628765821,1,0,-5.312223531,-0.127796891,0.146142188
1734523603.628765821,1,1,-18.859390980,0.122356609,2.000000000
1734523603.628765821,1,2,-6.369790593,6.773331475,0.042706055
1734523603.628765821,1,3,-5.918464529,-7.271236063,-0.066598253
1734523603.628765821,1,4,-10.601274862,-0.678175187,-0.157158264
1734523603.628765821,1,5,-2.299630306,6.078352945,-0.033965966
1734523603.628765821,1,6,-9.256179323,-5.089828374,-0.096786166
1734523603.628765821,1,7,-10.125175251,5.616382699,-0.044150195
1734523603.628765821,1,8,-2.314749613,-5.533607231,-0.086021308
1734523603.628765821,1,9,-7.327417899,-0.454978466,0.089822746
1734523603.688765764,2,0,-6.616722839,-0.874322662,-0.017557420
1734523603.688765764,2,1,-6.642416428,-6.258693548,-0.026008034
1734523603.688765764,2,2,-1.287570332,5.880715900,2.000000000
1734523603.688765764,2,3,-8.841128500,-0.108397442,0.002565699
1734523603.688765764,2,4,-7.202404396,4.532923673,-0.078311658
1734523603.688765764,2,5,-0.628337960,-4.037198963,0.048080040
1734523603.688765764,2,6,-11.143725910,2.946281202,0.078668395
1734523603.688765764,2,7,-0.764006307,3.934847233,0.180327660
1734523603.688765764,2,8,-9.224284394,-3.049097666,-0.170158026
1734523603.688765764,2,9,-5.511057634,7.337978182,-0.110392259
1734523603.748765707,3,0,-6.773485135,0.949370305,0.062544773
1734523603.748765707,3,1,-6.901106268,6.517673987,-0.084677997
1734523603.748765707,3,2,-8.923754909,0.426266571,0.047743470
1734523603.748765707,3,3,-0.920299097,-5.380336252,2.000000000
1734523603.748765707,3,4,-6.627059126,-4.292449065,0.033000426
1734523603.748765707,3,5,-8.493611461,2.851331523,0.051721974
1734523603.748765707,3,6,-2.279697066,-3.067968862,-0.117237652
1734523603.748765707,3,7,-8.202076302,-2.219619474,-0.029588429
1734523603.748765707,3,8,-1.223734369,3.816727802,-0.023024570
1734523603.748765707,3,9,-4.993904559,-9.079281322,-0.005207090
1734523603.818765879,4,0,-3.971344639,3.727359167,0.062672016
1734523603.818765879,4,1,-7.319914207,7.330021276,0.016089346
1734523603.818765879,4,2,-8.540614226,-1.544051455,-0.003436390
1734523603.818765879,4,3,1.918674886,7.847236408,0.004636067
1734523603.818765879,4,4,-5.018764817,-2.054493539,2.000000000
1734523603.818765879,4,5,-10.479825214,1.841820676,-0.020526871
1734523603.818765879,4,6,2.446520989,4.037821644,0.016533278
1734523603.818765879,4,7,-5.245671528,-3.977001100,0.002701738
1734523603.818765879,4,8,-1.649859696,9.661798956,-0.070054312
1734523603.818765879,4,9,4.964089830,-4.483701959,0.023009192
1734523603.878765821,5,0,-6.021946896,2.963985074,-0.076804734
1734523603.878765821,5,1,-5.905545961,-2.280790141,-0.067147560
1734523603.878765821,5,2,0.814931897,3.818690565,-0.092473425
1734523603.878765821,5,3,-7.289981203,2.220009904,0.001714551
1734523603.878765821,5,4,-6.570361351,8.321376575,-0.015135597
1734523603.878765821,5,5,-8.044210328,-1.410925631,2.000000000
1734523603.878765821,5,6,-6.466380302,4.004543985,-0.096831421
1734523603.878765821,5,7,0.081855826,8.081187090,-0.049408753
1734523603.878765821,5,8,-11.348527922,0.237301163,-0.209021350
1734523603.878765821,5,9,-5.286940502,7.274054744,-0.034739315
1734523603.938765764,6,0,-1.268361447,6.396933725,0.020740084
1734523603.938765764,6,1,2.039327360,10.607668788,0.008634921
1734523603.938765764,6,2,-6.756189261,9.052990528,0.008670764
1734523603.938765764,6,3,3.892125872,1.251128609,0.032847114
1734523603.938765764,6,4,-4.359701285,1.738848805,-0.045533788
1734523603.938765764,6,5,-2.837682412,8.157090277,-0.129569553
1734523603.938765764,6,6,12.828476679,1.391370712,2.000000000
1734523603.938765764,6,7,-8.784828162,6.003898352,-0.065324038
1734523603.938765764,6,8,4.975769177,5.187861675,-0.056164136
1734523603.938765764,6,9,-7.956241001,-4.073236312,-0.027552570
1734523603.998765707,7,0,-5.908141520,-4.896186463,0.032135842
1734523603.998765707,7,1,-5.909664532,-10.164158223,-0.063586902
1734523603.998765707,7,2,0.892392986,-3.915444090,0.000227891
1734523603.998765707,7,3,-6.955884830,-2.102892368,0.089837580
1734523603.998765707,7,4,-6.446392244,0.510757112,0.006520958
1734523603.998765707,7,5,0.203320692,-8.198965784,0.079617775
1734523603.998765707,7,6,-11.307907139,-0.956711234,-0.047013987
1734523603.998765707,7,7,13.335674536,-1.078863420,2.000000000
1734523603.998765707,7,8,-6.125453153,-4.164116619,0.003941293
1734523603.998765707,7,9,-7.311905398,7.060025398,0.005636321
1734523604.058765650,8,0,-5.473363012,-3.139665092,-0.032067978
1734523604.058765650,8,1,-5.692175293,2.189080336,-0.024605076
1734523604.058765650,8,2,-9.409619928,-3.335960176,0.112234066
1734523604.058765650,8,3,1.670881789,-3.805729164,0.138352658
1734523604.058765650,8,4,-4.789161329,-8.607297498,-0.022512243
1734523604.058765650,8,5,-11.200612026,-0.367693627,-0.091164597
1734523604.058765650,8,6,-0.210442452,-7.228275390,-0.095179888
1734523604.058765650,8,7,-6.039893243,-4.544776434,0.008902866
1734523604.058765650,8,8,-1.053858767,-1.313352716,2.000000000
1734523604.058765650,8,9,-2.333165694,-9.758624187,0.093201384
1734523604.128765821,9,0,-10.771810081,3.410381396,-0.024572402
1734523604.128765821,9,1,-11.387324040,3.032186936,-0.172463428
1734523604.128765821,9,2,-6.549920169,-1.490699450,0.025166648
1734523604.128765821,9,3,-6.358599782,7.951101985,0.017262205
1734523604.128765821,9,4,-6.291679110,1.874731009,-0.057167589
1734523604.128765821,9,5,-9.760712994,2.893099327,-0.094158424
1734523604.128765821,9,6,-5.677597198,6.461286274,-0.002513142
1734523604.128765821,9,7,-9.154300853,-3.996782700,-0.095109857
1734523604.128765821,9,8,-5.311997816,5.249059952,-0.031267560
1734523604.128765821,9,9,0.727705207,-0.433905879,2.000000000
1734523604.188765764,0,0,3.204630040,-0.577043809,2.000000000
1734523604.188765764,0,1,5.341073700,0.387770776,0.075343747
1734523604.188765764,0,2,-1.316469533,6.797679178,-0.169045087
1734523604.188765764,0,3,-0.358817940,-6.875097421,-0.078699076
1734523604.188765764,0,4,-5.490570985,-0.872678065,-0.000311535
1734523604.188765764,0,5,2.628973270,6.427503492,0.029156766
1734523604.188765764,0,6,-3.606110542,-5.329362512,0.023678965
1734523604.188765764,0,7,-5.233676974,5.625052612,0.055828814
1734523604.188765764,0,8,3.326617559,-5.496012809,0.038753546
1734523604.188765764,0,9,-11.108312032,-2.015133538,-0.052780141
1734523604.248765707,1,0,-5.235224460,-0.101350026,0.117394520
1734523604.248765707,1,1,-19.235208738,0.127166578,2.000000000
1734523604.248765707,1,2,-6.403374917,6.832150657,-0.038424729
1734523604.248765707,1,3,-6.086275060,-7.417086261,0.015143332
1734523604.248765707,1,4,-10.733562673,-0.699612372,-0.040888630
1734523604.248765707,1,5,-2.434320016,6.220328191,0.007869002
1734523604.248765707,1,6,-9.179568235,-5.176648451,-0.118602444
1734523604.248765707,1,7,-10.042895038,5.614343921,-0.006790096
1734523604.248765707,1,8,-2.282269829,-5.770260898,-0.079578156
1734523604.248765707,1,9,-7.274232456,-0.440281185,0.089822746
1734523604.308765650,2,0,-6.518997096,-0.981689925,-0.128532564
1734523604.308765650,2,1,-6.674219627,-6.311169045,-0.039692182
1734523604.308765650,2,2,-1.358729450,5.966872500,2.000000000
1734523604.308765650,2,3,-8.781873773,-0.078286964,0.030126051
1734523604.308765650,2,4,-7.262840515,4.469549428,-0.047677691
1734523604.308765650,2,5,-0.657419252,-3.990891701,0.026984440
1734523604.308765650,2,6,-10.949025911,2.772291095,0.007228653
1734523604.308765650,2,7,-0.874000289,4.048560487,0.053955803
1734523604.308765650,2,8,-9.130334802,-3.052423504,-0.062374253
1734523604.308765650,2,9,-5.405649967,7.268366569,0.023352477
1734523604.368765831,3,0,-6.733228884,1.071680586,0.132414532
1734523604.368765831,3,1,-6.917411671,6.638600433,0.003760867
1734523604.368765831,3,2,-8.534206298,0.327294026,0.095430505
1734523604.368765831,3,3,-0.954602490,-5.428843287,2.000000000
1734523604.368765831,3,4,-6.492586947,-4.096025078,0.038226861
1734523604.368765831,3,5,-8.498399012,2.882425711,0.052325242
1734523604.368765831,3,6,-2.116747938,-2.921142451,0.021917849
1734523604.368765831,3,7,-8.111187053,-2.258745113,-0.008243691
1734523604.368765831,3,8,-1.239502694,3.818484076,-0.009105914
1734523604.368765831,3,9,-4.873232056,-8.954194487,0.065429216
1734523604.428765774,4,0,-4.087068232,3.755450717,0.011449525
1734523604.428765774,4,1,-7.426148906,7.483688003,-0.011368516
1734523604.428765774,4,2,-8.537453529,-1.521322587,-0.026257599
1734523604.428765774,4,3,1.986377223,7.951942419,0.055567413
1734523604.428765774,4,4,-5.005789897,-2.077570163,2.000000000
1734523604.428765774,4,5,-10.714159279,1.854647571,-0.054037764
1734523604.428765774,4,6,2.425266816,3.954328582,-0.007231810
1734523604.428765774,4,7,-5.111276195,-3.984126850,0.072973280
1734523604.428765774,4,8,-1.618575170,9.816979644,-0.008048414
1734523604.428765774,4,9,5.159363982,-4.339545611,-0.019106228
1734523604.498765707,5,0,-5.952053681,2.820583637,-0.028508873
1734523604.498765707,5,1,-6.035911844,-2.263284508,-0.038194186
1734523604.498765707,5,2,0.742992757,3.983390292,0.104905407
1734523604.498765707,5,3,-7.247022752,2.091018770,-0.120143123
1734523604.498765707,5,4,-6.525740985,8.283077993,0.031318836
1734523604.498765707,5,5,-8.179372251,-1.472241142,2.000000000
1734523604.498765707,5,6,-6.407528790,4.060132642,-0.045143396
1734523604.498765707,5,7,0.055056964,7.994166490,-0.008591796
1734523604.498765707,5,8,-11.191669966,0.033571021,-0.134578125
1734523604.498765707,5,9,-5.365534403,7.268282385,-0.034739315
1734523604.558765650,6,0,-1.315105433,6.404709356,-0.065687759
1734523604.558765650,6,1,2.067478391,10.609810030,-0.007408757
1734523604.558765650,6,2,-6.808905261,8.885026450,0.050504278
1734523604.558765650,6,3,3.682901998,1.317032579,0.043410288
1734523604.558765650,6,4,-4.327856950,1.708593427,0.003579390
1734523604.558765650,6,5,-2.781741435,8.052720137,-0.043746768
1734523604.558765650,6,6,13.075129678,1.489044340,2.000000000
1734523604.558765650,6,7,-8.800619817,5.902200251,-0.073949401
1734523604.558765650,6,8,5.149360020,5.136506386,0.012961484
1734523604.558765650,6,9,-8.068480286,-4.132875691,-0.019753375
1734523604.618765831,7,0,-5.983906875,-5.006184972,-0.033121497
1734523604.618765831,7,1,-6.007796604,-10.434990425,-0.038133876
1734523604.618765831,7,2,0.777540285,-3.965721538,-0.011641679
1734523604.618765831,7,3,-6.901240653,-2.169920643,0.052432633
1734523604.618765831,7,4,-6.506699937,0.547607031,-0.018129620
1734523604.618765831,7,5,0.303586433,-8.076005272,-0.089016892
1734523604.618765831,7,6,-11.276118519,-0.963324996,-0.107156402
1734523604.618765831,7,7,13.563161595,-1.158620552,2.000000000
1734523604.618765831,7,8,-6.138518390,-4.101517327,-0.016896333
1734523604.618765831,7,9,-7.223209343,7.089311795,-0.061591922
1734523604.678765774,8,0,-5.574748394,-3.128349105,-0.039517358
1734523604.678765774,8,1,-5.687806877,2.185484470,-0.009183743
1734523604.678765774,8,2,-9.331108240,-3.264851834,0.118483983
1734523604.678765774,8,3,1.740985563,-3.659460841,0.076134202
1734523604.678765774,8,4,-4.843051330,-8.538809860,0.024351283
1734523604.678765774,8,5,-11.464876086,-0.293509000,0.084731883
1734523604.678765774,8,6,-0.396374674,-7.145947046,-0.050721840
1734523604.678765774,8,7,-6.161749462,-4.490255561,0.011797220
1734523604.678765774,8,8,-1.081100872,-1.298057608,2.000000000
1734523604.678765774,8,9,-2.357815873,-9.869416549,0.093201384
1734523604.738765717,9,0,-10.902472402,3.366192900,0.034767005
1734523604.738765717,9,1,-11.524893220,3.149230662,-0.172463428
1734523604.738765717,9,2,-6.544412260,-1.629321929,-0.072947425
1734523604.738765717,9,3,-6.338195909,7.700185750,-0.010842558
1734523604.738765717,9,4,-6.462413603,1.895850968,-0.015109139
1734523604.738765717,9,5,-9.832282268,3.015989105,-0.094158424
1734523604.738765717,9,6,-5.887771353,6.482963125,-0.006763965
1734523604.738765717,9,7,-9.028131694,-3.819726905,-0.073333207
1734523604.738765717,9,8,-5.283995622,5.287441608,-0.031267560
1734523604.738765717,9,9,0.725873286,-0.433156754,2.000000000
1734523604.808765650,0,0,3.192335949,-0.574713765,2.000000000
1734523604.808765650,0,1,5.399600670,0.254132579,0.025941796
1734523604.808765650,0,2,-1.372348631,6.945259858,-0.183156663
1734523604.808765650,0,3,-0.481658531,-7.117926355,-0.063523086
1734523604.808765650,0,4,-5.404951414,-0.858524218,0.023809816
1734523604.808765650,0,5,2.610602243,6.526692893,0.025959433
1734523604.808765650,0,6,-3.633419113,-5.283753923,-0.004805835
1734523604.808765650,0,7,-5.355092946,5.694424906,-0.034487521
1734523604.808765650,0,8,3.246830856,-5.446813668,0.006892454
1734523604.808765650,0,9,-11.055035889,-1.986441731,-0.007792736
1734523604.868765831,1,0,-5.263591536,-0.086936510,-0.038865711
1734523604.868765831,1,1,-19.614663111,0.132079995,2.000000000
1734523604.868765831,1,2,-6.477906055,6.870919900,0.014716655
1734523604.868765831,1,3,-6.032077521,-7.302144584,-0.045879583
1734523604.868765831,1,4,-10.869595175,-0.757760900,-0.055870286
1734523604.868765831,1,5,-2.446996972,6.137744422,0.078497393
1734523604.868765831,1,6,-9.245421577,-5.278527317,-0.012847879
1734523604.868765831,1,7,-9.978979646,5.697021288,-0.019416661
1734523604.868765831,1,8,-2.347207188,-5.937981619,-0.007159756
1734523604.868765831,1,9,-7.213990747,-0.423613558,0.089822746
1734523604.938765764,2,0,-6.451506651,-0.844970748,-0.076762727
1734523604.938765764,2,1,-6.656338882,-6.163288029,0.003489293
1734523604.938765764,2,2,-1.428712862,6.051277581,2.000000000
1734523604.938765764,2,3,-8.741261825,0.029797406,-0.040830327
1734523604.938765764,2,4,-7.281889634,4.366003010,-0.051750119
1734523604.938765764,2,5,-0.753372182,-4.093375411,-0.077021774
1734523604.938765764,2,6,-10.730140461,2.759947565,0.065355477
1734523604.938765764,2,7,-0.863343318,4.035485653,0.000214711
1734523604.938765764,2,8,-9.033199018,-3.020086095,-0.114988076
1734523604.938765764,2,9,-5.472874637,7.202142817,0.050961230
1734523604.998765707,3,0,-6.733923968,1.117680830,0.020575479
1734523604.998765707,3,1,-7.074031231,6.735704994,0.035333514
1734523604.998765707,3,2,-8.812084476,0.459580598,0.076432649
1734523604.998765707,3,3,-0.987603812,-5.475338191,2.000000000
1734523604.998765707,3,4,-6.551667932,-4.262961906,-0.085751992
1734523604.998765707,3,5,-8.359351865,2.884297849,-0.017453438
1734523604.998765707,3,6,-2.096492290,-2.890728409,0.093371829
1734523604.998765707,3,7,-7.960265506,-2.074128999,-0.086494418
1734523604.998765707,3,8,-1.216303430,3.671984804,-0.006708755
1734523604.998765707,3,9,-4.864075149,-8.903550508,0.006534810
1734523605.068765879,4,0,-3.938202329,3.922566021,0.004814987
1734523605.068765879,4,1,-7.515763376,7.650878856,0.126840831
1734523605.068765879,4,2,-8.516003083,-1.606897617,-0.032769367
1734523605.068765879,4,3,1.926124834,7.984830555,-0.002356045
1734523605.068765879,4,4,-4.992432178,-2.100463796,2.000000000
1734523605.068765879,4,5,-10.784679639,1.891400343,0.054477256
1734523605.068765879,4,6,2.406399111,3.990277107,-0.007694465
1734523605.068765879,4,7,-5.177819402,-3.999541308,-0.095730705
1734523605.068765879,4,8,-1.673404181,9.981091908,0.024189057
1734523605.068765879,4,9,5.195765659,-4.360705056,0.108450446
1734523605.128765821,5,0,-6.120751582,2.845023505,-0.063765997
1734523605.128765821,5,1,-6.180592892,-2.364109304,-0.040927215
1734523605.128765821,5,2,0.823195576,3.847401039,-0.055093733
1734523605.128765821,5,3,-7.209639909,2.053885477,-0.151898364
1734523605.128765821,5,4,-6.542646435,8.203713573,0.053092774
1734523605.128765821,5,5,-8.314800603,-1.533672485,2.000000000
1734523605.128765821,5,6,-6.398531905,3.947686789,-0.152914266
1734523605.128765821,5,7,-0.097513597,7.876474079,-0.013724842
1734523605.128765821,5,8,-11.380676159,0.050430934,-0.069739708
1734523605.128765821,5,9,-5.439750945,7.262885116,-0.034739315
1734523605.198765755,6,0,-1.367864244,6.314225423,0.026708648
1734523605.198765755,6,1,1.931444219,10.665638022,0.079895435
1734523605.198765755,6,2,-6.703463641,8.850357731,0.098492826
1734523605.198765755,6,3,3.779898627,1.171359375,0.031833898
1734523605.198765755,6,4,-4.449290822,1.736475805,-0.038223544
1734523605.198765755,6,5,-2.806285319,7.957263996,0.020638608
1734523605.198765755,6,6,13.321274272,1.587271592,2.000000000
1734523605.198765755,6,7,-8.791433212,5.909085679,0.061388654
1734523605.198765755,6,8,4.968001476,5.044576449,-0.033798697
1734523605.198765755,6,9,-7.934043616,-4.096020958,-0.019673497
1734523605.258765697,7,0,-5.982634947,-4.951179676,-0.006324709
1734523605.258765697,7,1,-5.947574944,-10.283457077,-0.068367074
1734523605.258765697,7,2,0.876621794,-4.099445426,0.007308994
1734523605.258765697,7,3,-6.876772993,-2.130369895,0.027177097
1734523605.258765697,7,4,-6.629095851,0.549864293,-0.032060599
1734523605.258765697,7,5,0.305113265,-8.163606356,-0.064455079
1734523605.258765697,7,6,-11.023871116,-0.945455156,-0.064787793
1734523605.258765697,7,7,13.790323599,-1.238575079,2.000000000
1734523605.258765697,7,8,-6.175077185,-4.073832110,-0.091728484
1734523605.258765697,7,9,-7.171424605,7.041689536,0.030589848
1734523605.318765879,8,0,-5.533473727,-3.064888774,-0.042828486
1734523605.318765879,8,1,-5.733367441,2.226963152,0.012185525
1734523605.318765879,8,2,-9.244643327,-3.290847589,0.017945125
1734523605.318765879,8,3,1.729453980,-3.672671410,-0.010638008
1734523605.318765879,8,4,-4.851843891,-8.327671119,-0.007011839
1734523605.318765879,8,5,-11.281476714,-0.385667940,0.059172894
1734523605.318765879,8,6,-0.365749197,-7.085607488,-0.018113311
1734523605.318765879,8,7,-6.176397239,-4.391349284,-0.052580972
1734523605.318765879,8,8,-1.108756623,-1.282508008,2.000000000
1734523605.318765879,8,9,-2.382067993,-9.979281149,0.093201384
1734523605.378765821,9,0,-10.556706047,3.291832282,-0.026676586
1734523605.378765821,9,1,-11.663477539,3.266970647,-0.172463428
1734523605.378765821,9,2,-6.586847838,-1.542734628,-0.149763651
1734523605.378765821,9,3,-6.207441583,7.702354854,0.080051985
1734523605.378765821,9,4,-6.747764156,1.951978339,-0.054160585
1734523605.378765821,9,5,-9.903125219,3.137000693,-0.094158424
1734523605.378765821,9,6,-5.882083586,6.490527453,0.025855686
1734523605.378765821,9,7,-9.157321979,-3.968639167,-0.106096869
1734523605.378765821,9,8,-5.255132137,5.327144429,-0.031267560
1734523605.378765821,9,9,0.725055266,-0.432300209,2.000000000
1734523605.438765764,0,0,3.171892203,-0.570929580,2.000000000
1734523605.438765764,0,1,5.312119511,0.394356387,0.027145986
1734523605.438765764,0,2,-1.407276934,6.829545448,-0.152299021
1734523605.438765764,0,3,-0.447863664,-7.110675424,-0.077596163
1734523605.438765764,0,4,-5.523088076,-0.863746685,0.003084371
1734523605.438765764,0,5,2.523328695,6.582720942,0.025908738
1734523605.438765764,0,6,-3.599071014,-5.390886603,-0.142652606
1734523605.438765764,0,7,-5.347050992,5.693685198,0.002178757
1734523605.438765764,0,8,3.192505116,-5.391906973,0.001411927
1734523605.438765764,0,9,-10.934659122,-1.969175774,0.014116827
1734523605.508765697,1,0,-5.310140994,-0.070532555,-0.017198621
1734523605.508765697,1,1,-19.996452256,0.136997626,2.000000000
1734523605.508765697,1,2,-6.359420125,6.865949142,0.002210530
1734523605.508765697,1,3,-6.207676135,-7.601925083,-0.007974922
1734523605.508765697,1,4,-11.057866409,-0.822375114,-0.029030648
1734523605.508765697,1,5,-2.466539392,6.283260535,0.040962946
1734523605.508765697,1,6,-9.294735952,-5.204546393,-0.104267965
1734523605.508765697,1,7,-9.962645419,5.617334774,-0.141170667
1734523605.508765697,1,8,-2.395936613,-5.989839055,0.026014068
1734523605.508765697,1,9,-7.146720191,-0.404968628,0.089822746
1734523605.568765879,2,0,-6.505174609,-1.016524704,-0.080294038
1734523605.568765879,2,1,-6.741163292,-6.351825842,-0.036826275
1734523605.568765879,2,2,-1.497434308,6.133834168,2.000000000
1734523605.568765879,2,3,-8.671546334,-0.008877350,-0.067161139
1734523605.568765879,2,4,-7.358082792,4.489237672,0.020300566
1734523605.568765879,2,5,-0.623106384,-3.933926685,-0.157546795
1734523605.568765879,2,6,-10.765540665,2.716300261,0.065355477
1734523605.568765879,2,7,-0.766556302,4.174952565,0.071828286
1734523605.568765879,2,8,-9.021603302,-2.875528469,0.000464376
1734523605.568765879,2,9,-5.393089518,7.119072865,0.073702109
1734523605.628765821,3,0,-6.815425612,1.194934013,0.083433790
1734523605.628765821,3,1,-6.998825876,6.657453592,0.071591149
1734523605.628765821,3,2,-8.427385622,0.312864399,-0.049246655
1734523605.628765821,3,3,-1.019233997,-5.519722851,2.000000000
1734523605.628765821,3,4,-6.601859410,-4.290295724,-0.194798542
1734523605.628765821,3,5,-8.382049116,2.897930382,0.024526081
1734523605.628765821,3,6,-2.195542298,-3.019541566,0.059672405
1734523605.628765821,3,7,-7.872297187,-2.142780050,-0.085112754
1734523605.628765821,3,8,-1.287306432,3.635080092,0.050399003
1734523605.628765821,3,9,-4.921403301,-8.699549295,-0.010268767
1734523605.698765755,4,0,-3.999364505,3.683476759,-0.022041423
1734523605.698765755,4,1,-7.464213158,7.900119575,0.022935045
1734523605.698765755,4,2,-8.582481063,-1.494275361,-0.010757155
1734523605.698765755,4,3,2.026176658,8.213756071,-0.016515512
1734523605.698765755,4,4,-4.978729335,-2.122929648,2.000000000
1734523605.698765755,4,5,-10.815189866,1.865190000,-0.063581474
1734523605.698765755,4,6,2.404349268,4.024231956,-0.001758144
1734523605.698765755,4,7,-5.291647253,-3.971757832,-0.039087715
1734523605.698765755,4,8,-1.617549816,9.652962613,0.009263925
1734523605.698765755,4,9,5.139936517,-4.427632313,-0.029347535
1734523605.758765697,5,0,-6.127329480,2.885824317,-0.031143095
1734523605.758765697,5,1,-6.009818708,-2.346543680,-0.052561489
1734523605.758765697,5,2,0.583668930,3.922161322,0.028159195
1734523605.758765697,5,3,-7.177309532,2.080572353,-0.111025105
1734523605.758765697,5,4,-6.371339772,8.219805683,0.032237005
1734523605.758765697,5,5,-8.452305914,-1.596102196,2.000000000
1734523605.758765697,5,6,-6.412307709,3.898293545,-0.200154412
1734523605.758765697,5,7,-0.088380935,8.087721467,0.040756322
1734523605.758765697,5,8,-11.239787687,0.191869484,-0.046604701
1734523605.758765697,5,9,-5.509514246,7.257863915,-0.034739315
1734523605.828765869,6,0,-1.338053056,6.348805689,0.038423451
1734523605.828765869,6,1,2.067294847,10.839947047,-0.043984459
1734523605.828765869,6,2,-6.615533737,8.782463032,0.122036977
1734523605.828765869,6,3,3.662878333,1.149160813,0.015499256
1734523605.828765869,6,4,-4.419693324,1.694834635,-0.017316871
1734523605.828765869,6,5,-2.780878033,7.926015331,0.042313050
1734523605.828765869,6,6,13.566747384,1.685968433,2.000000000
1734523605.828765869,6,7,-8.966620742,6.063675887,-0.003765069
1734523605.828765869,6,8,4.972835306,5.069490957,0.016299112
1734523605.828765869,6,9,-7.937873276,-4.117443764,-0.062000525
1734523605.888765812,7,0,-6.059249674,-5.046169691,-0.053957837
1734523605.888765812,7,1,-6.066198417,-10.312140282,-0.088745062
1734523605.888765812,7,2,0.921086394,-4.049409981,0.001433426
1734523605.888765812,7,3,-6.842607584,-2.161040706,-0.102235235
1734523605.888765812,7,4,-6.615886017,0.549293926,-0.044606711
1734523605.888765812,7,5,0.241605408,-7.990689709,-0.033623652
1734523605.888765812,7,6,-11.100466063,-0.961621016,0.001912671
1734523605.888765812,7,7,14.017071636,-1.318645418,2.000000000
1734523605.888765812,7,8,-6.120744554,-4.158414929,-0.081111540
1734523605.888765812,7,9,-7.465340418,7.254645133,-0.092084742
1734523605.948765755,8,0,-5.539537714,-3.058134346,0.020239871
1734523605.948765755,8,1,-5.663174127,2.216179669,-0.011366351
1734523605.948765755,8,2,-9.173464395,-3.232973194,-0.037366708
1734523605.948765755,8,3,1.624040220,-3.591839908,0.023427382
1734523605.948765755,8,4,-4.956810125,-8.445785468,0.069942189
1734523605.948765755,8,5,-11.321911780,-0.303480877,0.106127031
1734523605.948765755,8,6,-0.229118373,-7.129548203,-0.048108846
1734523605.948765755,8,7,-6.177455488,-4.314848294,-0.052580972
1734523605.948765755,8,8,-1.137660000,-1.266255253,2.000000000
1734523605.948765755,8,9,-2.405821324,-10.087834610,0.093201384
1734523606.018765688,9,0,-10.744588621,3.260825670,-0.102550829
1734523606.018765688,9,1,-11.803281598,3.385555192,-0.172463428
1734523606.018765688,9,2,-6.624848835,-1.529669722,-0.034571286
1734523606.018765688,9,3,-6.126360451,7.637353140,-0.060246710
1734523606.018765688,9,4,-6.735922288,1.916200924,0.002698034
1734523606.018765688,9,5,-9.973099671,3.256118824,-0.094158424
1734523606.018765688,9,6,-5.930458644,6.435700197,0.020854885
1734523606.018765688,9,7,-9.038243674,-3.968724151,-0.056052489
1734523606.018765688,9,8,-5.225331040,5.368293954,-0.031267560
1734523606.018765688,9,9,0.724770657,-0.431089943,2.000000000
1734523606.078765869,0,0,3.146265776,-0.566357733,2.000000000
1734523606.078765869,0,1,5.336197371,0.345682417,-0.015525705
1734523606.078765869,0,2,-1.536555744,7.082146589,0.029001705
1734523606.078765869,0,3,-0.444867658,-7.229440494,0.108915469
1734523606.078765869,0,4,-5.580859182,-0.920366593,0.000957815
1734523606.078765869,0,5,2.529176655,6.448467188,0.039118606
1734523606.078765869,0,6,-3.522106439,-5.424765281,0.054842785
1734523606.078765869,0,7,-5.308601377,5.701123882,0.041643669
1734523606.078765869,0,8,3.237044744,-5.479237057,-0.029254580
1734523606.078765869,0,9,-10.864938003,-1.980973166,-0.093255907
1734523606.138765812,1,0,-5.187404178,-0.158862601,-0.079461172
1734523606.138765812,1,1,-20.380574927,0.141912991,2.000000000
1734523606.138765812,1,2,-6.547198613,6.980504947,0.010413226
1734523606.138765812,1,3,-6.121858214,-7.557272564,-0.053207913
1734523606.138765812,1,4,-10.875580112,-0.837286903,0.002441889
1734523606.138765812,1,5,-2.465376458,6.164291214,0.029504113
1734523606.138765812,1,6,-9.332695954,-5.390569548,-0.101946554
1734523606.138765812,1,7,-9.888092856,5.691616345,-0.132445893
1734523606.138765812,1,8,-2.317814305,-5.733732980,-0.010699142
1734523606.138765812,1,9,-7.072423024,-0.384332723,0.089822746
1734523606.198765755,2,0,-6.614389115,-0.956277637,-0.150914585
1734523606.198765755,2,1,-6.828718265,-6.272452088,-0.004052036
1734523606.198765755,2,2,-1.564795282,6.214420980,2.000000000
1734523606.198765755,2,3,-8.644408618,0.030381039,0.032363085
1734523606.198765755,2,4,-7.396998853,4.299238183,0.000164611
1734523606.198765755,2,5,-0.605291250,-3.910620590,0.075952683
1734523606.198765755,2,6,-10.560357478,2.687880725,-0.014651145
1734523606.198765755,2,7,-0.911417426,4.044697889,-0.060219511
1734523606.198765755,2,8,-8.938225903,-2.837215769,-0.019894812
1734523606.198765755,2,9,-5.366694874,7.142659611,-0.035500361
1734523606.268765688,3,0,-6.789625566,1.164265382,0.067885783
1734523606.268765688,3,1,-7.055415817,6.700994213,0.032855715
1734523606.268765688,3,2,-8.717900056,0.344601967,-0.068576083
1734523606.268765688,3,3,-1.049467915,-5.561972842,2.000000000
1734523606.268765688,3,4,-6.740569303,-4.282879477,-0.154634436
1734523606.268765688,3,5,-8.279896237,2.742294897,0.061337344
1734523606.268765688,3,6,-2.274680234,-3.073634987,0.158926160
1734523606.268765688,3,7,-7.744189029,-2.032152919,-0.011919738
1734523606.268765688,3,8,-1.232020286,3.772891618,-0.002860885
1734523606.268765688,3,9,-4.820091550,-8.699848592,0.011332825
1734523606.328765869,4,0,-4.164245534,3.864046358,-0.001833713
1734523606.328765869,4,1,-7.643485198,7.744129456,0.057940217
1734523606.328765869,4,2,-8.577175496,-1.678334958,0.023596466
1734523606.328765869,4,3,2.005919437,8.093529506,0.015288783
1734523606.328765869,4,4,-4.964753263,-2.145110960,2.000000000
1734523606.328765869,4,5,-10.872634338,1.794172980,0.031766563
1734523606.328765869,4,6,2.395203391,4.020862631,0.034335433
1734523606.328765869,4,7,-5.471195896,-4.107304851,0.005128845
1734523606.328765869,4,8,-1.582691019,9.672614455,-0.038145768
1734523606.328765869,4,9,4.878758293,-4.369394315,-0.087132436
1734523606.398765802,5,0,-6.180928400,2.911462096,0.007073247
1734523606.398765802,5,1,-6.006250594,-2.371001940,-0.047067653
1734523606.398765802,5,2,0.713666772,3.745246804,0.087529323
1734523606.398765802,5,3,-7.155804031,1.996409866,-0.111327428
1734523606.398765802,5,4,-6.715748669,8.256374236,-0.071599214
1734523606.398765802,5,5,-8.592080980,-1.659636463,2.000000000
1734523606.398765802,5,6,-6.429831702,3.864220780,-0.029333604
1734523606.398765802,5,7,-0.108550237,8.044510233,0.106374584
1734523606.398765802,5,8,-11.186437218,0.087193272,-0.056664160
1734523606.398765802,5,9,-5.574808847,7.253214562,-0.034739315
1734523606.458765745,6,0,-1.339194998,6.397944660,-0.000050618
1734523606.458765745,6,1,2.020184791,10.863003302,-0.070257629
1734523606.458765745,6,2,-6.512150007,8.746811851,0.104318092
1734523606.458765745,6,3,3.681685668,1.094952712,0.016720706
1734523606.458765745,6,4,-4.398068850,1.670525730,-0.029197134
1734523606.458765745,6,5,-2.709732037,7.845123759,0.047728314
1734523606.458765745,6,6,13.811560061,1.785159612,2.000000000
1734523606.458765745,6,7,-9.127513683,6.230892252,-0.138480084
1734523606.458765745,6,8,4.845290350,5.041146779,-0.096669884
1734523606.458765745,6,9,-7.823159451,-4.121466879,-0.055608014
1734523606.518765688,7,0,-6.086455868,-4.948971202,0.021812081
1734523606.518765688,7,1,-5.914066338,-10.200964069,0.047542926
1734523606.518765688,7,2,0.885524274,-4.067300319,-0.071393808
1734523606.518765688,7,3,-6.778105126,-2.136002253,-0.102235235
1734523606.518765688,7,4,-6.662336311,0.489258185,0.001354909
1734523606.518765688,7,5,0.176893749,-8.022047550,0.153705868
1734523606.518765688,7,6,-11.211616347,-0.863797031,-0.017965438
1734523606.518765688,7,7,14.243485156,-1.398932180,2.000000000
1734523606.518765688,7,8,-6.137817342,-4.177263083,-0.065295384
1734523606.518765688,7,9,-7.581597843,7.404100700,-0.068041006
1734523606.578765869,8,0,-5.458928796,-2.983913765,0.016578866
1734523606.578765869,8,1,-5.724472871,2.274741410,-0.025975091
1734523606.578765869,8,2,-9.085577449,-3.184711414,-0.044872026
1734523606.578765869,8,3,1.669025316,-3.670825601,-0.013359592
1734523606.578765869,8,4,-4.946770953,-8.547417512,-0.103601900
1734523606.578765869,8,5,-11.177557975,-0.333236659,-0.063589166
1734523606.578765869,8,6,-0.298454835,-6.952049083,0.074033234
1734523606.578765869,8,7,-6.179115739,-4.230777546,0.047758113
1734523606.578765869,8,8,-1.169436712,-1.248384975,2.000000000
1734523606.578765869,8,9,-2.429072061,-10.195047454,0.093201384
1734523606.648765802,9,0,-10.359009993,3.076934036,-0.143259419
1734523606.648765802,9,1,-11.944238723,3.504931198,-0.172463428
1734523606.648765802,9,2,-6.647003644,-1.569096650,-0.056891398
1734523606.648765802,9,3,-6.002397887,7.601783182,-0.082884662
1734523606.648765802,9,4,-6.496819474,1.889113918,-0.052613802
1734523606.648765802,9,5,-10.042143752,3.373220234,-0.094158424
1734523606.648765802,9,6,-5.843598951,6.304947246,0.002861583
1734523606.648765802,9,7,-9.295660960,-4.070283856,-0.095119903
1734523606.648765802,9,8,-5.194565867,5.410936756,-0.031267560
1734523606.648765802,9,9,0.725242315,-0.427843923,2.000000000
1734523606.708765745,0,0,3.118661002,-0.561660671,2.000000000
1734523606.708765745,0,1,5.413617668,0.400309179,-0.105828374
1734523606.708765745,0,2,-1.430563825,7.148749109,-0.052857160
1734523606.708765745,0,3,-0.533197270,-7.269862470,0.013762659
1734523606.708765745,0,4,-5.586349971,-0.901024411,-0.030148720
1734523606.708765745,0,5,2.512027983,6.442446450,0.014929564
1734523606.708765745,0,6,-3.488144506,-5.457055386,-0.107017425
1734523606.708765745,0,7,-5.408939408,5.895727387,0.005222200
1734523606.708765745,0,8,3.106088928,-5.410278471,0.053509254
1734523606.708765745,0,9,-10.769551071,-2.054654510,-0.072908872
1734523606.768765688,1,0,-5.112453842,-0.006220304,0.055298267
1734523606.768765688,1,1,-20.767117701,0.146838212,2.000000000
1734523606.768765688,1,2,-6.549957744,6.938224307,-0.064935964
1734523606.768765688,1,3,-6.144301007,-7.595770719,0.005980341
1734523606.768765688,1,4,-10.960668986,-0.845558166,-0.104957468
1734523606.768765688,1,5,-2.557914602,6.278834895,0.016586419
1734523606.768765688,1,6,-9.332818252,-5.281598949,-0.097957639
1734523606.768765688,1,7,-9.896000789,5.549928849,-0.131775618
1734523606.768765688,1,8,-2.343930029,-5.819343311,0.001783550
1734523606.768765688,1,9,-6.990649038,-0.361566193,0.089822746
1734523606.828765869,2,0,-6.615282664,-1.021721481,-0.086842626
1734523606.828765869,2,1,-6.999101541,-6.493912520,0.036766354
1734523606.828765869,2,2,-1.630766743,6.293012413,2.000000000
1734523606.828765869,2,3,-8.574997858,-0.032128979,-0.067132432
1734523606.828765869,2,4,-7.364746884,4.284850032,0.009359731
1734523606.828765869,2,5,-0.579025848,-4.106294362,0.129657877
1734523606.828765869,2,6,-10.447035014,2.609834128,-0.016538731
1734523606.828765869,2,7,-0.897909726,4.047689145,-0.093218883
1734523606.828765869,2,8,-8.885092539,-2.760248252,0.012304484
1734523606.828765869,2,9,-5.300571847,7.091546127,0.052523281
1734523606.898765802,3,0,-6.930604100,1.093909828,-0.023573398
1734523606.898765802,3,1,-7.122805050,6.716221220,-0.087442236
1734523606.898765802,3,2,-8.340573383,0.261151589,-0.126231999
1734523606.898765802,3,3,-1.078219659,-5.601977574,2.000000000
1734523606.898765802,3,4,-6.699648192,-4.273135106,-0.137857716
1734523606.898765802,3,5,-8.278482324,2.802896455,-0.071196086
1734523606.898765802,3,6,-2.264338146,-3.209148693,0.030747611
1734523606.898765802,3,7,-7.621322903,-1.916118327,-0.095924760
1734523606.898765802,3,8,-1.283407706,3.843984110,0.010143703
1734523606.898765802,3,9,-4.797398024,-8.543459258,0.109563946
1734523606.958765745,4,0,-4.188358587,3.804848443,0.148284717
1734523606.958765745,4,1,-7.688207790,7.837117458,0.013229333
1734523606.958765745,4,2,-8.556072588,-1.622813360,0.043589077
1734523606.958765745,4,3,2.075912933,8.241076794,0.029418164
1734523606.958765745,4,4,-4.950481144,-2.167308708,2.000000000
1734523606.958765745,4,5,-11.063112602,1.856563949,-0.027847664
1734523606.958765745,4,6,2.361074411,3.938529736,-0.007301607
1734523606.958765745,4,7,-5.395612792,-4.037018441,-0.143262160
1734523606.958765745,4,8,-1.670131608,9.865508779,-0.003674024
1734523606.958765745,4,9,4.922894696,-4.315209591,-0.150874011
1734523607.018765688,5,0,-6.258682372,2.881516331,-0.008244115
1734523607.018765688,5,1,-6.151251921,-2.482910145,-0.030380081
1734523607.018765688,5,2,0.720955133,3.870908883,-0.121906560
1734523607.018765688,5,3,-7.161368450,2.003053440,0.003183850
1734523607.018765688,5,4,-6.699803955,8.154276334,-0.171103970
1734523607.018765688,5,5,-8.734366878,-1.724406992,2.000000000
1734523607.018765688,5,6,-6.443073847,3.892715611,-0.115072032
1734523607.018765688,5,7,0.023978472,8.164868499,0.173654980
1734523607.018765688,5,8,-11.102180046,0.073327093,-0.149511731
1734523607.018765688,5,9,-5.635427776,7.248948882,-0.034739315
1734523607.088765860,6,0,-1.346992858,6.472081530,0.013777689
1734523607.088765860,6,1,2.079583217,11.044253003,0.001504560
1734523607.088765860,6,2,-6.482584215,8.634031162,0.135434336
1734523607.088765860,6,3,3.553702425,1.195938172,0.004743132
1734523607.088765860,6,4,-4.339640981,1.662888557,0.002357361
1734523607.088765860,6,5,-2.685674547,7.854109278,-0.027329864
1734523607.088765860,6,6,14.055677304,1.884827250,2.000000000
1734523607.088765860,6,7,-9.004685309,6.131996687,0.033389569
1734523607.088765860,6,8,5.049635838,4.975501185,0.089373554
1734523607.088765860,6,9,-7.968216978,-4.070120944,-0.044853419
1734523607.148765802,7,0,-6.093090750,-4.954534607,-0.005590459
1734523607.148765802,7,1,-5.977487767,-10.246957382,-0.001175543
1734523607.148765802,7,2,0.852878964,-3.958746151,-0.036696611
1734523607.148765802,7,3,-6.766144606,-2.214566683,0.045427965
1734523607.148765802,7,4,-6.691568354,0.555482208,-0.026688023
1734523607.148765802,7,5,0.245411525,-7.814267643,0.014136078
1734523607.148765802,7,6,-11.365355340,-0.929567954,-0.053972168
1734523607.148765802,7,7,14.469581666,-1.479422191,2.000000000
1734523607.148765802,7,8,-6.138001069,-4.113077720,0.050773888
1734523607.148765802,7,9,-7.550916457,7.377740245,0.066437390
1734523607.218765736,8,0,-5.563932245,-2.959943886,-0.036741813
1734523607.218765736,8,1,-5.977505616,2.369781591,0.024777832
1734523607.218765736,8,2,-9.044244938,-2.991863347,-0.015786219
1734523607.218765736,8,3,1.738649745,-3.781444435,0.019443306
1734523607.218765736,8,4,-4.870225322,-8.542105835,-0.143872495
1734523607.218765736,8,5,-11.182541570,-0.339091537,-0.074670675
1734523607.218765736,8,6,-0.372043370,-7.063043497,-0.029367755
1734523607.218765736,8,7,-6.190498651,-4.467829344,0.075088231
1734523607.218765736,8,8,-1.202627602,-1.229702506,2.000000000
1734523607.218765736,8,9,-2.451768096,-10.300698428,0.093201384
1734523607.278765678,9,0,-10.629092298,3.106549521,-0.136557153
1734523607.278765678,9,1,-12.086819284,3.625473848,-0.172463428
1734523607.278765678,9,2,-6.669762200,-1.581949906,-0.038948739
1734523607.278765678,9,3,-6.041469358,7.474187092,-0.156365530
1734523607.278765678,9,4,-6.557501904,1.922279016,-0.031475021
1734523607.278765678,9,5,-10.110237535,3.488306928,-0.094158424
1734523607.278765678,9,6,-5.860683888,6.493622896,0.017203954
1734523607.278765678,9,7,-9.140848690,-4.041410314,-0.045333905
1734523607.278765678,9,8,-5.162778119,5.455165136,-0.031267560
1734523607.278765678,9,9,0.727141456,-0.421673829,2.000000000
1734523607.338765860,0,0,3.091574697,-0.557272103,2.000000000
1734523607.338765860,0,1,5.257906528,0.428802388,-0.021889798
1734523607.338765860,0,2,-1.581248663,7.301581673,-0.140448415
1734523607.338765860,0,3,-0.667621081,-7.372348976,-0.025005517
1734523607.338765860,0,4,-5.508080786,-0.910184163,-0.029214045
1734523607.338765860,0,5,2.507388818,6.500997240,-0.022796955
1734523607.338765860,0,6,-3.625918606,-5.340929115,-0.016504187
1734523607.338765860,0,7,-5.353492938,5.852948619,0.001716956
1734523607.338765860,0,8,3.089121751,-5.343785314,0.021927196
1734523607.338765860,0,9,-10.648866879,-1.946198555,-0.102820411
1734523607.408765793,1,0,-5.117129844,-0.264752428,0.091971891
1734523607.408765793,1,1,-21.155952006,0.151773004,2.000000000
1734523607.408765793,1,2,-6.597938118,6.963941597,-0.054085427
1734523607.408765793,1,3,-6.174741430,-7.676111242,-0.065841210
1734523607.408765793,1,4,-10.871544893,-0.698937895,-0.017738663
1734523607.408765793,1,5,-2.600274556,6.399005596,0.013175168
1734523607.408765793,1,6,-9.246886752,-5.342321560,-0.127094873
1734523607.408765793,1,7,-9.829869318,5.586784050,-0.177986422
1734523607.408765793,1,8,-2.444513240,-5.922289849,-0.037847814
1734523607.408765793,1,9,-6.901478206,-0.336669962,0.089822746
1734523607.468765736,2,0,-6.487806769,-0.982018807,-0.043897727
1734523607.468765736,2,1,-6.999707561,-6.458919813,0.003302336
1734523607.468765736,2,2,-1.695496147,6.369804540,2.000000000
1734523607.468765736,2,3,-8.554804227,-0.036673004,-0.088361675
1734523607.468765736,2,4,-7.548202689,4.309855402,-0.063542947
1734523607.468765736,2,5,-0.502707894,-4.045560721,0.048099157
1734523607.468765736,2,6,-10.328599938,2.503612788,0.070123320
1734523607.468765736,2,7,-0.901429182,4.164525773,-0.044253697
1734523607.468765736,2,8,-8.764445296,-2.861068578,0.021837664
1734523607.468765736,2,9,-5.225857919,7.134991313,0.067920100
1734523607.528765678,3,0,-6.975539425,1.293245082,0.018399537
1734523607.528765678,3,1,-7.057481260,6.705866267,-0.090384185
1734523607.528765678,3,2,-8.629650398,0.302909216,-0.132077613
1734523607.528765678,3,3,-1.105719551,-5.640123601,2.000000000
1734523607.528765678,3,4,-6.771278551,-4.140698685,-0.045710388
1734523607.528765678,3,5,-8.174301370,2.721574785,-0.153135641
1734523607.528765678,3,6,-2.249812741,-3.046146301,0.027229135
1734523607.528765678,3,7,-7.453660619,-1.976915376,-0.000211163
1734523607.528765678,3,8,-1.273401454,3.801262885,0.012034563
1734523607.528765678,3,9,-4.788010730,-8.501792328,0.054257014
1734523607.588765860,4,0,-4.082614598,3.807048262,0.063083049
1734523607.588765860,4,1,-7.645384852,7.700740897,0.128372270
1734523607.588765860,4,2,-8.725133229,-1.643015689,0.022310794
1734523607.588765860,4,3,2.058216557,8.113139560,0.014933218
1734523607.588765860,4,4,-4.936085748,-2.189368421,2.000000000
1734523607.588765860,4,5,-11.095236765,1.826047378,0.032919490
1734523607.588765860,4,6,2.362719398,4.033523965,0.006312428
1734523607.588765860,4,7,-5.489607435,-4.010157382,-0.056943998
1734523607.588765860,4,8,-1.566414839,9.910967746,0.018263926
1734523607.588765860,4,9,5.104167244,-4.643973098,-0.093034992
1734523607.658765793,5,0,-6.101117881,2.761303821,-0.031224856
1734523607.658765793,5,1,-6.338179373,-2.592043862,-0.015815174
1734523607.658765793,5,2,0.725566943,3.766985170,0.015623289
1734523607.658765793,5,3,-7.134583399,1.954905084,0.064656025
1734523607.658765793,5,4,-6.772862442,8.321867723,-0.269656408
1734523607.658765793,5,5,-8.879260178,-1.790482027,2.000000000
1734523607.658765793,5,6,-6.454818791,3.848392006,-0.124963458
1734523607.658765793,5,7,-0.119800584,8.239329761,0.014945253
1734523607.658765793,5,8,-11.050227290,0.043318802,-0.129091230
1734523607.658765793,5,9,-5.691287688,7.245065626,-0.034739315
1734523607.718765736,6,0,-1.386432152,6.522009289,0.046670029
1734523607.718765736,6,1,1.998758165,11.122291488,0.024665188
1734523607.718765736,6,2,-6.449675939,8.669683193,0.135434336
1734523607.718765736,6,3,3.883916775,1.122243216,-0.013816626
1734523607.718765736,6,4,-4.409067637,1.553700307,-0.004768738
1734523607.718765736,6,5,-2.690966017,7.829450656,-0.027329864
1734523607.718765736,6,6,14.299045903,1.984960995,2.000000000
1734523607.718765736,6,7,-9.392746343,6.322814033,-0.038791159
1734523607.718765736,6,8,4.847627722,4.953818154,0.098465950
1734523607.718765736,6,9,-7.945860693,-4.089959384,0.009814362
1734523607.788765669,7,0,-6.059675421,-5.005326572,-0.037197593
1734523607.788765669,7,1,-5.902169405,-10.150847897,-0.001175543
1734523607.788765669,7,2,0.939283502,-3.869795050,0.048468913
1734523607.788765669,7,3,-6.782943363,-2.015170581,-0.006965879
1734523607.788765669,7,4,-6.699773440,0.473940706,-0.086026512
1734523607.788765669,7,5,0.236822646,-8.063788214,-0.068966917
1734523607.788765669,7,6,-11.268457489,-0.995693066,-0.096993349
1734523607.788765669,7,7,14.695364207,-1.560116812,2.000000000
1734523607.788765669,7,8,-6.288103674,-3.984708411,-0.034318486
1734523607.788765669,7,9,-7.464300640,7.305153181,-0.021310994
1734523607.848765850,8,0,-5.729095846,-3.006459148,-0.067324402
1734523607.848765850,8,1,-6.002707266,2.461155463,-0.002961175
1734523607.848765850,8,2,-8.968972767,-2.936713574,-0.045775959
1734523607.848765850,8,3,1.711208019,-3.706060026,0.139382176
1734523607.848765850,8,4,-4.800486353,-8.628254266,-0.110082004
1734523607.848765850,8,5,-11.089466935,-0.283342547,-0.095628727
1734523607.848765850,8,6,-0.409319174,-6.988717917,-0.040239783
1734523607.848765850,8,7,-6.255702933,-4.339681728,0.017910586
1734523607.848765850,8,8,-1.237465608,-1.210066002,2.000000000
1734523607.848765850,8,9,-2.473884875,-10.404663888,0.093201384
1734523607.908765793,9,0,-10.176290904,2.956542837,-0.105103092
1734523607.908765793,9,1,-12.230604538,3.746844452,-0.172463428
1734523607.908765793,9,2,-6.687143314,-1.557180987,-0.059669316
1734523607.908765793,9,3,-5.936042552,7.408052340,-0.137936337
1734523607.908765793,9,4,-6.675404462,1.825518232,-0.053740876
1734523607.908765793,9,5,-10.177333703,3.601301583,-0.094158424
1734523607.908765793,9,6,-6.206452317,6.701361321,-0.094635049
1734523607.908765793,9,7,-9.559758722,-4.094033990,-0.121556208
1734523607.908765793,9,8,-5.129881601,5.501121349,-0.031267560
1734523607.908765793,9,9,0.730529861,-0.411340650,2.000000000
1734523607.968765736,0,0,3.066508692,-0.553377228,2.000000000
1734523607.968765736,0,1,5.394399512,0.406649273,-0.013396295
1734523607.968765736,0,2,-1.678638675,7.125310988,-0.007791519
1734523607.968765736,0,3,-0.627538326,-7.365889958,0.001556231
1734523607.968765736,0,4,-5.596048941,-0.963038895,-0.014701516
1734523607.968765736,0,5,2.510479752,6.575742307,-0.109033299
1734523607.968765736,0,6,-3.707178120,-5.516778689,-0.022210637
1734523607.968765736,0,7,-5.474091162,5.907177647,-0.016824275
1734523607.968765736,0,8,3.173696702,-5.633227639,0.009173627
1734523607.968765736,0,9,-10.481720942,-1.956582441,-0.085996316
1734523608.028765678,1,0,-5.129636605,-0.050167351,0.021957850
1734523608.028765678,1,1,-21.547334421,0.156720396,2.000000000
1734523608.028765678,1,2,-6.466127139,6.917606620,-0.020145189
1734523608.028765678,1,3,-6.333356682,-7.700864968,0.066121502
1734523608.028765678,1,4,-10.891701400,-0.797954267,0.012886426
1734523608.028765678,1,5,-2.591324106,6.550194432,-0.049235236
1734523608.028765678,1,6,-9.329442003,-5.304731645,-0.007515443
1734523608.028765678,1,7,-9.757485575,5.553644522,-0.090019471
1734523608.028765678,1,8,-2.462285381,-6.081925364,-0.008334429
1734523608.028765678,1,9,-6.802797068,-0.309060770,0.089822746
1734523608.098765850,2,0,-6.550182580,-1.168356613,0.026772040
1734523608.098765850,2,1,-7.061147478,-6.678766786,-0.013447986
1734523608.098765850,2,2,-1.758851041,6.444645913,2.000000000
1734523608.098765850,2,3,-8.485900591,-0.161491036,-0.053814857
1734523608.098765850,2,4,-7.704833981,4.488737227,-0.087221762
1734523608.098765850,2,5,-0.585728076,-4.037974604,0.106214680
1734523608.098765850,2,6,-10.242324799,2.518755245,-0.002278437
1734523608.098765850,2,7,-1.033710938,4.112178523,-0.019639253
1734523608.098765850,2,8,-8.708365008,-2.832513748,0.044707504
1734523608.098765850,2,9,-5.353403477,6.988324490,-0.006748479
1734523608.158765793,3,0,-7.004650295,1.188091180,-0.010976383
1734523608.158765793,3,1,-7.065600035,6.618248867,-0.059646763
1734523608.158765793,3,2,-8.260917611,0.256497457,-0.185356048
1734523608.158765793,3,3,-1.131871840,-5.676273321,2.000000000
1734523608.158765793,3,4,-6.833610459,-4.098698106,-0.075326703
1734523608.158765793,3,5,-8.227912903,2.669460191,-0.044514000
1734523608.158765793,3,6,-2.365657836,-3.066886380,0.049286639
1734523608.158765793,3,7,-7.378471084,-1.900974446,-0.067074744
1734523608.158765793,3,8,-1.311949331,3.786580129,0.017179170
1734523608.158765793,3,9,-4.689423689,-8.381477819,0.010650761
1734523608.218765736,4,0,-3.984285621,3.848654261,-0.007113606
1734523608.218765736,4,1,-7.616713062,7.883342691,0.130477978
1734523608.218765736,4,2,-8.822772200,-1.665970055,-0.020282062
1734523608.218765736,4,3,2.091812653,7.982206500,-0.073760532
1734523608.218765736,4,4,-4.921655273,-2.211183780,2.000000000
1734523608.218765736,4,5,-11.162312905,1.830811413,0.040010953
1734523608.218765736,4,6,2.484025667,4.305760570,-0.002476682
1734523608.218765736,4,7,-5.409694719,-4.168588905,0.066624665
1734523608.218765736,4,8,-1.521186527,9.985068957,0.018801753
1734523608.218765736,4,9,5.337328424,-4.621921116,-0.025007428
1734523608.278765678,5,0,-6.463407219,2.870258613,-0.013808329
1734523608.278765678,5,1,-6.522210599,-2.637524807,-0.012523236
1734523608.278765678,5,2,0.823911073,3.866235504,-0.030163756
1734523608.278765678,5,3,-7.200753731,2.070231646,0.038037914
1734523608.278765678,5,4,-6.735494897,8.302622141,-0.076838439
1734523608.278765678,5,5,-9.026621266,-1.857804570,2.000000000
1734523608.278765678,5,6,-6.459573083,3.838869039,0.033606568
1734523608.278765678,5,7,-0.074918865,8.268857819,0.171751746
1734523608.278765678,5,8,-10.935492950,0.134000106,0.016335881
1734523608.278765678,5,9,-5.742444447,7.241553611,-0.034739315
1734523608.348765850,6,0,-1.411993158,6.522484680,-0.051417004
1734523608.348765850,6,1,1.979333713,10.865876001,-0.025112097
1734523608.348765850,6,2,-6.478117264,8.503548971,0.052551569
1734523608.348765850,6,3,3.620800328,1.012881464,0.001492208
1734523608.348765850,6,4,-4.429253472,1.625627835,-0.032832946
1734523608.348765850,6,5,-2.720421283,7.763012288,0.080741089
1734523608.348765850,6,6,14.541645587,2.085567139,2.000000000
1734523608.348765850,6,7,-9.324024445,6.318983724,-0.024812434
1734523608.348765850,6,8,4.999878497,5.141243216,0.016210794
1734523608.348765850,6,9,-7.899617138,-4.178732297,-0.085454049
1734523608.408765793,7,0,-6.187011562,-5.135661037,0.033543670
1734523608.408765793,7,1,-5.906781166,-10.207881650,0.028088623
1734523608.408765793,7,2,0.999709424,-3.992553199,0.165474365
1734523608.408765793,7,3,-6.782189978,-2.052563299,-0.017129027
1734523608.408765793,7,4,-6.833006869,0.470803456,0.004398000
1734523608.408765793,7,5,0.261847298,-7.874706228,0.089970660
1734523608.408765793,7,6,-11.285700453,-0.963801199,-0.052179678
1734523608.408765793,7,7,14.921090516,-1.640986495,2.000000000
1734523608.408765793,7,8,-6.417905117,-3.941213648,-0.057371612
1734523608.408765793,7,9,-7.632179123,7.567924549,0.007384507
1734523608.468765736,8,0,-5.701526397,-2.952341617,-0.065763602
1734523608.468765736,8,1,-6.294189012,2.597749140,-0.010428884
1734523608.468765736,8,2,-8.895444748,-2.903566575,0.053177722
1734523608.468765736,8,3,1.722910384,-3.709023444,0.030076528
1734523608.468765736,8,4,-4.878171765,-8.655083466,-0.104789791
1734523608.468765736,8,5,-11.042560269,-0.369704425,-0.130930596
1734523608.468765736,8,6,-0.454472626,-6.980077139,0.044078645
1734523608.468765736,8,7,-6.246668624,-4.387802258,-0.022946196
1734523608.468765736,8,8,-1.273931530,-1.189498394,2.000000000
1734523608.468765736,8,9,-2.495412353,-10.506848670,0.093201384
1734523608.538765669,9,0,-10.508745216,3.035235333,0.009302001
1734523608.538765669,9,1,-12.375593210,3.869037757,-0.172463428
1734523608.538765669,9,2,-6.729594549,-1.636149202,-0.117846738
1734523608.538765669,9,3,-5.943779574,7.321190448,-0.077528946
1734523608.538765669,9,4,-6.707525644,1.922186355,-0.025927420
1734523608.538765669,9,5,-10.243318642,3.711970470,-0.094158424
1734523608.538765669,9,6,-6.339549268,6.685118017,-0.014562200
1734523608.538765669,9,7,-9.588167738,-4.059642817,-0.151250685
1734523608.538765669,9,8,-5.095875620,5.548818490,-0.031267560
1734523608.538765669,9,9,0.735861037,-0.397551577,2.000000000
1734523608.598765850,0,0,3.043432267,-0.549951210,2.000000000
1734523608.598765850,0,1,5.244707769,0.279146856,-0.074222824
1734523608.598765850,0,2,-1.703494747,7.152744776,-0.094720753
1734523608.598765850,0,3,-0.546479752,-7.455534357,-0.089556123
1734523608.598765850,0,4,-5.470172256,-0.947785672,-0.048244764
1734523608.598765850,0,5,2.426821471,6.702091829,-0.022256325
1734523608.598765850,0,6,-3.545352539,-5.385829473,-0.062030814
1734523608.598765850,0,7,-5.353533722,5.744397195,-0.006938894
1734523608.598765850,0,8,3.221618675,-5.758276085,0.007564471
1734523608.598765850,0,9,-10.436054580,-1.885422441,0.048076588
1734523608.658765793,1,0,-5.266057627,-0.168666461,-0.114857311
1734523608.658765793,1,1,-21.943000224,0.161804981,2.000000000
1734523608.658765793,1,2,-6.528172477,6.964400244,-0.006226599
1734523608.658765793,1,3,-6.309534536,-7.800276822,-0.003045762
1734523608.658765793,1,4,-10.940698340,-0.838056892,-0.071560214
1734523608.658765793,1,5,-2.628472505,6.335826773,-0.043329086
1734523608.658765793,1,6,-9.300226462,-5.299592554,-0.021000369
1734523608.658765793,1,7,-9.676987452,5.598574595,-0.084106033
1734523608.658765793,1,8,-2.574776243,-6.170079920,0.001154423
1734523608.658765793,1,9,-6.694676179,-0.278743565,0.089822746
1734523608.718765736,2,0,-6.677873884,-1.258696243,-0.082246973
1734523608.718765736,2,1,-7.094131197,-6.650817385,-0.042580590
1734523608.718765736,2,2,-1.821294745,6.518273536,2.000000000
1734523608.718765736,2,3,-8.515499172,-0.111870491,-0.053814857
1734523608.718765736,2,4,-7.699276256,4.477789622,-0.078228776
1734523608.718765736,2,5,-0.723457450,-4.055214304,-0.008063127
1734523608.718765736,2,6,-10.054669766,2.531944569,0.038243648
1734523608.718765736,2,7,-0.971461831,4.252141857,-0.037816065
1734523608.718765736,2,8,-8.632636573,-2.812128053,-0.009411303
1734523608.718765736,2,9,-5.310704800,6.949227078,0.024374550
1734523608.788765669,3,0,-7.206747899,1.281137610,-0.137454576
1734523608.788765669,3,1,-7.016268117,6.614646886,-0.078614174
1734523608.788765669,3,2,-8.549068641,0.304715113,-0.107494104
1734523608.788765669,3,3,-1.156571936,-5.710273217,2.000000000
1734523608.788765669,3,4,-6.844619323,-4.009282698,0.005358764
1734523608.788765669,3,5,-8.128258088,2.583522084,-0.042399745
1734523608.788765669,3,6,-2.479892292,-3.090119672,0.065875815
1734523608.788765669,3,7,-7.282444272,-1.904852752,-0.124933085
1734523608.788765669,3,8,-1.272669277,3.729839801,-0.015115356
1734523608.788765669,3,9,-4.775355358,-8.296259117,-0.007665692
1734523608.848765850,4,0,-3.958073988,3.763873750,-0.124767841
1734523608.848765850,4,1,-7.560906252,7.834874860,0.076936376
1734523608.848765850,4,2,-8.880068207,-1.695993785,-0.045772486
1734523608.848765850,4,3,2.066879100,8.126029979,0.000512439
1734523608.848765850,4,4,-4.907397351,-2.232469697,2.000000000
1734523608.848765850,4,5,-11.372015836,1.814392476,-0.009519134
1734523608.848765850,4,6,2.453903187,4.208096119,0.006912550
1734523608.848765850,4,7,-5.714540495,-4.249815442,0.094110044
1734523608.848765850,4,8,-1.554306585,9.929292901,0.023448445
1734523608.848765850,4,9,5.264859487,-4.683005534,-0.053007716
1734523608.908765793,5,0,-6.515014480,2.847161892,0.042553338
1734523608.908765793,5,1,-6.542292823,-2.677964419,-0.089961932
1734523608.908765793,5,2,0.649418523,3.971257094,-0.122607549
1734523608.908765793,5,3,-7.176719271,2.033714706,0.102030506
1734523608.908765793,5,4,-6.860325497,8.322235488,-0.065611735
1734523608.908765793,5,5,-9.176783185,-1.926552471,2.000000000
1734523608.908765793,5,6,-6.511307404,3.806855319,0.035236824
1734523608.908765793,5,7,-0.116282500,7.958877606,0.155782444
1734523608.908765793,5,8,-10.891012514,0.036341107,0.045537869
1734523608.908765793,5,9,-5.788792990,7.238414203,-0.034739315
1734523608.978765726,6,0,-1.449006926,6.592840686,0.031566414
1734523608.978765726,6,1,1.939196633,10.975581260,-0.001228994
1734523608.978765726,6,2,-6.365844720,8.471890876,0.039493141
1734523608.978765726,6,3,3.630584085,1.008664083,-0.013406912
1734523608.978765726,6,4,-4.558213494,1.687275466,-0.051799956
1734523608.978765726,6,5,-2.715321254,7.704098747,0.136743336
1734523608.978765726,6,6,14.783352141,2.186596468,2.000000000
1734523608.978765726,6,7,-9.385005542,6.385638605,0.073102413
1734523608.978765726,6,8,5.043327735,4.935878753,-0.012602095
1734523608.978765726,6,9,-7.766833645,-4.226404519,-0.018436663
1734523609.038765669,7,0,-6.206751488,-5.037155945,-0.020107634
1734523609.038765669,7,1,-5.838423702,-10.116953880,0.028088623
1734523609.038765669,7,2,1.057656798,-3.976721041,0.039731292
1734523609.038765669,7,3,-6.779952359,-2.108116595,0.012075274
1734523609.038765669,7,4,-6.989463243,0.546448367,-0.003890157
1734523609.038765669,7,5,0.353965646,-7.766708504,0.069394169
1734523609.038765669,7,6,-11.276216577,-0.978420501,-0.062937148
1734523609.038765669,7,7,15.146788742,-1.722016321,2.000000000
1734523609.038765669,7,8,-6.300924302,-4.063114539,-0.099132745
1734523609.038765669,7,9,-7.906264565,7.687215412,0.031562530
1734523609.098765850,8,0,-5.774593186,-2.964186355,-0.029170115
1734523609.098765850,8,1,-6.244540766,2.611451807,0.002423384
1734523609.098765850,8,2,-8.825852149,-2.996715137,0.013506162
1734523609.098765850,8,3,1.718175066,-3.670454368,-0.019338673
1734523609.098765850,8,4,-4.891473843,-8.684640212,-0.072016923
1734523609.098765850,8,5,-10.888306480,-0.427165712,-0.017621222
1734523609.098765850,8,6,-0.438517178,-6.946884545,0.022964168
1734523609.098765850,8,7,-6.241052930,-4.363119675,0.013648839
1734523609.098765850,8,8,-1.312539573,-1.167703345,2.000000000
1734523609.098765850,8,9,-2.516354438,-10.607232443,0.093201384
1734523609.158765793,9,0,-9.981665776,2.823732275,-0.120603943
1734523609.158765793,9,1,-12.521830388,3.992088881,-0.172463428
1734523609.158765793,9,2,-6.787784989,-1.681545498,-0.046270793
1734523609.158765793,9,3,-5.963950667,7.156241305,-0.067290944
1734523609.158765793,9,4,-6.743453219,1.896426366,-0.043109763
1734523609.158765793,9,5,-10.308153173,3.820164494,-0.094158424
1734523609.158765793,9,6,-6.351755725,6.760805952,-0.061127578
1734523609.158765793,9,7,-9.878078189,-4.183593904,-0.071689885
1734523609.158765793,9,8,-5.060740691,5.598294680,-0.031267560
1734523609.158765793,9,9,0.744159627,-0.378700754,2.000000000
1734523609.228765726,0,0,3.020806998,-0.546671482,2.000000000
1734523609.228765726,0,1,5.314593414,0.486453507,0.117213537
1734523609.228765726,0,2,-1.573546917,7.101727209,-0.101123835
1734523609.228765726,0,3,-0.507727549,-7.724520276,0.018410841
1734523609.228765726,0,4,-5.412653311,-0.894693064,0.010061944
1734523609.228765726,0,5,2.418345221,6.737848465,-0.092640484
1734523609.228765726,0,6,-3.564392109,-5.260532931,-0.068450460
1734523609.228765726,0,7,-5.413211336,5.911793352,-0.020028270
1734523609.228765726,0,8,3.193719925,-5.790718247,-0.014629108
1734523609.228765726,0,9,-10.270317390,-1.852561915,0.095184340
1734523609.288765669,1,0,-5.252846851,-0.219300137,-0.156926207
1734523609.288765669,1,1,-22.341341556,0.166906987,2.000000000
1734523609.288765669,1,2,-6.654596931,7.126483542,-0.028617615
1734523609.288765669,1,3,-6.309318723,-7.800180523,-0.013785930
1734523609.288765669,1,4,-10.928396147,-0.813915091,0.018603589
1734523609.288765669,1,5,-2.613351253,6.433757068,-0.004333998
1734523609.288765669,1,6,-9.148743843,-5.211561836,-0.012708670
1734523609.288765669,1,7,-9.677462018,5.442545525,-0.021316453
1734523609.288765669,1,8,-2.565580235,-6.187056727,-0.038304721
1734523609.288765669,1,9,-6.578589911,-0.246153056,0.089822746
1734523609.348765850,2,0,-6.948851281,-1.129939856,-0.077255171
1734523609.348765850,2,1,-7.221074943,-6.686650558,-0.032117365
1734523609.348765850,2,2,-1.882352847,6.590032732,2.000000000
1734523609.348765850,2,3,-8.449032933,-0.113822495,0.082996401
1734523609.348765850,2,4,-7.951438015,4.480086274,0.056955299
1734523609.348765850,2,5,-0.641330431,-4.027381819,0.119302522
1734523609.348765850,2,6,-9.979438034,2.379552259,-0.048179356
1734523609.348765850,2,7,-0.736348126,4.074513531,-0.006062285
1734523609.348765850,2,8,-8.591661280,-2.735434829,-0.020633714
1734523609.348765850,2,9,-5.259354017,6.920973180,0.001334467
1734523609.418765783,3,0,-7.339864403,1.353573694,-0.001223731
1734523609.418765783,3,1,-7.020451094,6.661985456,-0.064143818
1734523609.418765783,3,2,-8.200040464,0.335625885,-0.106613764
1734523609.418765783,3,3,-1.179686637,-5.741951160,2.000000000
1734523609.418765783,3,4,-6.804738619,-4.305852330,-0.045114058
1734523609.418765783,3,5,-8.121412218,2.673574533,-0.029668780
1734523609.418765783,3,6,-2.344136558,-3.161860206,-0.120479857
1734523609.418765783,3,7,-7.213945447,-1.939782922,-0.009800793
1734523609.418765783,3,8,-1.371180135,3.918147191,-0.005870163
1734523609.418765783,3,9,-4.590397364,-8.224571610,0.031295066
1734523609.478765726,4,0,-4.237955798,3.688383149,-0.042756777
1734523609.478765726,4,1,-7.515687611,7.846397181,0.152150891
1734523609.478765726,4,2,-8.874556384,-1.673524532,0.035677694
1734523609.478765726,4,3,2.085143464,8.054272869,-0.001640896
1734523609.478765726,4,4,-4.893259541,-2.253315026,2.000000000
1734523609.478765726,4,5,-11.259447265,1.753653506,-0.043700670
1734523609.478765726,4,6,2.439656486,4.151980561,-0.006087459
1734523609.478765726,4,7,-5.559312064,-4.126631315,-0.082259475
1734523609.478765726,4,8,-1.520827696,9.986124918,-0.067060347
1734523609.478765726,4,9,5.409053800,-4.639840199,0.076999566
1734523609.538765669,5,0,-6.415749515,2.797675418,-0.051658861
1734523609.538765669,5,1,-6.245958302,-2.557248541,-0.031610063
1734523609.538765669,5,2,0.653953152,3.872155094,-0.110932651
1734523609.538765669,5,3,-7.197512311,1.999726878,-0.016754434
1734523609.538765669,5,4,-6.786737051,8.278324165,-0.026296027
1734523609.538765669,5,5,-9.329659207,-1.996696789,2.000000000
1734523609.538765669,5,6,-6.363726539,3.841977206,0.009138881
1734523609.538765669,5,7,-0.181797404,7.875737919,0.189295488
1734523609.538765669,5,8,-10.783626028,0.015103142,0.028176472
1734523609.538765669,5,9,-5.830288366,7.235643078,-0.034739315
1734523609.608765841,6,0,-1.492991348,6.663395692,-0.034529026
1734523609.608765841,6,1,1.953976756,10.995971551,-0.002066797
1734523609.608765841,6,2,-6.460979906,8.250864759,0.049132286
1734523609.608765841,6,3,3.696159550,0.999305117,0.020886735
1734523609.608765841,6,4,-4.553253465,1.707921356,-0.041470087
1734523609.608765841,6,5,-2.795180060,7.482423543,0.121003350
1734523609.608765841,6,6,15.023903130,2.287766887,2.000000000
1734523609.608765841,6,7,-9.501710295,6.435090494,0.146819604
1734523609.608765841,6,8,5.101824023,5.035711903,-0.053844489
1734523609.608765841,6,9,-7.942706551,-4.292981778,-0.022798591
1734523609.668765783,7,0,-6.248436823,-5.161536715,0.011203904
1734523609.668765783,7,1,-5.821835456,-10.162911243,-0.054774769
1734523609.668765783,7,2,0.980698804,-4.060054936,0.065990480
1734523609.668765783,7,3,-6.785952016,-2.056762617,0.002145772
1734523609.668765783,7,4,-6.957241969,0.532180989,0.036277616
1734523609.668765783,7,5,0.134172073,-7.758896011,0.015233753
1734523609.668765783,7,6,-11.330674199,-1.065476455,0.020021464
1734523609.668765783,7,7,15.372085285,-1.803258578,2.000000000
1734523609.668765783,7,8,-6.249382632,-4.137069752,-0.027731048
1734523609.668765783,7,9,-7.991936242,7.725046826,-0.071131711
1734523609.738765717,8,0,-5.832708429,-2.957186059,-0.016684232
1734523609.738765717,8,1,-6.136050397,2.539119184,0.019530464
1734523609.738765717,8,2,-8.752197241,-2.974252068,0.013977000
1734523609.738765717,8,3,1.729000689,-3.665048852,-0.002138002
1734523609.738765717,8,4,-4.850933757,-8.634353769,-0.098389413
1734523609.738765717,8,5,-10.791722042,-0.469099731,-0.070290169
1734523609.738765717,8,6,-0.445126665,-7.113225759,0.057600189
1734523609.738765717,8,7,-6.211220147,-4.461045599,0.012937864
1734523609.738765717,8,8,-1.353549113,-1.144528746,2.000000000
1734523609.738765717,8,9,-2.536706545,-10.705754803,0.093201384
1734523609.798765659,9,0,-10.360736215,3.008280618,0.023695786
1734523609.798765659,9,1,-12.669417600,4.116075606,-0.172463428
1734523609.798765659,9,2,-6.823080561,-1.767661003,-0.106324895
1734523609.798765659,9,3,-5.960984169,7.074508151,-0.028641528
1734523609.798765659,9,4,-6.738445181,1.869058518,-0.030751611
1734523609.798765659,9,5,-10.371951871,3.926165923,-0.094158424
1734523609.798765659,9,6,-6.249241608,6.617311163,-0.077701070
1734523609.798765659,9,7,-9.922740884,-4.293707868,-0.119020100
1734523609.798765659,9,8,-5.024448072,5.649605319,-0.031267560
1734523609.798765659,9,9,0.755053010,-0.355863428,2.000000000
1734523609.858765841,0,0,2.997576298,-0.543350792,2.000000000
1734523609.858765841,0,1,5.376736456,0.593333039,0.053421260
1734523609.858765841,0,2,-1.578041570,7.073372514,-0.191250247
1734523609.858765841,0,3,-0.476638232,-7.693869714,-0.050367236
1734523609.858765841,0,4,-5.678893236,-0.984928030,-0.015459767
1734523609.858765841,0,5,2.332669424,6.828203666,-0.025668675
1734523609.858765841,0,6,-3.516436788,-5.431055795,-0.005749950
1734523609.858765841,0,7,-5.560123940,6.064805293,0.014560401
1734523609.858765841,0,8,3.144724720,-5.718654364,0.000170732
1734523609.858765841,0,9,-10.249059390,-1.890409386,0.067622357
1734523609.928765774,1,0,-5.324809734,-0.109805400,-0.085297912
1734523609.928765774,1,1,-22.742396312,0.172025025,2.000000000
1734523609.928765774,1,2,-6.667790292,7.140111450,0.010047716
1734523609.928765774,1,3,-6.200410196,-7.642851556,0.039782800
1734523609.928765774,1,4,-11.008016405,-0.762724652,-0.031961719
1734523609.928765774,1,5,-2.614779663,6.423164742,0.030284610
1734523609.928765774,1,6,-9.166054913,-5.155949632,0.089311764
1734523609.928765774,1,7,-9.561420667,5.548431220,-0.055147720
1734523609.928765774,1,8,-2.688085066,-6.325988567,0.010551752
1734523609.928765774,1,9,-6.454389948,-0.211227264,0.089822746
1734523609.998765707,2,0,-6.996834648,-1.160604097,-0.146255473
1734523609.998765707,2,1,-7.296521093,-6.761460159,-0.013925978
1734523609.998765707,2,2,-1.942477650,6.660538667,2.000000000
1734523609.998765707,2,3,-8.429463853,-0.092564610,0.148888376
1734523609.998765707,2,4,-8.002434318,4.487813381,-0.124251355
1734523609.998765707,2,5,-0.746538478,-3.960556979,0.084202254
1734523609.998765707,2,6,-9.775769403,2.446368180,0.014360261
1734523609.998765707,2,7,-0.805601757,3.909194232,0.028547960
1734523609.998765707,2,8,-8.526610211,-2.709830015,-0.001215034
1734523609.998765707,2,9,-5.324494739,6.839700283,-0.081276484
1734523610.058765650,3,0,-7.138491648,1.370549639,-0.153254354
1734523610.058765650,3,1,-7.126079584,6.741163625,0.039221516
1734523610.058765650,3,2,-8.474645929,0.333618748,-0.012310989
1734523610.058765650,3,3,-1.201625955,-5.771923772,2.000000000
1734523610.058765650,3,4,-6.783739565,-4.103821224,-0.107349287
1734523610.058765650,3,5,-8.036794274,2.549414156,0.036823520
1734523610.058765650,3,6,-2.203677468,-3.060216382,-0.082787593
1734523610.058765650,3,7,-7.125511702,-1.741528286,0.033360077
1734523610.058765650,3,8,-1.363855012,3.913224182,-0.004224899
1734523610.058765650,3,9,-4.565470249,-8.210972622,-0.097297145
1734523610.118765831,4,0,-4.174707448,3.822110427,0.031009646
1734523610.118765831,4,1,-7.497468080,7.884966451,-0.012389841
1734523610.118765831,4,2,-8.899065437,-1.756629069,-0.036867277
1734523610.118765831,4,3,2.140413321,7.995290699,0.056224394
1734523610.118765831,4,4,-4.879157200,-2.273868493,2.000000000
1734523610.118765831,4,5,-10.935207575,1.698935771,0.071899965
1734523610.118765831,4,6,2.496994258,4.041233939,0.016393376
1734523610.118765831,4,7,-5.510165245,-4.040650876,-0.035360285
1734523610.118765831,4,8,-1.455349384,9.990366667,0.009744436
1734523610.118765831,4,9,5.384453026,-4.659466285,0.134441573
1734523610.188765764,5,0,-6.560118031,2.670079292,-0.126704657
1734523610.188765764,5,1,-6.377023161,-2.610600416,-0.123488468
1734523610.188765764,5,2,0.554259974,3.881736856,-0.127215735
1734523610.188765764,5,3,-7.190498774,1.949426543,-0.057568830
1734523610.188765764,5,4,-6.768285151,8.211340792,0.022482050
1734523610.188765764,5,5,-9.485156348,-2.068211408,2.000000000
1734523610.188765764,5,6,-6.335982558,3.617526743,-0.012327403
1734523610.188765764,5,7,-0.415195807,7.920288709,0.139317728
1734523610.188765764,5,8,-10.710393311,-0.017035956,-0.060789667
1734523610.188765764,5,9,-5.866763160,7.233243947,-0.034739315
1734523610.248765707,6,0,-1.496887200,6.624085072,-0.006748235
1734523610.248765707,6,1,2.059966954,10.939279906,-0.019903159
1734523610.248765707,6,2,-6.224567048,8.265843667,0.076237219
1734523610.248765707,6,3,3.873983193,1.023142205,0.015628320
1734523610.248765707,6,4,-4.513564974,1.647536235,-0.020832210
1734523610.248765707,6,5,-2.777560920,7.447496145,0.022856437
1734523610.248765707,6,6,15.263427690,2.389313406,2.000000000
1734523610.248765707,6,7,-9.619999247,6.448185051,-0.009521914
1734523610.248765707,6,8,4.881481865,4.770547422,0.037789305
1734523610.248765707,6,9,-8.349849757,-4.471419845,-0.003767685
1734523610.308765650,7,0,-6.253384189,-5.077852120,0.053941829
1734523610.308765650,7,1,-5.831794442,-9.922301537,-0.162998007
1734523610.308765650,7,2,1.045563239,-3.980409523,-0.281746674
1734523610.308765650,7,3,-6.786384969,-2.109192843,-0.048754792
1734523610.308765650,7,4,-6.948562954,0.578822803,0.025928963
1734523610.308765650,7,5,0.190443034,-7.877345528,0.015160816
1734523610.308765650,7,6,-11.370316134,-1.060409884,-0.069499793
1734523610.308765650,7,7,15.596980777,-1.884745140,2.000000000
1734523610.308765650,7,8,-6.410020788,-4.047962114,-0.018516344
1734523610.308765650,7,9,-7.793084633,7.613719444,-0.031456023
1734523610.368765831,8,0,-5.822016422,-2.862946246,-0.007622640
1734523610.368765831,8,1,-6.091117592,2.559480091,-0.041250233
1734523610.368765831,8,2,-8.676177636,-3.043813619,-0.028909946
1734523610.368765831,8,3,1.761730811,-3.718554917,0.026261969
1734523610.368765831,8,4,-4.957065457,-8.871074973,-0.016722176
1734523610.368765831,8,5,-10.741587342,-0.432661587,-0.025770987
1734523610.368765831,8,6,-0.470092811,-7.080740351,0.021046591
1734523610.368765831,8,7,-6.320976435,-4.305877797,-0.004110235
1734523610.368765831,8,8,-1.397138914,-1.119866427,2.000000000
1734523610.368765831,8,9,-2.556456226,-10.802327126,0.093201384
1734523610.428765774,9,0,-9.731622111,2.856694118,-0.118046954
1734523610.428765774,9,1,-12.819428110,4.241770058,-0.172463428
1734523610.428765774,9,2,-6.871834558,-1.792699757,-0.190131259
1734523610.428765774,9,3,-5.859366801,7.045905956,-0.024072691
1734523610.428765774,9,4,-6.792167915,1.803016846,-0.019316508
1734523610.428765774,9,5,-10.434686369,4.029954642,-0.094158424
1734523610.428765774,9,6,-6.335454819,6.682045217,-0.075796860
1734523610.428765774,9,7,-10.138500193,-4.371444788,-0.091620808
1734523610.428765774,9,8,-4.986911421,5.702897586,-0.031267560
1734523610.428765774,9,9,0.768889657,-0.328675144,2.000000000
1734523610.488765717,0,0,2.973160568,-0.539885685,2.000000000
1734523610.488765717,0,1,5.518827309,0.508496736,-0.022122994
1734523610.488765717,0,2,-1.700723466,7.144531174,-0.155655390
1734523610.488765717,0,3,-0.421224169,-7.149600272,-0.057055690
1734523610.488765717,0,4,-5.721788463,-0.944121443,-0.042859203
1734523610.488765717,0,5,2.269862823,6.615195690,0.008469578
1734523610.488765717,0,6,-3.496534094,-5.413194490,-0.041112111
1734523610.488765717,0,7,-5.591655895,5.995847880,-0.026207043
1734523610.488765717,0,8,3.033814050,-5.660283303,-0.022955037
1734523610.488765717,0,9,-10.173725606,-1.909928787,0.067622357
1734523610.548765659,1,0,-5.381434582,-0.046307930,0.043449922
1734523610.548765659,1,1,-23.146159525,0.177161587,2.000000000
1734523610.548765659,1,2,-6.761105810,7.170530784,-0.019459221
1734523610.548765659,1,3,-6.358350179,-7.704664016,-0.062334219
1734523610.548765659,1,4,-11.065480053,-0.783082415,-0.042395966
1734523610.548765659,1,5,-2.631530696,6.462838114,-0.068231525
1734523610.548765659,1,6,-9.132980966,-5.131422389,0.097436639
1734523610.548765659,1,7,-9.508721035,5.439825383,-0.123110244
1734523610.548765659,1,8,-2.572192105,-6.079936999,-0.002493398
1734523610.548765659,1,9,-6.323400546,-0.174289040,0.089822746
1734523610.608765841,2,0,-7.015655546,-1.168763210,-0.024941160
1734523610.608765841,2,1,-7.308413255,-6.779662123,-0.050847051
1734523610.608765841,2,2,-2.001532998,6.729614431,2.000000000
1734523610.608765841,2,3,-8.372613222,-0.089547276,0.151393195
1734523610.608765841,2,4,-7.906788588,4.503329749,0.038148846
1734523610.608765841,2,5,-0.535518552,-4.126609215,0.036597075
1734523610.608765841,2,6,-9.843551735,2.372951245,0.014360261
1734523610.608765841,2,7,-0.937040672,3.947254581,0.067291940
1734523610.608765841,2,8,-8.480538658,-2.653203753,-0.117126458
1734523610.608765841,2,9,-5.185601623,6.921963758,-0.034268030
1734523610.678765774,3,0,-7.234802900,1.392429836,0.007853689
1734523610.678765774,3,1,-7.253993230,6.785967555,-0.008043648
1734523610.678765774,3,2,-8.134704945,0.267148927,0.049511263
1734523610.678765774,3,3,-1.222376503,-5.800180177,2.000000000
1734523610.678765774,3,4,-6.887088807,-4.246051495,-0.014072560
1734523610.678765774,3,5,-8.060964019,2.570002047,-0.033137334
1734523610.678765774,3,6,-2.292982759,-2.864004981,-0.196041489
1734523610.678765774,3,7,-7.074911972,-1.854193655,0.005119319
1734523610.678765774,3,8,-1.354292410,3.924190764,0.012829800
1734523610.678765774,3,9,-4.440596146,-8.119481180,-0.056210405
1734523610.738765717,4,0,-4.134992553,3.723686666,-0.055857328
1734523610.738765717,4,1,-7.420615414,7.934293692,0.046757063
1734523610.738765717,4,2,-8.906599683,-1.677829705,-0.092985388
1734523610.738765717,4,3,2.213601611,8.114064850,0.049654703
1734523610.738765717,4,4,-4.865175753,-2.293998477,2.000000000
1734523610.738765717,4,5,-10.890912920,1.601168591,-0.007301851
1734523610.738765717,4,6,2.419175314,3.992136198,0.043200938
1734523610.738765717,4,7,-5.587606614,-4.054235567,0.045605198
1734523610.738765717,4,8,-1.446098269,9.787851825,0.019471400
1734523610.738765717,4,9,5.459822992,-4.710876886,0.126446389
1734523610.808765650,5,0,-6.633656619,2.591850115,-0.150713663
1734523610.808765650,5,1,-6.486632107,-2.708422876,-0.114883242
1734523610.808765650,5,2,0.656112188,4.045059998,-0.063812324
1734523610.808765650,5,3,-7.153077800,1.823781492,-0.052138652
1734523610.808765650,5,4,-6.740576218,8.024563405,0.072839527
1734523610.808765650,5,5,-9.643390996,-2.141173625,2.000000000
1734523610.808765650,5,6,-6.336380155,3.647481929,-0.072810938
1734523610.808765650,5,7,-0.224250608,8.043215817,-0.041379399
1734523610.808765650,5,8,-10.608419947,0.036640261,-0.166729471
1734523610.808765650,5,9,-5.898264551,7.231204127,-0.034739315
1734523610.868765831,6,0,-1.482208778,6.657678874,-0.000650916
1734523610.868765831,6,1,1.947131411,10.909773634,-0.019168173
1734523610.868765831,6,2,-6.317680381,8.007705177,0.116672125
1734523610.868765831,6,3,3.870387999,1.000634107,0.036046088
1734523610.868765831,6,4,-4.538234418,1.630656487,0.016863512
1734523610.868765831,6,5,-2.876561190,7.230840899,-0.010507155
1734523610.868765831,6,6,15.501778758,2.491367396,2.000000000
1734523610.868765831,6,7,-9.522162608,6.462251250,-0.012254366
1734523610.868765831,6,8,4.809247340,4.890179384,-0.060539458
1734523610.868765831,6,9,-8.225978205,-4.625748179,0.026350684
1734523610.928765774,7,0,-6.357587795,-5.225089534,-0.023755398
1734523610.928765774,7,1,-5.863595214,-9.928533220,-0.167846754
1734523610.928765774,7,2,1.109087915,-4.059622451,-0.098217566
1734523610.928765774,7,3,-6.791728876,-1.966348034,-0.075613854
1734523610.928765774,7,4,-6.859246679,0.521076855,-0.038855364
1734523610.928765774,7,5,0.084878451,-7.890794911,0.109000347
1734523610.928765774,7,6,-11.464503819,-0.996810767,-0.085020815
1734523610.928765774,7,7,15.821737627,-1.966429225,2.000000000
1734523610.928765774,7,8,-6.445941099,-4.059798293,-0.069328017
1734523610.928765774,7,9,-7.873670698,7.697123423,-0.095386111
1734523610.988765717,8,0,-5.786466312,-2.856575683,-0.074086217
1734523610.988765717,8,1,-6.122047895,2.606614940,-0.003926860
1734523610.988765717,8,2,-8.643652919,-2.974390119,-0.083640338
1734523610.988765717,8,3,1.699311962,-3.626150672,-0.070070247
1734523610.988765717,8,4,-5.157499180,-8.831725866,-0.029917833
1734523610.988765717,8,5,-10.666514086,-0.401540236,0.025986398
1734523610.988765717,8,6,-0.476104477,-7.153427523,-0.024796644
1734523610.988765717,8,7,-6.378892755,-4.346621708,-0.044923334
1734523610.988765717,8,8,-1.443653005,-1.093515341,2.000000000
1734523610.988765717,8,9,-2.575377689,-10.896139133,0.093201384
1734523611.058765650,9,0,-10.230958341,2.926146889,-0.154747641
1734523611.058765650,9,1,-12.971959629,4.369235687,-0.172463428
1734523611.058765650,9,2,-6.943877609,-1.820536024,-0.093293892
1734523611.058765650,9,3,-5.828539599,6.993877215,0.017785155
1734523611.058765650,9,4,-6.667336213,1.883935640,-0.026062801
1734523611.058765650,9,5,-10.496279798,4.131400147,-0.094158424
1734523611.058765650,9,6,-6.412288321,6.656431524,-0.019160826
1734523611.058765650,9,7,-10.043075263,-4.294021460,-0.131509524
1734523611.058765650,9,8,-4.948132549,5.758178914,-0.031267560
1734523611.058765650,9,9,0.785450786,-0.297264721,2.000000000
1734523611.118765831,0,0,2.945769286,-0.535957965,2.000000000
1734523611.118765831,0,1,5.414951864,0.337524451,-0.078363485
1734523611.118765831,0,2,-1.754572015,7.171102395,-0.003592964
1734523611.118765831,0,3,-0.349411520,-7.442968398,-0.068772121
1734523611.118765831,0,4,-5.724700852,-0.952855302,-0.011755474
1734523611.118765831,0,5,2.214004564,6.695268118,-0.029918782
1734523611.118765831,0,6,-3.678123567,-5.454712228,-0.069792712
1734523611.118765831,0,7,-5.754326614,6.223863014,-0.052188733
1734523611.118765831,0,8,3.126860822,-5.835984149,-0.006665879
1734523611.118765831,0,9,-10.125434945,-1.910107660,0.092758234
1734523611.178765774,1,0,-5.550189515,-0.074320086,0.144329954
1734523611.178765774,1,1,-23.552536493,0.182323301,2.000000000
1734523611.178765774,1,2,-6.762519604,7.193922074,-0.031305905
1734523611.178765774,1,3,-6.443578795,-7.800254394,-0.114379932
1734523611.178765774,1,4,-11.055557541,-0.821648703,-0.000899037
1734523611.178765774,1,5,-2.767343834,6.682474883,-0.030632002
1734523611.178765774,1,6,-9.025888295,-5.246137532,0.065204481
1734523611.178765774,1,7,-9.422074132,5.470137390,-0.056707817
1734523611.178765774,1,8,-2.603440934,-6.156829866,-0.029627640
1734523611.178765774,1,9,-6.184975223,-0.135149654,0.089822746
1734523611.238765717,2,0,-7.013390547,-1.115037690,0.003774984
1734523611.238765717,2,1,-7.298789905,-6.828966042,-0.102399031
1734523611.238765717,2,2,-2.059555527,6.797312691,2.000000000
1734523611.238765717,2,3,-8.389155358,-0.056974001,0.151393195
1734523611.238765717,2,4,-7.939426336,4.478606943,-0.119132195
1734523611.238765717,2,5,-0.719207245,-4.181014736,0.070445924
1734523611.238765717,2,6,-9.685665093,2.311754588,0.040754116
1734523611.238765717,2,7,-0.955814860,3.897597283,-0.049228605
1734523611.238765717,2,8,-8.443486719,-2.558011127,-0.124775582
1734523611.238765717,2,9,-5.256450099,6.812120718,-0.060838963
1734523611.298765659,3,0,-7.228573747,1.475226458,0.079752167
1734523611.298765659,3,1,-7.115707281,6.765637996,-0.020205108
1734523611.298765659,3,2,-8.444559461,0.306259389,0.049511263
1734523611.298765659,3,3,-1.241859412,-5.826615458,2.000000000
1734523611.298765659,3,4,-7.046459014,-4.360032151,-0.041273606
1734523611.298765659,3,5,-7.978985546,2.466084336,-0.053251190
1734523611.298765659,3,6,-2.395772125,-2.568777372,0.220081011
1734523611.298765659,3,7,-7.053582157,-1.912376957,0.050156600
1734523611.298765659,3,8,-1.467193934,3.891355138,0.002483198
1734523611.298765659,3,9,-4.463333028,-8.086259986,-0.060200790
1734523611.358765841,4,0,-4.036151318,3.794067404,0.093851388
1734523611.358765841,4,1,-7.528627334,7.904831969,0.044271203
1734523611.358765841,4,2,-8.864382792,-1.797807559,-0.025251919
1734523611.358765841,4,3,2.193903913,8.076078393,-0.001938228
1734523611.358765841,4,4,-4.851327190,-2.313685935,2.000000000
1734523611.358765841,4,5,-10.825990048,1.571655256,0.036973121
1734523611.358765841,4,6,2.693340965,4.452242978,-0.003714239
1734523611.358765841,4,7,-5.527826697,-4.183202952,-0.034108993
1734523611.358765841,4,8,-1.492332433,10.000870433,0.008431448
1734523611.358765841,4,9,5.257733471,-4.731408025,0.099599884
1734523611.428765774,5,0,-6.821487225,2.588981736,-0.097974591
1734523611.428765774,5,1,-6.737054961,-2.778192911,-0.037572904
1734523611.428765774,5,2,0.725606906,3.997672107,0.102289214
1734523611.428765774,5,3,-7.187128307,1.930419576,0.014125645
1734523611.428765774,5,4,-6.908202790,8.165337897,-0.006658752
1734523611.428765774,5,5,-9.805556420,-2.216243566,2.000000000
1734523611.428765774,5,6,-6.356607098,3.518890734,-0.112154091
1734523611.428765774,5,7,-0.215201938,7.885326684,-0.021801499
1734523611.428765774,5,8,-10.526881594,0.053967185,-0.173302293
1734523611.428765774,5,9,-5.924745664,7.229517256,-0.034739315
1734523611.488765717,6,0,-1.530484188,6.845848057,-0.045709338
1734523611.488765717,6,1,1.868668907,10.766367505,-0.076731699
1734523611.488765717,6,2,-6.258925817,8.020998523,0.071548861
1734523611.488765717,6,3,3.828640939,0.908893432,0.004336606
1734523611.488765717,6,4,-4.496884065,1.599570593,-0.017959621
1734523611.488765717,6,5,-2.798533532,7.226901584,0.006775706
1734523611.488765717,6,6,15.738949302,2.593918111,2.000000000
1734523611.488765717,6,7,-9.650339053,6.423168849,-0.010371130
1734523611.488765717,6,8,4.714204689,4.750333606,0.045411665
1734523611.488765717,6,9,-8.144121166,-4.465359094,-0.056079406
1734523611.548765659,7,0,-6.470685719,-5.215856422,0.027493051
1734523611.548765659,7,1,-5.685361950,-9.763347365,-0.191878076
1734523611.548765659,7,2,1.054289616,-4.095724895,-0.049084879
1734523611.548765659,7,3,-6.796940789,-1.921261928,-0.104171882
1734523611.548765659,7,4,-6.962869248,0.603262738,-0.056108307
1734523611.548765659,7,5,0.332713059,-7.863480095,0.102887134
1734523611.548765659,7,6,-11.619055480,-1.014945948,-0.031832396
1734523611.548765659,7,7,16.046318310,-2.048329310,2.000000000
1734523611.548765659,7,8,-6.376936888,-4.144755738,-0.033915946
1734523611.548765659,7,9,-7.974747420,7.764028433,0.068678117
1734523611.618765831,8,0,-5.769542077,-2.921685269,-0.077119720
1734523611.618765831,8,1,-6.324565983,2.683195615,-0.003673962
1734523611.618765831,8,2,-8.649321257,-2.953366511,-0.036136005
1734523611.618765831,8,3,1.772497756,-3.681605589,0.002068852
1734523611.618765831,8,4,-5.125274063,-8.786892164,-0.134534067
1734523611.618765831,8,5,-10.561433676,-0.380703911,0.060133350
1734523611.618765831,8,6,-0.475439761,-6.917873168,0.029079037
1734523611.618765831,8,7,-6.427065004,-4.468299420,0.058685628
1734523611.618765831,8,8,-1.493263494,-1.065370639,2.000000000
1734523611.618765831,8,9,-2.593604968,-10.987572437,0.093201384
1734523611.678765774,9,0,-9.552708628,2.751402657,-0.233821021
1734523611.678765774,9,1,-13.127235239,4.498631910,-0.172463428
1734523611.678765774,9,2,-7.069607906,-1.782026374,-0.128588840
1734523611.678765774,9,3,-5.809572809,6.995280840,0.017785155
1734523611.678765774,9,4,-6.824728467,1.824144926,-0.057607666
1734523611.678765774,9,5,-10.556711121,4.230497839,-0.094158424
1734523611.678765774,9,6,-6.539844360,6.786909145,-0.044506496
1734523611.678765774,9,7,-10.371383540,-4.374550992,-0.072794284
1734523611.678765774,9,8,-4.908074696,5.815515055,-0.031267560
1734523611.678765774,9,9,0.804778418,-0.261386179,2.000000000
1734523611.748765707,0,0,2.916143271,-0.531657153,2.000000000
1734523611.748765707,0,1,5.453900824,0.483678677,-0.101211041
1734523611.748765707,0,2,-1.877206684,7.223357823,0.161630984
1734523611.748765707,0,3,-0.358397897,-7.411793733,0.026173345
1734523611.748765707,0,4,-5.811736439,-0.984971937,-0.039418345
1734523611.748765707,0,5,2.252460667,6.791423033,-0.029160550
1734523611.748765707,0,6,-3.481040737,-5.281168033,0.013072495
1734523611.748765707,0,7,-5.689957943,6.242069790,-0.055723919
1734523611.748765707,0,8,3.128244093,-5.959878499,-0.019356635
1734523611.748765707,0,9,-9.955055806,-1.906416826,0.097239989
1734523611.808765650,1,0,-5.539101116,0.003942580,0.010430141
1734523611.808765650,1,1,-23.961369745,0.187503298,2.000000000
1734523611.808765650,1,2,-6.719635902,7.313945393,-0.007493609
1734523611.808765650,1,3,-6.336330929,-7.819649530,-0.004285393
1734523611.808765650,1,4,-11.196038482,-0.824855576,-0.056166066
1734523611.808765650,1,5,-2.726638492,6.617071870,-0.024181302
1734523611.808765650,1,6,-9.038358658,-5.230880521,-0.098038734
1734523611.808765650,1,7,-9.371528862,5.355565688,-0.067513215
1734523611.808765650,1,8,-2.746674402,-6.366414745,-0.008562200
1734523611.808765650,1,9,-6.039507889,-0.093875126,0.089822746
1734523611.868765831,2,0,-7.097897830,-1.208011574,-0.062285065
1734523611.868765831,2,1,-7.323734823,-6.815708106,-0.100636233
1734523611.868765831,2,2,-2.116446138,6.863509343,2.000000000
1734523611.868765831,2,3,-8.374672078,-0.085512313,0.151393195
1734523611.868765831,2,4,-7.923656665,4.517844762,-0.036494100
1734523611.868765831,2,5,-0.510365102,-3.983912185,0.131652099
1734523611.868765831,2,6,-9.642375724,2.198495591,-0.008858902
1734523611.868765831,2,7,-0.839682693,4.111093537,0.009976058
1734523611.868765831,2,8,-8.411464011,-2.460271963,-0.200237303
1734523611.868765831,2,9,-5.140776441,6.873905246,-0.065697912
1734523611.928765774,3,0,-7.266804352,1.454325130,-0.047127548
1734523611.928765774,3,1,-7.434909855,7.017488442,-0.037615255
1734523611.928765774,3,2,-8.139632452,0.268409141,0.049511263
1734523611.928765774,3,3,-1.260051212,-5.851206331,2.000000000
1734523611.928765774,3,4,-7.128404858,-4.275770244,-0.060677721
1734523611.928765774,3,5,-7.973900063,2.564121708,-0.089743697
1734523611.928765774,3,6,-2.278553057,-2.840149637,-0.051562361
1734523611.928765774,3,7,-7.058004974,-1.843121886,0.082501138
1734523611.928765774,3,8,-1.407399751,3.866350472,-0.046467620
1734523611.928765774,3,9,-4.343361991,-8.000100208,-0.069204038
1734523611.998765707,4,0,-4.156230872,3.867371879,0.208964861
1734523611.998765707,4,1,-7.597022735,7.883123109,-0.081868469
1734523611.998765707,4,2,-8.896222908,-1.702610979,0.017838595
1734523611.998765707,4,3,2.254045591,8.024107721,-0.026728672
1734523611.998765707,4,4,-4.837752348,-2.332712316,2.000000000
1734523611.998765707,4,5,-10.924647268,1.545221182,-0.042921579
1734523611.998765707,4,6,2.541763727,4.348825923,-0.118049661
1734523611.998765707,4,7,-5.506908569,-4.043966186,0.089656208
1734523611.998765707,4,8,-1.429376127,10.063469877,-0.029065241
1734523611.998765707,4,9,5.369456263,-4.598333656,-0.010619956
1734523612.058765650,5,0,-6.940064142,2.693047514,0.014974732
1734523612.058765650,5,1,-6.828244510,-2.907501420,-0.074538678
1734523612.058765650,5,2,0.737122176,3.827772902,0.124749548
1734523612.058765650,5,3,-7.172123623,1.873202720,0.009615852
1734523612.058765650,5,4,-7.020785548,8.133660208,-0.058842375
1734523612.058765650,5,5,-9.971711601,-2.293476299,2.000000000
1734523612.058765650,5,6,-6.325209228,3.561639125,-0.112154091
1734523612.058765650,5,7,-0.209212471,7.887067386,-0.141468016
1734523612.058765650,5,8,-10.426432262,-0.018823642,-0.034962752
1734523612.058765650,5,9,-5.947867618,7.228063222,-0.034739315
1734523612.128765821,6,0,-1.511464240,6.815730164,-0.016271932
1734523612.128765821,6,1,1.866908534,10.874546076,0.032058223
1734523612.128765821,6,2,-6.290492015,7.863235733,0.087799233
1734523612.128765821,6,3,3.809366247,0.890368739,0.011132573
1734523612.128765821,6,4,-4.532939865,1.635182975,-0.040355093
1734523612.128765821,6,5,-2.834037147,7.099854065,-0.074898383
1734523612.128765821,6,6,15.974856717,2.696902951,2.000000000
1734523612.128765821,6,7,-9.994412240,6.477848153,0.089211955
1734523612.128765821,6,8,4.709320717,4.647447323,0.098427575
1734523612.128765821,6,9,-8.371812735,-4.647066972,0.001500915
1734523612.188765764,7,0,-6.561534108,-5.402941795,0.002279533
1734523612.188765764,7,1,-5.765339619,-9.721009326,-0.088702192
1734523612.188765764,7,2,1.055377842,-4.026006009,0.045803811
1734523612.188765764,7,3,-6.799571456,-2.025958697,-0.108223286
1734523612.188765764,7,4,-6.987598393,0.574497561,-0.025525263
1734523612.188765764,7,5,0.258915194,-7.706231635,0.033892561
1734523612.188765764,7,6,-11.662842279,-1.068120802,0.015982851
1734523612.188765764,7,7,16.271095016,-2.130750163,2.000000000
1734523612.188765764,7,8,-6.510902098,-4.071219373,-0.056297609
1734523612.188765764,7,9,-8.013476557,7.811155774,0.135348284
1734523612.248765707,8,0,-5.904505836,-2.913660022,0.045260912
1734523612.248765707,8,1,-6.348305391,2.721262087,-0.062378264
1734523612.248765707,8,2,-8.646908225,-2.842097093,0.022106302
1734523612.248765707,8,3,1.774388445,-3.629382601,-0.024649206
1734523612.248765707,8,4,-5.134296944,-8.705024450,-0.192561735
1734523612.248765707,8,5,-10.400086523,-0.401771855,0.017605263
1734523612.248765707,8,6,-0.464611545,-6.837598437,-0.028309491
1734523612.248765707,8,7,-6.435001045,-4.513998564,-0.033165132
1734523612.248765707,8,8,-1.546111314,-1.035342386,2.000000000
1734523612.248765707,8,9,-2.610994660,-11.076062617,0.093201384
1734523612.308765650,9,0,-10.070504778,2.940171571,-0.125720996
1734523612.308765650,9,1,-13.286430097,4.630830087,-0.172463428
1734523612.308765650,9,2,-7.000399051,-1.815465130,-0.059117762
1734523612.308765650,9,3,-5.820339983,6.909098885,0.094203128
1734523612.308765650,9,4,-7.132918987,1.957599805,-0.064910786
1734523612.308765650,9,5,-10.615899481,4.327109439,-0.094158424
1734523612.308765650,9,6,-6.639241395,6.820418445,-0.114005590
1734523612.308765650,9,7,-10.413962227,-4.393372184,-0.084671817
1734523612.308765650,9,8,-4.866735115,5.874922575,-0.031267560
1734523612.308765650,9,9,0.826861137,-0.220900535,2.000000000
1734523612.368765831,0,0,2.883651307,-0.526877465,2.000000000
1734523612.368765831,0,1,5.404604034,0.409032234,0.044553539
1734523612.368765831,0,2,-1.848335869,7.055326575,-0.044174610
1734523612.368765831,0,3,-0.470019357,-7.439329443,0.045829536
1734523612.368765831,0,4,-5.551236786,-0.912277534,-0.027742634
1734523612.368765831,0,5,2.240070611,6.725335169,-0.050029633
1734523612.368765831,0,6,-3.638631033,-5.582228558,-0.116292255
1734523612.368765831,0,7,-5.827593877,6.422640740,-0.112315081
1734523612.368765831,0,8,3.141616992,-6.034057288,-0.094993967
1734523612.368765831,0,9,-9.919716637,-1.911007212,0.054261322
1734523612.438765764,1,0,-5.576150959,0.002618921,-0.168625411
1734523612.438765764,1,1,-24.372856467,0.192706881,2.000000000
1734523612.438765764,1,2,-6.617983505,7.133137053,-0.037814502
1734523612.438765764,1,3,-6.574593413,-7.988700831,-0.012722462
1734523612.438765764,1,4,-11.247497642,-0.856350149,-0.013861289
1734523612.438765764,1,5,-2.821794502,6.760496271,0.036588150
1734523612.438765764,1,6,-8.958990866,-5.321383428,-0.058929279
1734523612.438765764,1,7,-9.269759097,5.416217473,0.017277909
1734523612.438765764,1,8,-2.704543390,-6.220462734,0.014356629
1734523612.438765764,1,9,-5.887027060,-0.050462294,0.089822746
1734523612.498765707,2,0,-7.103003605,-1.271158607,-0.113887903
1734523612.498765707,2,1,-7.363482624,-6.937616124,-0.047426200
1734523612.498765707,2,2,-2.172102491,6.928079430,2.000000000
1734523612.498765707,2,3,-8.390312491,-0.054727359,0.151393195
1734523612.498765707,2,4,-7.987775751,4.532879627,-0.041848287
1734523612.498765707,2,5,-0.584150175,-3.978390173,0.060470758
1734523612.498765707,2,6,-9.511253305,2.108438561,0.058512312
1734523612.498765707,2,7,-0.796490572,4.195239109,-0.002845980
1734523612.498765707,2,8,-8.319301688,-2.518766161,-0.192389704
1734523612.498765707,2,9,-5.191385926,6.815904332,-0.065697912
1734523612.558765650,3,0,-7.251430210,1.451509489,-0.143204203
1734523612.558765650,3,1,-7.474911299,6.963170255,-0.012119662
1734523612.558765650,3,2,-8.441310413,0.306493168,0.049511263
1734523612.558765650,3,3,-1.276940659,-5.873945905,2.000000000
1734523612.558765650,3,4,-6.906496788,-4.232024634,-0.101678693
1734523612.558765650,3,5,-7.895088767,2.478201876,-0.134878445
1734523612.558765650,3,6,-2.376960822,-2.933335708,-0.141056389
1734523612.558765650,3,7,-7.065358077,-1.774527360,-0.037620887
1734523612.558765650,3,8,-1.441418267,3.979375676,-0.031246653
1734523612.558765650,3,9,-4.391949540,-8.037083307,-0.069204038
1734523612.618765831,4,0,-4.359905178,3.989759307,0.113050247
1734523612.618765831,4,1,-7.680233571,7.970746904,-0.101060844
1734523612.618765831,4,2,-8.756820556,-1.823159186,0.004428143
1734523612.618765831,4,3,2.186033311,8.037879187,-0.057212849
1734523612.618765831,4,4,-4.824479544,-2.351050148,2.000000000
1734523612.618765831,4,5,-10.969623726,1.481549601,-0.071111507
1734523612.618765831,4,6,2.323972426,4.355021685,0.033286430
1734523612.618765831,4,7,-5.561594542,-4.085374207,0.112923802
1734523612.618765831,4,8,-1.394312128,10.035257799,0.008354172
1734523612.618765831,4,9,5.359634692,-4.677489622,0.023957214
1734523612.688765764,5,0,-6.896884347,2.654530906,-0.059946077
1734523612.688765764,5,1,-6.810880185,-2.922400921,-0.057850598
1734523612.688765764,5,2,0.607055018,3.904499374,0.124212301
1734523612.688765764,5,3,-7.166523414,1.843337381,0.034374512
1734523612.688765764,5,4,-7.327537901,8.380196257,-0.060921656
1734523612.688765764,5,5,-10.142009416,-2.372981665,2.000000000
1734523612.688765764,5,6,-6.349590364,3.604316037,-0.010809678
1734523612.688765764,5,7,-0.043982822,7.925478015,-0.092504566
1734523612.688765764,5,8,-10.340426134,-0.001193017,0.035394103
1734523612.688765764,5,9,-5.967464307,7.226848175,-0.034739315
1734523612.748765707,6,0,-1.518270304,6.855433097,0.022206068
1734523612.748765707,6,1,1.917385248,10.739890411,0.081423477
1734523612.748765707,6,2,-6.138445241,7.894330247,0.011934224
1734523612.748765707,6,3,3.787643525,0.841535735,0.014176698
1734523612.748765707,6,4,-4.715890578,1.682860611,-0.010973934
1734523612.748765707,6,5,-2.796821316,6.998413649,-0.112256754
1734523612.748765707,6,6,16.209438717,2.800274071,2.000000000
1734523612.748765707,6,7,-10.087163680,6.700848295,-0.050849027
1734523612.748765707,6,8,4.914914290,4.820388423,-0.037864609
1734523612.748765707,6,9,-8.654720153,-4.835292576,0.041594977
1734523612.818765879,7,0,-6.465462890,-5.248445841,-0.013080455
1734523612.818765879,7,1,-5.714604696,-9.661757410,-0.088702192
1734523612.818765879,7,2,1.144456714,-4.167186998,-0.118615445
1734523612.818765879,7,3,-6.806612747,-1.980330327,-0.058115451
1734523612.818765879,7,4,-6.953551589,0.539035867,0.000043662
1734523612.818765879,7,5,0.416738069,-7.739068192,0.068869764
1734523612.818765879,7,6,-11.880935889,-1.148861720,-0.007062267
1734523612.818765879,7,7,16.496105603,-2.213755044,2.000000000
1734523612.818765879,7,8,-6.454643621,-4.142606072,0.042816978
1734523612.818765879,7,9,-8.308375413,8.088184618,-0.085761906
1734523612.878765821,8,0,-6.098879524,-2.919484087,-0.059405462
1734523612.878765821,8,1,-6.223630620,2.734465231,-0.032169892
1734523612.878765821,8,2,-8.565352323,-2.759304367,0.095399494
1734523612.878765821,8,3,1.828274853,-3.663985544,-0.016139072
1734523612.878765821,8,4,-5.294075834,-8.802794994,-0.149281211
1734523612.878765821,8,5,-10.415407155,-0.186758707,-0.075158805
1734523612.878765821,8,6,-0.491598096,-6.786251852,0.058917077
1734523612.878765821,8,7,-6.392004136,-4.420489082,-0.014456900
1734523612.878765821,8,8,-1.602054939,-1.003504519,2.000000000
1734523612.878765821,8,9,-2.627565155,-11.161594909,0.093201384
1734523612.948765755,9,0,-9.348531073,2.776964867,-0.063531059
1734523612.948765755,9,1,-13.449576077,4.765833592,-0.172463428
1734523612.948765755,9,2,-6.991772555,-1.884301884,-0.112524274
1734523612.948765755,9,3,-5.742164943,6.872242635,0.055701814
1734523612.948765755,9,4,-7.136110811,1.973477432,-0.030701726
1734523612.948765755,9,5,-10.673765319,4.421122307,-0.094158424
1734523612.948765755,9,6,-6.725399784,6.895016203,-0.030333744
1734523612.948765755,9,7,-10.509586562,-4.499092114,-0.100200120
1734523612.948765755,9,8,-4.824076141,5.936475636,-0.031267560
1734523612.948765755,9,9,0.851730530,-0.175804673,2.000000000
1734523613.008765697,0,0,2.846585124,-0.521336671,2.000000000
1734523613.008765697,0,1,5.441031077,0.333605072,-0.023725861
1734523613.008765697,0,2,-1.622141695,7.021477249,-0.102313165
1734523613.008765697,0,3,-0.478321135,-7.381173914,-0.045796094
1734523613.008765697,0,4,-5.750328987,-0.933702513,0.023953745
1734523613.008765697,0,5,2.240297789,6.847148308,0.044943769
1734523613.008765697,0,6,-3.667136388,-5.423574254,0.043542985
1734523613.008765697,0,7,-5.969076023,6.485079607,0.004227776
1734523613.008765697,0,8,3.040757936,-5.849620004,-0.021112577
1734523613.008765697,0,9,-9.748004338,-1.920923202,0.111158818
1734523613.068765879,1,0,-5.635279754,-0.169724155,-0.180205177
1734523613.068765879,1,1,-24.786839618,0.197933172,2.000000000
1734523613.068765879,1,2,-6.881540646,7.337530390,-0.059053336
1734523613.068765879,1,3,-6.350511214,-7.928828641,-0.041204736
1734523613.068765879,1,4,-11.216084686,-0.862634334,0.059190325
1734523613.068765879,1,5,-2.838250346,6.707140050,0.013984260
1734523613.068765879,1,6,-9.237947526,-5.316798721,-0.062029019
1734523613.068765879,1,7,-9.177868962,5.370940597,-0.065000342
1734523613.068765879,1,8,-2.736828299,-6.275849917,-0.014338417
1734523613.068765879,1,9,-5.727234029,-0.004826871,0.089822746
1734523613.138765812,2,0,-7.532488063,-1.320336196,-0.120263009
1734523613.138765812,2,1,-7.322605183,-6.759085389,-0.035905322
1734523613.138765812,2,2,-2.226438257,6.990919182,2.000000000
1734523613.138765812,2,3,-8.377741457,-0.079492304,0.151393195
1734523613.138765812,2,4,-7.944515963,4.593625787,0.044837709
1734523613.138765812,2,5,-0.471305836,-4.104408504,0.027897170
1734523613.138765812,2,6,-9.477476904,1.991662088,-0.075703796
1734523613.138765812,2,7,-0.852018590,4.073257366,0.103101344
1734523613.138765812,2,8,-8.331236296,-2.330632071,-0.060330701
1734523613.138765812,2,9,-5.138416595,6.876748006,-0.065697912
1734523613.198765755,3,0,-7.299266904,1.314606730,-0.056365687
1734523613.198765755,3,1,-7.477410255,7.051420572,-0.107873117
1734523613.198765755,3,2,-8.144368436,0.269630040,0.049511263
1734523613.198765755,3,3,-1.292482029,-5.894778014,2.000000000
1734523613.198765755,3,4,-6.974752401,-4.280868811,-0.081967036
1734523613.198765755,3,5,-7.941318598,2.540694182,-0.134878445
1734523613.198765755,3,6,-2.425700647,-3.011036863,-0.136723569
1734523613.198765755,3,7,-7.077493721,-1.707957678,-0.033092525
1734523613.198765755,3,8,-1.499108204,3.872800261,0.021911319
1734523613.198765755,3,9,-4.217276228,-7.985611956,-0.113154832
1734523613.258765697,4,0,-4.519814542,4.116739466,0.023079897
1734523613.258765697,4,1,-7.540710463,7.806818215,-0.033562912
1734523613.258765697,4,2,-8.859482502,-1.853211634,0.040634352
1734523613.258765697,4,3,2.262523801,8.129110507,-0.036492933
1734523613.258765697,4,4,-4.812022725,-2.367869777,2.000000000
1734523613.258765697,4,5,-11.034372824,1.617781238,0.035786484
1734523613.258765697,4,6,2.390072390,4.283489614,-0.062748217
1734523613.258765697,4,7,-5.685664134,-4.109107407,0.049555538
1734523613.258765697,4,8,-1.386994891,9.965961145,0.080943682
1734523613.258765697,4,9,5.578110277,-4.779192720,0.121387727
1734523613.328765869,5,0,-6.966443261,2.573010573,-0.055058760
1734523613.328765869,5,1,-6.923902284,-3.014384376,-0.062456906
1734523613.328765869,5,2,0.527141622,3.809224032,0.113677981
1734523613.328765869,5,3,-7.157547007,1.827241326,0.034374512
1734523613.328765869,5,4,-7.331165357,8.370292781,0.080875124
1734523613.328765869,5,5,-10.316477134,-2.454803296,2.000000000
1734523613.328765869,5,6,-6.295412646,3.675508771,-0.036366467
1734523613.328765869,5,7,-0.139528799,7.993168522,-0.109210220
1734523613.328765869,5,8,-10.262791107,-0.032765221,-0.100159986
1734523613.328765869,5,9,-5.983554443,7.225865341,-0.034739315
1734523613.388765812,6,0,-1.513148370,6.541754760,-0.057504353
1734523613.388765812,6,1,1.955522168,10.928250565,0.069919184
1734523613.388765812,6,2,-6.150972455,7.768642071,-0.079413581
1734523613.388765812,6,3,3.731802660,0.820378131,0.014990752
1734523613.388765812,6,4,-4.774386520,1.652853043,-0.047455012
1734523613.388765812,6,5,-2.696108001,6.900352354,-0.001310404
1734523613.388765812,6,6,16.442541618,2.904051869,2.000000000
1734523613.388765812,6,7,-10.212920061,6.597789060,-0.008358496
1734523613.388765812,6,8,5.049907685,4.969996629,0.003242099
1734523613.388765812,6,9,-8.666758589,-4.878289286,0.034583752
1734523613.458765745,7,0,-6.424084228,-5.233248419,-0.050737135
1734523613.458765745,7,1,-5.641747634,-9.673746487,-0.036258214
1734523613.458765745,7,2,1.119591626,-4.258302926,-0.140600929
1734523613.458765745,7,3,-6.813733576,-1.950320131,0.047690956
1734523613.458765745,7,4,-6.895447521,0.525603090,0.021109656
1734523613.458765745,7,5,0.399869481,-7.757074986,0.028956078
1734523613.458765745,7,6,-11.910375680,-1.172113983,0.001054705
1734523613.458765745,7,7,16.721380435,-2.297347568,2.000000000
1734523613.458765745,7,8,-6.575875723,-4.080048753,0.014057393
1734523613.458765745,7,9,-8.232616508,7.883166944,-0.066808184
1734523613.518765688,8,0,-6.014969060,-2.818026793,-0.016205330
1734523613.518765688,8,1,-6.023546804,2.600412065,0.001977229
1734523613.518765688,8,2,-8.481822853,-2.727619235,-0.000920205
1734523613.518765688,8,3,1.676726589,-3.614009361,0.035566987
1734523613.518765688,8,4,-5.338961153,-8.615853813,-0.078521814
1734523613.518765688,8,5,-10.418188435,-0.196018418,-0.075158805
1734523613.518765688,8,6,-0.563554634,-6.912077172,0.026661158
1734523613.518765688,8,7,-6.578609159,-4.364048865,-0.001533679
1734523613.518765688,8,8,-1.662558623,-0.968977639,2.000000000
1734523613.518765688,8,9,-2.643198016,-11.243591943,0.093201384
1734523613.578765869,9,0,-9.924854733,2.910410097,0.040938827
1734523613.578765869,9,1,-13.616721590,4.903655988,-0.172463428
1734523613.578765869,9,2,-6.990311556,-1.942322357,-0.112524274
1734523613.578765869,9,3,-5.646953151,6.865659861,0.069939109
1734523613.578765869,9,4,-7.001348853,1.904835612,-0.100182326
1734523613.578765869,9,5,-10.730272098,4.512498820,-0.094158424
1734523613.578765869,9,6,-6.756599532,6.836795861,-0.020460848
1734523613.578765869,9,7,-10.418707069,-4.397996312,-0.132079135
1734523613.578765869,9,8,-4.779752567,6.000788749,-0.031267560
1734523613.578765869,9,9,0.879345109,-0.126081202,2.000000000
1734523613.648765802,0,0,2.804455736,-0.514959431,2.000000000
1734523613.648765802,0,1,5.354380451,0.422754407,0.023928592
1734523613.648765802,0,2,-1.830254213,7.382116671,-0.067289076
1734523613.648765802,0,3,-0.406790944,-7.435478136,0.119678929
1734523613.648765802,0,4,-5.631757200,-0.925373602,-0.004701175
1734523613.648765802,0,5,2.230816912,6.873659775,0.036339363
1734523613.648765802,0,6,-3.693322161,-5.419131490,-0.093640950
1734523613.648765802,0,7,-5.962625428,6.444985991,-0.070918787
1734523613.648765802,0,8,3.050520497,-6.090927787,-0.002810202
1734523613.648765802,0,9,-9.738079487,-1.831877166,0.114571258
1734523613.708765745,1,0,-5.679301738,-0.301175090,0.050934581
1734523613.708765745,1,1,-25.203432997,0.203188037,2.000000000
1734523613.708765745,1,2,-6.940273485,7.478148220,-0.118042879
1734523613.708765745,1,3,-6.560842790,-8.022982828,-0.009562659
1734523613.708765745,1,4,-11.151552317,-0.817169745,0.019185377
1734523613.708765745,1,5,-2.961018298,6.960051225,-0.016833238
1734523613.708765745,1,6,-9.311939263,-5.317908819,-0.011853240
1734523613.708765745,1,7,-9.046472047,5.467491199,-0.105724791
1734523613.708765745,1,8,-2.747871171,-6.284663405,0.004750437
1734523613.708765745,1,9,-5.560472313,0.042976927,0.089822746
1734523613.768765688,2,0,-7.553539291,-1.490758439,0.006334419
1734523613.768765688,2,1,-7.451097455,-6.828178970,-0.020974060
1734523613.768765688,2,2,-2.279362467,7.051924320,2.000000000
1734523613.768765688,2,3,-8.392434904,-0.050572925,0.151393195
1734523613.768765688,2,4,-7.952715218,4.509255970,-0.123799007
1734523613.768765688,2,5,-0.538465611,-4.076242978,0.156629505
1734523613.768765688,2,6,-9.297601224,2.082839444,0.018964966
1734523613.768765688,2,7,-0.882472875,4.218412072,0.025879333
1734523613.768765688,2,8,-8.281894968,-2.183483720,-0.034629902
1734523613.768765688,2,9,-5.186454550,6.821661571,-0.065697912
1734523613.838765860,3,0,-7.280344948,1.420150686,-0.089378070
1734523613.838765860,3,1,-7.476028109,6.955642802,-0.035587786
1734523613.838765860,3,2,-8.438116335,0.306752205,0.049511263
1734523613.838765860,3,3,-1.306662273,-5.913694396,2.000000000
1734523613.838765860,3,4,-7.023570105,-4.294243656,0.040045657
1734523613.838765860,3,5,-7.893801908,2.476818402,-0.134878445
1734523613.838765860,3,6,-2.337259017,-2.819817130,0.027100172
1734523613.838765860,3,7,-7.071345907,-1.762064219,-0.114176469
1734523613.838765860,3,8,-1.400801946,3.860075867,-0.002850365
1734523613.838765860,3,9,-4.204079876,-7.974333458,-0.128030601
1734523613.898765802,4,0,-4.484387364,4.009836893,-0.092402264
1734523613.898765802,4,1,-7.530550745,7.788918580,0.014986091
1734523613.898765802,4,2,-8.959653789,-1.855963081,0.011264873
1734523613.898765802,4,3,2.372130289,8.258485679,-0.029130998
1734523613.898765802,4,4,-4.800395490,-2.383096573,2.000000000
1734523613.898765802,4,5,-11.137652287,1.577007922,-0.062613173
1734523613.898765802,4,6,2.227094032,4.430935742,-0.026728843
1734523613.898765802,4,7,-5.820060513,-4.123341972,0.103969761
1734523613.898765802,4,8,-1.343215009,9.976448558,0.024805203
1734523613.898765802,4,9,5.556751491,-4.928970331,0.006449842
1734523613.958765745,5,0,-6.978959685,2.706207152,0.065625400
1734523613.958765745,5,1,-6.734211270,-2.907709331,0.010728258
1734523613.958765745,5,2,0.637611809,3.978994248,0.133812143
1734523613.958765745,5,3,-7.151690134,1.816749803,0.034374512
1734523613.958765745,5,4,-7.574387664,8.459168514,0.076300984
1734523613.958765745,5,5,-10.495084133,-2.538954046,2.000000000
1734523613.958765745,5,6,-6.326555698,3.704140585,-0.049717152
1734523613.958765745,5,7,-0.120180026,8.068306451,0.003663013
1734523613.958765745,5,8,-10.183558007,-0.132894486,-0.089782761
1734523613.958765745,5,9,-5.996133913,7.225108858,-0.034739315
1734523614.018765688,6,0,-1.451616829,6.520769556,0.004878635
1734523614.018765688,6,1,1.840221064,10.777489526,0.041594450
1734523614.018765688,6,2,-6.082447905,7.750047070,0.065917284
1734523614.018765688,6,3,3.814922539,0.826906093,-0.021791457
1734523614.018765688,6,4,-4.746961045,1.647200314,-0.031886962
1734523614.018765688,6,5,-2.789906830,6.811959951,-0.052442549
1734523614.018765688,6,6,16.674722308,3.008642583,2.000000000
1734523614.018765688,6,7,-10.224098139,6.517926469,0.065888091
1734523614.018765688,6,8,5.057927413,4.890944591,0.044188884
1734523614.018765688,6,9,-8.704394776,-4.951777878,-0.062404584
1734523614.088765860,7,0,-6.527406409,-5.304883480,-0.043997744
1734523614.088765860,7,1,-5.619827785,-9.453463101,0.004129843
1734523614.088765860,7,2,1.219743862,-4.008671693,-0.091041896
1734523614.088765860,7,3,-6.811951532,-1.976077886,-0.085317661
1734523614.088765860,7,4,-6.843239987,0.545324205,-0.041918144
1734523614.088765860,7,5,0.312258914,-8.054151651,-0.038569067
1734523614.088765860,7,6,-11.809717091,-1.169719832,-0.084340927
1734523614.088765860,7,7,16.946909800,-2.381564840,2.000000000
1734523614.088765860,7,8,-6.648294378,-4.057429260,-0.015499428
1734523614.088765860,7,9,-8.361987604,8.161420824,-0.024115333
1734523614.148765802,8,0,-5.943604518,-2.748618584,0.019984184
1734523614.148765802,8,1,-6.148433305,2.743617743,-0.061672627
1734523614.148765802,8,2,-8.404170265,-2.732259349,0.017123440
1734523614.148765802,8,3,1.940591792,-3.892146222,0.029659301
1734523614.148765802,8,4,-5.411003238,-8.649253072,-0.004266963
1734523614.148765802,8,5,-10.284319656,-0.206961878,-0.190255062
1734523614.148765802,8,6,-0.555506752,-6.782891532,-0.022450225
1734523614.148765802,8,7,-6.561464242,-4.315690596,-0.055617389
1734523614.148765802,8,8,-1.726545478,-0.932383622,2.000000000
1734523614.148765802,8,9,-2.657955087,-11.322090268,0.093201384
1734523614.208765745,9,0,-9.156660758,2.740264743,0.069345934
1734523614.208765745,9,1,-13.787886450,5.044291544,-0.172463428
1734523614.208765745,9,2,-6.988787299,-2.004918521,-0.112524274
1734523614.208765745,9,3,-5.563269641,6.859681042,-0.007401082
1734523614.208765745,9,4,-6.971602703,1.821843456,-0.162546421
1734523614.208765745,9,5,-10.785399776,4.601233208,-0.094158424
1734523614.208765745,9,6,-6.927018275,6.978545769,-0.039840508
1734523614.208765745,9,7,-10.645976450,-4.500850733,-0.107683351
1734523614.208765745,9,8,-4.733715736,6.067963704,-0.031267560
1734523614.208765745,9,9,0.909036110,-0.072878864,2.000000000
1734523614.278765678,0,0,2.756831483,-0.507676609,2.000000000
1734523614.278765678,0,1,5.366497060,0.330030053,-0.047039088
1734523614.278765678,0,2,-1.790118247,7.587544112,0.097921675
1734523614.278765678,0,3,-0.594915724,-7.476860862,0.100026020
1734523614.278765678,0,4,-5.681909241,-1.010387902,-0.027394932
1734523614.278765678,0,5,2.151491775,7.017049989,0.030922532
1734523614.278765678,0,6,-3.727366220,-5.349449429,-0.047179488
1734523614.278765678,0,7,-5.917816192,6.478273957,0.035985736
1734523614.278765678,0,8,3.072826362,-6.260208633,-0.019953579
1734523614.278765678,0,9,-9.588183293,-1.765763281,0.025827286
1734523614.338765860,1,0,-5.664835211,-0.283757631,0.023121424
1734523614.338765860,1,1,-25.622609218,0.208477093,2.000000000
1734523614.338765860,1,2,-7.012128140,7.517903646,0.018147666
1734523614.338765860,1,3,-6.653964311,-8.223291477,-0.019888427
1734523614.338765860,1,4,-11.598671634,-0.899191098,0.000911597
1734523614.338765860,1,5,-2.943112377,6.821064938,-0.014077441
1734523614.338765860,1,6,-9.511604128,-5.499351414,0.033680221
1734523614.338765860,1,7,-8.967258460,5.388236195,-0.022605242
1734523614.338765860,1,8,-2.869914205,-6.295260763,-0.033527766
1734523614.338765860,1,9,-5.386579896,0.093020202,0.089822746
1734523614.398765802,2,0,-7.358007382,-1.427130187,0.103028350
1734523614.398765802,2,1,-7.388353200,-6.820331256,-0.008956237
1734523614.398765802,2,2,-2.330882957,7.111114675,2.000000000
1734523614.398765802,2,3,-8.381097291,-0.072908948,0.151393195
1734523614.398765802,2,4,-8.034966380,4.584539750,0.068049362
1734523614.398765802,2,5,-0.577334138,-4.144886622,0.106916450
1734523614.398765802,2,6,-9.271653135,2.061579330,0.006883276
1734523614.398765802,2,7,-0.917598050,3.876268221,-0.052239493
1734523614.398765802,2,8,-8.158806009,-2.207746224,-0.019905700
1734523614.398765802,2,9,-5.136725311,6.878769616,-0.065697912
1734523614.468765736,3,0,-7.280289978,1.538149170,-0.079054262
1734523614.468765736,3,1,-7.523137959,7.084251871,0.000230924
1734523614.468765736,3,2,-8.149041803,0.270899706,0.049511263
1734523614.468765736,3,3,-1.319499549,-5.930730675,2.000000000
1734523614.468765736,3,4,-7.060448277,-4.244122261,0.063291630
1734523614.468765736,3,5,-7.937977717,2.536517273,-0.134878445
1734523614.468765736,3,6,-2.513878810,-2.879432686,0.038129928
1734523614.468765736,3,7,-7.043866822,-1.748536407,-0.114176469
1734523614.468765736,3,8,-1.372885069,3.742297721,0.020404640
1734523614.468765736,3,9,-4.287705144,-7.859922005,-0.142056569
1734523614.528765678,4,0,-4.482132650,4.076312655,-0.029483662
1734523614.528765678,4,1,-7.654298115,7.719097676,0.032193658
1734523614.528765678,4,2,-8.906725846,-1.792488249,0.009222897
1734523614.528765678,4,3,2.339188366,8.493774306,0.001694613
1734523614.528765678,4,4,-4.789578931,-2.396968535,2.000000000
1734523614.528765678,4,5,-11.284966832,1.534794633,-0.002529823
1734523614.528765678,4,6,2.362457096,4.522455213,-0.024723755
1734523614.528765678,4,7,-5.820313057,-4.037494197,0.078427730
1734523614.528765678,4,8,-1.381863815,10.084336531,0.010921205
1734523614.528765678,4,9,5.474879476,-4.890044539,0.028336479
1734523614.588765860,5,0,-6.939062899,2.543461088,-0.083622280
1734523614.588765860,5,1,-6.775063192,-2.878882654,0.045941656
1734523614.588765860,5,2,0.656916334,3.956361771,0.119343365
1734523614.588765860,5,3,-7.149029111,1.811985013,0.034374512
1734523614.588765860,5,4,-7.594869325,8.639610062,0.058729295
1734523614.588765860,5,5,-10.677817509,-2.625459278,2.000000000
1734523614.588765860,5,6,-6.395134201,3.655496022,-0.042783538
1734523614.588765860,5,7,-0.198820598,7.974626428,0.060927611
1734523614.588765860,5,8,-10.088398583,-0.076809438,-0.012141893
1734523614.588765860,5,9,-6.005118790,7.224577902,-0.034739315
1734523614.658765793,6,0,-1.388565533,6.484552041,0.025388720
1734523614.658765793,6,1,1.878138158,10.723054809,0.079617994
1734523614.658765793,6,2,-6.152127385,7.550937706,0.024830326
1734523614.658765793,6,3,3.728596155,0.751917297,-0.016748143
1734523614.658765793,6,4,-4.645757513,1.577973846,0.000984143
1734523614.658765793,6,5,-2.698265046,6.766125193,-0.090408904
1734523614.658765793,6,6,16.905450922,3.113673093,2.000000000
1734523614.658765793,6,7,-10.138219946,6.460054531,-0.050330080
1734523614.658765793,6,8,4.964883245,4.805825889,0.093709489
1734523614.658765793,6,9,-8.619647116,-4.957393543,-0.029668687
1734523614.718765736,7,0,-6.562580268,-5.390591991,0.020022553
1734523614.718765736,7,1,-5.491798155,-9.501440562,-0.013915197
1734523614.718765736,7,2,1.232461018,-3.950373816,-0.018126605
1734523614.718765736,7,3,-6.763766142,-1.950799309,-0.085317661
1734523614.718765736,7,4,-7.135866173,0.577761474,-0.007477324
1734523614.718765736,7,5,0.253180095,-8.058102542,0.049966860
1734523614.718765736,7,6,-11.810475980,-1.322078691,-0.017622939
1734523614.718765736,7,7,17.172762531,-2.466454945,2.000000000
1734523614.718765736,7,8,-6.726490276,-4.068019265,-0.015499428
1734523614.718765736,7,9,-8.205336826,8.011079180,0.021689138
1734523614.778765678,8,0,-5.918433899,-2.655809924,-0.007902706
1734523614.778765678,8,1,-6.338219768,2.804193131,0.042177751
1734523614.778765678,8,2,-8.279598826,-2.589239037,0.020401499
1734523614.778765678,8,3,1.803940213,-3.639995423,-0.003715325
1734523614.778765678,8,4,-5.457297801,-8.630507444,-0.015671139
1734523614.778765678,8,5,-10.220556364,-0.161306718,-0.068280540
1734523614.778765678,8,6,-0.570398562,-6.607654622,0.023688590
1734523614.778765678,8,7,-6.624421961,-4.282312060,-0.055617389
1734523614.778765678,8,8,-1.795170649,-0.893013108,2.000000000
1734523614.778765678,8,9,-2.672001368,-11.397706035,0.093201384
1734523614.848765850,9,0,-9.760409270,2.944298585,0.006291262
1734523614.848765850,9,1,-13.963171310,5.187786060,-0.172463428
1734523614.848765850,9,2,-6.987201022,-2.072363896,-0.112524274
1734523614.848765850,9,3,-5.566180206,6.775191958,-0.001623878
1734523614.848765850,9,4,-7.094793698,1.880351619,-0.041675357
1734523614.848765850,9,5,-10.839157202,4.687375709,-0.094158424
1734523614.848765850,9,6,-6.975808942,7.107253345,-0.043859099
1734523614.848765850,9,7,-10.612907113,-4.492986080,-0.115377211
1734523614.848765850,9,8,-4.685877784,6.138169689,-0.031267560
1734523614.848765850,9,9,0.941500594,-0.015033332,2.000000000
1734523614.908765793,0,0,2.703481669,-0.499447782,2.000000000
1734523614.908765793,0,1,5.500308480,0.341276830,-0.109336050
1734523614.908765793,0,2,-1.895034944,7.784509423,-0.029495091
1734523614.908765793,0,3,-0.583475476,-7.702706731,0.167918286
1734523614.908765793,0,4,-5.698643073,-0.913149945,-0.080183686
1734523614.908765793,0,5,2.136706560,6.977805753,0.030003868
1734523614.908765793,0,6,-3.712475131,-5.343806952,-0.050573148
1734523614.908765793,0,7,-6.121084013,6.638707453,0.009521109
1734523614.908765793,0,8,3.099728467,-6.225577417,-0.023567756
1734523614.908765793,0,9,-9.541501759,-1.935481901,0.009058295
1734523614.978765726,1,0,-5.600757514,-0.258052946,0.054287491
1734523614.978765726,1,1,-26.044367074,0.213804654,2.000000000
1734523614.978765726,1,2,-6.983189729,7.401601242,0.020210788
1734523614.978765726,1,3,-6.674666956,-8.252497329,0.040840700
1734523614.978765726,1,4,-11.598352065,-0.790858654,-0.030456677
1734523614.978765726,1,5,-2.979323929,6.904120022,0.008725535
1734523614.978765726,1,6,-9.442512989,-5.602720363,-0.138731349
1734523614.978765726,1,7,-8.932650480,5.299425820,-0.060903110
1734523614.978765726,1,8,-2.927273538,-6.490469333,0.046538908
1734523614.978765726,1,9,-5.204009397,0.145783758,0.089822746
1734523615.048765659,2,0,-7.409372508,-1.253930829,-0.056920071
1734523615.048765659,2,1,-7.457209711,-6.833124683,0.008615809
1734523615.048765659,2,2,-2.380969641,7.168466028,2.000000000
1734523615.048765659,2,3,-8.394629512,-0.046276573,0.151393195
1734523615.048765659,2,4,-7.979273396,4.551987216,0.177478275
1734523615.048765659,2,5,-0.602733268,-4.206762753,-0.043276537
1734523615.048765659,2,6,-9.139347654,2.018221317,0.042875920
1734523615.048765659,2,7,-0.898789818,3.819021710,0.042056153
1734523615.048765659,2,8,-8.124440808,-2.116417368,-0.043147776
1734523615.048765659,2,9,-5.181290482,6.827679882,-0.065697912
1734523615.108765841,3,0,-7.364698477,1.601277851,0.022698667
1734523615.108765841,3,1,-7.375380111,6.992937670,-0.031646294
1734523615.108765841,3,2,-8.434983063,0.307038413,0.049511263
1734523615.108765841,3,3,-1.331003107,-5.945908358,2.000000000
1734523615.108765841,3,4,-7.163567948,-4.318986246,-0.025422944
1734523615.108765841,3,5,-7.892904450,2.475871304,-0.134878445
1734523615.108765841,3,6,-2.566877732,-2.798679713,0.007627220
1734523615.108765841,3,7,-7.017661726,-1.735693206,-0.114176469
1734523615.108765841,3,8,-1.432280470,3.848130763,-0.010256511
1734523615.108765841,3,9,-4.091243140,-7.835490977,-0.073928979
1734523615.168765783,4,0,-4.499399132,4.186372468,0.077255860
1734523615.168765783,4,1,-7.762587845,7.789472198,0.091326181
1734523615.168765783,4,2,-9.035508603,-1.872589586,0.023855993
1734523615.168765783,4,3,2.436854005,8.583899231,-0.003507184
1734523615.168765783,4,4,-4.779754700,-2.409233837,2.000000000
1734523615.168765783,4,5,-11.232910971,1.526935957,-0.053891353
1734523615.168765783,4,6,2.267930931,4.601186966,-0.034316250
1734523615.168765783,4,7,-5.841841201,-4.109172075,-0.143811039
1734523615.168765783,4,8,-1.354964889,10.153234876,-0.031559754
1734523615.168765783,4,9,5.556470879,-4.942210989,0.008965905
1734523615.228765726,5,0,-6.892539373,2.651079836,-0.091235193
1734523615.228765726,5,1,-6.673981097,-2.892336459,-0.078708626
1734523615.228765726,5,2,0.509275983,3.991071166,-0.013753375
1734523615.228765726,5,3,-7.149638742,1.813066315,0.034374512
1734523615.228765726,5,4,-7.651988545,8.580300409,0.007829202
1734523615.228765726,5,5,-10.864609392,-2.714312235,2.000000000
1734523615.228765726,5,6,-6.427405870,3.431090374,-0.007418985
1734523615.228765726,5,7,-0.234779259,7.959945113,0.227394783
1734523615.228765726,5,8,-10.006374409,-0.109715589,0.015079415
1734523615.228765726,5,9,-6.010498631,7.224266258,-0.034739315
1734523615.298765659,6,0,-1.493659686,6.508745630,-0.025080876
1734523615.298765659,6,1,1.981303508,10.892674615,0.024908845
1734523615.298765659,6,2,-5.984972046,7.598067137,0.007436508
1734523615.298765659,6,3,3.865203007,0.739142799,-0.001684069
1734523615.298765659,6,4,-4.844025131,1.630838197,-0.017817196
1734523615.298765659,6,5,-2.675958960,6.719235067,-0.092201885
1734523615.298765659,6,6,17.135225887,3.219514829,2.000000000
1734523615.298765659,6,7,-9.939882955,6.437563465,0.026031183
1734523615.298765659,6,8,4.838513893,4.670888254,0.061330198
1734523615.298765659,6,9,-8.729809656,-5.029931559,-0.039741664
1734523615.358765841,7,0,-6.641518864,-5.385013206,0.007523965
1734523615.358765841,7,1,-5.449178938,-9.315809666,-0.035191754
1734523615.358765841,7,2,0.924843624,-4.253447449,-0.067238418
1734523615.358765841,7,3,-6.713430795,-1.924245615,-0.085317661
1734523615.358765841,7,4,-7.077584231,0.548639797,0.004546981
1734523615.358765841,7,5,0.315083289,-8.117529247,0.039984947
1734523615.358765841,7,6,-11.738375327,-1.265540952,-0.054849896
1734523615.358765841,7,7,17.398932457,-2.552011776,2.000000000
1734523615.358765841,7,8,-6.805739548,-4.078535881,-0.015499428
1734523615.358765841,7,9,-8.517586074,8.197055719,-0.004835694
1734523615.418765783,8,0,-5.877974607,-2.655209921,-0.011431582
1734523615.418765783,8,1,-6.416748914,2.833727064,0.024823572
1734523615.418765783,8,2,-8.214207024,-2.612493616,0.068977135
1734523615.418765783,8,3,1.882096557,-3.719822322,0.025806450
1734523615.418765783,8,4,-5.494624752,-8.717854653,-0.031829857
1734523615.418765783,8,5,-10.070302747,-0.270152287,-0.061416846
1734523615.418765783,8,6,-0.575252427,-6.652846401,-0.017046598
1734523615.418765783,8,7,-6.685477912,-4.250083817,-0.055617389
1734523615.418765783,8,8,-1.867897387,-0.851160260,2.000000000
1734523615.418765783,8,9,-2.685333527,-11.470364458,0.093201384
1734523615.478765726,9,0,-9.031002964,2.617281083,-0.104653471
1734523615.478765726,9,1,-14.142576828,5.334118909,-0.172463428
1734523615.478765726,9,2,-6.985538337,-2.146525599,-0.112524274
1734523615.478765726,9,3,-5.639113865,6.615499256,-0.028579597
1734523615.478765726,9,4,-7.095724882,1.838210702,-0.072791848
1734523615.478765726,9,5,-10.891490840,4.770834724,-0.094158424
1734523615.478765726,9,6,-7.014506983,7.099285442,-0.043014043
1734523615.478765726,9,7,-10.671609555,-4.517498016,-0.203260486
1734523615.478765726,9,8,-4.635702161,6.212320584,-0.031267560
1734523615.478765726,9,9,0.976938443,0.047817765,2.000000000
1734523615.538765669,0,0,2.644047969,-0.490218460,2.000000000
1734523615.538765669,0,1,5.347223215,0.264449014,-0.125268567
1734523615.538765669,0,2,-1.871580373,7.608525525,-0.062672645
1734523615.538765669,0,3,-0.593990093,-7.889641901,0.202987487
1734523615.538765669,0,4,-5.633274893,-0.935757829,-0.027783925
1734523615.538765669,0,5,2.137555234,7.282503422,-0.046163155
1734523615.538765669,0,6,-3.562997272,-5.550792593,-0.090760057
1734523615.538765669,0,7,-5.828980245,6.371879624,-0.047374015
1734523615.538765669,0,8,3.047092898,-6.128159894,-0.020982361
1734523615.538765669,0,9,-9.374312764,-1.969529109,-0.028648214
1734523615.608765841,1,0,-5.661117354,-0.251304367,0.015945385
1734523615.608765841,1,1,-26.468801424,0.219159225,2.000000000
1734523615.608765841,1,2,-6.905849791,7.386303660,-0.017410238
1734523615.608765841,1,3,-6.452647005,-7.947787097,0.037231943
1734523615.608765841,1,4,-11.541320558,-0.865514977,0.019679404
1734523615.608765841,1,5,-3.009526423,6.863586774,0.031181342
1734523615.608765841,1,6,-9.356425454,-5.463652398,-0.008948956
1734523615.608765841,1,7,-8.905618939,5.161442089,-0.060111913
1734523615.608765841,1,8,-2.918017304,-6.426305171,-0.025430714
1734523615.608765841,1,9,-5.014162719,0.200884280,0.089822746
1734523615.668765783,2,0,-7.773102758,-1.311884986,-0.059552705
1734523615.668765783,2,1,-7.389212802,-6.780652776,-0.033858297
1734523615.668765783,2,2,-2.429575402,7.223931415,2.000000000
1734523615.668765783,2,3,-8.384464391,-0.066302940,0.151393195
1734523615.668765783,2,4,-8.103430131,4.701631971,0.086003239
1734523615.668765783,2,5,-0.603436587,-4.038016926,-0.071657683
1734523615.668765783,2,6,-9.114477772,1.996705748,0.091192753
1734523615.668765783,2,7,-0.882761463,3.913650092,0.001899878
1734523615.668765783,2,8,-8.045825503,-2.189784146,0.071153834
1734523615.668765783,2,9,-5.134616442,6.881258339,-0.065697912
1734523615.728765726,3,0,-7.714765664,1.631862537,-0.079428583
1734523615.728765726,3,1,-7.425595211,6.995908767,0.006560627
1734523615.728765726,3,2,-8.153601003,0.271941221,0.049511263
1734523615.728765726,3,3,-1.341736017,-5.960014199,2.000000000
1734523615.728765726,3,4,-7.166740213,-4.322103252,-0.107085747
1734523615.728765726,3,5,-7.934908718,2.532641414,-0.134878445
1734523615.728765726,3,6,-2.303191350,-2.728521328,-0.005755543
1734523615.728765726,3,7,-6.992746152,-1.723533572,-0.114176469
1734523615.728765726,3,8,-1.403024582,3.821790757,0.009657954
1734523615.728765726,3,9,-4.193565982,-7.656133987,-0.093255983
1734523615.788765669,4,0,-4.092606519,4.012963171,0.055659432
1734523615.788765669,4,1,-7.595564907,7.714985090,-0.031418219
1734523615.788765669,4,2,-9.342055975,-2.002422100,0.014860170
1734523615.788765669,4,3,2.425752947,8.571110131,0.010138731
1734523615.788765669,4,4,-4.770747643,-2.420026013,2.000000000
1734523615.788765669,4,5,-11.658428339,1.430803040,-0.018233221
1734523615.788765669,4,6,2.384626835,4.533319444,-0.080810434
1734523615.788765669,4,7,-5.746350921,-4.072036234,-0.073915431
1734523615.788765669,4,8,-1.371061985,10.142883073,-0.079015741
1734523615.788765669,4,9,5.756265983,-4.906041437,0.141685855
1734523615.848765850,5,0,-6.824491301,2.690582999,-0.147166034
1734523615.848765850,5,1,-6.858805588,-2.942742139,-0.031306807
1734523615.848765850,5,2,0.619766270,3.879886183,-0.079174113
1734523615.848765850,5,3,-7.153032722,1.819329236,0.034374512
1734523615.848765850,5,4,-7.517880926,8.468114307,-0.095727517
1734523615.848765850,5,5,-11.055476803,-2.805553633,2.000000000
1734523615.848765850,5,6,-6.364553689,3.512227511,0.055196917
1734523615.848765850,5,7,-0.192369601,8.092189179,0.217187727
1734523615.848765850,5,8,-9.902893897,-0.008325880,0.029522870
1734523615.848765850,5,9,-6.012274155,7.224167327,-0.034739315
1734523615.908765793,6,0,-1.551519586,6.502910665,0.017818191
1734523615.908765793,6,1,1.836680613,10.928311441,0.070712486
1734523615.908765793,6,2,-6.005142558,7.467917634,-0.106270174
1734523615.908765793,6,3,3.854741610,0.758141922,0.026021938
1734523615.908765793,6,4,-4.854235665,1.674649528,-0.100814931
1734523615.908765793,6,5,-2.836905174,6.655544761,-0.041606459
1734523615.908765793,6,6,17.362947656,3.325340543,2.000000000
1734523615.908765793,6,7,-9.744810208,6.367163528,0.016983832
1734523615.908765793,6,8,4.997694701,4.870567756,-0.034556201
1734523615.908765793,6,9,-8.635437855,-5.014166395,-0.005384815
1734523615.978765726,7,0,-6.651900082,-5.462374192,-0.063335693
1734523615.978765726,7,1,-5.395226341,-9.298252055,-0.123171576
1734523615.978765726,7,2,1.109486036,-3.956690857,0.103527678
1734523615.978765726,7,3,-6.661103355,-1.896518946,-0.085317661
1734523615.978765726,7,4,-7.149709909,0.542073789,-0.030541646
1734523615.978765726,7,5,0.241340585,-7.989209312,0.143027182
1734523615.978765726,7,6,-11.680866582,-1.329695231,-0.001529461
1734523615.978765726,7,7,17.625466764,-2.638279971,2.000000000
1734523615.978765726,7,8,-6.886145612,-4.088979164,-0.015499428
1734523615.978765726,7,9,-8.748944779,8.474557584,-0.065214087
1734523616.038765669,8,0,-6.191402676,-2.730807450,-0.031897818
1734523616.038765669,8,1,-6.437639866,2.851956275,0.052980603
1734523616.038765669,8,2,-8.127288157,-2.584861266,0.007200667
1734523616.038765669,8,3,1.907242055,-3.793851091,0.007802428
1734523616.038765669,8,4,-5.434368313,-8.714267582,-0.140531571
1734523616.038765669,8,5,-9.943607574,-0.390098175,0.042669651
1734523616.038765669,8,6,-0.539573017,-6.655419488,0.030139345
1734523616.038765669,8,7,-6.744065175,-4.219350382,-0.055617389
1734523616.038765669,8,8,-1.943855189,-0.807325682,2.000000000
1734523616.038765669,8,9,-2.698067850,-11.540498747,0.093201384
1734523616.098765850,9,0,-9.670863651,2.718007583,-0.061110222
1734523616.098765850,9,1,-14.326267994,5.483384590,-0.172463428
1734523616.098765850,9,2,-6.983821650,-2.226071101,-0.112524274
1734523616.098765850,9,3,-5.522288386,6.759310706,-0.044608246
1734523616.098765850,9,4,-7.489571605,1.927683621,-0.044540906
1734523616.098765850,9,5,-10.942805843,4.852420166,-0.094158424
1734523616.098765850,9,6,-7.091718228,7.090746529,0.062386753
1734523616.098765850,9,7,-10.538267499,-4.403749671,-0.153414254
1734523616.098765850,9,8,-4.583158051,6.290515731,-0.031267560
1734523616.098765850,9,9,1.015371864,0.115697183,2.000000000
1734523616.158765793,0,0,2.578080347,-0.479924747,2.000000000
1734523616.158765793,0,1,5.393946900,0.413881739,-0.109624389
1734523616.158765793,0,2,-1.854184361,8.185233447,-0.066953433
1734523616.158765793,0,3,-0.635094591,-7.769717419,0.188876013
1734523616.158765793,0,4,-5.897694276,-1.025931385,-0.030848330
1734523616.158765793,0,5,2.101013363,7.333011826,0.091179131
1734523616.158765793,0,6,-3.531306014,-5.611363954,-0.064213553
1734523616.158765793,0,7,-5.953969424,6.539368293,-0.006687908
1734523616.158765793,0,8,2.927446553,-6.003731679,0.014084721
1734523616.158765793,0,9,-9.362407112,-1.919305544,-0.021930502
1734523616.228765726,1,0,-5.155628121,-0.102834027,0.004155077
1734523616.228765726,1,1,-26.896070492,0.224548171,2.000000000
1734523616.228765726,1,2,-6.844594036,7.372369886,0.004594002
1734523616.228765726,1,3,-6.498086740,-8.036836307,0.008737210
1734523616.228765726,1,4,-11.684023798,-0.813782487,-0.016641339
1734523616.228765726,1,5,-3.083338904,7.085781459,0.018389897
1734523616.228765726,1,6,-9.379074477,-5.608590832,0.121490294
1734523616.228765726,1,7,-8.850930433,5.098067454,-0.120556083
1734523616.228765726,1,8,-2.898093536,-6.322089298,-0.053467559
1734523616.228765726,1,9,-4.817045150,0.258342420,0.089822746
1734523616.288765669,2,0,-7.913874282,-1.596281516,-0.108570883
1734523616.288765669,2,1,-7.434384980,-6.907822067,-0.090904619
1734523616.288765669,2,2,-2.476675752,7.277493454,2.000000000
1734523616.288765669,2,3,-8.396927308,-0.041776449,0.151393195
1734523616.288765669,2,4,-8.053879940,4.576177805,0.060560771
1734523616.288765669,2,5,-0.708432132,-4.078070067,-0.017326881
1734523616.288765669,2,6,-8.996122951,1.937198950,-0.054008003
1734523616.288765669,2,7,-0.924535311,4.012019984,-0.046162605
1734523616.288765669,2,8,-8.001560831,-2.212148467,0.066974334
1734523616.288765669,2,9,-5.177249043,6.832375130,-0.065697912
1734523616.348765850,3,0,-7.632254672,1.672647951,-0.040427136
1734523616.348765850,3,1,-7.347019851,6.979935643,-0.086523068
1734523616.348765850,3,2,-8.431829598,0.307331846,0.049511263
1734523616.348765850,3,3,-1.351661724,-5.973001315,2.000000000
1734523616.348765850,3,4,-7.230952186,-4.264408582,-0.178412328
1734523616.348765850,3,5,-7.891855567,2.474716170,-0.134878445
1734523616.348765850,3,6,-2.464236292,-2.811686256,-0.033377872
1734523616.348765850,3,7,-6.968930966,-1.711950872,-0.114176469
1734523616.348765850,3,8,-1.478778665,3.871114875,0.010446857
1734523616.348765850,3,9,-4.033212860,-7.712115050,-0.055730456
1734523616.408765793,4,0,-4.238904090,4.050293478,0.024611394
1734523616.408765793,4,1,-7.634780487,7.822194446,0.051415724
1734523616.408765793,4,2,-9.276399668,-2.018557632,-0.036933636
1734523616.408765793,4,3,2.512484810,8.694542344,-0.004282203
1734523616.408765793,4,4,-4.762595883,-2.429230171,2.000000000
1734523616.408765793,4,5,-11.730098232,1.395254548,0.045729635
1734523616.408765793,4,6,2.372925487,4.656019756,0.009929240
1734523616.408765793,4,7,-5.754426753,-4.367817574,0.005251093
1734523616.408765793,4,8,-1.289528116,10.035046082,-0.022909822
1734523616.408765793,4,9,5.766835528,-4.971485921,0.030152429
1734523616.468765736,5,0,-6.759558252,2.482054567,-0.193087646
1734523616.468765736,5,1,-6.693643512,-2.980098998,-0.083073185
1734523616.468765736,5,2,0.576930648,3.807546861,-0.002988497
1734523616.468765736,5,3,-7.159841015,1.831992330,0.034374512
1734523616.468765736,5,4,-7.661044227,8.517480453,-0.089159395
1734523616.468765736,5,5,-11.250489787,-2.899263360,2.000000000
1734523616.468765736,5,6,-6.428062130,3.397066369,0.056821478
1734523616.468765736,5,7,-0.226037359,8.240815607,0.109834975
1734523616.468765736,5,8,-9.836019149,-0.091194658,-0.090773590
1734523616.468765736,5,9,-6.010444378,7.224279124,-0.034739315
1734523616.528765678,6,0,-1.586658046,6.802438188,-0.006913610
1734523616.528765678,6,1,1.884168699,11.128685420,-0.043217567
1734523616.528765678,6,2,-5.922902187,7.555537710,-0.106270174
1734523616.528765678,6,3,3.859270741,0.713280758,0.024991993
1734523616.528765678,6,4,-4.815272107,1.599197530,-0.022956963
1734523616.528765678,6,5,-2.854969147,6.531943723,-0.041606459
1734523616.528765678,6,6,17.589092432,3.431500607,2.000000000
1734523616.528765678,6,7,-9.508869014,6.343085001,0.063764364
1734523616.528765678,6,8,4.899925687,4.536370434,0.006483263
1734523616.528765678,6,9,-8.731544806,-5.152161764,-0.015289934
1734523616.588765860,7,0,-6.741720515,-5.419177877,-0.001354028
1734523616.588765860,7,1,-5.438178384,-9.059959689,-0.027040005
1734523616.588765860,7,2,1.172238157,-4.174864495,-0.075919789
1734523616.588765860,7,3,-6.606719936,-1.867573434,-0.085317661
1734523616.588765860,7,4,-7.064235394,0.640802802,-0.069855232
1734523616.588765860,7,5,0.343055354,-8.055464377,0.033572155
1734523616.588765860,7,6,-11.606863299,-1.382159697,-0.120171440
1734523616.588765860,7,7,17.852401815,-2.725256300,2.000000000
1734523616.588765860,7,8,-6.967846774,-4.099342691,-0.015499428
1734523616.588765860,7,9,-8.811938394,8.637566166,-0.082061042
1734523616.658765793,8,0,-6.018831350,-2.611978861,-0.040088783
1734523616.658765793,8,1,-6.592955676,3.082469156,0.053104005
1734523616.658765793,8,2,-7.970261181,-2.407828968,-0.033151186
1734523616.658765793,8,3,1.865280273,-3.677681735,0.010021022
1734523616.658765793,8,4,-5.505956545,-8.837329364,-0.105103415
1734523616.658765793,8,5,-9.881570012,-0.312031398,0.071558497
1734523616.658765793,8,6,-0.550606651,-6.589504706,0.030510824
1734523616.658765793,8,7,-6.800129877,-4.190123179,-0.055617389
1734523616.658765793,8,8,-2.023166002,-0.761421476,2.000000000
1734523616.658765793,8,9,-2.710278828,-11.608398150,0.093201384
1734523616.718765736,9,0,-8.883465598,2.507299609,-0.071405804
1734523616.718765736,9,1,-14.514288804,5.635589613,-0.172463428
1734523616.718765736,9,2,-6.982076420,-2.309211773,-0.112524274
1734523616.718765736,9,3,-5.520738263,6.598278418,-0.070799418
1734523616.718765736,9,4,-7.431345397,1.965393325,-0.046359791
1734523616.718765736,9,5,-10.992691780,4.931367450,-0.094158424
1734523616.718765736,9,6,-7.016037092,6.955121455,0.003113456
1734523616.718765736,9,7,-10.725399689,-4.540582710,-0.023732061
1734523616.718765736,9,8,-4.528169234,6.372938471,-0.031267560
1734523616.718765736,9,9,1.057457920,0.189719828,2.000000000
1734523616.778765678,0,0,2.505198235,-0.468501573,2.000000000
1734523616.778765678,0,1,5.404510567,0.539931081,-0.045705070
1734523616.778765678,0,2,-1.717015579,7.879816781,0.016471411
1734523616.778765678,0,3,-0.649788300,-7.759845983,-0.038192736
1734523616.778765678,0,4,-6.228006995,-1.068819399,0.024698595
1734523616.778765678,0,5,2.042229167,7.395416765,-0.094247000
1734523616.778765678,0,6,-3.577890759,-5.859287976,0.038666567
1734523616.778765678,0,7,-5.930096274,6.419196344,-0.003511932
1734523616.778765678,0,8,2.928712011,-6.110029220,-0.028355060
1734523616.778765678,0,9,-9.220416164,-1.886862527,-0.018044502
1734523616.848765850,1,0,-5.379411136,-0.247717398,-0.040113415
1734523616.848765850,1,1,-27.326031969,0.229970823,2.000000000
1734523616.848765850,1,2,-6.927170623,7.470384452,-0.033150522
1734523616.848765850,1,3,-6.665959102,-8.066209134,-0.029816318
1734523616.848765850,1,4,-11.707421052,-0.851816755,0.002979794
1734523616.848765850,1,5,-3.019547036,6.869603524,-0.021163539
1734523616.848765850,1,6,-9.400681298,-5.574150620,0.122284069
1734523616.848765850,1,7,-8.790698065,5.016334752,-0.085028450
1734523616.848765850,1,8,-2.955175949,-6.435042019,-0.083281471
1734523616.848765850,1,9,-4.612795811,0.318139121,0.089822746
1734523616.908765793,2,0,-7.978816775,-1.671326190,-0.019324252
1734523616.908765793,2,1,-7.430788841,-6.877532507,-0.118645844
1734523616.908765793,2,2,-2.522242939,7.329130224,2.000000000
1734523616.908765793,2,3,-8.387929934,-0.059501938,0.151393195
1734523616.908765793,2,4,-8.140542843,4.541177386,0.013221680
1734523616.908765793,2,5,-0.629963140,-4.069368876,-0.093030585
1734523616.908765793,2,6,-8.963065535,1.966639611,-0.111207068
1734523616.908765793,2,7,-1.054097935,4.096477229,-0.087134719
1734523616.908765793,2,8,-7.965820236,-2.140405496,-0.076827572
1734523616.908765793,2,9,-5.131638724,6.884757574,-0.065697912
1734523616.968765736,3,0,-7.723994495,1.492006107,-0.118277108
1734523616.968765736,3,1,-7.618076518,7.177007886,0.038352496
1734523616.968765736,3,2,-8.158010928,0.272969564,0.049511263
1734523616.968765736,3,3,-1.360801464,-5.984898807,2.000000000
1734523616.968765736,3,4,-7.183800295,-4.287758748,0.028404288
1734523616.968765736,3,5,-7.931734485,2.528621702,-0.134878445
1734523616.968765736,3,6,-2.618890481,-2.767489395,-0.025564617
1734523616.968765736,3,7,-6.946260101,-1.700964079,-0.114176469
1734523616.968765736,3,8,-1.427763957,3.806996531,-0.012843832
1734523616.968765736,3,9,-4.103167116,-7.612698282,-0.055730456
1734523617.028765678,4,0,-4.280798745,3.905176681,-0.103101807
1734523617.028765678,4,1,-7.746178159,8.022725924,-0.021171823
1734523617.028765678,4,2,-9.398034064,-2.053277270,0.047495732
1734523617.028765678,4,3,2.607954255,8.879137161,-0.038255516
1734523617.028765678,4,4,-4.754834316,-2.437335133,2.000000000
1734523617.028765678,4,5,-11.794027529,1.351019180,-0.040362365
1734523617.028765678,4,6,2.498646827,4.781917742,-0.108928172
1734523617.028765678,4,7,-5.881197476,-4.254165570,-0.048473652
1734523617.028765678,4,8,-1.285432084,10.062008390,-0.034598163
1734523617.028765678,4,9,5.844883499,-4.936375400,0.121262468
1734523617.088765860,5,0,-6.859207021,2.583946718,-0.207866300
1734523617.088765860,5,1,-6.868118595,-3.072013731,0.001409312
1734523617.088765860,5,2,0.512889287,3.901018905,0.030359511
1734523617.088765860,5,3,-7.170661495,1.852188455,0.034374512
1734523617.088765860,5,4,-7.590413985,8.494895171,-0.021161240
1734523617.088765860,5,5,-11.449609868,-2.995452620,2.000000000
1734523617.088765860,5,6,-6.375077070,3.451447964,0.056821478
1734523617.088765860,5,7,-0.240590147,8.235786416,0.226574764
1734523617.088765860,5,8,-9.808967002,-0.011833235,-0.090773590
1734523617.088765860,5,9,-6.006646853,7.224493670,-0.034739315
1734523617.148765802,6,0,-1.557822891,6.676262166,0.014069535
1734523617.148765802,6,1,1.794546526,10.963943181,-0.018569747
1734523617.148765802,6,2,-5.981239289,7.176329363,0.051954670
1734523617.148765802,6,3,3.891790224,0.690219903,0.013750478
1734523617.148765802,6,4,-5.001542531,1.640800798,0.009903012
1734523617.148765802,6,5,-2.739167553,6.621165716,-0.076122000
1734523617.148765802,6,6,17.813705230,3.538026748,2.000000000
1734523617.148765802,6,7,-9.397978354,6.128350308,-0.072843127
1734523617.148765802,6,8,4.806113195,4.660269319,-0.011060986
1734523617.148765802,6,9,-8.684847315,-5.112307988,-0.111741469
1734523617.208765745,7,0,-6.834861072,-5.526051983,0.022794891
1734523617.208765745,7,1,-5.320935506,-9.100417328,-0.045812322
1734523617.208765745,7,2,1.179310145,-3.970292131,0.030284366
1734523617.208765745,7,3,-6.550187254,-1.837338849,-0.085317661
1734523617.208765745,7,4,-7.390736459,0.607446894,0.003769653
1734523617.208765745,7,5,0.445402657,-8.121199453,-0.059103065
1734523617.208765745,7,6,-11.529672385,-1.370091947,-0.128538226
1734523617.208765745,7,7,18.079762336,-2.812958033,2.000000000
1734523617.208765745,7,8,-7.050780007,-4.109603094,-0.015499428
1734523617.208765745,7,9,-8.848863100,8.649301810,-0.042150929
1734523617.268765688,8,0,-6.053785759,-2.632350179,-0.005805575
1734523617.268765688,8,1,-6.324714032,2.918613579,-0.016588429
1734523617.268765688,8,2,-7.912083144,-2.416493813,-0.017585296
1734523617.268765688,8,3,1.870264967,-3.668586500,0.001612819
1734523617.268765688,8,4,-5.474999415,-8.782592268,-0.042642250
1734523617.268765688,8,5,-9.702124351,-0.278177277,0.063124498
1734523617.268765688,8,6,-0.529321007,-6.567851837,0.037254436
1734523617.268765688,8,7,-6.853720478,-4.162365791,-0.055617389
1734523617.268765688,8,8,-2.105827107,-0.713430254,2.000000000
1734523617.268765688,8,9,-2.721855954,-11.673510842,0.093201384
